pass	figure	pdf_page	printed_page	separation_over_length	model	hull	line_style	relative_position_description	fn_anchor	pixel_x	pixel_y	pixel_x_left	pixel_x_right	pixel_y_top	pixel_y_bottom	identity_basis
A	360	368	358	0.3	C2	Wigley hull	solid	solid C2: oscillatory left branch; leftmost principal crest near Fn 0.41	0.150	638.778	2631.675	535	2403	2053	3318	LEGEND-AUDIT-H1.md; identity added without changing archived pixel reading
A	360	368	358	0.3	C2	Wigley hull	solid	solid C2: oscillatory left branch; leftmost principal crest near Fn 0.41	0.155	649.156	2610.384	535	2403	2053	3318	LEGEND-AUDIT-H1.md; identity added without changing archived pixel reading
A	360	368	358	0.3	C2	Wigley hull	solid	solid C2: oscillatory left branch; leftmost principal crest near Fn 0.41	0.160	659.533	2633.454	535	2403	2053	3318	LEGEND-AUDIT-H1.md; identity added without changing archived pixel reading
A	360	368	358	0.3	C2	Wigley hull	solid	solid C2: oscillatory left branch; leftmost principal crest near Fn 0.41	0.165	669.911	2661.013	535	2403	2053	3318	LEGEND-AUDIT-H1.md; identity added without changing archived pixel reading
A	360	368	358	0.3	C2	Wigley hull	solid	solid C2: oscillatory left branch; leftmost principal crest near Fn 0.41	0.170	680.289	2732.766	535	2403	2053	3318	LEGEND-AUDIT-H1.md; identity added without changing archived pixel reading
A	360	368	358	0.3	C2	Wigley hull	solid	solid C2: oscillatory left branch; leftmost principal crest near Fn 0.41	0.175	690.667	2766.029	535	2403	2053	3318	LEGEND-AUDIT-H1.md; identity added without changing archived pixel reading
A	360	368	358	0.3	C2	Wigley hull	solid	solid C2: oscillatory left branch; leftmost principal crest near Fn 0.41	0.180	701.044	2777.256	535	2403	2053	3318	LEGEND-AUDIT-H1.md; identity added without changing archived pixel reading
A	360	368	358	0.3	C2	Wigley hull	solid	solid C2: oscillatory left branch; leftmost principal crest near Fn 0.41	0.185	711.422	2761.527	535	2403	2053	3318	LEGEND-AUDIT-H1.md; identity added without changing archived pixel reading
A	360	368	358	0.3	C2	Wigley hull	solid	solid C2: oscillatory left branch; leftmost principal crest near Fn 0.41	0.190	721.800	2733.644	535	2403	2053	3318	LEGEND-AUDIT-H1.md; identity added without changing archived pixel reading
A	360	368	358	0.3	C2	Wigley hull	solid	solid C2: oscillatory left branch; leftmost principal crest near Fn 0.41	0.195	732.178	2688.129	535	2403	2053	3318	LEGEND-AUDIT-H1.md; identity added without changing archived pixel reading
A	360	368	358	0.3	C2	Wigley hull	solid	solid C2: oscillatory left branch; leftmost principal crest near Fn 0.41	0.200	742.556	2676.388	535	2403	2053	3318	LEGEND-AUDIT-H1.md; identity added without changing archived pixel reading
A	360	368	358	0.3	C2	Wigley hull	solid	solid C2: oscillatory left branch; leftmost principal crest near Fn 0.41	0.205	752.933	2693.661	535	2403	2053	3318	LEGEND-AUDIT-H1.md; identity added without changing archived pixel reading
A	360	368	358	0.3	C2	Wigley hull	solid	solid C2: oscillatory left branch; leftmost principal crest near Fn 0.41	0.210	763.311	2771.215	535	2403	2053	3318	LEGEND-AUDIT-H1.md; identity added without changing archived pixel reading
A	360	368	358	0.3	C2	Wigley hull	solid	solid C2: oscillatory left branch; leftmost principal crest near Fn 0.41	0.215	773.689	2770.313	535	2403	2053	3318	LEGEND-AUDIT-H1.md; identity added without changing archived pixel reading
A	360	368	358	0.3	C2	Wigley hull	solid	solid C2: oscillatory left branch; leftmost principal crest near Fn 0.41	0.220	784.067	2768.924	535	2403	2053	3318	LEGEND-AUDIT-H1.md; identity added without changing archived pixel reading
A	360	368	358	0.3	C2	Wigley hull	solid	solid C2: oscillatory left branch; leftmost principal crest near Fn 0.41	0.225	794.444	2772.203	535	2403	2053	3318	LEGEND-AUDIT-H1.md; identity added without changing archived pixel reading
A	360	368	358	0.3	C2	Wigley hull	solid	solid C2: oscillatory left branch; leftmost principal crest near Fn 0.41	0.230	804.822	2775.340	535	2403	2053	3318	LEGEND-AUDIT-H1.md; identity added without changing archived pixel reading
A	360	368	358	0.3	C2	Wigley hull	solid	solid C2: oscillatory left branch; leftmost principal crest near Fn 0.41	0.235	815.200	2802.185	535	2403	2053	3318	LEGEND-AUDIT-H1.md; identity added without changing archived pixel reading
A	360	368	358	0.3	C2	Wigley hull	solid	solid C2: oscillatory left branch; leftmost principal crest near Fn 0.41	0.240	825.578	2848.866	535	2403	2053	3318	LEGEND-AUDIT-H1.md; identity added without changing archived pixel reading
A	360	368	358	0.3	C2	Wigley hull	solid	solid C2: oscillatory left branch; leftmost principal crest near Fn 0.41	0.245	835.956	2917.942	535	2403	2053	3318	LEGEND-AUDIT-H1.md; identity added without changing archived pixel reading
A	360	368	358	0.3	C2	Wigley hull	solid	solid C2: oscillatory left branch; leftmost principal crest near Fn 0.41	0.250	846.333	2956.745	535	2403	2053	3318	LEGEND-AUDIT-H1.md; identity added without changing archived pixel reading
A	360	368	358	0.3	C2	Wigley hull	solid	solid C2: oscillatory left branch; leftmost principal crest near Fn 0.41	0.255	856.711	2937.967	535	2403	2053	3318	LEGEND-AUDIT-H1.md; identity added without changing archived pixel reading
A	360	368	358	0.3	C2	Wigley hull	solid	solid C2: oscillatory left branch; leftmost principal crest near Fn 0.41	0.260	867.089	2791.312	535	2403	2053	3318	LEGEND-AUDIT-H1.md; identity added without changing archived pixel reading
A	360	368	358	0.3	C2	Wigley hull	solid	solid C2: oscillatory left branch; leftmost principal crest near Fn 0.41	0.265	877.467	2767.131	535	2403	2053	3318	LEGEND-AUDIT-H1.md; identity added without changing archived pixel reading
A	360	368	358	0.3	C2	Wigley hull	solid	solid C2: oscillatory left branch; leftmost principal crest near Fn 0.41	0.270	887.844	2669.301	535	2403	2053	3318	LEGEND-AUDIT-H1.md; identity added without changing archived pixel reading
A	360	368	358	0.3	C2	Wigley hull	solid	solid C2: oscillatory left branch; leftmost principal crest near Fn 0.41	0.275	898.222	2595.036	535	2403	2053	3318	LEGEND-AUDIT-H1.md; identity added without changing archived pixel reading
A	360	368	358	0.3	C2	Wigley hull	solid	solid C2: oscillatory left branch; leftmost principal crest near Fn 0.41	0.280	908.600	2541.121	535	2403	2053	3318	LEGEND-AUDIT-H1.md; identity added without changing archived pixel reading
A	360	368	358	0.3	C2	Wigley hull	solid	solid C2: oscillatory left branch; leftmost principal crest near Fn 0.41	0.285	918.978	2589.000	535	2403	2053	3318	LEGEND-AUDIT-H1.md; identity added without changing archived pixel reading
A	360	368	358	0.3	C2	Wigley hull	solid	solid C2: oscillatory left branch; leftmost principal crest near Fn 0.41	0.290	929.356	2636.584	535	2403	2053	3318	LEGEND-AUDIT-H1.md; identity added without changing archived pixel reading
A	360	368	358	0.3	C2	Wigley hull	solid	solid C2: oscillatory left branch; leftmost principal crest near Fn 0.41	0.295	939.733	2687.961	535	2403	2053	3318	LEGEND-AUDIT-H1.md; identity added without changing archived pixel reading
A	360	368	358	0.3	C2	Wigley hull	solid	solid C2: oscillatory left branch; leftmost principal crest near Fn 0.41	0.300	950.111	2771.310	535	2403	2053	3318	LEGEND-AUDIT-H1.md; identity added without changing archived pixel reading
A	360	368	358	0.3	C2	Wigley hull	solid	solid C2: oscillatory left branch; leftmost principal crest near Fn 0.41	0.305	960.489	2833.959	535	2403	2053	3318	LEGEND-AUDIT-H1.md; identity added without changing archived pixel reading
A	360	368	358	0.3	C2	Wigley hull	solid	solid C2: oscillatory left branch; leftmost principal crest near Fn 0.41	0.310	970.867	2891.694	535	2403	2053	3318	LEGEND-AUDIT-H1.md; identity added without changing archived pixel reading
A	360	368	358	0.3	C2	Wigley hull	solid	solid C2: oscillatory left branch; leftmost principal crest near Fn 0.41	0.315	981.244	2933.852	535	2403	2053	3318	LEGEND-AUDIT-H1.md; identity added without changing archived pixel reading
A	360	368	358	0.3	C2	Wigley hull	solid	solid C2: oscillatory left branch; leftmost principal crest near Fn 0.41	0.320	991.622	2990.669	535	2403	2053	3318	LEGEND-AUDIT-H1.md; identity added without changing archived pixel reading
A	360	368	358	0.3	C2	Wigley hull	solid	solid C2: oscillatory left branch; leftmost principal crest near Fn 0.41	0.325	1002.000	3010.405	535	2403	2053	3318	LEGEND-AUDIT-H1.md; identity added without changing archived pixel reading
A	360	368	358	0.3	C2	Wigley hull	solid	solid C2: oscillatory left branch; leftmost principal crest near Fn 0.41	0.330	1012.378	3039.838	535	2403	2053	3318	LEGEND-AUDIT-H1.md; identity added without changing archived pixel reading
A	360	368	358	0.3	C2	Wigley hull	solid	solid C2: oscillatory left branch; leftmost principal crest near Fn 0.41	0.335	1022.756	3023.000	535	2403	2053	3318	LEGEND-AUDIT-H1.md; identity added without changing archived pixel reading
A	360	368	358	0.3	C2	Wigley hull	solid	solid C2: oscillatory left branch; leftmost principal crest near Fn 0.41	0.340	1033.133	2989.138	535	2403	2053	3318	LEGEND-AUDIT-H1.md; identity added without changing archived pixel reading
A	360	368	358	0.3	C2	Wigley hull	solid	solid C2: oscillatory left branch; leftmost principal crest near Fn 0.41	0.345	1043.511	2941.059	535	2403	2053	3318	LEGEND-AUDIT-H1.md; identity added without changing archived pixel reading
A	360	368	358	0.3	C2	Wigley hull	solid	solid C2: oscillatory left branch; leftmost principal crest near Fn 0.41	0.350	1053.889	2865.150	535	2403	2053	3318	LEGEND-AUDIT-H1.md; identity added without changing archived pixel reading
A	360	368	358	0.3	C2	Wigley hull	solid	solid C2: oscillatory left branch; leftmost principal crest near Fn 0.41	0.355	1064.267	2811.925	535	2403	2053	3318	LEGEND-AUDIT-H1.md; identity added without changing archived pixel reading
A	360	368	358	0.3	C2	Wigley hull	solid	solid C2: oscillatory left branch; leftmost principal crest near Fn 0.41	0.360	1074.644	2687.961	535	2403	2053	3318	LEGEND-AUDIT-H1.md; identity added without changing archived pixel reading
A	360	368	358	0.3	C2	Wigley hull	solid	solid C2: oscillatory left branch; leftmost principal crest near Fn 0.41	0.365	1085.022	2668.946	535	2403	2053	3318	LEGEND-AUDIT-H1.md; identity added without changing archived pixel reading
A	360	368	358	0.3	C2	Wigley hull	solid	solid C2: oscillatory left branch; leftmost principal crest near Fn 0.41	0.370	1095.400	2587.042	535	2403	2053	3318	LEGEND-AUDIT-H1.md; identity added without changing archived pixel reading
A	360	368	358	0.3	C2	Wigley hull	solid	solid C2: oscillatory left branch; leftmost principal crest near Fn 0.41	0.375	1105.778	2536.150	535	2403	2053	3318	LEGEND-AUDIT-H1.md; identity added without changing archived pixel reading
A	360	368	358	0.3	C2	Wigley hull	solid	solid C2: oscillatory left branch; leftmost principal crest near Fn 0.41	0.380	1116.156	2505.277	535	2403	2053	3318	LEGEND-AUDIT-H1.md; identity added without changing archived pixel reading
A	360	368	358	0.3	C2	Wigley hull	solid	solid C2: oscillatory left branch; leftmost principal crest near Fn 0.41	0.385	1126.533	2483.382	535	2403	2053	3318	LEGEND-AUDIT-H1.md; identity added without changing archived pixel reading
A	360	368	358	0.3	C2	Wigley hull	solid	solid C2: oscillatory left branch; leftmost principal crest near Fn 0.41	0.390	1136.911	2469.494	535	2403	2053	3318	LEGEND-AUDIT-H1.md; identity added without changing archived pixel reading
A	360	368	358	0.3	C2	Wigley hull	solid	solid C2: oscillatory left branch; leftmost principal crest near Fn 0.41	0.395	1147.289	2457.087	535	2403	2053	3318	LEGEND-AUDIT-H1.md; identity added without changing archived pixel reading
A	360	368	358	0.3	C2	Wigley hull	solid	solid C2: oscillatory left branch; leftmost principal crest near Fn 0.41	0.400	1157.667	2451.320	535	2403	2053	3318	LEGEND-AUDIT-H1.md; identity added without changing archived pixel reading
A	360	368	358	0.3	C2	Wigley hull	solid	solid C2: oscillatory left branch; leftmost principal crest near Fn 0.41	0.405	1168.044	2449.570	535	2403	2053	3318	LEGEND-AUDIT-H1.md; identity added without changing archived pixel reading
A	360	368	358	0.3	C2	Wigley hull	solid	solid C2: oscillatory left branch; leftmost principal crest near Fn 0.41	0.410	1178.422	2449.459	535	2403	2053	3318	LEGEND-AUDIT-H1.md; identity added without changing archived pixel reading
A	360	368	358	0.3	C2	Wigley hull	solid	solid C2: oscillatory left branch; leftmost principal crest near Fn 0.41	0.415	1188.800	2452.580	535	2403	2053	3318	LEGEND-AUDIT-H1.md; identity added without changing archived pixel reading
A	360	368	358	0.3	C2	Wigley hull	solid	solid C2: oscillatory left branch; leftmost principal crest near Fn 0.41	0.420	1199.178	2457.060	535	2403	2053	3318	LEGEND-AUDIT-H1.md; identity added without changing archived pixel reading
A	360	368	358	0.3	C2	Wigley hull	solid	solid C2: oscillatory left branch; leftmost principal crest near Fn 0.41	0.425	1209.556	2464.246	535	2403	2053	3318	LEGEND-AUDIT-H1.md; identity added without changing archived pixel reading
A	360	368	358	0.3	C2	Wigley hull	solid	solid C2: oscillatory left branch; leftmost principal crest near Fn 0.41	0.430	1219.933	2475.236	535	2403	2053	3318	LEGEND-AUDIT-H1.md; identity added without changing archived pixel reading
A	360	368	358	0.3	C2	Wigley hull	solid	solid C2: oscillatory left branch; leftmost principal crest near Fn 0.41	0.435	1230.311	2484.073	535	2403	2053	3318	LEGEND-AUDIT-H1.md; identity added without changing archived pixel reading
A	360	368	358	0.3	C2	Wigley hull	solid	solid C2: oscillatory left branch; leftmost principal crest near Fn 0.41	0.440	1240.689	2494.816	535	2403	2053	3318	LEGEND-AUDIT-H1.md; identity added without changing archived pixel reading
A	360	368	358	0.3	C2	Wigley hull	solid	solid C2: oscillatory left branch; leftmost principal crest near Fn 0.41	0.445	1251.067	2505.064	535	2403	2053	3318	LEGEND-AUDIT-H1.md; identity added without changing archived pixel reading
A	360	368	358	0.3	C2	Wigley hull	solid	solid C2: oscillatory left branch; leftmost principal crest near Fn 0.41	0.450	1261.444	2523.675	535	2403	2053	3318	LEGEND-AUDIT-H1.md; identity added without changing archived pixel reading
A	360	368	358	0.3	C2	Wigley hull	solid	solid C2: oscillatory left branch; leftmost principal crest near Fn 0.41	0.455	1271.822	2530.144	535	2403	2053	3318	LEGEND-AUDIT-H1.md; identity added without changing archived pixel reading
A	360	368	358	0.3	C2	Wigley hull	solid	solid C2: oscillatory left branch; leftmost principal crest near Fn 0.41	0.460	1282.200	2542.877	535	2403	2053	3318	LEGEND-AUDIT-H1.md; identity added without changing archived pixel reading
A	360	368	358	0.3	C2	Wigley hull	solid	solid C2: oscillatory left branch; leftmost principal crest near Fn 0.41	0.465	1292.578	2556.669	535	2403	2053	3318	LEGEND-AUDIT-H1.md; identity added without changing archived pixel reading
A	360	368	358	0.3	C2	Wigley hull	solid	solid C2: oscillatory left branch; leftmost principal crest near Fn 0.41	0.470	1302.956	2609.814	535	2403	2053	3318	LEGEND-AUDIT-H1.md; identity added without changing archived pixel reading
A	360	368	358	0.3	C2	Wigley hull	solid	solid C2: oscillatory left branch; leftmost principal crest near Fn 0.41	0.475	1313.333	2613.967	535	2403	2053	3318	LEGEND-AUDIT-H1.md; identity added without changing archived pixel reading
A	360	368	358	0.3	C2	Wigley hull	solid	solid C2: oscillatory left branch; leftmost principal crest near Fn 0.41	0.480	1323.711	2591.402	535	2403	2053	3318	LEGEND-AUDIT-H1.md; identity added without changing archived pixel reading
A	360	368	358	0.3	C2	Wigley hull	solid	solid C2: oscillatory left branch; leftmost principal crest near Fn 0.41	0.485	1334.089	2623.964	535	2403	2053	3318	LEGEND-AUDIT-H1.md; identity added without changing archived pixel reading
A	360	368	358	0.3	C2	Wigley hull	solid	solid C2: oscillatory left branch; leftmost principal crest near Fn 0.41	0.490	1344.467	2626.879	535	2403	2053	3318	LEGEND-AUDIT-H1.md; identity added without changing archived pixel reading
A	360	368	358	0.3	C2	Wigley hull	solid	solid C2: oscillatory left branch; leftmost principal crest near Fn 0.41	0.495	1354.844	2630.209	535	2403	2053	3318	LEGEND-AUDIT-H1.md; identity added without changing archived pixel reading
A	360	368	358	0.3	C2	Wigley hull	solid	solid C2: oscillatory left branch; leftmost principal crest near Fn 0.41	0.500	1365.222	2636.060	535	2403	2053	3318	LEGEND-AUDIT-H1.md; identity added without changing archived pixel reading
A	360	368	358	0.3	C2	Wigley hull	solid	solid C2: oscillatory left branch; leftmost principal crest near Fn 0.41	0.505	1375.600	2652.131	535	2403	2053	3318	LEGEND-AUDIT-H1.md; identity added without changing archived pixel reading
A	360	368	358	0.3	C2	Wigley hull	solid	solid C2: oscillatory left branch; leftmost principal crest near Fn 0.41	0.510	1385.978	2661.813	535	2403	2053	3318	LEGEND-AUDIT-H1.md; identity added without changing archived pixel reading
A	360	368	358	0.3	C2	Wigley hull	solid	solid C2: oscillatory left branch; leftmost principal crest near Fn 0.41	0.515	1396.356	2643.539	535	2403	2053	3318	LEGEND-AUDIT-H1.md; identity added without changing archived pixel reading
A	360	368	358	0.3	C2	Wigley hull	solid	solid C2: oscillatory left branch; leftmost principal crest near Fn 0.41	0.520	1406.733	2645.612	535	2403	2053	3318	LEGEND-AUDIT-H1.md; identity added without changing archived pixel reading
A	360	368	358	0.3	C2	Wigley hull	solid	solid C2: oscillatory left branch; leftmost principal crest near Fn 0.41	0.525	1417.111	2649.334	535	2403	2053	3318	LEGEND-AUDIT-H1.md; identity added without changing archived pixel reading
A	360	368	358	0.3	C2	Wigley hull	solid	solid C2: oscillatory left branch; leftmost principal crest near Fn 0.41	0.530	1427.489	2652.595	535	2403	2053	3318	LEGEND-AUDIT-H1.md; identity added without changing archived pixel reading
A	360	368	358	0.3	C2	Wigley hull	solid	solid C2: oscillatory left branch; leftmost principal crest near Fn 0.41	0.535	1437.867	2708.772	535	2403	2053	3318	LEGEND-AUDIT-H1.md; identity added without changing archived pixel reading
A	360	368	358	0.3	C2	Wigley hull	solid	solid C2: oscillatory left branch; leftmost principal crest near Fn 0.41	0.540	1448.244	2716.759	535	2403	2053	3318	LEGEND-AUDIT-H1.md; identity added without changing archived pixel reading
A	360	368	358	0.3	C2	Wigley hull	solid	solid C2: oscillatory left branch; leftmost principal crest near Fn 0.41	0.545	1458.622	2726.655	535	2403	2053	3318	LEGEND-AUDIT-H1.md; identity added without changing archived pixel reading
A	360	368	358	0.3	C2	Wigley hull	solid	solid C2: oscillatory left branch; leftmost principal crest near Fn 0.41	0.550	1469.000	2733.206	535	2403	2053	3318	LEGEND-AUDIT-H1.md; identity added without changing archived pixel reading
A	360	368	358	0.3	C2	Wigley hull	solid	solid C2: oscillatory left branch; leftmost principal crest near Fn 0.41	0.555	1479.378	2740.224	535	2403	2053	3318	LEGEND-AUDIT-H1.md; identity added without changing archived pixel reading
A	360	368	358	0.3	C2	Wigley hull	solid	solid C2: oscillatory left branch; leftmost principal crest near Fn 0.41	0.560	1489.756	2746.985	535	2403	2053	3318	LEGEND-AUDIT-H1.md; identity added without changing archived pixel reading
A	360	368	358	0.3	C2	Wigley hull	solid	solid C2: oscillatory left branch; leftmost principal crest near Fn 0.41	0.565	1500.133	2753.223	535	2403	2053	3318	LEGEND-AUDIT-H1.md; identity added without changing archived pixel reading
A	360	368	358	0.3	C2	Wigley hull	solid	solid C2: oscillatory left branch; leftmost principal crest near Fn 0.41	0.570	1510.511	2759.058	535	2403	2053	3318	LEGEND-AUDIT-H1.md; identity added without changing archived pixel reading
A	360	368	358	0.3	C2	Wigley hull	solid	solid C2: oscillatory left branch; leftmost principal crest near Fn 0.41	0.575	1520.889	2766.058	535	2403	2053	3318	LEGEND-AUDIT-H1.md; identity added without changing archived pixel reading
A	360	368	358	0.3	C2	Wigley hull	solid	solid C2: oscillatory left branch; leftmost principal crest near Fn 0.41	0.580	1531.267	2771.562	535	2403	2053	3318	LEGEND-AUDIT-H1.md; identity added without changing archived pixel reading
A	360	368	358	0.3	C2	Wigley hull	solid	solid C2: oscillatory left branch; leftmost principal crest near Fn 0.41	0.585	1541.644	2778.220	535	2403	2053	3318	LEGEND-AUDIT-H1.md; identity added without changing archived pixel reading
A	360	368	358	0.3	C2	Wigley hull	solid	solid C2: oscillatory left branch; leftmost principal crest near Fn 0.41	0.590	1552.022	2782.594	535	2403	2053	3318	LEGEND-AUDIT-H1.md; identity added without changing archived pixel reading
A	360	368	358	0.3	C2	Wigley hull	solid	solid C2: oscillatory left branch; leftmost principal crest near Fn 0.41	0.595	1562.400	2786.957	535	2403	2053	3318	LEGEND-AUDIT-H1.md; identity added without changing archived pixel reading
A	360	368	358	0.3	C2	Wigley hull	solid	solid C2: oscillatory left branch; leftmost principal crest near Fn 0.41	0.600	1572.778	2790.212	535	2403	2053	3318	LEGEND-AUDIT-H1.md; identity added without changing archived pixel reading
A	360	368	358	0.3	C2	Wigley hull	solid	solid C2: oscillatory left branch; leftmost principal crest near Fn 0.41	0.605	1583.156	2793.356	535	2403	2053	3318	LEGEND-AUDIT-H1.md; identity added without changing archived pixel reading
A	360	368	358	0.3	C2	Wigley hull	solid	solid C2: oscillatory left branch; leftmost principal crest near Fn 0.41	0.610	1593.533	2797.627	535	2403	2053	3318	LEGEND-AUDIT-H1.md; identity added without changing archived pixel reading
A	360	368	358	0.3	C2	Wigley hull	solid	solid C2: oscillatory left branch; leftmost principal crest near Fn 0.41	0.615	1603.911	2800.511	535	2403	2053	3318	LEGEND-AUDIT-H1.md; identity added without changing archived pixel reading
A	360	368	358	0.3	C2	Wigley hull	solid	solid C2: oscillatory left branch; leftmost principal crest near Fn 0.41	0.620	1614.289	2802.727	535	2403	2053	3318	LEGEND-AUDIT-H1.md; identity added without changing archived pixel reading
A	360	368	358	0.3	C2	Wigley hull	solid	solid C2: oscillatory left branch; leftmost principal crest near Fn 0.41	0.625	1624.667	2805.291	535	2403	2053	3318	LEGEND-AUDIT-H1.md; identity added without changing archived pixel reading
A	360	368	358	0.3	C2	Wigley hull	solid	solid C2: oscillatory left branch; leftmost principal crest near Fn 0.41	0.630	1635.044	2808.534	535	2403	2053	3318	LEGEND-AUDIT-H1.md; identity added without changing archived pixel reading
A	360	368	358	0.3	C2	Wigley hull	solid	solid C2: oscillatory left branch; leftmost principal crest near Fn 0.41	0.635	1645.422	2809.968	535	2403	2053	3318	LEGEND-AUDIT-H1.md; identity added without changing archived pixel reading
A	360	368	358	0.3	C2	Wigley hull	solid	solid C2: oscillatory left branch; leftmost principal crest near Fn 0.41	0.640	1655.800	2812.239	535	2403	2053	3318	LEGEND-AUDIT-H1.md; identity added without changing archived pixel reading
A	360	368	358	0.3	C2	Wigley hull	solid	solid C2: oscillatory left branch; leftmost principal crest near Fn 0.41	0.645	1666.178	2814.061	535	2403	2053	3318	LEGEND-AUDIT-H1.md; identity added without changing archived pixel reading
A	360	368	358	0.3	C2	Wigley hull	solid	solid C2: oscillatory left branch; leftmost principal crest near Fn 0.41	0.650	1676.556	2817.289	535	2403	2053	3318	LEGEND-AUDIT-H1.md; identity added without changing archived pixel reading
A	360	368	358	0.3	C2	Wigley hull	solid	solid C2: oscillatory left branch; leftmost principal crest near Fn 0.41	0.655	1686.933	2819.205	535	2403	2053	3318	LEGEND-AUDIT-H1.md; identity added without changing archived pixel reading
A	360	368	358	0.3	C2	Wigley hull	solid	solid C2: oscillatory left branch; leftmost principal crest near Fn 0.41	0.660	1697.311	2780.576	535	2403	2053	3318	LEGEND-AUDIT-H1.md; identity added without changing archived pixel reading
A	360	368	358	0.3	C2	Wigley hull	solid	solid C2: oscillatory left branch; leftmost principal crest near Fn 0.41	0.665	1707.689	2784.237	535	2403	2053	3318	LEGEND-AUDIT-H1.md; identity added without changing archived pixel reading
A	360	368	358	0.3	C2	Wigley hull	solid	solid C2: oscillatory left branch; leftmost principal crest near Fn 0.41	0.670	1718.067	2787.614	535	2403	2053	3318	LEGEND-AUDIT-H1.md; identity added without changing archived pixel reading
A	360	368	358	0.3	C2	Wigley hull	solid	solid C2: oscillatory left branch; leftmost principal crest near Fn 0.41	0.675	1728.444	2789.711	535	2403	2053	3318	LEGEND-AUDIT-H1.md; identity added without changing archived pixel reading
A	360	368	358	0.3	C2	Wigley hull	solid	solid C2: oscillatory left branch; leftmost principal crest near Fn 0.41	0.680	1738.822	2829.906	535	2403	2053	3318	LEGEND-AUDIT-H1.md; identity added without changing archived pixel reading
A	360	368	358	0.3	C2	Wigley hull	solid	solid C2: oscillatory left branch; leftmost principal crest near Fn 0.41	0.685	1749.200	2831.269	535	2403	2053	3318	LEGEND-AUDIT-H1.md; identity added without changing archived pixel reading
A	360	368	358	0.3	C2	Wigley hull	solid	solid C2: oscillatory left branch; leftmost principal crest near Fn 0.41	0.690	1759.578	2832.394	535	2403	2053	3318	LEGEND-AUDIT-H1.md; identity added without changing archived pixel reading
A	360	368	358	0.3	C2	Wigley hull	solid	solid C2: oscillatory left branch; leftmost principal crest near Fn 0.41	0.695	1769.956	2834.239	535	2403	2053	3318	LEGEND-AUDIT-H1.md; identity added without changing archived pixel reading
A	360	368	358	0.3	C2	Wigley hull	solid	solid C2: oscillatory left branch; leftmost principal crest near Fn 0.41	0.700	1780.333	2835.436	535	2403	2053	3318	LEGEND-AUDIT-H1.md; identity added without changing archived pixel reading
A	360	368	358	0.3	C2	Wigley hull	solid	solid C2: oscillatory left branch; leftmost principal crest near Fn 0.41	0.705	1790.711	2837.041	535	2403	2053	3318	LEGEND-AUDIT-H1.md; identity added without changing archived pixel reading
A	360	368	358	0.3	C2	Wigley hull	solid	solid C2: oscillatory left branch; leftmost principal crest near Fn 0.41	0.710	1801.089	2806.420	535	2403	2053	3318	LEGEND-AUDIT-H1.md; identity added without changing archived pixel reading
A	360	368	358	0.3	C2	Wigley hull	solid	solid C2: oscillatory left branch; leftmost principal crest near Fn 0.41	0.715	1811.467	2839.024	535	2403	2053	3318	LEGEND-AUDIT-H1.md; identity added without changing archived pixel reading
A	360	368	358	0.3	C2	Wigley hull	solid	solid C2: oscillatory left branch; leftmost principal crest near Fn 0.41	0.720	1821.844	2806.644	535	2403	2053	3318	LEGEND-AUDIT-H1.md; identity added without changing archived pixel reading
A	360	368	358	0.3	C2	Wigley hull	solid	solid C2: oscillatory left branch; leftmost principal crest near Fn 0.41	0.725	1832.222	2809.132	535	2403	2053	3318	LEGEND-AUDIT-H1.md; identity added without changing archived pixel reading
A	360	368	358	0.3	C2	Wigley hull	solid	solid C2: oscillatory left branch; leftmost principal crest near Fn 0.41	0.730	1842.600	2812.479	535	2403	2053	3318	LEGEND-AUDIT-H1.md; identity added without changing archived pixel reading
A	360	368	358	0.3	C2	Wigley hull	solid	solid C2: oscillatory left branch; leftmost principal crest near Fn 0.41	0.735	1852.978	2845.167	535	2403	2053	3318	LEGEND-AUDIT-H1.md; identity added without changing archived pixel reading
A	360	368	358	0.3	C2	Wigley hull	solid	solid C2: oscillatory left branch; leftmost principal crest near Fn 0.41	0.740	1863.356	2815.184	535	2403	2053	3318	LEGEND-AUDIT-H1.md; identity added without changing archived pixel reading
A	360	368	358	0.3	C2	Wigley hull	solid	solid C2: oscillatory left branch; leftmost principal crest near Fn 0.41	0.745	1873.733	2818.071	535	2403	2053	3318	LEGEND-AUDIT-H1.md; identity added without changing archived pixel reading
A	360	368	358	0.3	C2	Wigley hull	solid	solid C2: oscillatory left branch; leftmost principal crest near Fn 0.41	0.750	1884.111	2818.890	535	2403	2053	3318	LEGEND-AUDIT-H1.md; identity added without changing archived pixel reading
A	360	368	358	0.3	C2	Wigley hull	solid	solid C2: oscillatory left branch; leftmost principal crest near Fn 0.41	0.755	1894.489	2849.053	535	2403	2053	3318	LEGEND-AUDIT-H1.md; identity added without changing archived pixel reading
A	360	368	358	0.3	C2	Wigley hull	solid	solid C2: oscillatory left branch; leftmost principal crest near Fn 0.41	0.760	1904.867	2827.907	535	2403	2053	3318	LEGEND-AUDIT-H1.md; identity added without changing archived pixel reading
A	360	368	358	0.3	C2	Wigley hull	solid	solid C2: oscillatory left branch; leftmost principal crest near Fn 0.41	0.765	1915.244	2830.153	535	2403	2053	3318	LEGEND-AUDIT-H1.md; identity added without changing archived pixel reading
A	360	368	358	0.3	C2	Wigley hull	solid	solid C2: oscillatory left branch; leftmost principal crest near Fn 0.41	0.770	1925.622	2833.587	535	2403	2053	3318	LEGEND-AUDIT-H1.md; identity added without changing archived pixel reading
A	360	368	358	0.3	C2	Wigley hull	solid	solid C2: oscillatory left branch; leftmost principal crest near Fn 0.41	0.775	1936.000	2835.769	535	2403	2053	3318	LEGEND-AUDIT-H1.md; identity added without changing archived pixel reading
A	360	368	358	0.3	C2	Wigley hull	solid	solid C2: oscillatory left branch; leftmost principal crest near Fn 0.41	0.780	1946.378	2837.187	535	2403	2053	3318	LEGEND-AUDIT-H1.md; identity added without changing archived pixel reading
A	360	368	358	0.3	C2	Wigley hull	solid	solid C2: oscillatory left branch; leftmost principal crest near Fn 0.41	0.785	1956.756	2841.044	535	2403	2053	3318	LEGEND-AUDIT-H1.md; identity added without changing archived pixel reading
A	360	368	358	0.3	C2	Wigley hull	solid	solid C2: oscillatory left branch; leftmost principal crest near Fn 0.41	0.790	1967.133	2854.238	535	2403	2053	3318	LEGEND-AUDIT-H1.md; identity added without changing archived pixel reading
A	360	368	358	0.3	C2	Wigley hull	solid	solid C2: oscillatory left branch; leftmost principal crest near Fn 0.41	0.795	1977.511	2852.992	535	2403	2053	3318	LEGEND-AUDIT-H1.md; identity added without changing archived pixel reading
A	360	368	358	0.3	C2	Wigley hull	solid	solid C2: oscillatory left branch; leftmost principal crest near Fn 0.41	0.800	1987.889	2856.207	535	2403	2053	3318	LEGEND-AUDIT-H1.md; identity added without changing archived pixel reading
A	360	368	358	0.3	C2	Wigley hull	solid	solid C2: oscillatory left branch; leftmost principal crest near Fn 0.41	0.805	1998.267	2857.845	535	2403	2053	3318	LEGEND-AUDIT-H1.md; identity added without changing archived pixel reading
A	360	368	358	0.3	C2	Wigley hull	solid	solid C2: oscillatory left branch; leftmost principal crest near Fn 0.41	0.810	2008.644	2860.541	535	2403	2053	3318	LEGEND-AUDIT-H1.md; identity added without changing archived pixel reading
A	360	368	358	0.3	C2	Wigley hull	solid	solid C2: oscillatory left branch; leftmost principal crest near Fn 0.41	0.815	2019.022	2862.830	535	2403	2053	3318	LEGEND-AUDIT-H1.md; identity added without changing archived pixel reading
A	360	368	358	0.3	C2	Wigley hull	solid	solid C2: oscillatory left branch; leftmost principal crest near Fn 0.41	0.820	2029.400	2864.002	535	2403	2053	3318	LEGEND-AUDIT-H1.md; identity added without changing archived pixel reading
A	360	368	358	0.3	C2	Wigley hull	solid	solid C2: oscillatory left branch; leftmost principal crest near Fn 0.41	0.825	2039.778	2863.646	535	2403	2053	3318	LEGEND-AUDIT-H1.md; identity added without changing archived pixel reading
A	360	368	358	0.3	C2	Wigley hull	solid	solid C2: oscillatory left branch; leftmost principal crest near Fn 0.41	0.830	2050.156	2862.469	535	2403	2053	3318	LEGEND-AUDIT-H1.md; identity added without changing archived pixel reading
A	360	368	358	0.3	C2	Wigley hull	solid	solid C2: oscillatory left branch; leftmost principal crest near Fn 0.41	0.835	2060.533	2853.786	535	2403	2053	3318	LEGEND-AUDIT-H1.md; identity added without changing archived pixel reading
A	360	368	358	0.3	C2	Wigley hull	solid	solid C2: oscillatory left branch; leftmost principal crest near Fn 0.41	0.840	2070.911	2864.161	535	2403	2053	3318	LEGEND-AUDIT-H1.md; identity added without changing archived pixel reading
A	360	368	358	0.3	C2	Wigley hull	solid	solid C2: oscillatory left branch; leftmost principal crest near Fn 0.41	0.845	2081.289	2863.948	535	2403	2053	3318	LEGEND-AUDIT-H1.md; identity added without changing archived pixel reading
A	360	368	358	0.3	C2	Wigley hull	solid	solid C2: oscillatory left branch; leftmost principal crest near Fn 0.41	0.850	2091.667	2879.357	535	2403	2053	3318	LEGEND-AUDIT-H1.md; identity added without changing archived pixel reading
A	360	368	358	0.3	C2	Wigley hull	solid	solid C2: oscillatory left branch; leftmost principal crest near Fn 0.41	0.855	2102.044	2864.921	535	2403	2053	3318	LEGEND-AUDIT-H1.md; identity added without changing archived pixel reading
A	360	368	358	0.3	C2	Wigley hull	solid	solid C2: oscillatory left branch; leftmost principal crest near Fn 0.41	0.860	2112.422	2881.408	535	2403	2053	3318	LEGEND-AUDIT-H1.md; identity added without changing archived pixel reading
A	360	368	358	0.3	C2	Wigley hull	solid	solid C2: oscillatory left branch; leftmost principal crest near Fn 0.41	0.865	2122.800	2881.602	535	2403	2053	3318	LEGEND-AUDIT-H1.md; identity added without changing archived pixel reading
A	360	368	358	0.3	C2	Wigley hull	solid	solid C2: oscillatory left branch; leftmost principal crest near Fn 0.41	0.870	2133.178	2881.435	535	2403	2053	3318	LEGEND-AUDIT-H1.md; identity added without changing archived pixel reading
A	360	368	358	0.3	C2	Wigley hull	solid	solid C2: oscillatory left branch; leftmost principal crest near Fn 0.41	0.875	2143.556	2856.414	535	2403	2053	3318	LEGEND-AUDIT-H1.md; identity added without changing archived pixel reading
A	360	368	358	0.3	C2	Wigley hull	solid	solid C2: oscillatory left branch; leftmost principal crest near Fn 0.41	0.880	2153.933	2855.951	535	2403	2053	3318	LEGEND-AUDIT-H1.md; identity added without changing archived pixel reading
A	360	368	358	0.3	C2	Wigley hull	solid	solid C2: oscillatory left branch; leftmost principal crest near Fn 0.41	0.885	2164.311	2881.911	535	2403	2053	3318	LEGEND-AUDIT-H1.md; identity added without changing archived pixel reading
A	360	368	358	0.3	C2	Wigley hull	solid	solid C2: oscillatory left branch; leftmost principal crest near Fn 0.41	0.890	2174.689	2881.645	535	2403	2053	3318	LEGEND-AUDIT-H1.md; identity added without changing archived pixel reading
A	360	368	358	0.3	C2	Wigley hull	solid	solid C2: oscillatory left branch; leftmost principal crest near Fn 0.41	0.895	2185.067	2880.410	535	2403	2053	3318	LEGEND-AUDIT-H1.md; identity added without changing archived pixel reading
A	360	368	358	0.3	C2	Wigley hull	solid	solid C2: oscillatory left branch; leftmost principal crest near Fn 0.41	0.900	2195.444	2879.435	535	2403	2053	3318	LEGEND-AUDIT-H1.md; identity added without changing archived pixel reading
A	360	368	358	0.3	C2	Wigley hull	solid	solid C2: oscillatory left branch; leftmost principal crest near Fn 0.41	0.905	2205.822	2877.791	535	2403	2053	3318	LEGEND-AUDIT-H1.md; identity added without changing archived pixel reading
A	360	368	358	0.3	C2	Wigley hull	solid	solid C2: oscillatory left branch; leftmost principal crest near Fn 0.41	0.910	2216.200	2870.260	535	2403	2053	3318	LEGEND-AUDIT-H1.md; identity added without changing archived pixel reading
A	360	368	358	0.3	C2	Wigley hull	solid	solid C2: oscillatory left branch; leftmost principal crest near Fn 0.41	0.915	2226.578	2871.172	535	2403	2053	3318	LEGEND-AUDIT-H1.md; identity added without changing archived pixel reading
A	360	368	358	0.3	C2	Wigley hull	solid	solid C2: oscillatory left branch; leftmost principal crest near Fn 0.41	0.920	2236.956	2868.086	535	2403	2053	3318	LEGEND-AUDIT-H1.md; identity added without changing archived pixel reading
A	360	368	358	0.3	C2	Wigley hull	solid	solid C2: oscillatory left branch; leftmost principal crest near Fn 0.41	0.925	2247.333	2866.287	535	2403	2053	3318	LEGEND-AUDIT-H1.md; identity added without changing archived pixel reading
A	360	368	358	0.3	C2	Wigley hull	solid	solid C2: oscillatory left branch; leftmost principal crest near Fn 0.41	0.930	2257.711	2865.828	535	2403	2053	3318	LEGEND-AUDIT-H1.md; identity added without changing archived pixel reading
A	360	368	358	0.3	C2	Wigley hull	solid	solid C2: oscillatory left branch; leftmost principal crest near Fn 0.41	0.935	2268.089	2864.016	535	2403	2053	3318	LEGEND-AUDIT-H1.md; identity added without changing archived pixel reading
A	360	368	358	0.3	C2	Wigley hull	solid	solid C2: oscillatory left branch; leftmost principal crest near Fn 0.41	0.940	2278.467	2860.774	535	2403	2053	3318	LEGEND-AUDIT-H1.md; identity added without changing archived pixel reading
A	360	368	358	0.3	C2	Wigley hull	solid	solid C2: oscillatory left branch; leftmost principal crest near Fn 0.41	0.945	2288.844	2859.004	535	2403	2053	3318	LEGEND-AUDIT-H1.md; identity added without changing archived pixel reading
A	360	368	358	0.3	C2	Wigley hull	solid	solid C2: oscillatory left branch; leftmost principal crest near Fn 0.41	0.950	2299.222	2856.826	535	2403	2053	3318	LEGEND-AUDIT-H1.md; identity added without changing archived pixel reading
A	361	369	359	0.4	C2	Wigley hull	solid	solid C2: oscillatory left branch; principal crest near Fn 0.40	0.150	638.778	1086.490	535	2403	314	1582	LEGEND-AUDIT-H1.md; identity added without changing archived pixel reading
A	361	369	359	0.4	C2	Wigley hull	solid	solid C2: oscillatory left branch; principal crest near Fn 0.40	0.155	649.156	1102.075	535	2403	314	1582	LEGEND-AUDIT-H1.md; identity added without changing archived pixel reading
A	361	369	359	0.4	C2	Wigley hull	solid	solid C2: oscillatory left branch; principal crest near Fn 0.40	0.160	659.533	1116.100	535	2403	314	1582	LEGEND-AUDIT-H1.md; identity added without changing archived pixel reading
A	361	369	359	0.4	C2	Wigley hull	solid	solid C2: oscillatory left branch; principal crest near Fn 0.40	0.165	669.911	1126.113	535	2403	314	1582	LEGEND-AUDIT-H1.md; identity added without changing archived pixel reading
A	361	369	359	0.4	C2	Wigley hull	solid	solid C2: oscillatory left branch; principal crest near Fn 0.40	0.170	680.289	1130.073	535	2403	314	1582	LEGEND-AUDIT-H1.md; identity added without changing archived pixel reading
A	361	369	359	0.4	C2	Wigley hull	solid	solid C2: oscillatory left branch; principal crest near Fn 0.40	0.175	690.667	1127.241	535	2403	314	1582	LEGEND-AUDIT-H1.md; identity added without changing archived pixel reading
A	361	369	359	0.4	C2	Wigley hull	solid	solid C2: oscillatory left branch; principal crest near Fn 0.40	0.180	701.044	1123.808	535	2403	314	1582	LEGEND-AUDIT-H1.md; identity added without changing archived pixel reading
A	361	369	359	0.4	C2	Wigley hull	solid	solid C2: oscillatory left branch; principal crest near Fn 0.40	0.185	711.422	1123.148	535	2403	314	1582	LEGEND-AUDIT-H1.md; identity added without changing archived pixel reading
A	361	369	359	0.4	C2	Wigley hull	solid	solid C2: oscillatory left branch; principal crest near Fn 0.40	0.190	721.800	1128.554	535	2403	314	1582	LEGEND-AUDIT-H1.md; identity added without changing archived pixel reading
A	361	369	359	0.4	C2	Wigley hull	solid	solid C2: oscillatory left branch; principal crest near Fn 0.40	0.195	732.178	1146.851	535	2403	314	1582	LEGEND-AUDIT-H1.md; identity added without changing archived pixel reading
A	361	369	359	0.4	C2	Wigley hull	solid	solid C2: oscillatory left branch; principal crest near Fn 0.40	0.200	742.556	1153.046	535	2403	314	1582	LEGEND-AUDIT-H1.md; identity added without changing archived pixel reading
A	361	369	359	0.4	C2	Wigley hull	solid	solid C2: oscillatory left branch; principal crest near Fn 0.40	0.205	752.933	1145.632	535	2403	314	1582	LEGEND-AUDIT-H1.md; identity added without changing archived pixel reading
A	361	369	359	0.4	C2	Wigley hull	solid	solid C2: oscillatory left branch; principal crest near Fn 0.40	0.210	763.311	1074.961	535	2403	314	1582	LEGEND-AUDIT-H1.md; identity added without changing archived pixel reading
A	361	369	359	0.4	C2	Wigley hull	solid	solid C2: oscillatory left branch; principal crest near Fn 0.40	0.215	773.689	1050.069	535	2403	314	1582	LEGEND-AUDIT-H1.md; identity added without changing archived pixel reading
A	361	369	359	0.4	C2	Wigley hull	solid	solid C2: oscillatory left branch; principal crest near Fn 0.40	0.220	784.067	978.844	535	2403	314	1582	LEGEND-AUDIT-H1.md; identity added without changing archived pixel reading
A	361	369	359	0.4	C2	Wigley hull	solid	solid C2: oscillatory left branch; principal crest near Fn 0.40	0.225	794.444	929.426	535	2403	314	1582	LEGEND-AUDIT-H1.md; identity added without changing archived pixel reading
A	361	369	359	0.4	C2	Wigley hull	solid	solid C2: oscillatory left branch; principal crest near Fn 0.40	0.230	804.822	1016.851	535	2403	314	1582	LEGEND-AUDIT-H1.md; identity added without changing archived pixel reading
A	361	369	359	0.4	C2	Wigley hull	solid	solid C2: oscillatory left branch; principal crest near Fn 0.40	0.235	815.200	1014.993	535	2403	314	1582	LEGEND-AUDIT-H1.md; identity added without changing archived pixel reading
A	361	369	359	0.4	C2	Wigley hull	solid	solid C2: oscillatory left branch; principal crest near Fn 0.40	0.240	825.578	1065.062	535	2403	314	1582	LEGEND-AUDIT-H1.md; identity added without changing archived pixel reading
A	361	369	359	0.4	C2	Wigley hull	solid	solid C2: oscillatory left branch; principal crest near Fn 0.40	0.245	835.956	1065.486	535	2403	314	1582	LEGEND-AUDIT-H1.md; identity added without changing archived pixel reading
A	361	369	359	0.4	C2	Wigley hull	solid	solid C2: oscillatory left branch; principal crest near Fn 0.40	0.250	846.333	1150.075	535	2403	314	1582	LEGEND-AUDIT-H1.md; identity added without changing archived pixel reading
A	361	369	359	0.4	C2	Wigley hull	solid	solid C2: oscillatory left branch; principal crest near Fn 0.40	0.255	856.711	1123.917	535	2403	314	1582	LEGEND-AUDIT-H1.md; identity added without changing archived pixel reading
A	361	369	359	0.4	C2	Wigley hull	solid	solid C2: oscillatory left branch; principal crest near Fn 0.40	0.260	867.089	1060.049	535	2403	314	1582	LEGEND-AUDIT-H1.md; identity added without changing archived pixel reading
A	361	369	359	0.4	C2	Wigley hull	solid	solid C2: oscillatory left branch; principal crest near Fn 0.40	0.265	877.467	1057.365	535	2403	314	1582	LEGEND-AUDIT-H1.md; identity added without changing archived pixel reading
A	361	369	359	0.4	C2	Wigley hull	solid	solid C2: oscillatory left branch; principal crest near Fn 0.40	0.270	887.844	955.806	535	2403	314	1582	LEGEND-AUDIT-H1.md; identity added without changing archived pixel reading
A	361	369	359	0.4	C2	Wigley hull	solid	solid C2: oscillatory left branch; principal crest near Fn 0.40	0.275	898.222	930.931	535	2403	314	1582	LEGEND-AUDIT-H1.md; identity added without changing archived pixel reading
A	361	369	359	0.4	C2	Wigley hull	solid	solid C2: oscillatory left branch; principal crest near Fn 0.40	0.280	908.600	930.237	535	2403	314	1582	LEGEND-AUDIT-H1.md; identity added without changing archived pixel reading
A	361	369	359	0.4	C2	Wigley hull	solid	solid C2: oscillatory left branch; principal crest near Fn 0.40	0.285	918.978	949.386	535	2403	314	1582	LEGEND-AUDIT-H1.md; identity added without changing archived pixel reading
A	361	369	359	0.4	C2	Wigley hull	solid	solid C2: oscillatory left branch; principal crest near Fn 0.40	0.290	929.356	1038.011	535	2403	314	1582	LEGEND-AUDIT-H1.md; identity added without changing archived pixel reading
A	361	369	359	0.4	C2	Wigley hull	solid	solid C2: oscillatory left branch; principal crest near Fn 0.40	0.295	939.733	1031.948	535	2403	314	1582	LEGEND-AUDIT-H1.md; identity added without changing archived pixel reading
A	361	369	359	0.4	C2	Wigley hull	solid	solid C2: oscillatory left branch; principal crest near Fn 0.40	0.300	950.111	1033.248	535	2403	314	1582	LEGEND-AUDIT-H1.md; identity added without changing archived pixel reading
A	361	369	359	0.4	C2	Wigley hull	solid	solid C2: oscillatory left branch; principal crest near Fn 0.40	0.305	960.489	1034.400	535	2403	314	1582	LEGEND-AUDIT-H1.md; identity added without changing archived pixel reading
A	361	369	359	0.4	C2	Wigley hull	solid	solid C2: oscillatory left branch; principal crest near Fn 0.40	0.310	970.867	1112.183	535	2403	314	1582	LEGEND-AUDIT-H1.md; identity added without changing archived pixel reading
A	361	369	359	0.4	C2	Wigley hull	solid	solid C2: oscillatory left branch; principal crest near Fn 0.40	0.315	981.244	1146.584	535	2403	314	1582	LEGEND-AUDIT-H1.md; identity added without changing archived pixel reading
A	361	369	359	0.4	C2	Wigley hull	solid	solid C2: oscillatory left branch; principal crest near Fn 0.40	0.320	991.622	1166.617	535	2403	314	1582	LEGEND-AUDIT-H1.md; identity added without changing archived pixel reading
A	361	369	359	0.4	C2	Wigley hull	solid	solid C2: oscillatory left branch; principal crest near Fn 0.40	0.325	1002.000	1175.999	535	2403	314	1582	LEGEND-AUDIT-H1.md; identity added without changing archived pixel reading
A	361	369	359	0.4	C2	Wigley hull	solid	solid C2: oscillatory left branch; principal crest near Fn 0.40	0.330	1012.378	1180.298	535	2403	314	1582	LEGEND-AUDIT-H1.md; identity added without changing archived pixel reading
A	361	369	359	0.4	C2	Wigley hull	solid	solid C2: oscillatory left branch; principal crest near Fn 0.40	0.335	1022.756	1174.887	535	2403	314	1582	LEGEND-AUDIT-H1.md; identity added without changing archived pixel reading
A	361	369	359	0.4	C2	Wigley hull	solid	solid C2: oscillatory left branch; principal crest near Fn 0.40	0.340	1033.133	1155.342	535	2403	314	1582	LEGEND-AUDIT-H1.md; identity added without changing archived pixel reading
A	361	369	359	0.4	C2	Wigley hull	solid	solid C2: oscillatory left branch; principal crest near Fn 0.40	0.345	1043.511	1119.138	535	2403	314	1582	LEGEND-AUDIT-H1.md; identity added without changing archived pixel reading
A	361	369	359	0.4	C2	Wigley hull	solid	solid C2: oscillatory left branch; principal crest near Fn 0.40	0.350	1053.889	1095.299	535	2403	314	1582	LEGEND-AUDIT-H1.md; identity added without changing archived pixel reading
A	361	369	359	0.4	C2	Wigley hull	solid	solid C2: oscillatory left branch; principal crest near Fn 0.40	0.355	1064.267	1043.686	535	2403	314	1582	LEGEND-AUDIT-H1.md; identity added without changing archived pixel reading
A	361	369	359	0.4	C2	Wigley hull	solid	solid C2: oscillatory left branch; principal crest near Fn 0.40	0.360	1074.644	1003.032	535	2403	314	1582	LEGEND-AUDIT-H1.md; identity added without changing archived pixel reading
A	361	369	359	0.4	C2	Wigley hull	solid	solid C2: oscillatory left branch; principal crest near Fn 0.40	0.365	1085.022	995.756	535	2403	314	1582	LEGEND-AUDIT-H1.md; identity added without changing archived pixel reading
A	361	369	359	0.4	C2	Wigley hull	solid	solid C2: oscillatory left branch; principal crest near Fn 0.40	0.370	1095.400	983.232	535	2403	314	1582	LEGEND-AUDIT-H1.md; identity added without changing archived pixel reading
A	361	369	359	0.4	C2	Wigley hull	solid	solid C2: oscillatory left branch; principal crest near Fn 0.40	0.375	1105.778	840.466	535	2403	314	1582	LEGEND-AUDIT-H1.md; identity added without changing archived pixel reading
A	361	369	359	0.4	C2	Wigley hull	solid	solid C2: oscillatory left branch; principal crest near Fn 0.40	0.380	1116.156	823.160	535	2403	314	1582	LEGEND-AUDIT-H1.md; identity added without changing archived pixel reading
A	361	369	359	0.4	C2	Wigley hull	solid	solid C2: oscillatory left branch; principal crest near Fn 0.40	0.385	1126.533	811.036	535	2403	314	1582	LEGEND-AUDIT-H1.md; identity added without changing archived pixel reading
A	361	369	359	0.4	C2	Wigley hull	solid	solid C2: oscillatory left branch; principal crest near Fn 0.40	0.390	1136.911	804.011	535	2403	314	1582	LEGEND-AUDIT-H1.md; identity added without changing archived pixel reading
A	361	369	359	0.4	C2	Wigley hull	solid	solid C2: oscillatory left branch; principal crest near Fn 0.40	0.395	1147.289	801.367	535	2403	314	1582	LEGEND-AUDIT-H1.md; identity added without changing archived pixel reading
A	361	369	359	0.4	C2	Wigley hull	solid	solid C2: oscillatory left branch; principal crest near Fn 0.40	0.400	1157.667	802.265	535	2403	314	1582	LEGEND-AUDIT-H1.md; identity added without changing archived pixel reading
A	361	369	359	0.4	C2	Wigley hull	solid	solid C2: oscillatory left branch; principal crest near Fn 0.40	0.405	1168.044	807.327	535	2403	314	1582	LEGEND-AUDIT-H1.md; identity added without changing archived pixel reading
A	361	369	359	0.4	C2	Wigley hull	solid	solid C2: oscillatory left branch; principal crest near Fn 0.40	0.410	1178.422	813.737	535	2403	314	1582	LEGEND-AUDIT-H1.md; identity added without changing archived pixel reading
A	361	369	359	0.4	C2	Wigley hull	solid	solid C2: oscillatory left branch; principal crest near Fn 0.40	0.415	1188.800	822.980	535	2403	314	1582	LEGEND-AUDIT-H1.md; identity added without changing archived pixel reading
A	361	369	359	0.4	C2	Wigley hull	solid	solid C2: oscillatory left branch; principal crest near Fn 0.40	0.420	1199.178	830.224	535	2403	314	1582	LEGEND-AUDIT-H1.md; identity added without changing archived pixel reading
A	361	369	359	0.4	C2	Wigley hull	solid	solid C2: oscillatory left branch; principal crest near Fn 0.40	0.425	1209.556	842.047	535	2403	314	1582	LEGEND-AUDIT-H1.md; identity added without changing archived pixel reading
A	361	369	359	0.4	C2	Wigley hull	solid	solid C2: oscillatory left branch; principal crest near Fn 0.40	0.430	1219.933	852.139	535	2403	314	1582	LEGEND-AUDIT-H1.md; identity added without changing archived pixel reading
A	361	369	359	0.4	C2	Wigley hull	solid	solid C2: oscillatory left branch; principal crest near Fn 0.40	0.435	1230.311	862.851	535	2403	314	1582	LEGEND-AUDIT-H1.md; identity added without changing archived pixel reading
A	361	369	359	0.4	C2	Wigley hull	solid	solid C2: oscillatory left branch; principal crest near Fn 0.40	0.440	1240.689	872.831	535	2403	314	1582	LEGEND-AUDIT-H1.md; identity added without changing archived pixel reading
A	361	369	359	0.4	C2	Wigley hull	solid	solid C2: oscillatory left branch; principal crest near Fn 0.40	0.445	1251.067	918.456	535	2403	314	1582	LEGEND-AUDIT-H1.md; identity added without changing archived pixel reading
A	361	369	359	0.4	C2	Wigley hull	solid	solid C2: oscillatory left branch; principal crest near Fn 0.40	0.450	1261.444	914.784	535	2403	314	1582	LEGEND-AUDIT-H1.md; identity added without changing archived pixel reading
A	361	369	359	0.4	C2	Wigley hull	solid	solid C2: oscillatory left branch; principal crest near Fn 0.40	0.455	1271.822	911.964	535	2403	314	1582	LEGEND-AUDIT-H1.md; identity added without changing archived pixel reading
A	361	369	359	0.4	C2	Wigley hull	solid	solid C2: oscillatory left branch; principal crest near Fn 0.40	0.460	1282.200	909.355	535	2403	314	1582	LEGEND-AUDIT-H1.md; identity added without changing archived pixel reading
A	361	369	359	0.4	C2	Wigley hull	solid	solid C2: oscillatory left branch; principal crest near Fn 0.40	0.465	1292.578	911.359	535	2403	314	1582	LEGEND-AUDIT-H1.md; identity added without changing archived pixel reading
A	361	369	359	0.4	C2	Wigley hull	solid	solid C2: oscillatory left branch; principal crest near Fn 0.40	0.470	1302.956	910.891	535	2403	314	1582	LEGEND-AUDIT-H1.md; identity added without changing archived pixel reading
A	361	369	359	0.4	C2	Wigley hull	solid	solid C2: oscillatory left branch; principal crest near Fn 0.40	0.475	1313.333	911.287	535	2403	314	1582	LEGEND-AUDIT-H1.md; identity added without changing archived pixel reading
A	361	369	359	0.4	C2	Wigley hull	solid	solid C2: oscillatory left branch; principal crest near Fn 0.40	0.480	1323.711	943.920	535	2403	314	1582	LEGEND-AUDIT-H1.md; identity added without changing archived pixel reading
A	361	369	359	0.4	C2	Wigley hull	solid	solid C2: oscillatory left branch; principal crest near Fn 0.40	0.485	1334.089	918.885	535	2403	314	1582	LEGEND-AUDIT-H1.md; identity added without changing archived pixel reading
A	361	369	359	0.4	C2	Wigley hull	solid	solid C2: oscillatory left branch; principal crest near Fn 0.40	0.490	1344.467	957.252	535	2403	314	1582	LEGEND-AUDIT-H1.md; identity added without changing archived pixel reading
A	361	369	359	0.4	C2	Wigley hull	solid	solid C2: oscillatory left branch; principal crest near Fn 0.40	0.495	1354.844	964.779	535	2403	314	1582	LEGEND-AUDIT-H1.md; identity added without changing archived pixel reading
A	361	369	359	0.4	C2	Wigley hull	solid	solid C2: oscillatory left branch; principal crest near Fn 0.40	0.500	1365.222	971.177	535	2403	314	1582	LEGEND-AUDIT-H1.md; identity added without changing archived pixel reading
A	361	369	359	0.4	C2	Wigley hull	solid	solid C2: oscillatory left branch; principal crest near Fn 0.40	0.505	1375.600	977.244	535	2403	314	1582	LEGEND-AUDIT-H1.md; identity added without changing archived pixel reading
A	361	369	359	0.4	C2	Wigley hull	solid	solid C2: oscillatory left branch; principal crest near Fn 0.40	0.510	1385.978	942.682	535	2403	314	1582	LEGEND-AUDIT-H1.md; identity added without changing archived pixel reading
A	361	369	359	0.4	C2	Wigley hull	solid	solid C2: oscillatory left branch; principal crest near Fn 0.40	0.515	1396.356	990.864	535	2403	314	1582	LEGEND-AUDIT-H1.md; identity added without changing archived pixel reading
A	361	369	359	0.4	C2	Wigley hull	solid	solid C2: oscillatory left branch; principal crest near Fn 0.40	0.520	1406.733	995.324	535	2403	314	1582	LEGEND-AUDIT-H1.md; identity added without changing archived pixel reading
A	361	369	359	0.4	C2	Wigley hull	solid	solid C2: oscillatory left branch; principal crest near Fn 0.40	0.525	1417.111	1043.349	535	2403	314	1582	LEGEND-AUDIT-H1.md; identity added without changing archived pixel reading
A	361	369	359	0.4	C2	Wigley hull	solid	solid C2: oscillatory left branch; principal crest near Fn 0.40	0.530	1427.489	1043.684	535	2403	314	1582	LEGEND-AUDIT-H1.md; identity added without changing archived pixel reading
A	361	369	359	0.4	C2	Wigley hull	solid	solid C2: oscillatory left branch; principal crest near Fn 0.40	0.535	1437.867	1043.782	535	2403	314	1582	LEGEND-AUDIT-H1.md; identity added without changing archived pixel reading
A	361	369	359	0.4	C2	Wigley hull	solid	solid C2: oscillatory left branch; principal crest near Fn 0.40	0.540	1448.244	1016.531	535	2403	314	1582	LEGEND-AUDIT-H1.md; identity added without changing archived pixel reading
A	361	369	359	0.4	C2	Wigley hull	solid	solid C2: oscillatory left branch; principal crest near Fn 0.40	0.545	1458.622	1044.830	535	2403	314	1582	LEGEND-AUDIT-H1.md; identity added without changing archived pixel reading
A	361	369	359	0.4	C2	Wigley hull	solid	solid C2: oscillatory left branch; principal crest near Fn 0.40	0.550	1469.000	1045.780	535	2403	314	1582	LEGEND-AUDIT-H1.md; identity added without changing archived pixel reading
A	361	369	359	0.4	C2	Wigley hull	solid	solid C2: oscillatory left branch; principal crest near Fn 0.40	0.555	1479.378	1046.538	535	2403	314	1582	LEGEND-AUDIT-H1.md; identity added without changing archived pixel reading
A	361	369	359	0.4	C2	Wigley hull	solid	solid C2: oscillatory left branch; principal crest near Fn 0.40	0.560	1489.756	996.271	535	2403	314	1582	LEGEND-AUDIT-H1.md; identity added without changing archived pixel reading
A	361	369	359	0.4	C2	Wigley hull	solid	solid C2: oscillatory left branch; principal crest near Fn 0.40	0.565	1500.133	1001.325	535	2403	314	1582	LEGEND-AUDIT-H1.md; identity added without changing archived pixel reading
A	361	369	359	0.4	C2	Wigley hull	solid	solid C2: oscillatory left branch; principal crest near Fn 0.40	0.570	1510.511	1046.956	535	2403	314	1582	LEGEND-AUDIT-H1.md; identity added without changing archived pixel reading
A	361	369	359	0.4	C2	Wigley hull	solid	solid C2: oscillatory left branch; principal crest near Fn 0.40	0.575	1520.889	1047.815	535	2403	314	1582	LEGEND-AUDIT-H1.md; identity added without changing archived pixel reading
A	361	369	359	0.4	C2	Wigley hull	solid	solid C2: oscillatory left branch; principal crest near Fn 0.40	0.580	1531.267	1049.958	535	2403	314	1582	LEGEND-AUDIT-H1.md; identity added without changing archived pixel reading
A	361	369	359	0.4	C2	Wigley hull	solid	solid C2: oscillatory left branch; principal crest near Fn 0.40	0.585	1541.644	1050.881	535	2403	314	1582	LEGEND-AUDIT-H1.md; identity added without changing archived pixel reading
A	361	369	359	0.4	C2	Wigley hull	solid	solid C2: oscillatory left branch; principal crest near Fn 0.40	0.590	1552.022	1053.620	535	2403	314	1582	LEGEND-AUDIT-H1.md; identity added without changing archived pixel reading
A	361	369	359	0.4	C2	Wigley hull	solid	solid C2: oscillatory left branch; principal crest near Fn 0.40	0.595	1562.400	1055.262	535	2403	314	1582	LEGEND-AUDIT-H1.md; identity added without changing archived pixel reading
A	361	369	359	0.4	C2	Wigley hull	solid	solid C2: oscillatory left branch; principal crest near Fn 0.40	0.600	1572.778	1057.854	535	2403	314	1582	LEGEND-AUDIT-H1.md; identity added without changing archived pixel reading
A	361	369	359	0.4	C2	Wigley hull	solid	solid C2: oscillatory left branch; principal crest near Fn 0.40	0.605	1583.156	1059.893	535	2403	314	1582	LEGEND-AUDIT-H1.md; identity added without changing archived pixel reading
A	361	369	359	0.4	C2	Wigley hull	solid	solid C2: oscillatory left branch; principal crest near Fn 0.40	0.610	1593.533	1063.104	535	2403	314	1582	LEGEND-AUDIT-H1.md; identity added without changing archived pixel reading
A	361	369	359	0.4	C2	Wigley hull	solid	solid C2: oscillatory left branch; principal crest near Fn 0.40	0.615	1603.911	1061.995	535	2403	314	1582	LEGEND-AUDIT-H1.md; identity added without changing archived pixel reading
A	361	369	359	0.4	C2	Wigley hull	solid	solid C2: oscillatory left branch; principal crest near Fn 0.40	0.620	1614.289	1063.999	535	2403	314	1582	LEGEND-AUDIT-H1.md; identity added without changing archived pixel reading
A	361	369	359	0.4	C2	Wigley hull	solid	solid C2: oscillatory left branch; principal crest near Fn 0.40	0.625	1624.667	1064.998	535	2403	314	1582	LEGEND-AUDIT-H1.md; identity added without changing archived pixel reading
A	361	369	359	0.4	C2	Wigley hull	solid	solid C2: oscillatory left branch; principal crest near Fn 0.40	0.630	1635.044	1067.998	535	2403	314	1582	LEGEND-AUDIT-H1.md; identity added without changing archived pixel reading
A	361	369	359	0.4	C2	Wigley hull	solid	solid C2: oscillatory left branch; principal crest near Fn 0.40	0.635	1645.422	1067.997	535	2403	314	1582	LEGEND-AUDIT-H1.md; identity added without changing archived pixel reading
A	361	369	359	0.4	C2	Wigley hull	solid	solid C2: oscillatory left branch; principal crest near Fn 0.40	0.640	1655.800	1067.996	535	2403	314	1582	LEGEND-AUDIT-H1.md; identity added without changing archived pixel reading
A	361	369	359	0.4	C2	Wigley hull	solid	solid C2: oscillatory left branch; principal crest near Fn 0.40	0.645	1666.178	1070.961	535	2403	314	1582	LEGEND-AUDIT-H1.md; identity added without changing archived pixel reading
A	361	369	359	0.4	C2	Wigley hull	solid	solid C2: oscillatory left branch; principal crest near Fn 0.40	0.650	1676.556	1071.482	535	2403	314	1582	LEGEND-AUDIT-H1.md; identity added without changing archived pixel reading
A	361	369	359	0.4	C2	Wigley hull	solid	solid C2: oscillatory left branch; principal crest near Fn 0.40	0.655	1686.933	1072.259	535	2403	314	1582	LEGEND-AUDIT-H1.md; identity added without changing archived pixel reading
A	361	369	359	0.4	C2	Wigley hull	solid	solid C2: oscillatory left branch; principal crest near Fn 0.40	0.660	1697.311	1072.724	535	2403	314	1582	LEGEND-AUDIT-H1.md; identity added without changing archived pixel reading
A	361	369	359	0.4	C2	Wigley hull	solid	solid C2: oscillatory left branch; principal crest near Fn 0.40	0.665	1707.689	1075.168	535	2403	314	1582	LEGEND-AUDIT-H1.md; identity added without changing archived pixel reading
A	361	369	359	0.4	C2	Wigley hull	solid	solid C2: oscillatory left branch; principal crest near Fn 0.40	0.670	1718.067	1075.883	535	2403	314	1582	LEGEND-AUDIT-H1.md; identity added without changing archived pixel reading
A	361	369	359	0.4	C2	Wigley hull	solid	solid C2: oscillatory left branch; principal crest near Fn 0.40	0.675	1728.444	1076.557	535	2403	314	1582	LEGEND-AUDIT-H1.md; identity added without changing archived pixel reading
A	361	369	359	0.4	C2	Wigley hull	solid	solid C2: oscillatory left branch; principal crest near Fn 0.40	0.680	1738.822	1077.594	535	2403	314	1582	LEGEND-AUDIT-H1.md; identity added without changing archived pixel reading
A	361	369	359	0.4	C2	Wigley hull	solid	solid C2: oscillatory left branch; principal crest near Fn 0.40	0.685	1749.200	1077.374	535	2403	314	1582	LEGEND-AUDIT-H1.md; identity added without changing archived pixel reading
A	361	369	359	0.4	C2	Wigley hull	solid	solid C2: oscillatory left branch; principal crest near Fn 0.40	0.690	1759.578	1077.224	535	2403	314	1582	LEGEND-AUDIT-H1.md; identity added without changing archived pixel reading
A	361	369	359	0.4	C2	Wigley hull	solid	solid C2: oscillatory left branch; principal crest near Fn 0.40	0.695	1769.956	1079.025	535	2403	314	1582	LEGEND-AUDIT-H1.md; identity added without changing archived pixel reading
A	361	369	359	0.4	C2	Wigley hull	solid	solid C2: oscillatory left branch; principal crest near Fn 0.40	0.700	1780.333	1079.497	535	2403	314	1582	LEGEND-AUDIT-H1.md; identity added without changing archived pixel reading
A	361	369	359	0.4	C2	Wigley hull	solid	solid C2: oscillatory left branch; principal crest near Fn 0.40	0.705	1790.711	1077.808	535	2403	314	1582	LEGEND-AUDIT-H1.md; identity added without changing archived pixel reading
A	361	369	359	0.4	C2	Wigley hull	solid	solid C2: oscillatory left branch; principal crest near Fn 0.40	0.710	1801.089	1079.485	535	2403	314	1582	LEGEND-AUDIT-H1.md; identity added without changing archived pixel reading
A	361	369	359	0.4	C2	Wigley hull	solid	solid C2: oscillatory left branch; principal crest near Fn 0.40	0.715	1811.467	1083.005	535	2403	314	1582	LEGEND-AUDIT-H1.md; identity added without changing archived pixel reading
A	361	369	359	0.4	C2	Wigley hull	solid	solid C2: oscillatory left branch; principal crest near Fn 0.40	0.720	1821.844	1079.971	535	2403	314	1582	LEGEND-AUDIT-H1.md; identity added without changing archived pixel reading
A	361	369	359	0.4	C2	Wigley hull	solid	solid C2: oscillatory left branch; principal crest near Fn 0.40	0.725	1832.222	1080.242	535	2403	314	1582	LEGEND-AUDIT-H1.md; identity added without changing archived pixel reading
A	361	369	359	0.4	C2	Wigley hull	solid	solid C2: oscillatory left branch; principal crest near Fn 0.40	0.730	1842.600	1083.581	535	2403	314	1582	LEGEND-AUDIT-H1.md; identity added without changing archived pixel reading
A	361	369	359	0.4	C2	Wigley hull	solid	solid C2: oscillatory left branch; principal crest near Fn 0.40	0.735	1852.978	1083.433	535	2403	314	1582	LEGEND-AUDIT-H1.md; identity added without changing archived pixel reading
A	361	369	359	0.4	C2	Wigley hull	solid	solid C2: oscillatory left branch; principal crest near Fn 0.40	0.740	1863.356	1084.007	535	2403	314	1582	LEGEND-AUDIT-H1.md; identity added without changing archived pixel reading
A	361	369	359	0.4	C2	Wigley hull	solid	solid C2: oscillatory left branch; principal crest near Fn 0.40	0.745	1873.733	1084.766	535	2403	314	1582	LEGEND-AUDIT-H1.md; identity added without changing archived pixel reading
A	361	369	359	0.4	C2	Wigley hull	solid	solid C2: oscillatory left branch; principal crest near Fn 0.40	0.750	1884.111	1085.499	535	2403	314	1582	LEGEND-AUDIT-H1.md; identity added without changing archived pixel reading
A	361	369	359	0.4	C2	Wigley hull	solid	solid C2: oscillatory left branch; principal crest near Fn 0.40	0.755	1894.489	1084.872	535	2403	314	1582	LEGEND-AUDIT-H1.md; identity added without changing archived pixel reading
A	361	369	359	0.4	C2	Wigley hull	solid	solid C2: oscillatory left branch; principal crest near Fn 0.40	0.760	1904.867	1104.793	535	2403	314	1582	LEGEND-AUDIT-H1.md; identity added without changing archived pixel reading
A	361	369	359	0.4	C2	Wigley hull	solid	solid C2: oscillatory left branch; principal crest near Fn 0.40	0.765	1915.244	1105.957	535	2403	314	1582	LEGEND-AUDIT-H1.md; identity added without changing archived pixel reading
A	361	369	359	0.4	C2	Wigley hull	solid	solid C2: oscillatory left branch; principal crest near Fn 0.40	0.770	1925.622	1087.997	535	2403	314	1582	LEGEND-AUDIT-H1.md; identity added without changing archived pixel reading
A	361	369	359	0.4	C2	Wigley hull	solid	solid C2: oscillatory left branch; principal crest near Fn 0.40	0.775	1936.000	1088.992	535	2403	314	1582	LEGEND-AUDIT-H1.md; identity added without changing archived pixel reading
A	361	369	359	0.4	C2	Wigley hull	solid	solid C2: oscillatory left branch; principal crest near Fn 0.40	0.780	1946.378	1092.345	535	2403	314	1582	LEGEND-AUDIT-H1.md; identity added without changing archived pixel reading
A	361	369	359	0.4	C2	Wigley hull	solid	solid C2: oscillatory left branch; principal crest near Fn 0.40	0.785	1956.756	1093.440	535	2403	314	1582	LEGEND-AUDIT-H1.md; identity added without changing archived pixel reading
A	361	369	359	0.4	C2	Wigley hull	solid	solid C2: oscillatory left branch; principal crest near Fn 0.40	0.790	1967.133	1114.067	535	2403	314	1582	LEGEND-AUDIT-H1.md; identity added without changing archived pixel reading
A	361	369	359	0.4	C2	Wigley hull	solid	solid C2: oscillatory left branch; principal crest near Fn 0.40	0.795	1977.511	1115.186	535	2403	314	1582	LEGEND-AUDIT-H1.md; identity added without changing archived pixel reading
A	361	369	359	0.4	C2	Wigley hull	solid	solid C2: oscillatory left branch; principal crest near Fn 0.40	0.800	1987.889	1096.660	535	2403	314	1582	LEGEND-AUDIT-H1.md; identity added without changing archived pixel reading
A	361	369	359	0.4	C2	Wigley hull	solid	solid C2: oscillatory left branch; principal crest near Fn 0.40	0.805	1998.267	1097.590	535	2403	314	1582	LEGEND-AUDIT-H1.md; identity added without changing archived pixel reading
A	361	369	359	0.4	C2	Wigley hull	solid	solid C2: oscillatory left branch; principal crest near Fn 0.40	0.810	2008.644	1121.322	535	2403	314	1582	LEGEND-AUDIT-H1.md; identity added without changing archived pixel reading
A	361	369	359	0.4	C2	Wigley hull	solid	solid C2: oscillatory left branch; principal crest near Fn 0.40	0.815	2019.022	1098.552	535	2403	314	1582	LEGEND-AUDIT-H1.md; identity added without changing archived pixel reading
A	361	369	359	0.4	C2	Wigley hull	solid	solid C2: oscillatory left branch; principal crest near Fn 0.40	0.820	2029.400	1123.807	535	2403	314	1582	LEGEND-AUDIT-H1.md; identity added without changing archived pixel reading
A	361	369	359	0.4	C2	Wigley hull	solid	solid C2: oscillatory left branch; principal crest near Fn 0.40	0.825	2039.778	1100.588	535	2403	314	1582	LEGEND-AUDIT-H1.md; identity added without changing archived pixel reading
A	361	369	359	0.4	C2	Wigley hull	solid	solid C2: oscillatory left branch; principal crest near Fn 0.40	0.830	2050.156	1126.241	535	2403	314	1582	LEGEND-AUDIT-H1.md; identity added without changing archived pixel reading
A	361	369	359	0.4	C2	Wigley hull	solid	solid C2: oscillatory left branch; principal crest near Fn 0.40	0.835	2060.533	1102.391	535	2403	314	1582	LEGEND-AUDIT-H1.md; identity added without changing archived pixel reading
A	361	369	359	0.4	C2	Wigley hull	solid	solid C2: oscillatory left branch; principal crest near Fn 0.40	0.840	2070.911	1128.737	535	2403	314	1582	LEGEND-AUDIT-H1.md; identity added without changing archived pixel reading
A	361	369	359	0.4	C2	Wigley hull	solid	solid C2: oscillatory left branch; principal crest near Fn 0.40	0.845	2081.289	1103.426	535	2403	314	1582	LEGEND-AUDIT-H1.md; identity added without changing archived pixel reading
A	361	369	359	0.4	C2	Wigley hull	solid	solid C2: oscillatory left branch; principal crest near Fn 0.40	0.850	2091.667	1089.755	535	2403	314	1582	LEGEND-AUDIT-H1.md; identity added without changing archived pixel reading
A	361	369	359	0.4	C2	Wigley hull	solid	solid C2: oscillatory left branch; principal crest near Fn 0.40	0.855	2102.044	1104.265	535	2403	314	1582	LEGEND-AUDIT-H1.md; identity added without changing archived pixel reading
A	361	369	359	0.4	C2	Wigley hull	solid	solid C2: oscillatory left branch; principal crest near Fn 0.40	0.860	2112.422	1132.630	535	2403	314	1582	LEGEND-AUDIT-H1.md; identity added without changing archived pixel reading
A	361	369	359	0.4	C2	Wigley hull	solid	solid C2: oscillatory left branch; principal crest near Fn 0.40	0.865	2122.800	1132.967	535	2403	314	1582	LEGEND-AUDIT-H1.md; identity added without changing archived pixel reading
A	361	369	359	0.4	C2	Wigley hull	solid	solid C2: oscillatory left branch; principal crest near Fn 0.40	0.870	2133.178	1132.967	535	2403	314	1582	LEGEND-AUDIT-H1.md; identity added without changing archived pixel reading
A	361	369	359	0.4	C2	Wigley hull	solid	solid C2: oscillatory left branch; principal crest near Fn 0.40	0.875	2143.556	1105.779	535	2403	314	1582	LEGEND-AUDIT-H1.md; identity added without changing archived pixel reading
A	361	369	359	0.4	C2	Wigley hull	solid	solid C2: oscillatory left branch; principal crest near Fn 0.40	0.880	2153.933	1105.957	535	2403	314	1582	LEGEND-AUDIT-H1.md; identity added without changing archived pixel reading
A	361	369	359	0.4	C2	Wigley hull	solid	solid C2: oscillatory left branch; principal crest near Fn 0.40	0.885	2164.311	1134.018	535	2403	314	1582	LEGEND-AUDIT-H1.md; identity added without changing archived pixel reading
A	361	369	359	0.4	C2	Wigley hull	solid	solid C2: oscillatory left branch; principal crest near Fn 0.40	0.890	2174.689	1134.139	535	2403	314	1582	LEGEND-AUDIT-H1.md; identity added without changing archived pixel reading
A	361	369	359	0.4	C2	Wigley hull	solid	solid C2: oscillatory left branch; principal crest near Fn 0.40	0.895	2185.067	1133.560	535	2403	314	1582	LEGEND-AUDIT-H1.md; identity added without changing archived pixel reading
A	361	369	359	0.4	C2	Wigley hull	solid	solid C2: oscillatory left branch; principal crest near Fn 0.40	0.900	2195.444	1105.366	535	2403	314	1582	LEGEND-AUDIT-H1.md; identity added without changing archived pixel reading
A	361	369	359	0.4	C2	Wigley hull	solid	solid C2: oscillatory left branch; principal crest near Fn 0.40	0.905	2205.822	1134.161	535	2403	314	1582	LEGEND-AUDIT-H1.md; identity added without changing archived pixel reading
A	361	369	359	0.4	C2	Wigley hull	solid	solid C2: oscillatory left branch; principal crest near Fn 0.40	0.910	2216.200	1133.660	535	2403	314	1582	LEGEND-AUDIT-H1.md; identity added without changing archived pixel reading
A	361	369	359	0.4	C2	Wigley hull	solid	solid C2: oscillatory left branch; principal crest near Fn 0.40	0.915	2226.578	1134.159	535	2403	314	1582	LEGEND-AUDIT-H1.md; identity added without changing archived pixel reading
A	361	369	359	0.4	C2	Wigley hull	solid	solid C2: oscillatory left branch; principal crest near Fn 0.40	0.920	2236.956	1132.439	535	2403	314	1582	LEGEND-AUDIT-H1.md; identity added without changing archived pixel reading
A	361	369	359	0.4	C2	Wigley hull	solid	solid C2: oscillatory left branch; principal crest near Fn 0.40	0.925	2247.333	1131.120	535	2403	314	1582	LEGEND-AUDIT-H1.md; identity added without changing archived pixel reading
A	361	369	359	0.4	C2	Wigley hull	solid	solid C2: oscillatory left branch; principal crest near Fn 0.40	0.930	2257.711	1105.957	535	2403	314	1582	LEGEND-AUDIT-H1.md; identity added without changing archived pixel reading
A	361	369	359	0.4	C2	Wigley hull	solid	solid C2: oscillatory left branch; principal crest near Fn 0.40	0.935	2268.089	1128.338	535	2403	314	1582	LEGEND-AUDIT-H1.md; identity added without changing archived pixel reading
A	361	369	359	0.4	C2	Wigley hull	solid	solid C2: oscillatory left branch; principal crest near Fn 0.40	0.940	2278.467	1126.925	535	2403	314	1582	LEGEND-AUDIT-H1.md; identity added without changing archived pixel reading
A	361	369	359	0.4	C2	Wigley hull	solid	solid C2: oscillatory left branch; principal crest near Fn 0.40	0.945	2288.844	1103.792	535	2403	314	1582	LEGEND-AUDIT-H1.md; identity added without changing archived pixel reading
A	361	369	359	0.4	C2	Wigley hull	solid	solid C2: oscillatory left branch; principal crest near Fn 0.40	0.950	2299.222	1101.892	535	2403	314	1582	LEGEND-AUDIT-H1.md; identity added without changing archived pixel reading
A	362	369	359	0.5	C2	Wigley hull	solid	solid C2: small left oscillations; sharp principal crest near Fn 0.40	0.150	638.778	2817.765	535	2403	2053	3318	LEGEND-AUDIT-H1.md; identity added without changing archived pixel reading
A	362	369	359	0.5	C2	Wigley hull	solid	solid C2: small left oscillations; sharp principal crest near Fn 0.40	0.155	649.156	2818.900	535	2403	2053	3318	LEGEND-AUDIT-H1.md; identity added without changing archived pixel reading
A	362	369	359	0.5	C2	Wigley hull	solid	solid C2: small left oscillations; sharp principal crest near Fn 0.40	0.160	659.533	2820.438	535	2403	2053	3318	LEGEND-AUDIT-H1.md; identity added without changing archived pixel reading
A	362	369	359	0.5	C2	Wigley hull	solid	solid C2: small left oscillations; sharp principal crest near Fn 0.40	0.165	669.911	2819.545	535	2403	2053	3318	LEGEND-AUDIT-H1.md; identity added without changing archived pixel reading
A	362	369	359	0.5	C2	Wigley hull	solid	solid C2: small left oscillations; sharp principal crest near Fn 0.40	0.170	680.289	2817.968	535	2403	2053	3318	LEGEND-AUDIT-H1.md; identity added without changing archived pixel reading
A	362	369	359	0.5	C2	Wigley hull	solid	solid C2: small left oscillations; sharp principal crest near Fn 0.40	0.175	690.667	2815.956	535	2403	2053	3318	LEGEND-AUDIT-H1.md; identity added without changing archived pixel reading
A	362	369	359	0.5	C2	Wigley hull	solid	solid C2: small left oscillations; sharp principal crest near Fn 0.40	0.180	701.044	2813.662	535	2403	2053	3318	LEGEND-AUDIT-H1.md; identity added without changing archived pixel reading
A	362	369	359	0.5	C2	Wigley hull	solid	solid C2: small left oscillations; sharp principal crest near Fn 0.40	0.185	711.422	2814.559	535	2403	2053	3318	LEGEND-AUDIT-H1.md; identity added without changing archived pixel reading
A	362	369	359	0.5	C2	Wigley hull	solid	solid C2: small left oscillations; sharp principal crest near Fn 0.40	0.190	721.800	2819.983	535	2403	2053	3318	LEGEND-AUDIT-H1.md; identity added without changing archived pixel reading
A	362	369	359	0.5	C2	Wigley hull	solid	solid C2: small left oscillations; sharp principal crest near Fn 0.40	0.195	732.178	2827.060	535	2403	2053	3318	LEGEND-AUDIT-H1.md; identity added without changing archived pixel reading
A	362	369	359	0.5	C2	Wigley hull	solid	solid C2: small left oscillations; sharp principal crest near Fn 0.40	0.200	742.556	2832.739	535	2403	2053	3318	LEGEND-AUDIT-H1.md; identity added without changing archived pixel reading
A	362	369	359	0.5	C2	Wigley hull	solid	solid C2: small left oscillations; sharp principal crest near Fn 0.40	0.205	752.933	2830.140	535	2403	2053	3318	LEGEND-AUDIT-H1.md; identity added without changing archived pixel reading
A	362	369	359	0.5	C2	Wigley hull	solid	solid C2: small left oscillations; sharp principal crest near Fn 0.40	0.210	763.311	2821.061	535	2403	2053	3318	LEGEND-AUDIT-H1.md; identity added without changing archived pixel reading
A	362	369	359	0.5	C2	Wigley hull	solid	solid C2: small left oscillations; sharp principal crest near Fn 0.40	0.215	773.689	2803.949	535	2403	2053	3318	LEGEND-AUDIT-H1.md; identity added without changing archived pixel reading
A	362	369	359	0.5	C2	Wigley hull	solid	solid C2: small left oscillations; sharp principal crest near Fn 0.40	0.220	784.067	2787.995	535	2403	2053	3318	LEGEND-AUDIT-H1.md; identity added without changing archived pixel reading
A	362	369	359	0.5	C2	Wigley hull	solid	solid C2: small left oscillations; sharp principal crest near Fn 0.40	0.225	794.444	2799.609	535	2403	2053	3318	LEGEND-AUDIT-H1.md; identity added without changing archived pixel reading
A	362	369	359	0.5	C2	Wigley hull	solid	solid C2: small left oscillations; sharp principal crest near Fn 0.40	0.230	804.822	2801.171	535	2403	2053	3318	LEGEND-AUDIT-H1.md; identity added without changing archived pixel reading
A	362	369	359	0.5	C2	Wigley hull	solid	solid C2: small left oscillations; sharp principal crest near Fn 0.40	0.235	815.200	2785.091	535	2403	2053	3318	LEGEND-AUDIT-H1.md; identity added without changing archived pixel reading
A	362	369	359	0.5	C2	Wigley hull	solid	solid C2: small left oscillations; sharp principal crest near Fn 0.40	0.240	825.578	2784.395	535	2403	2053	3318	LEGEND-AUDIT-H1.md; identity added without changing archived pixel reading
A	362	369	359	0.5	C2	Wigley hull	solid	solid C2: small left oscillations; sharp principal crest near Fn 0.40	0.245	835.956	2800.455	535	2403	2053	3318	LEGEND-AUDIT-H1.md; identity added without changing archived pixel reading
A	362	369	359	0.5	C2	Wigley hull	solid	solid C2: small left oscillations; sharp principal crest near Fn 0.40	0.250	846.333	2799.308	535	2403	2053	3318	LEGEND-AUDIT-H1.md; identity added without changing archived pixel reading
A	362	369	359	0.5	C2	Wigley hull	solid	solid C2: small left oscillations; sharp principal crest near Fn 0.40	0.255	856.711	2779.313	535	2403	2053	3318	LEGEND-AUDIT-H1.md; identity added without changing archived pixel reading
A	362	369	359	0.5	C2	Wigley hull	solid	solid C2: small left oscillations; sharp principal crest near Fn 0.40	0.260	867.089	2775.999	535	2403	2053	3318	LEGEND-AUDIT-H1.md; identity added without changing archived pixel reading
A	362	369	359	0.5	C2	Wigley hull	solid	solid C2: small left oscillations; sharp principal crest near Fn 0.40	0.265	877.467	2793.604	535	2403	2053	3318	LEGEND-AUDIT-H1.md; identity added without changing archived pixel reading
A	362	369	359	0.5	C2	Wigley hull	solid	solid C2: small left oscillations; sharp principal crest near Fn 0.40	0.270	887.844	2791.978	535	2403	2053	3318	LEGEND-AUDIT-H1.md; identity added without changing archived pixel reading
A	362	369	359	0.5	C2	Wigley hull	solid	solid C2: small left oscillations; sharp principal crest near Fn 0.40	0.275	898.222	2790.933	535	2403	2053	3318	LEGEND-AUDIT-H1.md; identity added without changing archived pixel reading
A	362	369	359	0.5	C2	Wigley hull	solid	solid C2: small left oscillations; sharp principal crest near Fn 0.40	0.280	908.600	2788.107	535	2403	2053	3318	LEGEND-AUDIT-H1.md; identity added without changing archived pixel reading
A	362	369	359	0.5	C2	Wigley hull	solid	solid C2: small left oscillations; sharp principal crest near Fn 0.40	0.285	918.978	2787.981	535	2403	2053	3318	LEGEND-AUDIT-H1.md; identity added without changing archived pixel reading
A	362	369	359	0.5	C2	Wigley hull	solid	solid C2: small left oscillations; sharp principal crest near Fn 0.40	0.290	929.356	2788.775	535	2403	2053	3318	LEGEND-AUDIT-H1.md; identity added without changing archived pixel reading
A	362	369	359	0.5	C2	Wigley hull	solid	solid C2: small left oscillations; sharp principal crest near Fn 0.40	0.295	939.733	2788.244	535	2403	2053	3318	LEGEND-AUDIT-H1.md; identity added without changing archived pixel reading
A	362	369	359	0.5	C2	Wigley hull	solid	solid C2: small left oscillations; sharp principal crest near Fn 0.40	0.300	950.111	2791.038	535	2403	2053	3318	LEGEND-AUDIT-H1.md; identity added without changing archived pixel reading
A	362	369	359	0.5	C2	Wigley hull	solid	solid C2: small left oscillations; sharp principal crest near Fn 0.40	0.305	960.489	2784.886	535	2403	2053	3318	LEGEND-AUDIT-H1.md; identity added without changing archived pixel reading
A	362	369	359	0.5	C2	Wigley hull	solid	solid C2: small left oscillations; sharp principal crest near Fn 0.40	0.310	970.867	2783.028	535	2403	2053	3318	LEGEND-AUDIT-H1.md; identity added without changing archived pixel reading
A	362	369	359	0.5	C2	Wigley hull	solid	solid C2: small left oscillations; sharp principal crest near Fn 0.40	0.315	981.244	2777.952	535	2403	2053	3318	LEGEND-AUDIT-H1.md; identity added without changing archived pixel reading
A	362	369	359	0.5	C2	Wigley hull	solid	solid C2: small left oscillations; sharp principal crest near Fn 0.40	0.320	991.622	2857.019	535	2403	2053	3318	LEGEND-AUDIT-H1.md; identity added without changing archived pixel reading
A	362	369	359	0.5	C2	Wigley hull	solid	solid C2: small left oscillations; sharp principal crest near Fn 0.40	0.325	1002.000	2854.079	535	2403	2053	3318	LEGEND-AUDIT-H1.md; identity added without changing archived pixel reading
A	362	369	359	0.5	C2	Wigley hull	solid	solid C2: small left oscillations; sharp principal crest near Fn 0.40	0.330	1012.378	2845.926	535	2403	2053	3318	LEGEND-AUDIT-H1.md; identity added without changing archived pixel reading
A	362	369	359	0.5	C2	Wigley hull	solid	solid C2: small left oscillations; sharp principal crest near Fn 0.40	0.335	1022.756	2834.442	535	2403	2053	3318	LEGEND-AUDIT-H1.md; identity added without changing archived pixel reading
A	362	369	359	0.5	C2	Wigley hull	solid	solid C2: small left oscillations; sharp principal crest near Fn 0.40	0.340	1033.133	2800.438	535	2403	2053	3318	LEGEND-AUDIT-H1.md; identity added without changing archived pixel reading
A	362	369	359	0.5	C2	Wigley hull	solid	solid C2: small left oscillations; sharp principal crest near Fn 0.40	0.345	1043.511	2787.469	535	2403	2053	3318	LEGEND-AUDIT-H1.md; identity added without changing archived pixel reading
A	362	369	359	0.5	C2	Wigley hull	solid	solid C2: small left oscillations; sharp principal crest near Fn 0.40	0.350	1053.889	2837.000	535	2403	2053	3318	LEGEND-AUDIT-H1.md; identity added without changing archived pixel reading
A	362	369	359	0.5	C2	Wigley hull	solid	solid C2: small left oscillations; sharp principal crest near Fn 0.40	0.355	1064.267	2804.000	535	2403	2053	3318	LEGEND-AUDIT-H1.md; identity added without changing archived pixel reading
A	362	369	359	0.5	C2	Wigley hull	solid	solid C2: small left oscillations; sharp principal crest near Fn 0.40	0.360	1074.644	2714.942	535	2403	2053	3318	LEGEND-AUDIT-H1.md; identity added without changing archived pixel reading
A	362	369	359	0.5	C2	Wigley hull	solid	solid C2: small left oscillations; sharp principal crest near Fn 0.40	0.365	1085.022	2709.953	535	2403	2053	3318	LEGEND-AUDIT-H1.md; identity added without changing archived pixel reading
A	362	369	359	0.5	C2	Wigley hull	solid	solid C2: small left oscillations; sharp principal crest near Fn 0.40	0.370	1095.400	2720.240	535	2403	2053	3318	LEGEND-AUDIT-H1.md; identity added without changing archived pixel reading
A	362	369	359	0.5	C2	Wigley hull	solid	solid C2: small left oscillations; sharp principal crest near Fn 0.40	0.375	1105.778	2715.937	535	2403	2053	3318	LEGEND-AUDIT-H1.md; identity added without changing archived pixel reading
A	362	369	359	0.5	C2	Wigley hull	solid	solid C2: small left oscillations; sharp principal crest near Fn 0.40	0.380	1116.156	2637.038	535	2403	2053	3318	LEGEND-AUDIT-H1.md; identity added without changing archived pixel reading
A	362	369	359	0.5	C2	Wigley hull	solid	solid C2: small left oscillations; sharp principal crest near Fn 0.40	0.385	1126.533	2636.507	535	2403	2053	3318	LEGEND-AUDIT-H1.md; identity added without changing archived pixel reading
A	362	369	359	0.5	C2	Wigley hull	solid	solid C2: small left oscillations; sharp principal crest near Fn 0.40	0.390	1136.911	2638.519	535	2403	2053	3318	LEGEND-AUDIT-H1.md; identity added without changing archived pixel reading
A	362	369	359	0.5	C2	Wigley hull	solid	solid C2: small left oscillations; sharp principal crest near Fn 0.40	0.395	1147.289	2641.956	535	2403	2053	3318	LEGEND-AUDIT-H1.md; identity added without changing archived pixel reading
A	362	369	359	0.5	C2	Wigley hull	solid	solid C2: small left oscillations; sharp principal crest near Fn 0.40	0.400	1157.667	2646.919	535	2403	2053	3318	LEGEND-AUDIT-H1.md; identity added without changing archived pixel reading
A	362	369	359	0.5	C2	Wigley hull	solid	solid C2: small left oscillations; sharp principal crest near Fn 0.40	0.405	1168.044	2651.022	535	2403	2053	3318	LEGEND-AUDIT-H1.md; identity added without changing archived pixel reading
A	362	369	359	0.5	C2	Wigley hull	solid	solid C2: small left oscillations; sharp principal crest near Fn 0.40	0.410	1178.422	2656.280	535	2403	2053	3318	LEGEND-AUDIT-H1.md; identity added without changing archived pixel reading
A	362	369	359	0.5	C2	Wigley hull	solid	solid C2: small left oscillations; sharp principal crest near Fn 0.40	0.415	1188.800	2662.862	535	2403	2053	3318	LEGEND-AUDIT-H1.md; identity added without changing archived pixel reading
A	362	369	359	0.5	C2	Wigley hull	solid	solid C2: small left oscillations; sharp principal crest near Fn 0.40	0.420	1199.178	2673.735	535	2403	2053	3318	LEGEND-AUDIT-H1.md; identity added without changing archived pixel reading
A	362	369	359	0.5	C2	Wigley hull	solid	solid C2: small left oscillations; sharp principal crest near Fn 0.40	0.425	1209.556	2674.878	535	2403	2053	3318	LEGEND-AUDIT-H1.md; identity added without changing archived pixel reading
A	362	369	359	0.5	C2	Wigley hull	solid	solid C2: small left oscillations; sharp principal crest near Fn 0.40	0.430	1219.933	2681.346	535	2403	2053	3318	LEGEND-AUDIT-H1.md; identity added without changing archived pixel reading
A	362	369	359	0.5	C2	Wigley hull	solid	solid C2: small left oscillations; sharp principal crest near Fn 0.40	0.435	1230.311	2684.172	535	2403	2053	3318	LEGEND-AUDIT-H1.md; identity added without changing archived pixel reading
A	362	369	359	0.5	C2	Wigley hull	solid	solid C2: small left oscillations; sharp principal crest near Fn 0.40	0.440	1240.689	2683.770	535	2403	2053	3318	LEGEND-AUDIT-H1.md; identity added without changing archived pixel reading
A	362	369	359	0.5	C2	Wigley hull	solid	solid C2: small left oscillations; sharp principal crest near Fn 0.40	0.445	1251.067	2699.290	535	2403	2053	3318	LEGEND-AUDIT-H1.md; identity added without changing archived pixel reading
A	362	369	359	0.5	C2	Wigley hull	solid	solid C2: small left oscillations; sharp principal crest near Fn 0.40	0.450	1261.444	2704.354	535	2403	2053	3318	LEGEND-AUDIT-H1.md; identity added without changing archived pixel reading
A	362	369	359	0.5	C2	Wigley hull	solid	solid C2: small left oscillations; sharp principal crest near Fn 0.40	0.455	1271.822	2690.562	535	2403	2053	3318	LEGEND-AUDIT-H1.md; identity added without changing archived pixel reading
A	362	369	359	0.5	C2	Wigley hull	solid	solid C2: small left oscillations; sharp principal crest near Fn 0.40	0.460	1282.200	2693.191	535	2403	2053	3318	LEGEND-AUDIT-H1.md; identity added without changing archived pixel reading
A	362	369	359	0.5	C2	Wigley hull	solid	solid C2: small left oscillations; sharp principal crest near Fn 0.40	0.465	1292.578	2720.865	535	2403	2053	3318	LEGEND-AUDIT-H1.md; identity added without changing archived pixel reading
A	362	369	359	0.5	C2	Wigley hull	solid	solid C2: small left oscillations; sharp principal crest near Fn 0.40	0.470	1302.956	2785.027	535	2403	2053	3318	LEGEND-AUDIT-H1.md; identity added without changing archived pixel reading
A	362	369	359	0.5	C2	Wigley hull	solid	solid C2: small left oscillations; sharp principal crest near Fn 0.40	0.475	1313.333	2700.871	535	2403	2053	3318	LEGEND-AUDIT-H1.md; identity added without changing archived pixel reading
A	362	369	359	0.5	C2	Wigley hull	solid	solid C2: small left oscillations; sharp principal crest near Fn 0.40	0.480	1323.711	2703.520	535	2403	2053	3318	LEGEND-AUDIT-H1.md; identity added without changing archived pixel reading
A	362	369	359	0.5	C2	Wigley hull	solid	solid C2: small left oscillations; sharp principal crest near Fn 0.40	0.485	1334.089	2793.949	535	2403	2053	3318	LEGEND-AUDIT-H1.md; identity added without changing archived pixel reading
A	362	369	359	0.5	C2	Wigley hull	solid	solid C2: small left oscillations; sharp principal crest near Fn 0.40	0.490	1344.467	2747.214	535	2403	2053	3318	LEGEND-AUDIT-H1.md; identity added without changing archived pixel reading
A	362	369	359	0.5	C2	Wigley hull	solid	solid C2: small left oscillations; sharp principal crest near Fn 0.40	0.495	1354.844	2752.232	535	2403	2053	3318	LEGEND-AUDIT-H1.md; identity added without changing archived pixel reading
A	362	369	359	0.5	C2	Wigley hull	solid	solid C2: small left oscillations; sharp principal crest near Fn 0.40	0.500	1365.222	2754.891	535	2403	2053	3318	LEGEND-AUDIT-H1.md; identity added without changing archived pixel reading
A	362	369	359	0.5	C2	Wigley hull	solid	solid C2: small left oscillations; sharp principal crest near Fn 0.40	0.505	1375.600	2759.032	535	2403	2053	3318	LEGEND-AUDIT-H1.md; identity added without changing archived pixel reading
A	362	369	359	0.5	C2	Wigley hull	solid	solid C2: small left oscillations; sharp principal crest near Fn 0.40	0.510	1385.978	2763.056	535	2403	2053	3318	LEGEND-AUDIT-H1.md; identity added without changing archived pixel reading
A	362	369	359	0.5	C2	Wigley hull	solid	solid C2: small left oscillations; sharp principal crest near Fn 0.40	0.515	1396.356	2765.345	535	2403	2053	3318	LEGEND-AUDIT-H1.md; identity added without changing archived pixel reading
A	362	369	359	0.5	C2	Wigley hull	solid	solid C2: small left oscillations; sharp principal crest near Fn 0.40	0.520	1406.733	2769.882	535	2403	2053	3318	LEGEND-AUDIT-H1.md; identity added without changing archived pixel reading
A	362	369	359	0.5	C2	Wigley hull	solid	solid C2: small left oscillations; sharp principal crest near Fn 0.40	0.525	1417.111	2772.533	535	2403	2053	3318	LEGEND-AUDIT-H1.md; identity added without changing archived pixel reading
A	362	369	359	0.5	C2	Wigley hull	solid	solid C2: small left oscillations; sharp principal crest near Fn 0.40	0.530	1427.489	2775.420	535	2403	2053	3318	LEGEND-AUDIT-H1.md; identity added without changing archived pixel reading
A	362	369	359	0.5	C2	Wigley hull	solid	solid C2: small left oscillations; sharp principal crest near Fn 0.40	0.535	1437.867	2793.563	535	2403	2053	3318	LEGEND-AUDIT-H1.md; identity added without changing archived pixel reading
A	362	369	359	0.5	C2	Wigley hull	solid	solid C2: small left oscillations; sharp principal crest near Fn 0.40	0.540	1448.244	2793.342	535	2403	2053	3318	LEGEND-AUDIT-H1.md; identity added without changing archived pixel reading
A	362	369	359	0.5	C2	Wigley hull	solid	solid C2: small left oscillations; sharp principal crest near Fn 0.40	0.545	1458.622	2792.021	535	2403	2053	3318	LEGEND-AUDIT-H1.md; identity added without changing archived pixel reading
A	362	369	359	0.5	C2	Wigley hull	solid	solid C2: small left oscillations; sharp principal crest near Fn 0.40	0.550	1469.000	2790.006	535	2403	2053	3318	LEGEND-AUDIT-H1.md; identity added without changing archived pixel reading
A	362	369	359	0.5	C2	Wigley hull	solid	solid C2: small left oscillations; sharp principal crest near Fn 0.40	0.555	1479.378	2789.918	535	2403	2053	3318	LEGEND-AUDIT-H1.md; identity added without changing archived pixel reading
A	362	369	359	0.5	C2	Wigley hull	solid	solid C2: small left oscillations; sharp principal crest near Fn 0.40	0.560	1489.756	2791.291	535	2403	2053	3318	LEGEND-AUDIT-H1.md; identity added without changing archived pixel reading
A	362	369	359	0.5	C2	Wigley hull	solid	solid C2: small left oscillations; sharp principal crest near Fn 0.40	0.565	1500.133	2792.072	535	2403	2053	3318	LEGEND-AUDIT-H1.md; identity added without changing archived pixel reading
A	362	369	359	0.5	C2	Wigley hull	solid	solid C2: small left oscillations; sharp principal crest near Fn 0.40	0.570	1510.511	2792.777	535	2403	2053	3318	LEGEND-AUDIT-H1.md; identity added without changing archived pixel reading
A	362	369	359	0.5	C2	Wigley hull	solid	solid C2: small left oscillations; sharp principal crest near Fn 0.40	0.575	1520.889	2795.864	535	2403	2053	3318	LEGEND-AUDIT-H1.md; identity added without changing archived pixel reading
A	362	369	359	0.5	C2	Wigley hull	solid	solid C2: small left oscillations; sharp principal crest near Fn 0.40	0.580	1531.267	2794.815	535	2403	2053	3318	LEGEND-AUDIT-H1.md; identity added without changing archived pixel reading
A	362	369	359	0.5	C2	Wigley hull	solid	solid C2: small left oscillations; sharp principal crest near Fn 0.40	0.585	1541.644	2788.906	535	2403	2053	3318	LEGEND-AUDIT-H1.md; identity added without changing archived pixel reading
A	362	369	359	0.5	C2	Wigley hull	solid	solid C2: small left oscillations; sharp principal crest near Fn 0.40	0.590	1552.022	2788.050	535	2403	2053	3318	LEGEND-AUDIT-H1.md; identity added without changing archived pixel reading
A	362	369	359	0.5	C2	Wigley hull	solid	solid C2: small left oscillations; sharp principal crest near Fn 0.40	0.595	1562.400	2789.763	535	2403	2053	3318	LEGEND-AUDIT-H1.md; identity added without changing archived pixel reading
A	362	369	359	0.5	C2	Wigley hull	solid	solid C2: small left oscillations; sharp principal crest near Fn 0.40	0.600	1572.778	2790.454	535	2403	2053	3318	LEGEND-AUDIT-H1.md; identity added without changing archived pixel reading
A	362	369	359	0.5	C2	Wigley hull	solid	solid C2: small left oscillations; sharp principal crest near Fn 0.40	0.605	1583.156	2791.620	535	2403	2053	3318	LEGEND-AUDIT-H1.md; identity added without changing archived pixel reading
A	362	369	359	0.5	C2	Wigley hull	solid	solid C2: small left oscillations; sharp principal crest near Fn 0.40	0.610	1593.533	2792.426	535	2403	2053	3318	LEGEND-AUDIT-H1.md; identity added without changing archived pixel reading
A	362	369	359	0.5	C2	Wigley hull	solid	solid C2: small left oscillations; sharp principal crest near Fn 0.40	0.615	1603.911	2793.352	535	2403	2053	3318	LEGEND-AUDIT-H1.md; identity added without changing archived pixel reading
A	362	369	359	0.5	C2	Wigley hull	solid	solid C2: small left oscillations; sharp principal crest near Fn 0.40	0.620	1614.289	2808.764	535	2403	2053	3318	LEGEND-AUDIT-H1.md; identity added without changing archived pixel reading
A	362	369	359	0.5	C2	Wigley hull	solid	solid C2: small left oscillations; sharp principal crest near Fn 0.40	0.625	1624.667	2797.814	535	2403	2053	3318	LEGEND-AUDIT-H1.md; identity added without changing archived pixel reading
A	362	369	359	0.5	C2	Wigley hull	solid	solid C2: small left oscillations; sharp principal crest near Fn 0.40	0.630	1635.044	2797.001	535	2403	2053	3318	LEGEND-AUDIT-H1.md; identity added without changing archived pixel reading
A	362	369	359	0.5	C2	Wigley hull	solid	solid C2: small left oscillations; sharp principal crest near Fn 0.40	0.635	1645.422	2796.995	535	2403	2053	3318	LEGEND-AUDIT-H1.md; identity added without changing archived pixel reading
A	362	369	359	0.5	C2	Wigley hull	solid	solid C2: small left oscillations; sharp principal crest near Fn 0.40	0.640	1655.800	2813.898	535	2403	2053	3318	LEGEND-AUDIT-H1.md; identity added without changing archived pixel reading
A	362	369	359	0.5	C2	Wigley hull	solid	solid C2: small left oscillations; sharp principal crest near Fn 0.40	0.645	1666.178	2813.654	535	2403	2053	3318	LEGEND-AUDIT-H1.md; identity added without changing archived pixel reading
A	362	369	359	0.5	C2	Wigley hull	solid	solid C2: small left oscillations; sharp principal crest near Fn 0.40	0.650	1676.556	2807.072	535	2403	2053	3318	LEGEND-AUDIT-H1.md; identity added without changing archived pixel reading
A	362	369	359	0.5	C2	Wigley hull	solid	solid C2: small left oscillations; sharp principal crest near Fn 0.40	0.655	1686.933	2813.568	535	2403	2053	3318	LEGEND-AUDIT-H1.md; identity added without changing archived pixel reading
A	362	369	359	0.5	C2	Wigley hull	solid	solid C2: small left oscillations; sharp principal crest near Fn 0.40	0.660	1697.311	2815.070	535	2403	2053	3318	LEGEND-AUDIT-H1.md; identity added without changing archived pixel reading
A	362	369	359	0.5	C2	Wigley hull	solid	solid C2: small left oscillations; sharp principal crest near Fn 0.40	0.665	1707.689	2812.739	535	2403	2053	3318	LEGEND-AUDIT-H1.md; identity added without changing archived pixel reading
A	362	369	359	0.5	C2	Wigley hull	solid	solid C2: small left oscillations; sharp principal crest near Fn 0.40	0.670	1718.067	2813.192	535	2403	2053	3318	LEGEND-AUDIT-H1.md; identity added without changing archived pixel reading
A	362	369	359	0.5	C2	Wigley hull	solid	solid C2: small left oscillations; sharp principal crest near Fn 0.40	0.675	1728.444	2814.046	535	2403	2053	3318	LEGEND-AUDIT-H1.md; identity added without changing archived pixel reading
A	362	369	359	0.5	C2	Wigley hull	solid	solid C2: small left oscillations; sharp principal crest near Fn 0.40	0.680	1738.822	2814.875	535	2403	2053	3318	LEGEND-AUDIT-H1.md; identity added without changing archived pixel reading
A	362	369	359	0.5	C2	Wigley hull	solid	solid C2: small left oscillations; sharp principal crest near Fn 0.40	0.685	1749.200	2814.215	535	2403	2053	3318	LEGEND-AUDIT-H1.md; identity added without changing archived pixel reading
A	362	369	359	0.5	C2	Wigley hull	solid	solid C2: small left oscillations; sharp principal crest near Fn 0.40	0.690	1759.578	2800.505	535	2403	2053	3318	LEGEND-AUDIT-H1.md; identity added without changing archived pixel reading
A	362	369	359	0.5	C2	Wigley hull	solid	solid C2: small left oscillations; sharp principal crest near Fn 0.40	0.695	1769.956	2801.898	535	2403	2053	3318	LEGEND-AUDIT-H1.md; identity added without changing archived pixel reading
A	362	369	359	0.5	C2	Wigley hull	solid	solid C2: small left oscillations; sharp principal crest near Fn 0.40	0.700	1780.333	2802.821	535	2403	2053	3318	LEGEND-AUDIT-H1.md; identity added without changing archived pixel reading
A	362	369	359	0.5	C2	Wigley hull	solid	solid C2: small left oscillations; sharp principal crest near Fn 0.40	0.705	1790.711	2815.025	535	2403	2053	3318	LEGEND-AUDIT-H1.md; identity added without changing archived pixel reading
A	362	369	359	0.5	C2	Wigley hull	solid	solid C2: small left oscillations; sharp principal crest near Fn 0.40	0.710	1801.089	2814.915	535	2403	2053	3318	LEGEND-AUDIT-H1.md; identity added without changing archived pixel reading
A	362	369	359	0.5	C2	Wigley hull	solid	solid C2: small left oscillations; sharp principal crest near Fn 0.40	0.715	1811.467	2812.986	535	2403	2053	3318	LEGEND-AUDIT-H1.md; identity added without changing archived pixel reading
A	362	369	359	0.5	C2	Wigley hull	solid	solid C2: small left oscillations; sharp principal crest near Fn 0.40	0.720	1821.844	2813.136	535	2403	2053	3318	LEGEND-AUDIT-H1.md; identity added without changing archived pixel reading
A	362	369	359	0.5	C2	Wigley hull	solid	solid C2: small left oscillations; sharp principal crest near Fn 0.40	0.725	1832.222	2812.804	535	2403	2053	3318	LEGEND-AUDIT-H1.md; identity added without changing archived pixel reading
A	362	369	359	0.5	C2	Wigley hull	solid	solid C2: small left oscillations; sharp principal crest near Fn 0.40	0.730	1842.600	2811.994	535	2403	2053	3318	LEGEND-AUDIT-H1.md; identity added without changing archived pixel reading
A	362	369	359	0.5	C2	Wigley hull	solid	solid C2: small left oscillations; sharp principal crest near Fn 0.40	0.735	1852.978	2811.998	535	2403	2053	3318	LEGEND-AUDIT-H1.md; identity added without changing archived pixel reading
A	362	369	359	0.5	C2	Wigley hull	solid	solid C2: small left oscillations; sharp principal crest near Fn 0.40	0.740	1863.356	2812.937	535	2403	2053	3318	LEGEND-AUDIT-H1.md; identity added without changing archived pixel reading
A	362	369	359	0.5	C2	Wigley hull	solid	solid C2: small left oscillations; sharp principal crest near Fn 0.40	0.745	1873.733	2813.841	535	2403	2053	3318	LEGEND-AUDIT-H1.md; identity added without changing archived pixel reading
A	362	369	359	0.5	C2	Wigley hull	solid	solid C2: small left oscillations; sharp principal crest near Fn 0.40	0.750	1884.111	2814.069	535	2403	2053	3318	LEGEND-AUDIT-H1.md; identity added without changing archived pixel reading
A	362	369	359	0.5	C2	Wigley hull	solid	solid C2: small left oscillations; sharp principal crest near Fn 0.40	0.755	1894.489	2815.517	535	2403	2053	3318	LEGEND-AUDIT-H1.md; identity added without changing archived pixel reading
A	362	369	359	0.5	C2	Wigley hull	solid	solid C2: small left oscillations; sharp principal crest near Fn 0.40	0.760	1904.867	2817.019	535	2403	2053	3318	LEGEND-AUDIT-H1.md; identity added without changing archived pixel reading
A	362	369	359	0.5	C2	Wigley hull	solid	solid C2: small left oscillations; sharp principal crest near Fn 0.40	0.765	1915.244	2815.912	535	2403	2053	3318	LEGEND-AUDIT-H1.md; identity added without changing archived pixel reading
A	362	369	359	0.5	C2	Wigley hull	solid	solid C2: small left oscillations; sharp principal crest near Fn 0.40	0.770	1925.622	2814.825	535	2403	2053	3318	LEGEND-AUDIT-H1.md; identity added without changing archived pixel reading
A	362	369	359	0.5	C2	Wigley hull	solid	solid C2: small left oscillations; sharp principal crest near Fn 0.40	0.775	1936.000	2818.998	535	2403	2053	3318	LEGEND-AUDIT-H1.md; identity added without changing archived pixel reading
A	362	369	359	0.5	C2	Wigley hull	solid	solid C2: small left oscillations; sharp principal crest near Fn 0.40	0.780	1946.378	2815.010	535	2403	2053	3318	LEGEND-AUDIT-H1.md; identity added without changing archived pixel reading
A	362	369	359	0.5	C2	Wigley hull	solid	solid C2: small left oscillations; sharp principal crest near Fn 0.40	0.785	1956.756	2815.024	535	2403	2053	3318	LEGEND-AUDIT-H1.md; identity added without changing archived pixel reading
A	362	369	359	0.5	C2	Wigley hull	solid	solid C2: small left oscillations; sharp principal crest near Fn 0.40	0.790	1967.133	2815.492	535	2403	2053	3318	LEGEND-AUDIT-H1.md; identity added without changing archived pixel reading
A	362	369	359	0.5	C2	Wigley hull	solid	solid C2: small left oscillations; sharp principal crest near Fn 0.40	0.795	1977.511	2816.618	535	2403	2053	3318	LEGEND-AUDIT-H1.md; identity added without changing archived pixel reading
A	362	369	359	0.5	C2	Wigley hull	solid	solid C2: small left oscillations; sharp principal crest near Fn 0.40	0.800	1987.889	2815.922	535	2403	2053	3318	LEGEND-AUDIT-H1.md; identity added without changing archived pixel reading
A	362	369	359	0.5	C2	Wigley hull	solid	solid C2: small left oscillations; sharp principal crest near Fn 0.40	0.805	1998.267	2837.149	535	2403	2053	3318	LEGEND-AUDIT-H1.md; identity added without changing archived pixel reading
A	362	369	359	0.5	C2	Wigley hull	solid	solid C2: small left oscillations; sharp principal crest near Fn 0.40	0.810	2008.644	2839.341	535	2403	2053	3318	LEGEND-AUDIT-H1.md; identity added without changing archived pixel reading
A	362	369	359	0.5	C2	Wigley hull	solid	solid C2: small left oscillations; sharp principal crest near Fn 0.40	0.815	2019.022	2820.398	535	2403	2053	3318	LEGEND-AUDIT-H1.md; identity added without changing archived pixel reading
A	362	369	359	0.5	C2	Wigley hull	solid	solid C2: small left oscillations; sharp principal crest near Fn 0.40	0.820	2029.400	2810.435	535	2403	2053	3318	LEGEND-AUDIT-H1.md; identity added without changing archived pixel reading
A	362	369	359	0.5	C2	Wigley hull	solid	solid C2: small left oscillations; sharp principal crest near Fn 0.40	0.825	2039.778	2811.866	535	2403	2053	3318	LEGEND-AUDIT-H1.md; identity added without changing archived pixel reading
A	362	369	359	0.5	C2	Wigley hull	solid	solid C2: small left oscillations; sharp principal crest near Fn 0.40	0.830	2050.156	2823.321	535	2403	2053	3318	LEGEND-AUDIT-H1.md; identity added without changing archived pixel reading
A	362	369	359	0.5	C2	Wigley hull	solid	solid C2: small left oscillations; sharp principal crest near Fn 0.40	0.835	2060.533	2847.531	535	2403	2053	3318	LEGEND-AUDIT-H1.md; identity added without changing archived pixel reading
A	362	369	359	0.5	C2	Wigley hull	solid	solid C2: small left oscillations; sharp principal crest near Fn 0.40	0.840	2070.911	2809.793	535	2403	2053	3318	LEGEND-AUDIT-H1.md; identity added without changing archived pixel reading
A	362	369	359	0.5	C2	Wigley hull	solid	solid C2: small left oscillations; sharp principal crest near Fn 0.40	0.845	2081.289	2809.058	535	2403	2053	3318	LEGEND-AUDIT-H1.md; identity added without changing archived pixel reading
A	362	369	359	0.5	C2	Wigley hull	solid	solid C2: small left oscillations; sharp principal crest near Fn 0.40	0.850	2091.667	2851.216	535	2403	2053	3318	LEGEND-AUDIT-H1.md; identity added without changing archived pixel reading
A	362	369	359	0.5	C2	Wigley hull	solid	solid C2: small left oscillations; sharp principal crest near Fn 0.40	0.855	2102.044	2851.642	535	2403	2053	3318	LEGEND-AUDIT-H1.md; identity added without changing archived pixel reading
A	362	369	359	0.5	C2	Wigley hull	solid	solid C2: small left oscillations; sharp principal crest near Fn 0.40	0.860	2112.422	2806.599	535	2403	2053	3318	LEGEND-AUDIT-H1.md; identity added without changing archived pixel reading
A	362	369	359	0.5	C2	Wigley hull	solid	solid C2: small left oscillations; sharp principal crest near Fn 0.40	0.865	2122.800	2805.465	535	2403	2053	3318	LEGEND-AUDIT-H1.md; identity added without changing archived pixel reading
A	362	369	359	0.5	C2	Wigley hull	solid	solid C2: small left oscillations; sharp principal crest near Fn 0.40	0.870	2133.178	2851.875	535	2403	2053	3318	LEGEND-AUDIT-H1.md; identity added without changing archived pixel reading
A	362	369	359	0.5	C2	Wigley hull	solid	solid C2: small left oscillations; sharp principal crest near Fn 0.40	0.875	2143.556	2804.525	535	2403	2053	3318	LEGEND-AUDIT-H1.md; identity added without changing archived pixel reading
A	362	369	359	0.5	C2	Wigley hull	solid	solid C2: small left oscillations; sharp principal crest near Fn 0.40	0.880	2153.933	2803.419	535	2403	2053	3318	LEGEND-AUDIT-H1.md; identity added without changing archived pixel reading
A	362	369	359	0.5	C2	Wigley hull	solid	solid C2: small left oscillations; sharp principal crest near Fn 0.40	0.885	2164.311	2851.939	535	2403	2053	3318	LEGEND-AUDIT-H1.md; identity added without changing archived pixel reading
A	362	369	359	0.5	C2	Wigley hull	solid	solid C2: small left oscillations; sharp principal crest near Fn 0.40	0.890	2174.689	2851.642	535	2403	2053	3318	LEGEND-AUDIT-H1.md; identity added without changing archived pixel reading
A	362	369	359	0.5	C2	Wigley hull	solid	solid C2: small left oscillations; sharp principal crest near Fn 0.40	0.895	2185.067	2851.642	535	2403	2053	3318	LEGEND-AUDIT-H1.md; identity added without changing archived pixel reading
A	362	369	359	0.5	C2	Wigley hull	solid	solid C2: small left oscillations; sharp principal crest near Fn 0.40	0.900	2195.444	2851.525	535	2403	2053	3318	LEGEND-AUDIT-H1.md; identity added without changing archived pixel reading
A	362	369	359	0.5	C2	Wigley hull	solid	solid C2: small left oscillations; sharp principal crest near Fn 0.40	0.905	2205.822	2849.278	535	2403	2053	3318	LEGEND-AUDIT-H1.md; identity added without changing archived pixel reading
A	362	369	359	0.5	C2	Wigley hull	solid	solid C2: small left oscillations; sharp principal crest near Fn 0.40	0.910	2216.200	2828.227	535	2403	2053	3318	LEGEND-AUDIT-H1.md; identity added without changing archived pixel reading
A	362	369	359	0.5	C2	Wigley hull	solid	solid C2: small left oscillations; sharp principal crest near Fn 0.40	0.915	2226.578	2828.480	535	2403	2053	3318	LEGEND-AUDIT-H1.md; identity added without changing archived pixel reading
A	362	369	359	0.5	C2	Wigley hull	solid	solid C2: small left oscillations; sharp principal crest near Fn 0.40	0.920	2236.956	2844.767	535	2403	2053	3318	LEGEND-AUDIT-H1.md; identity added without changing archived pixel reading
A	362	369	359	0.5	C2	Wigley hull	solid	solid C2: small left oscillations; sharp principal crest near Fn 0.40	0.925	2247.333	2844.230	535	2403	2053	3318	LEGEND-AUDIT-H1.md; identity added without changing archived pixel reading
A	362	369	359	0.5	C2	Wigley hull	solid	solid C2: small left oscillations; sharp principal crest near Fn 0.40	0.930	2257.711	2843.107	535	2403	2053	3318	LEGEND-AUDIT-H1.md; identity added without changing archived pixel reading
A	362	369	359	0.5	C2	Wigley hull	solid	solid C2: small left oscillations; sharp principal crest near Fn 0.40	0.935	2268.089	2840.992	535	2403	2053	3318	LEGEND-AUDIT-H1.md; identity added without changing archived pixel reading
A	362	369	359	0.5	C2	Wigley hull	solid	solid C2: small left oscillations; sharp principal crest near Fn 0.40	0.940	2278.467	2839.185	535	2403	2053	3318	LEGEND-AUDIT-H1.md; identity added without changing archived pixel reading
A	362	369	359	0.5	C2	Wigley hull	solid	solid C2: small left oscillations; sharp principal crest near Fn 0.40	0.945	2288.844	2827.979	535	2403	2053	3318	LEGEND-AUDIT-H1.md; identity added without changing archived pixel reading
A	362	369	359	0.5	C2	Wigley hull	solid	solid C2: small left oscillations; sharp principal crest near Fn 0.40	0.950	2299.222	2828.135	535	2403	2053	3318	LEGEND-AUDIT-H1.md; identity added without changing archived pixel reading
