point_id,config,quantity,figure,pdf_page,printed_page,x_px,y_px,fn,value,fn_digitization_uncertainty,value_digitization_uncertainty,center_uncertainty_px,axis_x_left_px,axis_x_right_px,axis_y_top_px,axis_y_bottom_px,axis_value_top,axis_value_bottom,method,status
fig161-ct-001,monohull,CT,161,268,258,652.030,1202.838,0.1580945,0.0056947995,0.0020,5e-05,4.0,531,2406,278,1544,0.013,0.003,enclosed-white-center centroid of visible open-square marker,accepted-pass-B
fig161-ct-002,monohull,CT,161,268,258,677.981,1246.962,0.1705508,0.00534627537,0.0020,5e-05,4.0,531,2406,278,1544,0.013,0.003,enclosed-white-center centroid of visible open-square marker,accepted-pass-B
fig161-ct-003,monohull,CT,161,268,258,710.495,1225.133,0.1861577,0.00551869405,0.0020,5e-05,4.0,531,2406,278,1544,0.013,0.003,enclosed-white-center centroid of visible open-square marker,accepted-pass-B
fig161-ct-004,monohull,CT,161,268,258,725.444,1248.007,0.1933330,0.00533801704,0.0020,5e-05,4.0,531,2406,278,1544,0.013,0.003,enclosed-white-center centroid of visible open-square marker,accepted-pass-B
fig161-ct-005,monohull,CT,161,268,258,756.790,1270.790,0.2083794,0.00515805432,0.0020,5e-05,4.0,531,2406,278,1544,0.013,0.003,enclosed-white-center centroid of visible open-square marker,accepted-pass-B
fig161-ct-006,monohull,CT,161,268,258,803.394,1261.163,0.2307492,0.00523409588,0.0020,5e-05,4.0,531,2406,278,1544,0.013,0.003,enclosed-white-center centroid of visible open-square marker,accepted-pass-B
fig161-ct-007,monohull,CT,161,268,258,821.925,1214.513,0.2396440,0.00560258689,0.0020,5e-05,4.0,531,2406,278,1544,0.013,0.003,enclosed-white-center centroid of visible open-square marker,accepted-pass-B
fig161-ct-008,monohull,CT,161,268,258,835.611,1223.593,0.2462133,0.0055308642,0.0020,5e-05,4.0,531,2406,278,1544,0.013,0.003,enclosed-white-center centroid of visible open-square marker,accepted-pass-B
fig161-ct-009,monohull,CT,161,268,258,849.074,1232.870,0.2526756,0.00545758001,0.0020,5e-05,4.0,531,2406,278,1544,0.013,0.003,enclosed-white-center centroid of visible open-square marker,accepted-pass-B
fig161-ct-010,monohull,CT,161,268,258,888.292,1240.092,0.2715003,0.00540053469,0.0020,5e-05,4.0,531,2406,278,1544,0.013,0.003,enclosed-white-center centroid of visible open-square marker,accepted-pass-B
fig161-ct-011,monohull,CT,161,268,258,921.023,1194.893,0.2872110,0.00575755822,0.0020,5e-05,4.0,531,2406,278,1544,0.013,0.003,enclosed-white-center centroid of visible open-square marker,accepted-pass-B
fig161-ct-012,monohull,CT,161,268,258,941.845,1190.397,0.2972055,0.00579307621,0.0020,5e-05,4.0,531,2406,278,1544,0.013,0.003,enclosed-white-center centroid of visible open-square marker,accepted-pass-B
fig161-ct-013,monohull,CT,161,268,258,951.446,1160.800,0.3018142,0.00602685624,0.0020,5e-05,4.0,531,2406,278,1544,0.013,0.003,enclosed-white-center centroid of visible open-square marker,accepted-pass-B
fig161-ct-014,monohull,CT,161,268,258,953.537,1352.158,0.3028177,0.00451534048,0.0020,5e-05,4.0,531,2406,278,1544,0.013,0.003,enclosed-white-center centroid of visible open-square marker,accepted-pass-B
fig161-ct-015,monohull,CT,161,268,258,969.837,1163.625,0.3106420,0.00600454186,0.0020,5e-05,4.0,531,2406,278,1544,0.013,0.003,enclosed-white-center centroid of visible open-square marker,accepted-pass-B
fig161-ct-016,monohull,CT,161,268,258,971.381,1144.893,0.3113829,0.00615250508,0.0020,5e-05,4.0,531,2406,278,1544,0.013,0.003,enclosed-white-center centroid of visible open-square marker,accepted-pass-B
fig161-ct-017,monohull,CT,161,268,258,987.697,1156.764,0.3192144,0.00605873582,0.0020,5e-05,4.0,531,2406,278,1544,0.013,0.003,enclosed-white-center centroid of visible open-square marker,accepted-pass-B
fig161-ct-018,monohull,CT,161,268,258,1022.130,1174.093,0.3357422,0.00592185946,0.0020,5e-05,4.0,531,2406,278,1544,0.013,0.003,enclosed-white-center centroid of visible open-square marker,accepted-pass-B
fig161-ct-019,monohull,CT,161,268,258,1047.623,1167.957,0.3479791,0.00597032763,0.0020,5e-05,4.0,531,2406,278,1544,0.013,0.003,enclosed-white-center centroid of visible open-square marker,accepted-pass-B
fig161-ct-020,monohull,CT,161,268,258,1054.395,1373.605,0.3512296,0.00434593256,0.0020,5e-05,4.0,531,2406,278,1544,0.013,0.003,enclosed-white-center centroid of visible open-square marker,accepted-pass-B
fig161-ct-021,monohull,CT,161,268,258,1076.275,1162.275,0.3617320,0.00601520537,0.0020,5e-05,4.0,531,2406,278,1544,0.013,0.003,enclosed-white-center centroid of visible open-square marker,accepted-pass-B
fig161-ct-022,monohull,CT,161,268,258,1077.091,1171.545,0.3621236,0.00594197903,0.0020,5e-05,4.0,531,2406,278,1544,0.013,0.003,enclosed-white-center centroid of visible open-square marker,accepted-pass-B
fig161-ct-023,monohull,CT,161,268,258,1101.656,1145.925,0.3739148,0.00614435441,0.0020,5e-05,4.0,531,2406,278,1544,0.013,0.003,enclosed-white-center centroid of visible open-square marker,accepted-pass-B
fig161-ct-024,monohull,CT,161,268,258,1123.578,1127.844,0.3844373,0.00628716869,0.0020,5e-05,4.0,531,2406,278,1544,0.013,0.003,enclosed-white-center centroid of visible open-square marker,accepted-pass-B
fig161-ct-025,monohull,CT,161,268,258,1148.884,1108.814,0.3965842,0.00643748852,0.0020,5e-05,4.0,531,2406,278,1544,0.013,0.003,enclosed-white-center centroid of visible open-square marker,accepted-pass-B
fig161-ct-026,monohull,CT,161,268,258,1172.494,1051.506,0.4079173,0.006890161,0.0020,5e-05,4.0,531,2406,278,1544,0.013,0.003,enclosed-white-center centroid of visible open-square marker,accepted-pass-B
fig161-ct-027,monohull,CT,161,268,258,1221.545,889.404,0.4314618,0.0081705842,0.0020,5e-05,4.0,531,2406,278,1544,0.013,0.003,enclosed-white-center centroid of visible open-square marker,accepted-pass-B
fig161-ct-028,monohull,CT,161,268,258,1231.274,904.560,0.4361314,0.00805087264,0.0020,5e-05,4.0,531,2406,278,1544,0.013,0.003,enclosed-white-center centroid of visible open-square marker,accepted-pass-B
fig161-ct-029,monohull,CT,161,268,258,1241.271,855.832,0.4409301,0.00843576796,0.0020,5e-05,4.0,531,2406,278,1544,0.013,0.003,enclosed-white-center centroid of visible open-square marker,accepted-pass-B
fig161-ct-030,monohull,CT,161,268,258,1255.446,861.277,0.4477340,0.00839275586,0.0020,5e-05,4.0,531,2406,278,1544,0.013,0.003,enclosed-white-center centroid of visible open-square marker,accepted-pass-B
fig161-ct-031,monohull,CT,161,268,258,1266.234,876.781,0.4529125,0.00827029028,0.0020,5e-05,4.0,531,2406,278,1544,0.013,0.003,enclosed-white-center centroid of visible open-square marker,accepted-pass-B
fig161-ct-032,monohull,CT,161,268,258,1290.754,834.319,0.4646817,0.00860569636,0.0020,5e-05,4.0,531,2406,278,1544,0.013,0.003,enclosed-white-center centroid of visible open-square marker,accepted-pass-B
fig161-ct-033,monohull,CT,161,268,258,1311.925,838.642,0.4748442,0.00857154983,0.0020,5e-05,4.0,531,2406,278,1544,0.013,0.003,enclosed-white-center centroid of visible open-square marker,accepted-pass-B
fig161-ct-034,monohull,CT,161,268,258,1335.716,814.442,0.4862636,0.00876270059,0.0020,5e-05,4.0,531,2406,278,1544,0.013,0.003,enclosed-white-center centroid of visible open-square marker,accepted-pass-B
fig161-ct-035,monohull,CT,161,268,258,1361.156,825.948,0.4984750,0.0086718174,0.0020,5e-05,4.0,531,2406,278,1544,0.013,0.003,enclosed-white-center centroid of visible open-square marker,accepted-pass-B
fig161-ct-036,monohull,CT,161,268,258,1382.076,828.378,0.5085163,0.00865262124,0.0020,5e-05,4.0,531,2406,278,1544,0.013,0.003,enclosed-white-center centroid of visible open-square marker,accepted-pass-B
fig161-ct-037,monohull,CT,161,268,258,1427.086,823.714,0.5301211,0.00868946062,0.0020,5e-05,4.0,531,2406,278,1544,0.013,0.003,enclosed-white-center centroid of visible open-square marker,accepted-pass-B
fig161-ct-038,monohull,CT,161,268,258,1472.875,856.361,0.5521000,0.0084315868,0.0020,5e-05,4.0,531,2406,278,1544,0.013,0.003,enclosed-white-center centroid of visible open-square marker,accepted-pass-B
fig161-ct-039,monohull,CT,161,268,258,1521.385,869.500,0.5753846,0.00832780411,0.0020,5e-05,4.0,531,2406,278,1544,0.013,0.003,enclosed-white-center centroid of visible open-square marker,accepted-pass-B
fig161-ct-040,monohull,CT,161,268,258,1592.804,910.714,0.6096657,0.00800225683,0.0020,5e-05,4.0,531,2406,278,1544,0.013,0.003,enclosed-white-center centroid of visible open-square marker,accepted-pass-B
fig161-ct-041,monohull,CT,161,268,258,1687.786,972.633,0.6552571,0.0075131702,0.0020,5e-05,4.0,531,2406,278,1544,0.013,0.003,enclosed-white-center centroid of visible open-square marker,accepted-pass-B
fig161-ct-042,monohull,CT,161,268,258,1779.840,1012.877,0.6994430,0.00719528797,0.0020,5e-05,4.0,531,2406,278,1544,0.013,0.003,enclosed-white-center centroid of visible open-square marker,accepted-pass-B
fig161-ct-043,monohull,CT,161,268,258,1833.546,1012.463,0.7252222,0.00719855479,0.0020,5e-05,4.0,531,2406,278,1544,0.013,0.003,enclosed-white-center centroid of visible open-square marker,accepted-pass-B
fig161-ct-044,monohull,CT,161,268,258,1876.863,1048.667,0.7460141,0.00691258557,0.0020,5e-05,4.0,531,2406,278,1544,0.013,0.003,enclosed-white-center centroid of visible open-square marker,accepted-pass-B
fig161-ct-045,monohull,CT,161,268,258,1964.292,1059.908,0.7879803,0.0068237939,0.0020,5e-05,4.0,531,2406,278,1544,0.013,0.003,enclosed-white-center centroid of visible open-square marker,accepted-pass-B
fig161-ct-046,monohull,CT,161,268,258,2033.614,1091.000,0.8212547,0.00657819905,0.0020,5e-05,4.0,531,2406,278,1544,0.013,0.003,enclosed-white-center centroid of visible open-square marker,accepted-pass-B
fig161-ct-047,monohull,CT,161,268,258,2056.494,1083.937,0.8322370,0.00663399124,0.0020,5e-05,4.0,531,2406,278,1544,0.013,0.003,enclosed-white-center centroid of visible open-square marker,accepted-pass-B
fig163-cwp-001,monohull,CWP,163,269,259,707.121,1502.050,0.1886218,0.000252771444,0.0020,5e-05,5.0,522,2402,270,1534,0.01,0.0,dense-core centroid of visible filled measured-CWP marker,accepted-pass-B
fig163-cwp-002,monohull,CWP,163,269,259,750.755,1499.194,0.2095103,0.000275367497,0.0020,5e-05,5.0,522,2402,270,1534,0.01,0.0,dense-core centroid of visible filled measured-CWP marker,accepted-pass-B
fig163-cwp-003,monohull,CWP,163,269,259,791.000,1481.000,0.2287766,0.000419303797,0.0020,5e-05,5.0,522,2402,270,1534,0.01,0.0,"filled-marker template-match center, visually reviewed",accepted-pass-B
fig163-cwp-004,monohull,CWP,163,269,259,848.000,1475.000,0.2560638,0.000466772152,0.0020,5e-05,5.0,522,2402,270,1534,0.01,0.0,"filled-marker template-match center, visually reviewed",accepted-pass-B
fig163-cwp-005,monohull,CWP,163,269,259,871.000,1469.000,0.2670745,0.000514240506,0.0020,5e-05,5.0,522,2402,270,1534,0.01,0.0,"filled-marker template-match center, visually reviewed",accepted-pass-B
fig163-cwp-006,monohull,CWP,163,269,259,879.000,1441.000,0.2709043,0.000735759494,0.0020,5e-05,5.0,522,2402,270,1534,0.01,0.0,"filled-marker template-match center, visually reviewed",accepted-pass-B
fig163-cwp-007,monohull,CWP,163,269,259,980.000,1365.000,0.3192553,0.00133702532,0.0020,5e-05,5.0,522,2402,270,1534,0.01,0.0,"filled-marker template-match center, visually reviewed",accepted-pass-B
fig163-cwp-008,monohull,CWP,163,269,259,989.000,1336.000,0.3235638,0.0015664557,0.0020,5e-05,5.0,522,2402,270,1534,0.01,0.0,"filled-marker template-match center, visually reviewed",accepted-pass-B
fig163-cwp-009,monohull,CWP,163,269,259,1014.000,1355.000,0.3355319,0.00141613924,0.0020,5e-05,5.0,522,2402,270,1534,0.01,0.0,"filled-marker template-match center, visually reviewed",accepted-pass-B
fig163-cwp-010,monohull,CWP,163,269,259,1040.000,1348.000,0.3479787,0.00147151899,0.0020,5e-05,5.0,522,2402,270,1534,0.01,0.0,"filled-marker template-match center, visually reviewed",accepted-pass-B
fig163-cwp-011,monohull,CWP,163,269,259,1068.000,1326.000,0.3613830,0.00164556962,0.0020,5e-05,5.0,522,2402,270,1534,0.01,0.0,"filled-marker template-match center, visually reviewed",accepted-pass-B
fig163-cwp-012,monohull,CWP,163,269,259,1092.000,1313.000,0.3728723,0.00174841772,0.0020,5e-05,5.0,522,2402,270,1534,0.01,0.0,"filled-marker template-match center, visually reviewed",accepted-pass-B
fig163-cwp-013,monohull,CWP,163,269,259,1139.000,1263.000,0.3953723,0.00214398734,0.0020,5e-05,5.0,522,2402,270,1534,0.01,0.0,"filled-marker template-match center, visually reviewed",accepted-pass-B
fig163-cwp-014,monohull,CWP,163,269,259,1188.000,1165.000,0.4188298,0.0029193038,0.0020,5e-05,5.0,522,2402,270,1534,0.01,0.0,"filled-marker template-match center, visually reviewed",accepted-pass-B
fig163-cwp-015,monohull,CWP,163,269,259,1211.000,1111.000,0.4298404,0.00334651899,0.0020,5e-05,5.0,522,2402,270,1534,0.01,0.0,"filled-marker template-match center, visually reviewed",accepted-pass-B
fig163-cwp-016,monohull,CWP,163,269,259,1222.000,1066.000,0.4351064,0.00370253165,0.0020,5e-05,5.0,522,2402,270,1534,0.01,0.0,"filled-marker template-match center, visually reviewed",accepted-pass-B
fig163-cwp-017,monohull,CWP,163,269,259,1232.000,1117.000,0.4398936,0.00329905063,0.0020,5e-05,5.0,522,2402,270,1534,0.01,0.0,"filled-marker template-match center, visually reviewed",accepted-pass-B
fig163-cwp-018,monohull,CWP,163,269,259,1247.000,1043.000,0.4470745,0.00388449367,0.0020,5e-05,5.0,522,2402,270,1534,0.01,0.0,"filled-marker template-match center, visually reviewed",accepted-pass-B
fig163-cwp-019,monohull,CWP,163,269,259,1259.000,1021.000,0.4528191,0.0040585443,0.0020,5e-05,5.0,522,2402,270,1534,0.01,0.0,"filled-marker template-match center, visually reviewed",accepted-pass-B
fig163-cwp-020,monohull,CWP,163,269,259,1281.704,1040.773,0.4636883,0.00390211013,0.0020,5e-05,5.0,522,2402,270,1534,0.01,0.0,dense-core centroid of visible filled measured-CWP marker,accepted-pass-B
fig163-cwp-021,monohull,CWP,163,269,259,1286.395,962.997,0.4659337,0.00451743026,0.0020,5e-05,5.0,522,2402,270,1534,0.01,0.0,dense-core centroid of visible filled measured-CWP marker,accepted-pass-B
fig163-cwp-022,monohull,CWP,163,269,259,1300.211,997.893,0.4725477,0.0042413522,0.0020,5e-05,5.0,522,2402,270,1534,0.01,0.0,dense-core centroid of visible filled measured-CWP marker,accepted-pass-B
fig163-cwp-023,monohull,CWP,163,269,259,1327.688,878.323,0.4857015,0.0051873187,0.0020,5e-05,5.0,522,2402,270,1534,0.01,0.0,dense-core centroid of visible filled measured-CWP marker,accepted-pass-B
fig163-cwp-024,monohull,CWP,163,269,259,1349.582,966.195,0.4961828,0.00449212841,0.0020,5e-05,5.0,522,2402,270,1534,0.01,0.0,dense-core centroid of visible filled measured-CWP marker,accepted-pass-B
fig163-cwp-025,monohull,CWP,163,269,259,1374.232,970.953,0.5079835,0.00445448887,0.0020,5e-05,5.0,522,2402,270,1534,0.01,0.0,dense-core centroid of visible filled measured-CWP marker,accepted-pass-B
fig163-cwp-026,monohull,CWP,163,269,259,1395.538,1018.023,0.5181829,0.00408210003,0.0020,5e-05,5.0,522,2402,270,1534,0.01,0.0,dense-core centroid of visible filled measured-CWP marker,accepted-pass-B
fig163-cwp-027,monohull,CWP,163,269,259,1417.712,952.017,0.5287985,0.00460429808,0.0020,5e-05,5.0,522,2402,270,1534,0.01,0.0,dense-core centroid of visible filled measured-CWP marker,accepted-pass-B
fig163-cwp-028,monohull,CWP,163,269,259,1464.224,1006.751,0.5510647,0.00417127344,0.0020,5e-05,5.0,522,2402,270,1534,0.01,0.0,dense-core centroid of visible filled measured-CWP marker,accepted-pass-B
fig163-cwp-029,monohull,CWP,163,269,259,1472.057,1051.146,0.5548146,0.00382004408,0.0020,5e-05,5.0,522,2402,270,1534,0.01,0.0,dense-core centroid of visible filled measured-CWP marker,accepted-pass-B
fig163-cwp-030,monohull,CWP,163,269,259,1512.167,1035.225,0.5740162,0.00394600115,0.0020,5e-05,5.0,522,2402,270,1534,0.01,0.0,dense-core centroid of visible filled measured-CWP marker,accepted-pass-B
fig163-cwp-031,monohull,CWP,163,269,259,1586.631,1020.447,0.6096640,0.00406291828,0.0020,5e-05,5.0,522,2402,270,1534,0.01,0.0,dense-core centroid of visible filled measured-CWP marker,accepted-pass-B
fig163-cwp-032,monohull,CWP,163,269,259,1627.000,1060.000,0.6289894,0.00375,0.0020,5e-05,5.0,522,2402,270,1534,0.01,0.0,"filled-marker template-match center, visually reviewed",accepted-pass-B
fig163-cwp-033,monohull,CWP,163,269,259,1678.000,1079.000,0.6534043,0.00359968354,0.0020,5e-05,5.0,522,2402,270,1534,0.01,0.0,"filled-marker template-match center, visually reviewed",accepted-pass-B
fig163-cwp-034,monohull,CWP,163,269,259,1741.422,1097.513,0.6837658,0.00345321977,0.0020,5e-05,5.0,522,2402,270,1534,0.01,0.0,dense-core centroid of visible filled measured-CWP marker,accepted-pass-B
fig163-cwp-035,monohull,CWP,163,269,259,1823.997,1148.291,0.7232965,0.00305149473,0.0020,5e-05,5.0,522,2402,270,1534,0.01,0.0,dense-core centroid of visible filled measured-CWP marker,accepted-pass-B
fig163-cwp-036,monohull,CWP,163,269,259,1856.343,1116.060,0.7387814,0.0033064897,0.0020,5e-05,5.0,522,2402,270,1534,0.01,0.0,dense-core centroid of visible filled measured-CWP marker,accepted-pass-B
fig163-cwp-037,monohull,CWP,163,269,259,1864.000,1175.000,0.7424468,0.00284018987,0.0020,5e-05,5.0,522,2402,270,1534,0.01,0.0,"filled-marker template-match center, visually reviewed",accepted-pass-B
fig163-cwp-038,monohull,CWP,163,269,259,1954.000,1158.000,0.7855319,0.00297468354,0.0020,5e-05,5.0,522,2402,270,1534,0.01,0.0,"filled-marker template-match center, visually reviewed",accepted-pass-B
fig163-cwp-039,monohull,CWP,163,269,259,1974.268,1246.690,0.7952348,0.00227302488,0.0020,5e-05,5.0,522,2402,270,1534,0.01,0.0,dense-core centroid of visible filled measured-CWP marker,accepted-pass-B
fig163-cwp-040,monohull,CWP,163,269,259,2024.648,1171.003,0.8193526,0.00287181033,0.0020,5e-05,5.0,522,2402,270,1534,0.01,0.0,dense-core centroid of visible filled measured-CWP marker,accepted-pass-B
fig163-cwp-041,monohull,CWP,163,269,259,2048.000,1182.000,0.8305319,0.00278481013,0.0020,5e-05,5.0,522,2402,270,1534,0.01,0.0,"filled-marker template-match center, visually reviewed",accepted-pass-B
fig163-cwp-042,monohull,CWP,163,269,259,2091.645,1262.883,0.8514259,0.00214491283,0.0020,5e-05,5.0,522,2402,270,1534,0.01,0.0,dense-core centroid of visible filled measured-CWP marker,accepted-pass-B
fig163-cwp-043,monohull,CWP,163,269,259,2142.000,1256.000,0.8755319,0.00219936709,0.0020,5e-05,5.0,522,2402,270,1534,0.01,0.0,"filled-marker template-match center, visually reviewed",accepted-pass-B
fig163-cwp-044,monohull,CWP,163,269,259,2209.423,1303.299,0.9078091,0.00182516667,0.0020,5e-05,5.0,522,2402,270,1534,0.01,0.0,dense-core centroid of visible filled measured-CWP marker,accepted-pass-B
fig163-cwp-045,monohull,CWP,163,269,259,2234.834,1222.780,0.9199737,0.00246218289,0.0020,5e-05,5.0,522,2402,270,1534,0.01,0.0,dense-core centroid of visible filled measured-CWP marker,accepted-pass-B
fig163-cwp-046,monohull,CWP,163,269,259,2312.494,1328.934,0.9571516,0.00162236092,0.0020,5e-05,5.0,522,2402,270,1534,0.01,0.0,dense-core centroid of visible filled measured-CWP marker,accepted-pass-B
fig163-cwp-047,monohull,CWP,163,269,259,2312.554,1372.763,0.9571802,0.00127560876,0.0020,5e-05,5.0,522,2402,270,1534,0.01,0.0,dense-core centroid of visible filled measured-CWP marker,accepted-pass-B
fig165-ct-001,S/L=0.2,CT,165,270,260,593.879,1231.121,0.1263698,0.00568911288,0.0020,5e-05,4.0,539,2412,337,1560,0.013,0.003,enclosed-white-center centroid of visible open-square marker,accepted-pass-B
fig165-ct-002,S/L=0.2,CT,165,270,260,761.658,1262.342,0.2069899,0.00543383397,0.0020,5e-05,4.0,539,2412,337,1560,0.013,0.003,enclosed-white-center centroid of visible open-square marker,accepted-pass-B
fig165-ct-003,S/L=0.2,CT,165,270,260,809.817,1259.333,0.2301308,0.00545843554,0.0020,5e-05,4.0,539,2412,337,1560,0.013,0.003,enclosed-white-center centroid of visible open-square marker,accepted-pass-B
fig165-ct-004,S/L=0.2,CT,165,270,260,829.400,1248.000,0.2395408,0.00555110384,0.0020,5e-05,4.0,539,2412,337,1560,0.013,0.003,enclosed-white-center centroid of visible open-square marker,accepted-pass-B
fig165-ct-005,S/L=0.2,CT,165,270,260,836.143,1190.762,0.2427809,0.0060191177,0.0020,5e-05,4.0,539,2412,337,1560,0.013,0.003,enclosed-white-center centroid of visible open-square marker,accepted-pass-B
fig165-ct-006,S/L=0.2,CT,165,270,260,840.091,1172.545,0.2446780,0.0061680666,0.0020,5e-05,4.0,539,2412,337,1560,0.013,0.003,enclosed-white-center centroid of visible open-square marker,accepted-pass-B
fig165-ct-007,S/L=0.2,CT,165,270,260,846.484,1226.000,0.2477500,0.00573098937,0.0020,5e-05,4.0,539,2412,337,1560,0.013,0.003,enclosed-white-center centroid of visible open-square marker,accepted-pass-B
fig165-ct-008,S/L=0.2,CT,165,270,260,854.980,1186.647,0.2518325,0.00605276321,0.0020,5e-05,4.0,539,2412,337,1560,0.013,0.003,enclosed-white-center centroid of visible open-square marker,accepted-pass-B
fig165-ct-009,S/L=0.2,CT,165,270,260,868.844,1184.156,0.2584941,0.0060731296,0.0020,5e-05,4.0,539,2412,337,1560,0.013,0.003,enclosed-white-center centroid of visible open-square marker,accepted-pass-B
fig165-ct-010,S/L=0.2,CT,165,270,260,875.829,1232.317,0.2618507,0.0056793371,0.0020,5e-05,4.0,539,2412,337,1560,0.013,0.003,enclosed-white-center centroid of visible open-square marker,accepted-pass-B
fig165-ct-011,S/L=0.2,CT,165,270,260,888.826,1255.536,0.2680958,0.00548948298,0.0020,5e-05,4.0,539,2412,337,1560,0.013,0.003,enclosed-white-center centroid of visible open-square marker,accepted-pass-B
fig165-ct-012,S/L=0.2,CT,165,270,260,902.250,1259.167,0.2745462,0.00545979831,0.0020,5e-05,4.0,539,2412,337,1560,0.013,0.003,enclosed-white-center centroid of visible open-square marker,accepted-pass-B
fig165-ct-013,S/L=0.2,CT,165,270,260,924.140,1215.690,0.2850644,0.0058152909,0.0020,5e-05,4.0,539,2412,337,1560,0.013,0.003,enclosed-white-center centroid of visible open-square marker,accepted-pass-B
fig165-ct-014,S/L=0.2,CT,165,270,260,946.903,1188.129,0.2960026,0.00604064569,0.0020,5e-05,4.0,539,2412,337,1560,0.013,0.003,enclosed-white-center centroid of visible open-square marker,accepted-pass-B
fig165-ct-015,S/L=0.2,CT,165,270,260,971.683,1053.794,0.3079094,0.00713905437,0.0020,5e-05,4.0,539,2412,337,1560,0.013,0.003,enclosed-white-center centroid of visible open-square marker,accepted-pass-B
fig165-ct-016,S/L=0.2,CT,165,270,260,1001.625,1007.375,0.3222971,0.0075186018,0.0020,5e-05,4.0,539,2412,337,1560,0.013,0.003,enclosed-white-center centroid of visible open-square marker,accepted-pass-B
fig165-ct-017,S/L=0.2,CT,165,270,260,1060.511,1309.296,0.3505926,0.00504990763,0.0020,5e-05,4.0,539,2412,337,1560,0.013,0.003,enclosed-white-center centroid of visible open-square marker,accepted-pass-B
fig165-ct-018,S/L=0.2,CT,165,270,260,1093.710,1157.290,0.3665450,0.00629280194,0.0020,5e-05,4.0,539,2412,337,1560,0.013,0.003,enclosed-white-center centroid of visible open-square marker,accepted-pass-B
fig165-ct-019,S/L=0.2,CT,165,270,260,1136.442,1122.429,0.3870782,0.00657785305,0.0020,5e-05,4.0,539,2412,337,1560,0.013,0.003,enclosed-white-center centroid of visible open-square marker,accepted-pass-B
fig165-ct-020,S/L=0.2,CT,165,270,260,1148.333,1054.279,0.3927923,0.00713508357,0.0020,5e-05,4.0,539,2412,337,1560,0.013,0.003,enclosed-white-center centroid of visible open-square marker,accepted-pass-B
fig165-ct-021,S/L=0.2,CT,165,270,260,1162.333,1066.300,0.3995195,0.00703679477,0.0020,5e-05,4.0,539,2412,337,1560,0.013,0.003,enclosed-white-center centroid of visible open-square marker,accepted-pass-B
fig165-ct-022,S/L=0.2,CT,165,270,260,1243.871,652.741,0.4386992,0.010418306,0.0020,5e-05,4.0,539,2412,337,1560,0.013,0.003,enclosed-white-center centroid of visible open-square marker,accepted-pass-B
fig165-ct-023,S/L=0.2,CT,165,270,260,1258.384,498.121,0.4456730,0.0116825739,0.0020,5e-05,4.0,539,2412,337,1560,0.013,0.003,enclosed-white-center centroid of visible open-square marker,accepted-pass-B
fig165-ct-024,S/L=0.2,CT,165,270,260,1277.267,502.787,0.4547464,0.0116444263,0.0020,5e-05,4.0,539,2412,337,1560,0.013,0.003,enclosed-white-center centroid of visible open-square marker,accepted-pass-B
fig165-ct-025,S/L=0.2,CT,165,270,260,1299.592,460.650,0.4654741,0.0119889576,0.0020,5e-05,4.0,539,2412,337,1560,0.013,0.003,enclosed-white-center centroid of visible open-square marker,accepted-pass-B
fig165-ct-026,S/L=0.2,CT,165,270,260,1314.783,417.983,0.4727733,0.0123378364,0.0020,5e-05,4.0,539,2412,337,1560,0.013,0.003,enclosed-white-center centroid of visible open-square marker,accepted-pass-B
fig165-ct-027,S/L=0.2,CT,165,270,260,1321.256,393.107,0.4758839,0.0125412311,0.0020,5e-05,4.0,539,2412,337,1560,0.013,0.003,enclosed-white-center centroid of visible open-square marker,accepted-pass-B
fig165-ct-028,S/L=0.2,CT,165,270,260,1345.663,373.012,0.4876116,0.0127055468,0.0020,5e-05,4.0,539,2412,337,1560,0.013,0.003,enclosed-white-center centroid of visible open-square marker,accepted-pass-B
fig165-ct-029,S/L=0.2,CT,165,270,260,1355.962,407.552,0.4925604,0.0124231204,0.0020,5e-05,4.0,539,2412,337,1560,0.013,0.003,enclosed-white-center centroid of visible open-square marker,accepted-pass-B
fig165-ct-030,S/L=0.2,CT,165,270,260,1369.980,370.373,0.4992965,0.0127271255,0.0020,5e-05,4.0,539,2412,337,1560,0.013,0.003,enclosed-white-center centroid of visible open-square marker,accepted-pass-B
fig165-ct-031,S/L=0.2,CT,165,270,260,1372.408,406.214,0.5004631,0.0124340614,0.0020,5e-05,4.0,539,2412,337,1560,0.013,0.003,enclosed-white-center centroid of visible open-square marker,accepted-pass-B
fig165-ct-032,S/L=0.2,CT,165,270,260,1412.070,391.291,0.5195210,0.0125560859,0.0020,5e-05,4.0,539,2412,337,1560,0.013,0.003,enclosed-white-center centroid of visible open-square marker,accepted-pass-B
fig165-ct-033,S/L=0.2,CT,165,270,260,1412.216,443.045,0.5195913,0.0121329105,0.0020,5e-05,4.0,539,2412,337,1560,0.013,0.003,enclosed-white-center centroid of visible open-square marker,accepted-pass-B
fig165-ct-034,S/L=0.2,CT,165,270,260,1428.095,459.983,0.5272212,0.0119944173,0.0020,5e-05,4.0,539,2412,337,1560,0.013,0.003,enclosed-white-center centroid of visible open-square marker,accepted-pass-B
fig165-ct-035,S/L=0.2,CT,165,270,260,1460.591,462.750,0.5428360,0.0119717907,0.0020,5e-05,4.0,539,2412,337,1560,0.013,0.003,enclosed-white-center centroid of visible open-square marker,accepted-pass-B
fig165-ct-036,S/L=0.2,CT,165,270,260,1487.676,548.444,0.5558507,0.0112711002,0.0020,5e-05,4.0,539,2412,337,1560,0.013,0.003,enclosed-white-center centroid of visible open-square marker,accepted-pass-B
fig165-ct-037,S/L=0.2,CT,165,270,260,1499.500,567.777,0.5615323,0.0111130271,0.0020,5e-05,4.0,539,2412,337,1560,0.013,0.003,enclosed-white-center centroid of visible open-square marker,accepted-pass-B
fig165-ct-038,S/L=0.2,CT,165,270,260,1586.844,649.511,0.6035024,0.010444717,0.0020,5e-05,4.0,539,2412,337,1560,0.013,0.003,enclosed-white-center centroid of visible open-square marker,accepted-pass-B
fig165-ct-039,S/L=0.2,CT,165,270,260,1641.000,717.500,0.6295248,0.00988879804,0.0020,5e-05,4.0,539,2412,337,1560,0.013,0.003,enclosed-white-center centroid of visible open-square marker,accepted-pass-B
fig165-ct-040,S/L=0.2,CT,165,270,260,1702.088,807.673,0.6588786,0.00915149169,0.0020,5e-05,4.0,539,2412,337,1560,0.013,0.003,enclosed-white-center centroid of visible open-square marker,accepted-pass-B
fig165-ct-041,S/L=0.2,CT,165,270,260,1759.667,871.364,0.6865456,0.00863071434,0.0020,5e-05,4.0,539,2412,337,1560,0.013,0.003,enclosed-white-center centroid of visible open-square marker,accepted-pass-B
fig165-ct-042,S/L=0.2,CT,165,270,260,1828.937,922.524,0.7198307,0.00821239731,0.0020,5e-05,4.0,539,2412,337,1560,0.013,0.003,enclosed-white-center centroid of visible open-square marker,accepted-pass-B
fig165-ct-043,S/L=0.2,CT,165,270,260,1896.514,958.189,0.7523023,0.00792077523,0.0020,5e-05,4.0,539,2412,337,1560,0.013,0.003,enclosed-white-center centroid of visible open-square marker,accepted-pass-B
fig165-ct-044,S/L=0.2,CT,165,270,260,1897.424,948.606,0.7527399,0.00799913278,0.0020,5e-05,4.0,539,2412,337,1560,0.013,0.003,enclosed-white-center centroid of visible open-square marker,accepted-pass-B
fig167-cwp-001,S/L=0.2,CWP,167,271,261,704.906,1491.874,0.1865581,0.000181807384,0.0020,5e-05,5.0,524,2405,243,1515,0.01,0.0,dense-core centroid of visible filled measured-CWP marker,accepted-pass-B
fig167-cwp-002,S/L=0.2,CWP,167,271,261,748.000,1491.000,0.2071770,0.000188679245,0.0020,5e-05,5.0,524,2405,243,1515,0.01,0.0,"filled-marker template-match center, visually reviewed",accepted-pass-B
fig167-cwp-003,S/L=0.2,CWP,167,271,261,796.755,1488.239,0.2305049,0.000210382377,0.0020,5e-05,5.0,524,2405,243,1515,0.01,0.0,dense-core centroid of visible filled measured-CWP marker,accepted-pass-B
fig167-cwp-004,S/L=0.2,CWP,167,271,261,821.930,1468.467,0.2425500,0.000365825783,0.0020,5e-05,5.0,524,2405,243,1515,0.01,0.0,dense-core centroid of visible filled measured-CWP marker,accepted-pass-B
fig167-cwp-005,S/L=0.2,CWP,167,271,261,847.000,1410.000,0.2545455,0.000825471698,0.0020,5e-05,5.0,524,2405,243,1515,0.01,0.0,"filled-marker template-match center, visually reviewed",accepted-pass-B
fig167-cwp-006,S/L=0.2,CWP,167,271,261,864.000,1442.000,0.2626794,0.000573899371,0.0020,5e-05,5.0,524,2405,243,1515,0.01,0.0,"filled-marker template-match center, visually reviewed",accepted-pass-B
fig167-cwp-007,S/L=0.2,CWP,167,271,261,887.000,1458.000,0.2736842,0.000448113208,0.0020,5e-05,5.0,524,2405,243,1515,0.01,0.0,"filled-marker template-match center, visually reviewed",accepted-pass-B
fig167-cwp-008,S/L=0.2,CWP,167,271,261,912.031,1438.903,0.2856606,0.000598246374,0.0020,5e-05,5.0,524,2405,243,1515,0.01,0.0,dense-core centroid of visible filled measured-CWP marker,accepted-pass-B
fig167-cwp-009,S/L=0.2,CWP,167,271,261,935.836,1399.718,0.2970508,0.0009063012,0.0020,5e-05,5.0,524,2405,243,1515,0.01,0.0,dense-core centroid of visible filled measured-CWP marker,accepted-pass-B
fig167-cwp-010,S/L=0.2,CWP,167,271,261,961.866,1316.521,0.3095053,0.0015603725,0.0020,5e-05,5.0,524,2405,243,1515,0.01,0.0,dense-core centroid of visible filled measured-CWP marker,accepted-pass-B
fig167-cwp-011,S/L=0.2,CWP,167,271,261,995.730,1295.114,0.3257082,0.00172866389,0.0020,5e-05,5.0,524,2405,243,1515,0.01,0.0,dense-core centroid of visible filled measured-CWP marker,accepted-pass-B
fig167-cwp-012,S/L=0.2,CWP,167,271,261,1008.808,1317.641,0.3319656,0.00155156121,0.0020,5e-05,5.0,524,2405,243,1515,0.01,0.0,dense-core centroid of visible filled measured-CWP marker,accepted-pass-B
fig167-cwp-013,S/L=0.2,CWP,167,271,261,1031.648,1320.401,0.3428939,0.00152986557,0.0020,5e-05,5.0,524,2405,243,1515,0.01,0.0,dense-core centroid of visible filled measured-CWP marker,accepted-pass-B
fig167-cwp-014,S/L=0.2,CWP,167,271,261,1054.016,1337.333,0.3535960,0.00139675052,0.0020,5e-05,5.0,524,2405,243,1515,0.01,0.0,dense-core centroid of visible filled measured-CWP marker,accepted-pass-B
fig167-cwp-015,S/L=0.2,CWP,167,271,261,1080.000,1354.000,0.3660287,0.00126572327,0.0020,5e-05,5.0,524,2405,243,1515,0.01,0.0,"filled-marker template-match center, visually reviewed",accepted-pass-B
fig167-cwp-016,S/L=0.2,CWP,167,271,261,1103.000,1356.000,0.3770335,0.00125,0.0020,5e-05,5.0,524,2405,243,1515,0.01,0.0,"filled-marker template-match center, visually reviewed",accepted-pass-B
fig167-cwp-017,S/L=0.2,CWP,167,271,261,1133.008,1345.735,0.3913913,0.00133070041,0.0020,5e-05,5.0,524,2405,243,1515,0.01,0.0,dense-core centroid of visible filled measured-CWP marker,accepted-pass-B
fig167-cwp-018,S/L=0.2,CWP,167,271,261,1150.332,1281.601,0.3996804,0.00183489945,0.0020,5e-05,5.0,524,2405,243,1515,0.01,0.0,dense-core centroid of visible filled measured-CWP marker,accepted-pass-B
fig167-cwp-019,S/L=0.2,CWP,167,271,261,1172.591,1188.191,0.4103309,0.0025692493,0.0020,5e-05,5.0,524,2405,243,1515,0.01,0.0,dense-core centroid of visible filled measured-CWP marker,accepted-pass-B
fig167-cwp-020,S/L=0.2,CWP,167,271,261,1217.400,1129.655,0.4317703,0.0030294454,0.0020,5e-05,5.0,524,2405,243,1515,0.01,0.0,dense-core centroid of visible filled measured-CWP marker,accepted-pass-B
fig167-cwp-021,S/L=0.2,CWP,167,271,261,1238.306,1200.021,0.4417731,0.00247625216,0.0020,5e-05,5.0,524,2405,243,1515,0.01,0.0,dense-core centroid of visible filled measured-CWP marker,accepted-pass-B
fig167-cwp-022,S/L=0.2,CWP,167,271,261,1244.000,818.000,0.4444976,0.00547955975,0.0020,5e-05,5.0,524,2405,243,1515,0.01,0.0,"filled-marker template-match center, visually reviewed",accepted-pass-B
fig167-cwp-023,S/L=0.2,CWP,167,271,261,1244.723,833.810,0.4448437,0.0053552637,0.0020,5e-05,5.0,524,2405,243,1515,0.01,0.0,dense-core centroid of visible filled measured-CWP marker,accepted-pass-B
fig167-cwp-024,S/L=0.2,CWP,167,271,261,1260.000,1206.000,0.4521531,0.00242924528,0.0020,5e-05,5.0,524,2405,243,1515,0.01,0.0,"filled-marker template-match center, visually reviewed",accepted-pass-B
fig167-cwp-025,S/L=0.2,CWP,167,271,261,1285.456,1127.408,0.4643332,0.00304710875,0.0020,5e-05,5.0,524,2405,243,1515,0.01,0.0,dense-core centroid of visible filled measured-CWP marker,accepted-pass-B
fig167-cwp-026,S/L=0.2,CWP,167,271,261,1306.464,634.072,0.4743847,0.00692553504,0.0020,5e-05,5.0,524,2405,243,1515,0.01,0.0,dense-core centroid of visible filled measured-CWP marker,accepted-pass-B
fig167-cwp-027,S/L=0.2,CWP,167,271,261,1306.667,1108.350,0.4744817,0.00319693396,0.0020,5e-05,5.0,524,2405,243,1515,0.01,0.0,dense-core centroid of visible filled measured-CWP marker,accepted-pass-B
fig167-cwp-028,S/L=0.2,CWP,167,271,261,1354.000,1079.000,0.4971292,0.00342767296,0.0020,5e-05,5.0,524,2405,243,1515,0.01,0.0,"filled-marker template-match center, visually reviewed",accepted-pass-B
fig167-cwp-029,S/L=0.2,CWP,167,271,261,1358.325,591.416,0.4991985,0.00726088004,0.0020,5e-05,5.0,524,2405,243,1515,0.01,0.0,dense-core centroid of visible filled measured-CWP marker,accepted-pass-B
fig167-cwp-030,S/L=0.2,CWP,167,271,261,1395.811,1115.374,0.5171343,0.00314171552,0.0020,5e-05,5.0,524,2405,243,1515,0.01,0.0,dense-core centroid of visible filled measured-CWP marker,accepted-pass-B
fig167-cwp-031,S/L=0.2,CWP,167,271,261,1420.031,531.255,0.5287229,0.00773384571,0.0020,5e-05,5.0,524,2405,243,1515,0.01,0.0,dense-core centroid of visible filled measured-CWP marker,accepted-pass-B
fig167-cwp-032,S/L=0.2,CWP,167,271,261,1445.440,1119.403,0.5408803,0.00311004106,0.0020,5e-05,5.0,524,2405,243,1515,0.01,0.0,dense-core centroid of visible filled measured-CWP marker,accepted-pass-B
fig167-cwp-033,S/L=0.2,CWP,167,271,261,1487.702,716.781,0.5611016,0.0062753035,0.0020,5e-05,5.0,524,2405,243,1515,0.01,0.0,dense-core centroid of visible filled measured-CWP marker,accepted-pass-B
fig167-cwp-034,S/L=0.2,CWP,167,271,261,1517.338,1150.729,0.5752814,0.00286376909,0.0020,5e-05,5.0,524,2405,243,1515,0.01,0.0,dense-core centroid of visible filled measured-CWP marker,accepted-pass-B
fig167-cwp-035,S/L=0.2,CWP,167,271,261,1557.741,743.737,0.5946128,0.00606338543,0.0020,5e-05,5.0,524,2405,243,1515,0.01,0.0,dense-core centroid of visible filled measured-CWP marker,accepted-pass-B
fig167-cwp-036,S/L=0.2,CWP,167,271,261,1572.755,1152.281,0.6017967,0.00285156751,0.0020,5e-05,5.0,524,2405,243,1515,0.01,0.0,dense-core centroid of visible filled measured-CWP marker,accepted-pass-B
fig167-cwp-037,S/L=0.2,CWP,167,271,261,1629.957,1191.377,0.6291658,0.00254420746,0.0020,5e-05,5.0,524,2405,243,1515,0.01,0.0,dense-core centroid of visible filled measured-CWP marker,accepted-pass-B
fig167-cwp-038,S/L=0.2,CWP,167,271,261,1690.142,1244.396,0.6579628,0.00212739343,0.0020,5e-05,5.0,524,2405,243,1515,0.01,0.0,dense-core centroid of visible filled measured-CWP marker,accepted-pass-B
fig167-cwp-039,S/L=0.2,CWP,167,271,261,1748.785,1235.361,0.6860217,0.00219842,0.0020,5e-05,5.0,524,2405,243,1515,0.01,0.0,dense-core centroid of visible filled measured-CWP marker,accepted-pass-B
fig167-cwp-040,S/L=0.2,CWP,167,271,261,1819.039,1293.297,0.7196358,0.00174294486,0.0020,5e-05,5.0,524,2405,243,1515,0.01,0.0,dense-core centroid of visible filled measured-CWP marker,accepted-pass-B
fig167-cwp-041,S/L=0.2,CWP,167,271,261,1886.767,1297.964,0.7520415,0.00170625687,0.0020,5e-05,5.0,524,2405,243,1515,0.01,0.0,dense-core centroid of visible filled measured-CWP marker,accepted-pass-B
fig169-ct-001,S/L=0.3,CT,169,272,262,605.613,1221.548,0.1303722,0.00569222966,0.0020,5e-05,4.0,542,2427,292,1564,0.013,0.003,enclosed-white-center centroid of visible open-square marker,accepted-pass-B
fig169-ct-002,S/L=0.3,CT,169,272,262,721.190,1212.560,0.1855549,0.00576289308,0.0020,5e-05,4.0,542,2427,292,1564,0.013,0.003,enclosed-white-center centroid of visible open-square marker,accepted-pass-B
fig169-ct-003,S/L=0.3,CT,169,272,262,742.366,1235.670,0.1956655,0.0055812135,0.0020,5e-05,4.0,542,2427,292,1564,0.013,0.003,enclosed-white-center centroid of visible open-square marker,accepted-pass-B
fig169-ct-004,S/L=0.3,CT,169,272,262,752.690,1217.810,0.2005945,0.00572161679,0.0020,5e-05,4.0,542,2427,292,1564,0.013,0.003,enclosed-white-center centroid of visible open-square marker,accepted-pass-B
fig169-ct-005,S/L=0.3,CT,169,272,262,779.830,1240.102,0.2135526,0.00554636578,0.0020,5e-05,4.0,542,2427,292,1564,0.013,0.003,enclosed-white-center centroid of visible open-square marker,accepted-pass-B
fig169-ct-006,S/L=0.3,CT,169,272,262,800.283,1248.868,0.2233182,0.00547745342,0.0020,5e-05,4.0,542,2427,292,1564,0.013,0.003,enclosed-white-center centroid of visible open-square marker,accepted-pass-B
fig169-ct-007,S/L=0.3,CT,169,272,262,800.634,1230.575,0.2234859,0.00562126866,0.0020,5e-05,4.0,542,2427,292,1564,0.013,0.003,enclosed-white-center centroid of visible open-square marker,accepted-pass-B
fig169-ct-008,S/L=0.3,CT,169,272,262,813.094,1267.336,0.2294348,0.00533226753,0.0020,5e-05,4.0,542,2427,292,1564,0.013,0.003,enclosed-white-center centroid of visible open-square marker,accepted-pass-B
fig169-ct-009,S/L=0.3,CT,169,272,262,813.642,1248.575,0.2296962,0.00547975258,0.0020,5e-05,4.0,542,2427,292,1564,0.013,0.003,enclosed-white-center centroid of visible open-square marker,accepted-pass-B
fig169-ct-010,S/L=0.3,CT,169,272,262,847.667,1190.641,0.2459416,0.00593521206,0.0020,5e-05,4.0,542,2427,292,1564,0.013,0.003,enclosed-white-center centroid of visible open-square marker,accepted-pass-B
fig169-ct-011,S/L=0.3,CT,169,272,262,866.932,1203.368,0.2551398,0.005835161,0.0020,5e-05,4.0,542,2427,292,1564,0.013,0.003,enclosed-white-center centroid of visible open-square marker,accepted-pass-B
fig169-ct-012,S/L=0.3,CT,169,272,262,873.404,1227.212,0.2582300,0.00564770803,0.0020,5e-05,4.0,542,2427,292,1564,0.013,0.003,enclosed-white-center centroid of visible open-square marker,accepted-pass-B
fig169-ct-013,S/L=0.3,CT,169,272,262,884.596,1220.532,0.2635736,0.00570022079,0.0020,5e-05,4.0,542,2427,292,1564,0.013,0.003,enclosed-white-center centroid of visible open-square marker,accepted-pass-B
fig169-ct-014,S/L=0.3,CT,169,272,262,906.267,1274.167,0.2739204,0.00527856394,0.0020,5e-05,4.0,542,2427,292,1564,0.013,0.003,enclosed-white-center centroid of visible open-square marker,accepted-pass-B
fig169-ct-015,S/L=0.3,CT,169,272,262,912.633,1205.408,0.2769599,0.00581911821,0.0020,5e-05,4.0,542,2427,292,1564,0.013,0.003,enclosed-white-center centroid of visible open-square marker,accepted-pass-B
fig169-ct-016,S/L=0.3,CT,169,272,262,982.151,1062.925,0.3101516,0.00693927258,0.0020,5e-05,4.0,542,2427,292,1564,0.013,0.003,enclosed-white-center centroid of visible open-square marker,accepted-pass-B
fig169-ct-017,S/L=0.3,CT,169,272,262,1003.167,1071.167,0.3201857,0.00687447589,0.0020,5e-05,4.0,542,2427,292,1564,0.013,0.003,enclosed-white-center centroid of visible open-square marker,accepted-pass-B
fig169-ct-018,S/L=0.3,CT,169,272,262,1011.527,1085.436,0.3241775,0.00676229274,0.0020,5e-05,4.0,542,2427,292,1564,0.013,0.003,enclosed-white-center centroid of visible open-square marker,accepted-pass-B
fig169-ct-019,S/L=0.3,CT,169,272,262,1011.683,1269.885,0.3242517,0.00531222787,0.0020,5e-05,4.0,542,2427,292,1564,0.013,0.003,enclosed-white-center centroid of visible open-square marker,accepted-pass-B
fig169-ct-020,S/L=0.3,CT,169,272,262,1021.684,1100.500,0.3290269,0.00664386792,0.0020,5e-05,4.0,542,2427,292,1564,0.013,0.003,enclosed-white-center centroid of visible open-square marker,accepted-pass-B
fig169-ct-021,S/L=0.3,CT,169,272,262,1047.500,1128.310,0.3413528,0.00642523314,0.0020,5e-05,4.0,542,2427,292,1564,0.013,0.003,enclosed-white-center centroid of visible open-square marker,accepted-pass-B
fig169-ct-022,S/L=0.3,CT,169,272,262,1069.593,1196.139,0.3519010,0.00589198987,0.0020,5e-05,4.0,542,2427,292,1564,0.013,0.003,enclosed-white-center centroid of visible open-square marker,accepted-pass-B
fig169-ct-023,S/L=0.3,CT,169,272,262,1093.898,1204.746,0.3635058,0.00582432576,0.0020,5e-05,4.0,542,2427,292,1564,0.013,0.003,enclosed-white-center centroid of visible open-square marker,accepted-pass-B
fig169-ct-024,S/L=0.3,CT,169,272,262,1180.266,882.969,0.4047422,0.00835401926,0.0020,5e-05,4.0,542,2427,292,1564,0.013,0.003,enclosed-white-center centroid of visible open-square marker,accepted-pass-B
fig169-ct-025,S/L=0.3,CT,169,272,262,1237.282,631.197,0.4319647,0.0103333555,0.0020,5e-05,4.0,542,2427,292,1564,0.013,0.003,enclosed-white-center centroid of visible open-square marker,accepted-pass-B
fig169-ct-026,S/L=0.3,CT,169,272,262,1286.875,532.950,0.4556432,0.011105739,0.0020,5e-05,4.0,542,2427,292,1564,0.013,0.003,enclosed-white-center centroid of visible open-square marker,accepted-pass-B
fig169-ct-027,S/L=0.3,CT,169,272,262,1298.869,525.131,0.4613698,0.0111672095,0.0020,5e-05,4.0,542,2427,292,1564,0.013,0.003,enclosed-white-center centroid of visible open-square marker,accepted-pass-B
fig169-ct-028,S/L=0.3,CT,169,272,262,1329.349,524.205,0.4759228,0.0111744904,0.0020,5e-05,4.0,542,2427,292,1564,0.013,0.003,enclosed-white-center centroid of visible open-square marker,accepted-pass-B
fig169-ct-029,S/L=0.3,CT,169,272,262,1329.506,485.655,0.4759974,0.0114775537,0.0020,5e-05,4.0,542,2427,292,1564,0.013,0.003,enclosed-white-center centroid of visible open-square marker,accepted-pass-B
fig169-ct-030,S/L=0.3,CT,169,272,262,1356.206,539.662,0.4887455,0.0110529735,0.0020,5e-05,4.0,542,2427,292,1564,0.013,0.003,enclosed-white-center centroid of visible open-square marker,accepted-pass-B
fig169-ct-031,S/L=0.3,CT,169,272,262,1375.787,566.064,0.4980947,0.0108454101,0.0020,5e-05,4.0,542,2427,292,1564,0.013,0.003,enclosed-white-center centroid of visible open-square marker,accepted-pass-B
fig169-ct-032,S/L=0.3,CT,169,272,262,1377.135,528.500,0.4987380,0.0111407233,0.0020,5e-05,4.0,542,2427,292,1564,0.013,0.003,enclosed-white-center centroid of visible open-square marker,accepted-pass-B
fig169-ct-033,S/L=0.3,CT,169,272,262,1415.260,612.041,0.5169412,0.0104839536,0.0020,5e-05,4.0,542,2427,292,1564,0.013,0.003,enclosed-white-center centroid of visible open-square marker,accepted-pass-B
fig169-ct-034,S/L=0.3,CT,169,272,262,1491.405,709.446,0.5532970,0.00971819225,0.0020,5e-05,4.0,542,2427,292,1564,0.013,0.003,enclosed-white-center centroid of visible open-square marker,accepted-pass-B
fig169-ct-035,S/L=0.3,CT,169,272,262,1511.500,755.000,0.5628912,0.00936006289,0.0020,5e-05,4.0,542,2427,292,1564,0.013,0.003,enclosed-white-center centroid of visible open-square marker,accepted-pass-B
fig169-ct-036,S/L=0.3,CT,169,272,262,1568.617,801.290,0.5901619,0.00899615,0.0020,5e-05,4.0,542,2427,292,1564,0.013,0.003,enclosed-white-center centroid of visible open-square marker,accepted-pass-B
fig169-ct-037,S/L=0.3,CT,169,272,262,1585.928,812.919,0.5984271,0.00890472548,0.0020,5e-05,4.0,542,2427,292,1564,0.013,0.003,enclosed-white-center centroid of visible open-square marker,accepted-pass-B
fig169-ct-038,S/L=0.3,CT,169,272,262,1610.483,867.602,0.6101511,0.00847482944,0.0020,5e-05,4.0,542,2427,292,1564,0.013,0.003,enclosed-white-center centroid of visible open-square marker,accepted-pass-B
fig169-ct-039,S/L=0.3,CT,169,272,262,1699.901,948.736,0.6528440,0.00783697906,0.0020,5e-05,4.0,542,2427,292,1564,0.013,0.003,enclosed-white-center centroid of visible open-square marker,accepted-pass-B
fig169-ct-040,S/L=0.3,CT,169,272,262,1724.000,940.774,0.6643501,0.00789957874,0.0020,5e-05,4.0,542,2427,292,1564,0.013,0.003,enclosed-white-center centroid of visible open-square marker,accepted-pass-B
fig169-ct-041,S/L=0.3,CT,169,272,262,1725.027,950.081,0.6648405,0.0078264066,0.0020,5e-05,4.0,542,2427,292,1564,0.013,0.003,enclosed-white-center centroid of visible open-square marker,accepted-pass-B
fig169-ct-042,S/L=0.3,CT,169,272,262,1798.408,974.854,0.6998764,0.00763165215,0.0020,5e-05,4.0,542,2427,292,1564,0.013,0.003,enclosed-white-center centroid of visible open-square marker,accepted-pass-B
fig169-ct-043,S/L=0.3,CT,169,272,262,1886.714,1053.143,0.7420387,0.00701617251,0.0020,5e-05,4.0,542,2427,292,1564,0.013,0.003,enclosed-white-center centroid of visible open-square marker,accepted-pass-B
fig169-ct-044,S/L=0.3,CT,169,272,262,1966.222,1047.658,0.7800000,0.00705929151,0.0020,5e-05,4.0,542,2427,292,1564,0.013,0.003,enclosed-white-center centroid of visible open-square marker,accepted-pass-B
fig169-ct-045,S/L=0.3,CT,169,272,262,1997.188,1075.949,0.7947847,0.00683688115,0.0020,5e-05,4.0,542,2427,292,1564,0.013,0.003,enclosed-white-center centroid of visible open-square marker,accepted-pass-B
fig169-ct-046,S/L=0.3,CT,169,272,262,2115.385,1094.962,0.8512181,0.00668740929,0.0020,5e-05,4.0,542,2427,292,1564,0.013,0.003,enclosed-white-center centroid of visible open-square marker,accepted-pass-B
fig169-ct-047,S/L=0.3,CT,169,272,262,2231.790,1095.871,0.9067964,0.00668025969,0.0020,5e-05,4.0,542,2427,292,1564,0.013,0.003,enclosed-white-center centroid of visible open-square marker,accepted-pass-B
fig169-ct-048,S/L=0.3,CT,169,272,262,2349.319,1093.916,0.9629111,0.0066956292,0.0020,5e-05,4.0,542,2427,292,1564,0.013,0.003,enclosed-white-center centroid of visible open-square marker,accepted-pass-B
fig171-cwp-001,S/L=0.3,CWP,171,273,263,823.000,1482.000,0.2439619,0.000417322835,0.0020,5e-05,5.0,521,2409,265,1535,0.01,0.0,"filled-marker template-match center, visually reviewed",accepted-pass-B
fig171-cwp-002,S/L=0.3,CWP,171,273,263,868.000,1504.000,0.2654131,0.000244094488,0.0020,5e-05,5.0,521,2409,265,1535,0.01,0.0,"filled-marker template-match center, visually reviewed",accepted-pass-B
fig171-cwp-003,S/L=0.3,CWP,171,273,263,893.870,1466.948,0.2777455,0.000535841051,0.0020,5e-05,5.0,521,2409,265,1535,0.01,0.0,dense-core centroid of visible filled measured-CWP marker,accepted-pass-B
fig171-cwp-004,S/L=0.3,CWP,171,273,263,915.000,1437.000,0.2878178,0.000771653543,0.0020,5e-05,5.0,521,2409,265,1535,0.01,0.0,"filled-marker template-match center, visually reviewed",accepted-pass-B
fig171-cwp-005,S/L=0.3,CWP,171,273,263,915.950,1421.558,0.2882705,0.000893245756,0.0020,5e-05,5.0,521,2409,265,1535,0.01,0.0,dense-core centroid of visible filled measured-CWP marker,accepted-pass-B
fig171-cwp-006,S/L=0.3,CWP,171,273,263,934.000,1396.000,0.2968750,0.00109448819,0.0020,5e-05,5.0,521,2409,265,1535,0.01,0.0,"filled-marker template-match center, visually reviewed",accepted-pass-B
fig171-cwp-007,S/L=0.3,CWP,171,273,263,934.736,1379.198,0.2972256,0.00122678467,0.0020,5e-05,5.0,521,2409,265,1535,0.01,0.0,dense-core centroid of visible filled measured-CWP marker,accepted-pass-B
fig171-cwp-008,S/L=0.3,CWP,171,273,263,959.387,1326.279,0.3089770,0.00164347024,0.0020,5e-05,5.0,521,2409,265,1535,0.01,0.0,dense-core centroid of visible filled measured-CWP marker,accepted-pass-B
fig171-cwp-009,S/L=0.3,CWP,171,273,263,981.000,1351.000,0.3192797,0.0014488189,0.0020,5e-05,5.0,521,2409,265,1535,0.01,0.0,"filled-marker template-match center, visually reviewed",accepted-pass-B
fig171-cwp-010,S/L=0.3,CWP,171,273,263,982.537,1336.651,0.3200125,0.0015618033,0.0020,5e-05,5.0,521,2409,265,1535,0.01,0.0,dense-core centroid of visible filled measured-CWP marker,accepted-pass-B
fig171-cwp-011,S/L=0.3,CWP,171,273,263,1001.474,1364.667,0.3290397,0.00134120735,0.0020,5e-05,5.0,521,2409,265,1535,0.01,0.0,dense-core centroid of visible filled measured-CWP marker,accepted-pass-B
fig171-cwp-012,S/L=0.3,CWP,171,273,263,1002.000,1380.000,0.3292903,0.00122047244,0.0020,5e-05,5.0,521,2409,265,1535,0.01,0.0,"filled-marker template-match center, visually reviewed",accepted-pass-B
fig171-cwp-013,S/L=0.3,CWP,171,273,263,1024.779,1407.660,0.3401488,0.00100268052,0.0020,5e-05,5.0,521,2409,265,1535,0.01,0.0,dense-core centroid of visible filled measured-CWP marker,accepted-pass-B
fig171-cwp-014,S/L=0.3,CWP,171,273,263,1025.000,1426.000,0.3402542,0.000858267717,0.0020,5e-05,5.0,521,2409,265,1535,0.01,0.0,"filled-marker template-match center, visually reviewed",accepted-pass-B
fig171-cwp-015,S/L=0.3,CWP,171,273,263,1080.000,1447.000,0.3664725,0.000692913386,0.0020,5e-05,5.0,521,2409,265,1535,0.01,0.0,"filled-marker template-match center, visually reviewed",accepted-pass-B
fig171-cwp-016,S/L=0.3,CWP,171,273,263,1119.068,1358.412,0.3850961,0.00139045305,0.0020,5e-05,5.0,521,2409,265,1535,0.01,0.0,dense-core centroid of visible filled measured-CWP marker,accepted-pass-B
fig171-cwp-017,S/L=0.3,CWP,171,273,263,1120.000,1375.000,0.3855403,0.00125984252,0.0020,5e-05,5.0,521,2409,265,1535,0.01,0.0,"filled-marker template-match center, visually reviewed",accepted-pass-B
fig171-cwp-018,S/L=0.3,CWP,171,273,263,1168.000,1176.000,0.4084216,0.00282677165,0.0020,5e-05,5.0,521,2409,265,1535,0.01,0.0,"filled-marker template-match center, visually reviewed",accepted-pass-B
fig171-cwp-019,S/L=0.3,CWP,171,273,263,1169.004,1160.574,0.4089003,0.00294823803,0.0020,5e-05,5.0,521,2409,265,1535,0.01,0.0,dense-core centroid of visible filled measured-CWP marker,accepted-pass-B
fig171-cwp-020,S/L=0.3,CWP,171,273,263,1212.000,1067.000,0.4293962,0.00368503937,0.0020,5e-05,5.0,521,2409,265,1535,0.01,0.0,"filled-marker template-match center, visually reviewed",accepted-pass-B
fig171-cwp-021,S/L=0.3,CWP,171,273,263,1308.000,802.000,0.4751589,0.00577165354,0.0020,5e-05,5.0,521,2409,265,1535,0.01,0.0,"filled-marker template-match center, visually reviewed",accepted-pass-B
fig171-cwp-022,S/L=0.3,CWP,171,273,263,1308.910,785.049,0.4755926,0.00590512699,0.0020,5e-05,5.0,521,2409,265,1535,0.01,0.0,dense-core centroid of visible filled measured-CWP marker,accepted-pass-B
fig171-cwp-023,S/L=0.3,CWP,171,273,263,1355.000,814.000,0.4975636,0.00567716535,0.0020,5e-05,5.0,521,2409,265,1535,0.01,0.0,"filled-marker template-match center, visually reviewed",accepted-pass-B
fig171-cwp-024,S/L=0.3,CWP,171,273,263,1355.539,798.373,0.4978204,0.00580021215,0.0020,5e-05,5.0,521,2409,265,1535,0.01,0.0,dense-core centroid of visible filled measured-CWP marker,accepted-pass-B
fig171-cwp-025,S/L=0.3,CWP,171,273,263,1423.604,869.245,0.5302666,0.00524216313,0.0020,5e-05,5.0,521,2409,265,1535,0.01,0.0,dense-core centroid of visible filled measured-CWP marker,accepted-pass-B
fig171-cwp-026,S/L=0.3,CWP,171,273,263,1491.000,970.000,0.5623941,0.0044488189,0.0020,5e-05,5.0,521,2409,265,1535,0.01,0.0,"filled-marker template-match center, visually reviewed",accepted-pass-B
fig171-cwp-027,S/L=0.3,CWP,171,273,263,1492.273,956.057,0.5630010,0.00455860418,0.0020,5e-05,5.0,521,2409,265,1535,0.01,0.0,dense-core centroid of visible filled measured-CWP marker,accepted-pass-B
fig171-cwp-028,S/L=0.3,CWP,171,273,263,1585.142,1039.474,0.6072712,0.0039017771,0.0020,5e-05,5.0,521,2409,265,1535,0.01,0.0,dense-core centroid of visible filled measured-CWP marker,accepted-pass-B
fig171-cwp-029,S/L=0.3,CWP,171,273,263,1587.000,1058.000,0.6081568,0.00375590551,0.0020,5e-05,5.0,521,2409,265,1535,0.01,0.0,"filled-marker template-match center, visually reviewed",accepted-pass-B
fig171-cwp-030,S/L=0.3,CWP,171,273,263,1676.807,1092.186,0.6509672,0.0034867254,0.0020,5e-05,5.0,521,2409,265,1535,0.01,0.0,dense-core centroid of visible filled measured-CWP marker,accepted-pass-B
fig171-cwp-031,S/L=0.3,CWP,171,273,263,1678.000,1108.000,0.6515360,0.00336220472,0.0020,5e-05,5.0,521,2409,265,1535,0.01,0.0,"filled-marker template-match center, visually reviewed",accepted-pass-B
fig171-cwp-032,S/L=0.3,CWP,171,273,263,1775.000,1194.000,0.6977754,0.00268503937,0.0020,5e-05,5.0,521,2409,265,1535,0.01,0.0,"filled-marker template-match center, visually reviewed",accepted-pass-B
fig171-cwp-033,S/L=0.3,CWP,171,273,263,1775.408,1178.807,0.6979699,0.00280466915,0.0020,5e-05,5.0,521,2409,265,1535,0.01,0.0,dense-core centroid of visible filled measured-CWP marker,accepted-pass-B
fig171-cwp-034,S/L=0.3,CWP,171,273,263,1863.000,1210.000,0.7397246,0.00255905512,0.0020,5e-05,5.0,521,2409,265,1535,0.01,0.0,"filled-marker template-match center, visually reviewed",accepted-pass-B
fig171-cwp-035,S/L=0.3,CWP,171,273,263,1863.991,1193.667,0.7401971,0.00268766404,0.0020,5e-05,5.0,521,2409,265,1535,0.01,0.0,dense-core centroid of visible filled measured-CWP marker,accepted-pass-B
fig171-cwp-036,S/L=0.3,CWP,171,273,263,1943.000,1150.000,0.7778602,0.00303149606,0.0020,5e-05,5.0,521,2409,265,1535,0.01,0.0,"filled-marker template-match center, visually reviewed",accepted-pass-B
fig171-cwp-037,S/L=0.3,CWP,171,273,263,1943.307,1134.428,0.7780065,0.00315411097,0.0020,5e-05,5.0,521,2409,265,1535,0.01,0.0,dense-core centroid of visible filled measured-CWP marker,accepted-pass-B
fig173-ct-001,S/L=0.4,CT,173,274,264,577.361,1104.649,0.1301718,0.00587006726,0.0020,5e-05,4.0,514,2404,202,1468,0.013,0.003,enclosed-white-center centroid of visible open-square marker,accepted-pass-B
fig173-ct-002,S/L=0.4,CT,173,274,264,637.558,1105.209,0.1588372,0.00586564532,0.0020,5e-05,4.0,514,2404,202,1468,0.013,0.003,enclosed-white-center centroid of visible open-square marker,accepted-pass-B
fig173-ct-003,S/L=0.4,CT,173,274,264,699.097,1128.532,0.1881413,0.00568141976,0.0020,5e-05,4.0,514,2404,202,1468,0.013,0.003,enclosed-white-center centroid of visible open-square marker,accepted-pass-B
fig173-ct-004,S/L=0.4,CT,173,274,264,752.925,1159.519,0.2137736,0.00543665981,0.0020,5e-05,4.0,514,2404,202,1468,0.013,0.003,enclosed-white-center centroid of visible open-square marker,accepted-pass-B
fig173-ct-005,S/L=0.4,CT,173,274,264,756.338,1178.656,0.2153989,0.00528549886,0.0020,5e-05,4.0,514,2404,202,1468,0.013,0.003,enclosed-white-center centroid of visible open-square marker,accepted-pass-B
fig173-ct-006,S/L=0.4,CT,173,274,264,764.065,1144.774,0.2190783,0.00555312643,0.0020,5e-05,4.0,514,2404,202,1468,0.013,0.003,enclosed-white-center centroid of visible open-square marker,accepted-pass-B
fig173-ct-007,S/L=0.4,CT,173,274,264,766.105,1156.632,0.2200501,0.0054594662,0.0020,5e-05,4.0,514,2404,202,1468,0.013,0.003,enclosed-white-center centroid of visible open-square marker,accepted-pass-B
fig173-ct-008,S/L=0.4,CT,173,274,264,777.213,1169.340,0.2253394,0.00535908037,0.0020,5e-05,4.0,514,2404,202,1468,0.013,0.003,enclosed-white-center centroid of visible open-square marker,accepted-pass-B
fig173-ct-009,S/L=0.4,CT,173,274,264,799.939,1100.531,0.2361613,0.0059026018,0.0020,5e-05,4.0,514,2404,202,1468,0.013,0.003,enclosed-white-center centroid of visible open-square marker,accepted-pass-B
fig173-ct-010,S/L=0.4,CT,173,274,264,803.349,1108.326,0.2377852,0.00584103016,0.0020,5e-05,4.0,514,2404,202,1468,0.013,0.003,enclosed-white-center centroid of visible open-square marker,accepted-pass-B
fig173-ct-011,S/L=0.4,CT,173,274,264,809.676,1172.088,0.2407983,0.00533737571,0.0020,5e-05,4.0,514,2404,202,1468,0.013,0.003,enclosed-white-center centroid of visible open-square marker,accepted-pass-B
fig173-ct-012,S/L=0.4,CT,173,274,264,814.421,1118.053,0.2430576,0.00576419722,0.0020,5e-05,4.0,514,2404,202,1468,0.013,0.003,enclosed-white-center centroid of visible open-square marker,accepted-pass-B
fig173-ct-013,S/L=0.4,CT,173,274,264,815.500,1099.810,0.2435714,0.00590829112,0.0020,5e-05,4.0,514,2404,202,1468,0.013,0.003,enclosed-white-center centroid of visible open-square marker,accepted-pass-B
fig173-ct-014,S/L=0.4,CT,173,274,264,823.864,1128.818,0.2475541,0.00567916128,0.0020,5e-05,4.0,514,2404,202,1468,0.013,0.003,enclosed-white-center centroid of visible open-square marker,accepted-pass-B
fig173-ct-015,S/L=0.4,CT,173,274,264,838.122,1127.195,0.2543438,0.00569198166,0.0020,5e-05,4.0,514,2404,202,1468,0.013,0.003,enclosed-white-center centroid of visible open-square marker,accepted-pass-B
fig173-ct-016,S/L=0.4,CT,173,274,264,850.735,1141.816,0.2603499,0.00557649031,0.0020,5e-05,4.0,514,2404,202,1468,0.013,0.003,enclosed-white-center centroid of visible open-square marker,accepted-pass-B
fig173-ct-017,S/L=0.4,CT,173,274,264,862.324,1125.486,0.2658687,0.00570547799,0.0020,5e-05,4.0,514,2404,202,1468,0.013,0.003,enclosed-white-center centroid of visible open-square marker,accepted-pass-B
fig173-ct-018,S/L=0.4,CT,173,274,264,869.590,1143.747,0.2693287,0.00556124022,0.0020,5e-05,4.0,514,2404,202,1468,0.013,0.003,enclosed-white-center centroid of visible open-square marker,accepted-pass-B
fig173-ct-019,S/L=0.4,CT,173,274,264,882.281,1074.812,0.2753720,0.00610574645,0.0020,5e-05,4.0,514,2404,202,1468,0.013,0.003,enclosed-white-center centroid of visible open-square marker,accepted-pass-B
fig173-ct-020,S/L=0.4,CT,173,274,264,884.104,1064.896,0.2762401,0.00618407715,0.0020,5e-05,4.0,514,2404,202,1468,0.013,0.003,enclosed-white-center centroid of visible open-square marker,accepted-pass-B
fig173-ct-021,S/L=0.4,CT,173,274,264,906.940,1041.286,0.2871145,0.00637057098,0.0020,5e-05,4.0,514,2404,202,1468,0.013,0.003,enclosed-white-center centroid of visible open-square marker,accepted-pass-B
fig173-ct-022,S/L=0.4,CT,173,274,264,927.140,1000.340,0.2967333,0.00669399684,0.0020,5e-05,4.0,514,2404,202,1468,0.013,0.003,enclosed-white-center centroid of visible open-square marker,accepted-pass-B
fig173-ct-023,S/L=0.4,CT,173,274,264,940.171,1001.543,0.3029388,0.0066844956,0.0020,5e-05,4.0,514,2404,202,1468,0.013,0.003,enclosed-white-center centroid of visible open-square marker,accepted-pass-B
fig173-ct-024,S/L=0.4,CT,173,274,264,954.535,1017.326,0.3097785,0.00655982953,0.0020,5e-05,4.0,514,2404,202,1468,0.013,0.003,enclosed-white-center centroid of visible open-square marker,accepted-pass-B
fig173-ct-025,S/L=0.4,CT,173,274,264,981.612,1060.949,0.3226725,0.00621525293,0.0020,5e-05,4.0,514,2404,202,1468,0.013,0.003,enclosed-white-center centroid of visible open-square marker,accepted-pass-B
fig173-ct-026,S/L=0.4,CT,173,274,264,986.632,1086.916,0.3250627,0.00601014384,0.0020,5e-05,4.0,514,2404,202,1468,0.013,0.003,enclosed-white-center centroid of visible open-square marker,accepted-pass-B
fig173-ct-027,S/L=0.4,CT,173,274,264,1012.383,1090.517,0.3373254,0.0059817009,0.0020,5e-05,4.0,514,2404,202,1468,0.013,0.003,enclosed-white-center centroid of visible open-square marker,accepted-pass-B
fig173-ct-028,S/L=0.4,CT,173,274,264,1025.964,1088.786,0.3437925,0.0059953735,0.0020,5e-05,4.0,514,2404,202,1468,0.013,0.003,enclosed-white-center centroid of visible open-square marker,accepted-pass-B
fig173-ct-029,S/L=0.4,CT,173,274,264,1042.828,1091.361,0.3518228,0.00597503431,0.0020,5e-05,4.0,514,2404,202,1468,0.013,0.003,enclosed-white-center centroid of visible open-square marker,accepted-pass-B
fig173-ct-030,S/L=0.4,CT,173,274,264,1043.453,1071.747,0.3521206,0.00612996314,0.0020,5e-05,4.0,514,2404,202,1468,0.013,0.003,enclosed-white-center centroid of visible open-square marker,accepted-pass-B
fig173-ct-031,S/L=0.4,CT,173,274,264,1067.200,1017.345,0.3634286,0.00655967255,0.0020,5e-05,4.0,514,2404,202,1468,0.013,0.003,enclosed-white-center centroid of visible open-square marker,accepted-pass-B
fig173-ct-032,S/L=0.4,CT,173,274,264,1103.678,958.289,0.3807989,0.00702615412,0.0020,5e-05,4.0,514,2404,202,1468,0.013,0.003,enclosed-white-center centroid of visible open-square marker,accepted-pass-B
fig173-ct-033,S/L=0.4,CT,173,274,264,1235.067,555.808,0.4433651,0.0102053054,0.0020,5e-05,4.0,514,2404,202,1468,0.013,0.003,enclosed-white-center centroid of visible open-square marker,accepted-pass-B
fig173-ct-034,S/L=0.4,CT,173,274,264,1257.089,578.347,0.4538518,0.0100272767,0.0020,5e-05,4.0,514,2404,202,1468,0.013,0.003,enclosed-white-center centroid of visible open-square marker,accepted-pass-B
fig173-ct-035,S/L=0.4,CT,173,274,264,1277.723,567.993,0.4636778,0.0101090608,0.0020,5e-05,4.0,514,2404,202,1468,0.013,0.003,enclosed-white-center centroid of visible open-square marker,accepted-pass-B
fig173-ct-036,S/L=0.4,CT,173,274,264,1321.809,585.353,0.4846709,0.00997193569,0.0020,5e-05,4.0,514,2404,202,1468,0.013,0.003,enclosed-white-center centroid of visible open-square marker,accepted-pass-B
fig173-ct-037,S/L=0.4,CT,173,274,264,1335.600,582.825,0.4912381,0.00999190363,0.0020,5e-05,4.0,514,2404,202,1468,0.013,0.003,enclosed-white-center centroid of visible open-square marker,accepted-pass-B
fig173-ct-038,S/L=0.4,CT,173,274,264,1350.875,564.759,0.4985119,0.0101346056,0.0020,5e-05,4.0,514,2404,202,1468,0.013,0.003,enclosed-white-center centroid of visible open-square marker,accepted-pass-B
fig173-ct-039,S/L=0.4,CT,173,274,264,1391.757,623.905,0.5179794,0.00966741386,0.0020,5e-05,4.0,514,2404,202,1468,0.013,0.003,enclosed-white-center centroid of visible open-square marker,accepted-pass-B
fig173-ct-040,S/L=0.4,CT,173,274,264,1442.264,649.364,0.5420307,0.00946632199,0.0020,5e-05,4.0,514,2404,202,1468,0.013,0.003,enclosed-white-center centroid of visible open-square marker,accepted-pass-B
fig173-ct-041,S/L=0.4,CT,173,274,264,1461.078,683.765,0.5509897,0.00919459158,0.0020,5e-05,4.0,514,2404,202,1468,0.013,0.003,enclosed-white-center centroid of visible open-square marker,accepted-pass-B
fig173-ct-042,S/L=0.4,CT,173,274,264,1468.796,698.235,0.5546647,0.00908029468,0.0020,5e-05,4.0,514,2404,202,1468,0.013,0.003,enclosed-white-center centroid of visible open-square marker,accepted-pass-B
fig173-ct-043,S/L=0.4,CT,173,274,264,1510.362,713.190,0.5744581,0.00896216702,0.0020,5e-05,4.0,514,2404,202,1468,0.013,0.003,enclosed-white-center centroid of visible open-square marker,accepted-pass-B
fig173-ct-044,S/L=0.4,CT,173,274,264,1533.147,756.395,0.5853082,0.00862088982,0.0020,5e-05,4.0,514,2404,202,1468,0.013,0.003,enclosed-white-center centroid of visible open-square marker,accepted-pass-B
fig173-ct-045,S/L=0.4,CT,173,274,264,1545.774,765.194,0.5913210,0.00855139377,0.0020,5e-05,4.0,514,2404,202,1468,0.013,0.003,enclosed-white-center centroid of visible open-square marker,accepted-pass-B
fig173-ct-046,S/L=0.4,CT,173,274,264,1578.700,773.067,0.6070000,0.00848920484,0.0020,5e-05,4.0,514,2404,202,1468,0.013,0.003,enclosed-white-center centroid of visible open-square marker,accepted-pass-B
fig173-ct-047,S/L=0.4,CT,173,274,264,1625.474,805.588,0.6292734,0.00823232521,0.0020,5e-05,4.0,514,2404,202,1468,0.013,0.003,enclosed-white-center centroid of visible open-square marker,accepted-pass-B
fig173-ct-048,S/L=0.4,CT,173,274,264,1648.405,824.892,0.6401931,0.00807984288,0.0020,5e-05,4.0,514,2404,202,1468,0.013,0.003,enclosed-white-center centroid of visible open-square marker,accepted-pass-B
fig173-ct-049,S/L=0.4,CT,173,274,264,1702.213,871.362,0.6658155,0.00771277646,0.0020,5e-05,4.0,514,2404,202,1468,0.013,0.003,enclosed-white-center centroid of visible open-square marker,accepted-pass-B
fig173-ct-050,S/L=0.4,CT,173,274,264,1720.725,865.975,0.6746310,0.00775533175,0.0020,5e-05,4.0,514,2404,202,1468,0.013,0.003,enclosed-white-center centroid of visible open-square marker,accepted-pass-B
fig173-ct-051,S/L=0.4,CT,173,274,264,1779.509,905.355,0.7026234,0.00744427689,0.0020,5e-05,4.0,514,2404,202,1468,0.013,0.003,enclosed-white-center centroid of visible open-square marker,accepted-pass-B
fig173-ct-052,S/L=0.4,CT,173,274,264,1794.651,897.238,0.7098337,0.00750838787,0.0020,5e-05,4.0,514,2404,202,1468,0.013,0.003,enclosed-white-center centroid of visible open-square marker,accepted-pass-B
fig173-ct-053,S/L=0.4,CT,173,274,264,1813.465,920.059,0.7187930,0.00732812476,0.0020,5e-05,4.0,514,2404,202,1468,0.013,0.003,enclosed-white-center centroid of visible open-square marker,accepted-pass-B
fig173-ct-054,S/L=0.4,CT,173,274,264,1857.836,942.030,0.7399218,0.00715458254,0.0020,5e-05,4.0,514,2404,202,1468,0.013,0.003,enclosed-white-center centroid of visible open-square marker,accepted-pass-B
fig173-ct-055,S/L=0.4,CT,173,274,264,1861.112,923.612,0.7414821,0.00730005924,0.0020,5e-05,4.0,514,2404,202,1468,0.013,0.003,enclosed-white-center centroid of visible open-square marker,accepted-pass-B
fig173-ct-056,S/L=0.4,CT,173,274,264,1968.893,991.940,0.7928061,0.00676034379,0.0020,5e-05,4.0,514,2404,202,1468,0.013,0.003,enclosed-white-center centroid of visible open-square marker,accepted-pass-B
fig173-ct-057,S/L=0.4,CT,173,274,264,1969.347,974.986,0.7930225,0.00689426453,0.0020,5e-05,4.0,514,2404,202,1468,0.013,0.003,enclosed-white-center centroid of visible open-square marker,accepted-pass-B
fig173-ct-058,S/L=0.4,CT,173,274,264,1996.385,975.538,0.8058974,0.00688990157,0.0020,5e-05,4.0,514,2404,202,1468,0.013,0.003,enclosed-white-center centroid of visible open-square marker,accepted-pass-B
fig173-ct-059,S/L=0.4,CT,173,274,264,2085.080,1003.714,0.8481335,0.00666734371,0.0020,5e-05,4.0,514,2404,202,1468,0.013,0.003,enclosed-white-center centroid of visible open-square marker,accepted-pass-B
fig173-ct-060,S/L=0.4,CT,173,274,264,2141.422,999.222,0.8749630,0.00670282605,0.0020,5e-05,4.0,514,2404,202,1468,0.013,0.003,enclosed-white-center centroid of visible open-square marker,accepted-pass-B
fig173-ct-061,S/L=0.4,CT,173,274,264,2205.444,1028.831,0.9054494,0.00646894956,0.0020,5e-05,4.0,514,2404,202,1468,0.013,0.003,enclosed-white-center centroid of visible open-square marker,accepted-pass-B
fig173-ct-062,S/L=0.4,CT,173,274,264,2210.490,1010.288,0.9078526,0.006615415,0.0020,5e-05,4.0,514,2404,202,1468,0.013,0.003,enclosed-white-center centroid of visible open-square marker,accepted-pass-B
fig173-ct-063,S/L=0.4,CT,173,274,264,2324.404,1039.957,0.9620973,0.00638106282,0.0020,5e-05,4.0,514,2404,202,1468,0.013,0.003,enclosed-white-center centroid of visible open-square marker,accepted-pass-B
fig173-ct-064,S/L=0.4,CT,173,274,264,2324.864,1029.983,0.9623164,0.00645984952,0.0020,5e-05,4.0,514,2404,202,1468,0.013,0.003,enclosed-white-center centroid of visible open-square marker,accepted-pass-B
fig175-cwp-001,S/L=0.4,CWP,175,275,265,706.822,1492.497,0.1876733,0.000138142878,0.0020,5e-05,5.0,523,2410,243,1510,0.01,0.0,dense-core centroid of visible filled measured-CWP marker,accepted-pass-B
fig175-cwp-002,S/L=0.4,CWP,175,275,265,890.642,1439.951,0.2753457,0.000552875696,0.0020,5e-05,5.0,523,2410,243,1510,0.01,0.0,dense-core centroid of visible filled measured-CWP marker,accepted-pass-B
fig175-cwp-003,S/L=0.4,CWP,175,275,265,891.226,1478.174,0.2756243,0.000251188097,0.0020,5e-05,5.0,523,2410,243,1510,0.01,0.0,dense-core centroid of visible filled measured-CWP marker,accepted-pass-B
fig175-cwp-004,S/L=0.4,CWP,175,275,265,1119.980,1297.593,0.3847280,0.00167645446,0.0020,5e-05,5.0,523,2410,243,1510,0.01,0.0,dense-core centroid of visible filled measured-CWP marker,accepted-pass-B
fig175-cwp-005,S/L=0.4,CWP,175,275,265,1144.231,1269.954,0.3962945,0.00189459814,0.0020,5e-05,5.0,523,2410,243,1510,0.01,0.0,dense-core centroid of visible filled measured-CWP marker,accepted-pass-B
fig175-cwp-006,S/L=0.4,CWP,175,275,265,1202.493,1100.478,0.4240823,0.0032322209,0.0020,5e-05,5.0,523,2410,243,1510,0.01,0.0,dense-core centroid of visible filled measured-CWP marker,accepted-pass-B
fig175-cwp-007,S/L=0.4,CWP,175,275,265,1238.605,1141.707,0.4413062,0.00290681321,0.0020,5e-05,5.0,523,2410,243,1510,0.01,0.0,dense-core centroid of visible filled measured-CWP marker,accepted-pass-B
fig175-cwp-008,S/L=0.4,CWP,175,275,265,1260.921,906.034,0.4519496,0.00476689531,0.0020,5e-05,5.0,523,2410,243,1510,0.01,0.0,dense-core centroid of visible filled measured-CWP marker,accepted-pass-B
fig175-cwp-009,S/L=0.4,CWP,175,275,265,1269.948,1104.943,0.4562549,0.00319697334,0.0020,5e-05,5.0,523,2410,243,1510,0.01,0.0,dense-core centroid of visible filled measured-CWP marker,accepted-pass-B
fig175-cwp-010,S/L=0.4,CWP,175,275,265,1306.414,1079.168,0.4736474,0.00340041066,0.0020,5e-05,5.0,523,2410,243,1510,0.01,0.0,dense-core centroid of visible filled measured-CWP marker,accepted-pass-B
fig175-cwp-011,S/L=0.4,CWP,175,275,265,1328.704,798.992,0.4842784,0.0056117461,0.0020,5e-05,5.0,523,2410,243,1510,0.01,0.0,dense-core centroid of visible filled measured-CWP marker,accepted-pass-B
fig175-cwp-012,S/L=0.4,CWP,175,275,265,1348.524,783.123,0.4937314,0.00573699573,0.0020,5e-05,5.0,523,2410,243,1510,0.01,0.0,dense-core centroid of visible filled measured-CWP marker,accepted-pass-B
fig175-cwp-013,S/L=0.4,CWP,175,275,265,1354.165,1121.314,0.4964220,0.00306776499,0.0020,5e-05,5.0,523,2410,243,1510,0.01,0.0,dense-core centroid of visible filled measured-CWP marker,accepted-pass-B
fig175-cwp-014,S/L=0.4,CWP,175,275,265,1381.735,816.520,0.5095714,0.00547339851,0.0020,5e-05,5.0,523,2410,243,1510,0.01,0.0,dense-core centroid of visible filled measured-CWP marker,accepted-pass-B
fig175-cwp-015,S/L=0.4,CWP,175,275,265,1398.712,948.475,0.5176687,0.00443192811,0.0020,5e-05,5.0,523,2410,243,1510,0.01,0.0,dense-core centroid of visible filled measured-CWP marker,accepted-pass-B
fig175-cwp-016,S/L=0.4,CWP,175,275,265,1675.268,1042.426,0.6495714,0.00369040622,0.0020,5e-05,5.0,523,2410,243,1510,0.01,0.0,dense-core centroid of visible filled measured-CWP marker,accepted-pass-B
fig175-cwp-017,S/L=0.4,CWP,175,275,265,1819.968,1147.615,0.7185855,0.0028601785,0.0020,5e-05,5.0,523,2410,243,1510,0.01,0.0,dense-core centroid of visible filled measured-CWP marker,accepted-pass-B
fig175-cwp-018,S/L=0.4,CWP,175,275,265,1911.987,1141.203,0.7624739,0.00291078561,0.0020,5e-05,5.0,523,2410,243,1510,0.01,0.0,dense-core centroid of visible filled measured-CWP marker,accepted-pass-B
fig175-cwp-019,S/L=0.4,CWP,175,275,265,2000.849,1191.597,0.8048564,0.00251304408,0.0020,5e-05,5.0,523,2410,243,1510,0.01,0.0,dense-core centroid of visible filled measured-CWP marker,accepted-pass-B
fig175-cwp-020,S/L=0.4,CWP,175,275,265,2004.291,1005.209,0.8064979,0.00398414048,0.0020,5e-05,5.0,523,2410,243,1510,0.01,0.0,dense-core centroid of visible filled measured-CWP marker,accepted-pass-B
fig175-cwp-021,S/L=0.4,CWP,175,275,265,2076.510,1056.215,0.8409428,0.00358157399,0.0020,5e-05,5.0,523,2410,243,1510,0.01,0.0,dense-core centroid of visible filled measured-CWP marker,accepted-pass-B
fig175-cwp-022,S/L=0.4,CWP,175,275,265,2082.304,1244.180,0.8437064,0.00209802738,0.0020,5e-05,5.0,523,2410,243,1510,0.01,0.0,dense-core centroid of visible filled measured-CWP marker,accepted-pass-B
fig175-cwp-023,S/L=0.4,CWP,175,275,265,2192.546,1255.844,0.8962861,0.00200596791,0.0020,5e-05,5.0,523,2410,243,1510,0.01,0.0,dense-core centroid of visible filled measured-CWP marker,accepted-pass-B
fig175-cwp-024,S/L=0.4,CWP,175,275,265,2261.777,1064.602,0.9293052,0.00351537275,0.0020,5e-05,5.0,523,2410,243,1510,0.01,0.0,dense-core centroid of visible filled measured-CWP marker,accepted-pass-B
fig175-cwp-025,S/L=0.4,CWP,175,275,265,2287.944,1319.350,0.9417855,0.00150473856,0.0020,5e-05,5.0,523,2410,243,1510,0.01,0.0,dense-core centroid of visible filled measured-CWP marker,accepted-pass-B
fig177-ct-001,S/L=0.5,CT,177,276,266,580.146,1193.744,0.1301175,0.00584345445,0.0020,5e-05,4.0,517,2404,282,1556,0.013,0.003,enclosed-white-center centroid of visible open-square marker,accepted-pass-B
fig177-ct-002,S/L=0.5,CT,177,276,266,638.214,1204.107,0.1578129,0.00576211034,0.0020,5e-05,4.0,517,2404,282,1556,0.013,0.003,enclosed-white-center centroid of visible open-square marker,accepted-pass-B
fig177-ct-003,S/L=0.5,CT,177,276,266,817.632,1204.461,0.2433855,0.00575933653,0.0020,5e-05,4.0,517,2404,282,1556,0.013,0.003,enclosed-white-center centroid of visible open-square marker,accepted-pass-B
fig177-ct-004,S/L=0.5,CT,177,276,266,818.640,1215.380,0.2438665,0.00567362637,0.0020,5e-05,4.0,517,2404,282,1556,0.013,0.003,enclosed-white-center centroid of visible open-square marker,accepted-pass-B
fig177-ct-005,S/L=0.5,CT,177,276,266,861.239,1197.537,0.2641839,0.00581367886,0.0020,5e-05,4.0,517,2404,282,1556,0.013,0.003,enclosed-white-center centroid of visible open-square marker,accepted-pass-B
fig177-ct-006,S/L=0.5,CT,177,276,266,874.933,1200.667,0.2707154,0.00578911565,0.0020,5e-05,4.0,517,2404,282,1556,0.013,0.003,enclosed-white-center centroid of visible open-square marker,accepted-pass-B
fig177-ct-007,S/L=0.5,CT,177,276,266,887.551,1185.265,0.2767334,0.00591000545,0.0020,5e-05,4.0,517,2404,282,1556,0.013,0.003,enclosed-white-center centroid of visible open-square marker,accepted-pass-B
fig177-ct-008,S/L=0.5,CT,177,276,266,913.393,1153.951,0.2890589,0.00615580204,0.0020,5e-05,4.0,517,2404,282,1556,0.013,0.003,enclosed-white-center centroid of visible open-square marker,accepted-pass-B
fig177-ct-009,S/L=0.5,CT,177,276,266,931.388,1132.837,0.2976412,0.00632153269,0.0020,5e-05,4.0,517,2404,282,1556,0.013,0.003,enclosed-white-center centroid of visible open-square marker,accepted-pass-B
fig177-ct-010,S/L=0.5,CT,177,276,266,933.649,1140.081,0.2987195,0.00626466969,0.0020,5e-05,4.0,517,2404,282,1556,0.013,0.003,enclosed-white-center centroid of visible open-square marker,accepted-pass-B
fig177-ct-011,S/L=0.5,CT,177,276,266,976.431,1148.034,0.3191245,0.00620224111,0.0020,5e-05,4.0,517,2404,282,1556,0.013,0.003,enclosed-white-center centroid of visible open-square marker,accepted-pass-B
fig177-ct-012,S/L=0.5,CT,177,276,266,978.314,1138.857,0.3200227,0.00627427674,0.0020,5e-05,4.0,517,2404,282,1556,0.013,0.003,enclosed-white-center centroid of visible open-square marker,accepted-pass-B
fig177-ct-013,S/L=0.5,CT,177,276,266,990.263,1154.474,0.3257217,0.00615169793,0.0020,5e-05,4.0,517,2404,282,1556,0.013,0.003,enclosed-white-center centroid of visible open-square marker,accepted-pass-B
fig177-ct-014,S/L=0.5,CT,177,276,266,1026.324,1144.882,0.3429206,0.0062269831,0.0020,5e-05,4.0,517,2404,282,1556,0.013,0.003,enclosed-white-center centroid of visible open-square marker,accepted-pass-B
fig177-ct-015,S/L=0.5,CT,177,276,266,1047.191,1122.135,0.3528733,0.00640553507,0.0020,5e-05,4.0,517,2404,282,1556,0.013,0.003,enclosed-white-center centroid of visible open-square marker,accepted-pass-B
fig177-ct-016,S/L=0.5,CT,177,276,266,1076.305,1091.068,0.3667592,0.00664938935,0.0020,5e-05,4.0,517,2404,282,1556,0.013,0.003,enclosed-white-center centroid of visible open-square marker,accepted-pass-B
fig177-ct-017,S/L=0.5,CT,177,276,266,1093.970,1022.515,0.3751843,0.00718747919,0.0020,5e-05,4.0,517,2404,282,1556,0.013,0.003,enclosed-white-center centroid of visible open-square marker,accepted-pass-B
fig177-ct-018,S/L=0.5,CT,177,276,266,1106.928,1009.130,0.3813645,0.00729253976,0.0020,5e-05,4.0,517,2404,282,1556,0.013,0.003,enclosed-white-center centroid of visible open-square marker,accepted-pass-B
fig177-ct-019,S/L=0.5,CT,177,276,266,1234.320,731.214,0.4421242,0.00947399064,0.0020,5e-05,4.0,517,2404,282,1556,0.013,0.003,enclosed-white-center centroid of visible open-square marker,accepted-pass-B
fig177-ct-020,S/L=0.5,CT,177,276,266,1337.309,727.545,0.4912443,0.00950278873,0.0020,5e-05,4.0,517,2404,282,1556,0.013,0.003,enclosed-white-center centroid of visible open-square marker,accepted-pass-B
fig177-ct-021,S/L=0.5,CT,177,276,266,1350.299,719.253,0.4974398,0.00956787383,0.0020,5e-05,4.0,517,2404,282,1556,0.013,0.003,enclosed-white-center centroid of visible open-square marker,accepted-pass-B
fig177-ct-022,S/L=0.5,CT,177,276,266,1393.472,734.283,0.5180310,0.00944989781,0.0020,5e-05,4.0,517,2404,282,1556,0.013,0.003,enclosed-white-center centroid of visible open-square marker,accepted-pass-B
fig177-ct-023,S/L=0.5,CT,177,276,266,1468.634,806.073,0.5538796,0.00888639583,0.0020,5e-05,4.0,517,2404,282,1556,0.013,0.003,enclosed-white-center centroid of visible open-square marker,accepted-pass-B
fig177-ct-024,S/L=0.5,CT,177,276,266,1472.380,820.574,0.5556660,0.00877257399,0.0020,5e-05,4.0,517,2404,282,1556,0.013,0.003,enclosed-white-center centroid of visible open-square marker,accepted-pass-B
fig177-ct-025,S/L=0.5,CT,177,276,266,1546.180,851.131,0.5908650,0.00853272255,0.0020,5e-05,4.0,517,2404,282,1556,0.013,0.003,enclosed-white-center centroid of visible open-square marker,accepted-pass-B
fig177-ct-026,S/L=0.5,CT,177,276,266,1546.467,872.547,0.5910018,0.00836461974,0.0020,5e-05,4.0,517,2404,282,1556,0.013,0.003,enclosed-white-center centroid of visible open-square marker,accepted-pass-B
fig177-ct-027,S/L=0.5,CT,177,276,266,1581.927,879.594,0.6079143,0.00830931122,0.0020,5e-05,4.0,517,2404,282,1556,0.013,0.003,enclosed-white-center centroid of visible open-square marker,accepted-pass-B
fig177-ct-028,S/L=0.5,CT,177,276,266,1624.190,908.120,0.6280715,0.00808540031,0.0020,5e-05,4.0,517,2404,282,1556,0.013,0.003,enclosed-white-center centroid of visible open-square marker,accepted-pass-B
fig177-ct-029,S/L=0.5,CT,177,276,266,1627.651,928.458,0.6297221,0.00792576271,0.0020,5e-05,4.0,517,2404,282,1556,0.013,0.003,enclosed-white-center centroid of visible open-square marker,accepted-pass-B
fig177-ct-030,S/L=0.5,CT,177,276,266,1705.594,959.789,0.6668970,0.00767983145,0.0020,5e-05,4.0,517,2404,282,1556,0.013,0.003,enclosed-white-center centroid of visible open-square marker,accepted-pass-B
fig177-ct-031,S/L=0.5,CT,177,276,266,1857.133,1012.717,0.7391733,0.00726439037,0.0020,5e-05,4.0,517,2404,282,1556,0.013,0.003,enclosed-white-center centroid of visible open-square marker,accepted-pass-B
fig177-ct-032,S/L=0.5,CT,177,276,266,2090.632,1082.000,0.8505401,0.00672056515,0.0020,5e-05,4.0,517,2404,282,1556,0.013,0.003,enclosed-white-center centroid of visible open-square marker,accepted-pass-B
fig179-cwp-001,S/L=0.5,CWP,179,277,267,706.819,1492.978,0.1867643,0.000150013097,0.0020,5e-05,5.0,525,2411,244,1512,0.01,0.0,dense-core centroid of visible filled measured-CWP marker,accepted-pass-B
fig179-cwp-002,S/L=0.5,CWP,179,277,267,756.440,1482.526,0.2104431,0.000232445883,0.0020,5e-05,5.0,525,2411,244,1512,0.01,0.0,dense-core centroid of visible filled measured-CWP marker,accepted-pass-B
fig179-cwp-003,S/L=0.5,CWP,179,277,267,788.000,1452.000,0.2255037,0.00047318612,0.0020,5e-05,5.0,525,2411,244,1512,0.01,0.0,"filled-marker template-match center, visually reviewed",accepted-pass-B
fig179-cwp-004,S/L=0.5,CWP,179,277,267,859.000,1436.000,0.2593849,0.000599369085,0.0020,5e-05,5.0,525,2411,244,1512,0.01,0.0,"filled-marker template-match center, visually reviewed",accepted-pass-B
fig179-cwp-005,S/L=0.5,CWP,179,277,267,884.000,1409.000,0.2713150,0.000812302839,0.0020,5e-05,5.0,525,2411,244,1512,0.01,0.0,"filled-marker template-match center, visually reviewed",accepted-pass-B
fig179-cwp-006,S/L=0.5,CWP,179,277,267,910.000,1375.000,0.2837222,0.00108044164,0.0020,5e-05,5.0,525,2411,244,1512,0.01,0.0,"filled-marker template-match center, visually reviewed",accepted-pass-B
fig179-cwp-007,S/L=0.5,CWP,179,277,267,955.000,1371.000,0.3051962,0.00111198738,0.0020,5e-05,5.0,525,2411,244,1512,0.01,0.0,"filled-marker template-match center, visually reviewed",accepted-pass-B
fig179-cwp-008,S/L=0.5,CWP,179,277,267,974.000,1358.000,0.3142630,0.00121451104,0.0020,5e-05,5.0,525,2411,244,1512,0.01,0.0,"filled-marker template-match center, visually reviewed",accepted-pass-B
fig179-cwp-009,S/L=0.5,CWP,179,277,267,1010.776,1367.528,0.3318123,0.00113937256,0.0020,5e-05,5.0,525,2411,244,1512,0.01,0.0,dense-core centroid of visible filled measured-CWP marker,accepted-pass-B
fig179-cwp-010,S/L=0.5,CWP,179,277,267,1031.470,1335.458,0.3416878,0.00139228575,0.0020,5e-05,5.0,525,2411,244,1512,0.01,0.0,dense-core centroid of visible filled measured-CWP marker,accepted-pass-B
fig179-cwp-011,S/L=0.5,CWP,179,277,267,1049.598,1343.192,0.3503382,0.00133129095,0.0020,5e-05,5.0,525,2411,244,1512,0.01,0.0,dense-core centroid of visible filled measured-CWP marker,accepted-pass-B
fig179-cwp-012,S/L=0.5,CWP,179,277,267,1077.536,1300.770,0.3636705,0.00166585363,0.0020,5e-05,5.0,525,2411,244,1512,0.01,0.0,dense-core centroid of visible filled measured-CWP marker,accepted-pass-B
fig179-cwp-013,S/L=0.5,CWP,179,277,267,1102.034,1268.884,0.3753609,0.00191732238,0.0020,5e-05,5.0,525,2411,244,1512,0.01,0.0,dense-core centroid of visible filled measured-CWP marker,accepted-pass-B
fig179-cwp-014,S/L=0.5,CWP,179,277,267,1113.000,1187.000,0.3805938,0.00256309148,0.0020,5e-05,5.0,525,2411,244,1512,0.01,0.0,"filled-marker template-match center, visually reviewed",accepted-pass-B
fig179-cwp-015,S/L=0.5,CWP,179,277,267,1137.000,1175.000,0.3920467,0.00265772871,0.0020,5e-05,5.0,525,2411,244,1512,0.01,0.0,"filled-marker template-match center, visually reviewed",accepted-pass-B
fig179-cwp-016,S/L=0.5,CWP,179,277,267,1170.369,1148.003,0.4079704,0.00287063953,0.0020,5e-05,5.0,525,2411,244,1512,0.01,0.0,dense-core centroid of visible filled measured-CWP marker,accepted-pass-B
fig179-cwp-017,S/L=0.5,CWP,179,277,267,1204.040,1100.229,0.4240381,0.0032474065,0.0020,5e-05,5.0,525,2411,244,1512,0.01,0.0,dense-core centroid of visible filled measured-CWP marker,accepted-pass-B
fig179-cwp-018,S/L=0.5,CWP,179,277,267,1236.761,1035.355,0.4396525,0.00375903124,0.0020,5e-05,5.0,525,2411,244,1512,0.01,0.0,dense-core centroid of visible filled measured-CWP marker,accepted-pass-B
fig179-cwp-019,S/L=0.5,CWP,179,277,267,1275.548,975.724,0.4581619,0.00422930718,0.0020,5e-05,5.0,525,2411,244,1512,0.01,0.0,dense-core centroid of visible filled measured-CWP marker,accepted-pass-B
fig179-cwp-020,S/L=0.5,CWP,179,277,267,1305.000,864.000,0.4722163,0.00511041009,0.0020,5e-05,5.0,525,2411,244,1512,0.01,0.0,"filled-marker template-match center, visually reviewed",accepted-pass-B
fig179-cwp-021,S/L=0.5,CWP,179,277,267,1356.866,971.836,0.4969669,0.00425996505,0.0020,5e-05,5.0,525,2411,244,1512,0.01,0.0,dense-core centroid of visible filled measured-CWP marker,accepted-pass-B
fig179-cwp-022,S/L=0.5,CWP,179,277,267,1374.380,937.105,0.5053245,0.00453387379,0.0020,5e-05,5.0,525,2411,244,1512,0.01,0.0,dense-core centroid of visible filled measured-CWP marker,accepted-pass-B
fig179-cwp-023,S/L=0.5,CWP,179,277,267,1401.095,1054.788,0.5180728,0.00360577383,0.0020,5e-05,5.0,525,2411,244,1512,0.01,0.0,dense-core centroid of visible filled measured-CWP marker,accepted-pass-B
fig179-cwp-024,S/L=0.5,CWP,179,277,267,1455.108,1105.368,0.5438481,0.00320687515,0.0020,5e-05,5.0,525,2411,244,1512,0.01,0.0,dense-core centroid of visible filled measured-CWP marker,accepted-pass-B
fig179-cwp-025,S/L=0.5,CWP,179,277,267,1472.000,1000.000,0.5519088,0.00403785489,0.0020,5e-05,5.0,525,2411,244,1512,0.01,0.0,"filled-marker template-match center, visually reviewed",accepted-pass-B
fig179-cwp-026,S/L=0.5,CWP,179,277,267,1522.362,1159.101,0.5759415,0.00278311714,0.0020,5e-05,5.0,525,2411,244,1512,0.01,0.0,dense-core centroid of visible filled measured-CWP marker,accepted-pass-B
fig179-cwp-027,S/L=0.5,CWP,179,277,267,1555.579,1021.959,0.5917928,0.00386467653,0.0020,5e-05,5.0,525,2411,244,1512,0.01,0.0,dense-core centroid of visible filled measured-CWP marker,accepted-pass-B
fig179-cwp-028,S/L=0.5,CWP,179,277,267,1593.137,1150.863,0.6097156,0.00284808679,0.0020,5e-05,5.0,525,2411,244,1512,0.01,0.0,dense-core centroid of visible filled measured-CWP marker,accepted-pass-B
fig179-cwp-029,S/L=0.5,CWP,179,277,267,1640.025,1083.763,0.6320902,0.0033772628,0.0020,5e-05,5.0,525,2411,244,1512,0.01,0.0,dense-core centroid of visible filled measured-CWP marker,accepted-pass-B
fig179-cwp-030,S/L=0.5,CWP,179,277,267,1663.178,1168.946,0.6431388,0.00270547361,0.0020,5e-05,5.0,525,2411,244,1512,0.01,0.0,dense-core centroid of visible filled measured-CWP marker,accepted-pass-B
fig179-cwp-031,S/L=0.5,CWP,179,277,267,1718.116,1044.888,0.6693554,0.00368385109,0.0020,5e-05,5.0,525,2411,244,1512,0.01,0.0,dense-core centroid of visible filled measured-CWP marker,accepted-pass-B
fig179-cwp-032,S/L=0.5,CWP,179,277,267,1733.726,1189.312,0.6768044,0.00254485781,0.0020,5e-05,5.0,525,2411,244,1512,0.01,0.0,dense-core centroid of visible filled measured-CWP marker,accepted-pass-B
fig179-cwp-033,S/L=0.5,CWP,179,277,267,1790.845,1176.223,0.7040615,0.00264808663,0.0020,5e-05,5.0,525,2411,244,1512,0.01,0.0,dense-core centroid of visible filled measured-CWP marker,accepted-pass-B
fig179-cwp-034,S/L=0.5,CWP,179,277,267,1805.213,1225.632,0.7109184,0.00225841947,0.0020,5e-05,5.0,525,2411,244,1512,0.01,0.0,dense-core centroid of visible filled measured-CWP marker,accepted-pass-B
fig179-cwp-035,S/L=0.5,CWP,179,277,267,1872.123,1199.628,0.7428478,0.00246350546,0.0020,5e-05,5.0,525,2411,244,1512,0.01,0.0,dense-core centroid of visible filled measured-CWP marker,accepted-pass-B
fig179-cwp-036,S/L=0.5,CWP,179,277,267,1955.000,1214.000,0.7823966,0.00235015773,0.0020,5e-05,5.0,525,2411,244,1512,0.01,0.0,"filled-marker template-match center, visually reviewed",accepted-pass-B
fig179-cwp-037,S/L=0.5,CWP,179,277,267,2059.451,1245.988,0.8322405,0.00209788916,0.0020,5e-05,5.0,525,2411,244,1512,0.01,0.0,dense-core centroid of visible filled measured-CWP marker,accepted-pass-B
fig179-cwp-038,S/L=0.5,CWP,179,277,267,2129.945,1249.370,0.8658805,0.0020712148,0.0020,5e-05,5.0,525,2411,244,1512,0.01,0.0,dense-core centroid of visible filled measured-CWP marker,accepted-pass-B
fig179-cwp-039,S/L=0.5,CWP,179,277,267,2239.428,1303.865,0.9181256,0.0016414436,0.0020,5e-05,5.0,525,2411,244,1512,0.01,0.0,dense-core centroid of visible filled measured-CWP marker,accepted-pass-B
fig179-cwp-040,S/L=0.5,CWP,179,277,267,2335.264,1353.550,0.9638590,0.00124960894,0.0020,5e-05,5.0,525,2411,244,1512,0.01,0.0,dense-core centroid of visible filled measured-CWP marker,accepted-pass-B
fig162-trim_deg-001,monohull,trim_deg,162,268,258,586.857,2929.400,0.1301714,-0.0240566038,0.0020,0.04,4.0,524,2399,2078,3350,6.0,-3.0,enclosed-white-center centroid of visible open-square marker,accepted-pass-B
fig162-trim_deg-002,monohull,trim_deg,162,268,258,587.031,2921.344,0.1302550,0.0329451651,0.0020,0.04,4.0,524,2399,2078,3350,6.0,-3.0,enclosed-white-center centroid of visible open-square marker,accepted-pass-B
fig162-trim_deg-003,monohull,trim_deg,162,268,258,641.438,2932.094,0.1563700,-0.0431161557,0.0020,0.04,4.0,524,2399,2078,3350,6.0,-3.0,enclosed-white-center centroid of visible open-square marker,accepted-pass-B
fig162-trim_deg-004,monohull,trim_deg,162,268,258,699.975,2933.800,0.1844680,-0.0551886792,0.0020,0.04,4.0,524,2399,2078,3350,6.0,-3.0,enclosed-white-center centroid of visible open-square marker,accepted-pass-B
fig162-trim_deg-005,monohull,trim_deg,162,268,258,700.107,2925.107,0.1845314,0.00631738544,0.0020,0.04,4.0,524,2399,2078,3350,6.0,-3.0,enclosed-white-center centroid of visible open-square marker,accepted-pass-B
fig162-trim_deg-006,monohull,trim_deg,162,268,258,711.443,2857.639,0.1899725,0.483683885,0.0020,0.04,4.0,524,2399,2078,3350,6.0,-3.0,enclosed-white-center centroid of visible open-square marker,accepted-pass-B
fig162-trim_deg-007,monohull,trim_deg,162,268,258,756.985,2923.235,0.2118329,0.0195615982,0.0020,0.04,4.0,524,2399,2078,3350,6.0,-3.0,enclosed-white-center centroid of visible open-square marker,accepted-pass-B
fig162-trim_deg-008,monohull,trim_deg,162,268,258,815.451,2924.490,0.2398965,0.0106825749,0.0020,0.04,4.0,524,2399,2078,3350,6.0,-3.0,enclosed-white-center centroid of visible open-square marker,accepted-pass-B
fig162-trim_deg-009,monohull,trim_deg,162,268,258,815.500,2933.367,0.2399200,-0.0521226415,0.0020,0.04,4.0,524,2399,2078,3350,6.0,-3.0,enclosed-white-center centroid of visible open-square marker,accepted-pass-B
fig162-trim_deg-010,monohull,trim_deg,162,268,258,873.720,2931.933,0.2678656,-0.0419811321,0.0020,0.04,4.0,524,2399,2078,3350,6.0,-3.0,enclosed-white-center centroid of visible open-square marker,accepted-pass-B
fig162-trim_deg-011,monohull,trim_deg,162,268,258,923.650,2780.650,0.2918320,1.02841981,0.0020,0.04,4.0,524,2399,2078,3350,6.0,-3.0,enclosed-white-center centroid of visible open-square marker,accepted-pass-B
fig162-trim_deg-012,monohull,trim_deg,162,268,258,931.233,2924.567,0.2954720,0.0101415094,0.0020,0.04,4.0,524,2399,2078,3350,6.0,-3.0,enclosed-white-center centroid of visible open-square marker,accepted-pass-B
fig162-trim_deg-013,monohull,trim_deg,162,268,258,931.378,2933.822,0.2955413,-0.0553459119,0.0020,0.04,4.0,524,2399,2078,3350,6.0,-3.0,enclosed-white-center centroid of visible open-square marker,accepted-pass-B
fig162-trim_deg-014,monohull,trim_deg,162,268,258,989.058,2937.551,0.3232278,-0.0817268253,0.0020,0.04,4.0,524,2399,2078,3350,6.0,-3.0,enclosed-white-center centroid of visible open-square marker,accepted-pass-B
fig162-trim_deg-015,monohull,trim_deg,162,268,258,1047.900,2924.833,0.3514720,0.00825471698,0.0020,0.04,4.0,524,2399,2078,3350,6.0,-3.0,enclosed-white-center centroid of visible open-square marker,accepted-pass-B
fig162-trim_deg-016,monohull,trim_deg,162,268,258,1049.342,2933.842,0.3521642,-0.0554865938,0.0020,0.04,4.0,524,2399,2078,3350,6.0,-3.0,enclosed-white-center centroid of visible open-square marker,accepted-pass-B
fig162-trim_deg-017,monohull,trim_deg,162,268,258,1107.351,2869.270,0.3800086,0.401389597,0.0020,0.04,4.0,524,2399,2078,3350,6.0,-3.0,enclosed-white-center centroid of visible open-square marker,accepted-pass-B
fig162-trim_deg-018,monohull,trim_deg,162,268,258,1166.051,2787.881,0.4081844,0.977254557,0.0020,0.04,4.0,524,2399,2078,3350,6.0,-3.0,enclosed-white-center centroid of visible open-square marker,accepted-pass-B
fig162-trim_deg-019,monohull,trim_deg,162,268,258,1223.058,2547.635,0.4355477,2.67711357,0.0020,0.04,4.0,524,2399,2078,3350,6.0,-3.0,enclosed-white-center centroid of visible open-square marker,accepted-pass-B
fig162-trim_deg-020,monohull,trim_deg,162,268,258,1223.866,2734.164,0.4359355,1.35732892,0.0020,0.04,4.0,524,2399,2078,3350,6.0,-3.0,enclosed-white-center centroid of visible open-square marker,accepted-pass-B
fig162-trim_deg-021,monohull,trim_deg,162,268,258,1224.912,2539.544,0.4364379,2.73435948,0.0020,0.04,4.0,524,2399,2078,3350,6.0,-3.0,enclosed-white-center centroid of visible open-square marker,accepted-pass-B
fig162-trim_deg-022,monohull,trim_deg,162,268,258,1282.098,2661.366,0.4638868,1.87241141,0.0020,0.04,4.0,524,2399,2078,3350,6.0,-3.0,enclosed-white-center centroid of visible open-square marker,accepted-pass-B
fig162-trim_deg-023,monohull,trim_deg,162,268,258,1334.576,2550.606,0.4890764,2.65608919,0.0020,0.04,4.0,524,2399,2078,3350,6.0,-3.0,enclosed-white-center centroid of visible open-square marker,accepted-pass-B
fig162-trim_deg-024,monohull,trim_deg,162,268,258,1339.839,2621.935,0.4916026,2.15139988,0.0020,0.04,4.0,524,2399,2078,3350,6.0,-3.0,enclosed-white-center centroid of visible open-square marker,accepted-pass-B
fig162-trim_deg-025,monohull,trim_deg,162,268,258,1397.326,2604.093,0.5191963,2.2776437,0.0020,0.04,4.0,524,2399,2078,3350,6.0,-3.0,enclosed-white-center centroid of visible open-square marker,accepted-pass-B
fig162-trim_deg-026,monohull,trim_deg,162,268,258,1454.571,2583.286,0.5466743,2.42486523,0.0020,0.04,4.0,524,2399,2078,3350,6.0,-3.0,enclosed-white-center centroid of visible open-square marker,accepted-pass-B
fig162-trim_deg-027,monohull,trim_deg,162,268,258,1472.844,2568.133,0.5554453,2.53207547,0.0020,0.04,4.0,524,2399,2078,3350,6.0,-3.0,enclosed-white-center centroid of visible open-square marker,accepted-pass-B
fig162-trim_deg-028,monohull,trim_deg,162,268,258,1549.725,2556.850,0.5923480,2.61191038,0.0020,0.04,4.0,524,2399,2078,3350,6.0,-3.0,enclosed-white-center centroid of visible open-square marker,accepted-pass-B
fig162-trim_deg-029,monohull,trim_deg,162,268,258,1628.100,2552.075,0.6299680,2.64569575,0.0020,0.04,4.0,524,2399,2078,3350,6.0,-3.0,enclosed-white-center centroid of visible open-square marker,accepted-pass-B
fig162-trim_deg-030,monohull,trim_deg,162,268,258,1628.839,2562.258,0.6303226,2.57364577,0.0020,0.04,4.0,524,2399,2078,3350,6.0,-3.0,enclosed-white-center centroid of visible open-square marker,accepted-pass-B
fig162-trim_deg-031,monohull,trim_deg,162,268,258,1744.756,2557.512,0.6859629,2.60722503,0.0020,0.04,4.0,524,2399,2078,3350,6.0,-3.0,enclosed-white-center centroid of visible open-square marker,accepted-pass-B
fig162-trim_deg-032,monohull,trim_deg,162,268,258,1745.474,2548.053,0.6863074,2.67415591,0.0020,0.04,4.0,524,2399,2078,3350,6.0,-3.0,enclosed-white-center centroid of visible open-square marker,accepted-pass-B
fig162-trim_deg-033,monohull,trim_deg,162,268,258,1859.924,2547.045,0.7412436,2.68128216,0.0020,0.04,4.0,524,2399,2078,3350,6.0,-3.0,enclosed-white-center centroid of visible open-square marker,accepted-pass-B
fig162-trim_deg-034,monohull,trim_deg,162,268,258,1860.308,2537.154,0.7414277,2.75126996,0.0020,0.04,4.0,524,2399,2078,3350,6.0,-3.0,enclosed-white-center centroid of visible open-square marker,accepted-pass-B
fig162-trim_deg-035,monohull,trim_deg,162,268,258,1974.919,2519.514,0.7964411,2.87608363,0.0020,0.04,4.0,524,2399,2078,3350,6.0,-3.0,enclosed-white-center centroid of visible open-square marker,accepted-pass-B
fig162-trim_deg-036,monohull,trim_deg,162,268,258,1975.895,2527.474,0.7969095,2.81976167,0.0020,0.04,4.0,524,2399,2078,3350,6.0,-3.0,enclosed-white-center centroid of visible open-square marker,accepted-pass-B
fig162-trim_deg-037,monohull,trim_deg,162,268,258,2094.480,2492.080,0.8538304,3.07018868,0.0020,0.04,4.0,524,2399,2078,3350,6.0,-3.0,enclosed-white-center centroid of visible open-square marker,accepted-pass-B
fig162-trim_deg-038,monohull,trim_deg,162,268,258,2094.769,2501.558,0.8539692,3.00312954,0.0020,0.04,4.0,524,2399,2078,3350,6.0,-3.0,enclosed-white-center centroid of visible open-square marker,accepted-pass-B
fig162-trim_deg-039,monohull,trim_deg,162,268,258,2213.697,2465.242,0.9110545,3.26007719,0.0020,0.04,4.0,524,2399,2078,3350,6.0,-3.0,enclosed-white-center centroid of visible open-square marker,accepted-pass-B
fig162-trim_deg-040,monohull,trim_deg,162,268,258,2214.027,2473.595,0.9112130,3.20098164,0.0020,0.04,4.0,524,2399,2078,3350,6.0,-3.0,enclosed-white-center centroid of visible open-square marker,accepted-pass-B
fig162-trim_deg-041,monohull,trim_deg,162,268,258,2315.387,2450.213,0.9598660,3.36642099,0.0020,0.04,4.0,524,2399,2078,3350,6.0,-3.0,enclosed-white-center centroid of visible open-square marker,accepted-pass-B
fig162-trim_deg-042,monohull,trim_deg,162,268,258,2316.435,2459.696,0.9603687,3.29932322,0.0020,0.04,4.0,524,2399,2078,3350,6.0,-3.0,enclosed-white-center centroid of visible open-square marker,accepted-pass-B
fig162-sinkage_over_draught-001,monohull,sinkage_over_draught,162,268,258,588.395,2892.255,0.1309096,0.00795872642,0.0020,0.0015,5.0,524,2399,2078,3350,0.2,-0.1,dense-core centroid of visible filled sinkage marker,accepted-pass-B
fig162-sinkage_over_draught-002,monohull,sinkage_over_draught,162,268,258,604.405,2867.664,0.1385942,0.0137584618,0.0020,0.0015,5.0,524,2399,2078,3350,0.2,-0.1,dense-core centroid of visible filled sinkage marker,accepted-pass-B
fig162-sinkage_over_draught-003,monohull,sinkage_over_draught,162,268,258,754.928,2850.218,0.2108455,0.0178731451,0.0020,0.0015,5.0,524,2399,2078,3350,0.2,-0.1,dense-core centroid of visible filled sinkage marker,accepted-pass-B
fig162-sinkage_over_draught-004,monohull,sinkage_over_draught,162,268,258,798.188,2872.624,0.2316103,0.0125886954,0.0020,0.0015,5.0,524,2399,2078,3350,0.2,-0.1,dense-core centroid of visible filled sinkage marker,accepted-pass-B
fig162-sinkage_over_draught-005,monohull,sinkage_over_draught,162,268,258,829.816,2859.197,0.2467915,0.0157554903,0.0020,0.0015,5.0,524,2399,2078,3350,0.2,-0.1,dense-core centroid of visible filled sinkage marker,accepted-pass-B
fig162-sinkage_over_draught-006,monohull,sinkage_over_draught,162,268,258,843.217,2822.220,0.2532241,0.0244763491,0.0020,0.0015,5.0,524,2399,2078,3350,0.2,-0.1,dense-core centroid of visible filled sinkage marker,accepted-pass-B
fig162-sinkage_over_draught-007,monohull,sinkage_over_draught,162,268,258,851.991,2792.930,0.2574355,0.0313845336,0.0020,0.0015,5.0,524,2399,2078,3350,0.2,-0.1,dense-core centroid of visible filled sinkage marker,accepted-pass-B
fig162-sinkage_over_draught-008,monohull,sinkage_over_draught,162,268,258,879.632,2801.389,0.2707035,0.0293893285,0.0020,0.0015,5.0,524,2399,2078,3350,0.2,-0.1,dense-core centroid of visible filled sinkage marker,accepted-pass-B
fig162-sinkage_over_draught-009,monohull,sinkage_over_draught,162,268,258,965.019,2731.572,0.3116893,0.045855664,0.0020,0.0015,5.0,524,2399,2078,3350,0.2,-0.1,dense-core centroid of visible filled sinkage marker,accepted-pass-B
fig162-sinkage_over_draught-010,monohull,sinkage_over_draught,162,268,258,987.479,2750.933,0.3224698,0.0412893082,0.0020,0.0015,5.0,524,2399,2078,3350,0.2,-0.1,dense-core centroid of visible filled sinkage marker,accepted-pass-B
fig162-sinkage_over_draught-011,monohull,sinkage_over_draught,162,268,258,995.119,2710.800,0.3261372,0.050754717,0.0020,0.0015,5.0,524,2399,2078,3350,0.2,-0.1,dense-core centroid of visible filled sinkage marker,accepted-pass-B
fig162-sinkage_over_draught-012,monohull,sinkage_over_draught,162,268,258,1016.364,2747.337,0.3363349,0.0421374506,0.0020,0.0015,5.0,524,2399,2078,3350,0.2,-0.1,dense-core centroid of visible filled sinkage marker,accepted-pass-B
fig162-sinkage_over_draught-013,monohull,sinkage_over_draught,162,268,258,1041.239,2751.588,0.3482750,0.0411348502,0.0020,0.0015,5.0,524,2399,2078,3350,0.2,-0.1,dense-core centroid of visible filled sinkage marker,accepted-pass-B
fig162-sinkage_over_draught-014,monohull,sinkage_over_draught,162,268,258,1048.785,2704.557,0.3518968,0.0522270047,0.0020,0.0015,5.0,524,2399,2078,3350,0.2,-0.1,dense-core centroid of visible filled sinkage marker,accepted-pass-B
fig162-sinkage_over_draught-015,monohull,sinkage_over_draught,162,268,258,1224.830,2586.022,0.4363984,0.0801834236,0.0020,0.0015,5.0,524,2399,2078,3350,0.2,-0.1,dense-core centroid of visible filled sinkage marker,accepted-pass-B
fig162-sinkage_over_draught-016,monohull,sinkage_over_draught,162,268,258,1257.861,2575.052,0.4522535,0.082770767,0.0020,0.0015,5.0,524,2399,2078,3350,0.2,-0.1,dense-core centroid of visible filled sinkage marker,accepted-pass-B
fig162-sinkage_over_draught-017,monohull,sinkage_over_draught,162,268,258,1304.446,2566.606,0.4746140,0.0847627216,0.0020,0.0015,5.0,524,2399,2078,3350,0.2,-0.1,dense-core centroid of visible filled sinkage marker,accepted-pass-B
fig162-sinkage_over_draught-018,monohull,sinkage_over_draught,162,268,258,1513.581,2627.356,0.5749987,0.0704349753,0.0020,0.0015,5.0,524,2399,2078,3350,0.2,-0.1,dense-core centroid of visible filled sinkage marker,accepted-pass-B
fig162-sinkage_over_draught-019,monohull,sinkage_over_draught,162,268,258,1548.769,2625.533,0.5918893,0.070864874,0.0020,0.0015,5.0,524,2399,2078,3350,0.2,-0.1,dense-core centroid of visible filled sinkage marker,accepted-pass-B
fig162-sinkage_over_draught-020,monohull,sinkage_over_draught,162,268,258,1680.976,2657.513,0.6553487,0.063322341,0.0020,0.0015,5.0,524,2399,2078,3350,0.2,-0.1,dense-core centroid of visible filled sinkage marker,accepted-pass-B
fig162-sinkage_over_draught-021,monohull,sinkage_over_draught,162,268,258,1862.068,2690.065,0.7422725,0.0556451613,0.0020,0.0015,5.0,524,2399,2078,3350,0.2,-0.1,dense-core centroid of visible filled sinkage marker,accepted-pass-B
fig162-sinkage_over_draught-022,monohull,sinkage_over_draught,162,268,258,1976.190,2715.237,0.7970512,0.0497083587,0.0020,0.0015,5.0,524,2399,2078,3350,0.2,-0.1,dense-core centroid of visible filled sinkage marker,accepted-pass-B
fig162-sinkage_over_draught-023,monohull,sinkage_over_draught,162,268,258,2094.368,2736.954,0.8537766,0.0445864218,0.0020,0.0015,5.0,524,2399,2078,3350,0.2,-0.1,dense-core centroid of visible filled sinkage marker,accepted-pass-B
fig162-sinkage_over_draught-024,monohull,sinkage_over_draught,162,268,258,2212.454,2741.773,0.9104578,0.043449746,0.0020,0.0015,5.0,524,2399,2078,3350,0.2,-0.1,dense-core centroid of visible filled sinkage marker,accepted-pass-B
fig162-sinkage_over_draught-025,monohull,sinkage_over_draught,162,268,258,2315.782,2764.082,0.9600554,0.0381881739,0.0020,0.0015,5.0,524,2399,2078,3350,0.2,-0.1,dense-core centroid of visible filled sinkage marker,accepted-pass-B
fig166-trim_deg-001,S/L=0.2,trim_deg,166,270,260,578.151,2984.633,0.1260760,0.0685260269,0.0020,0.04,4.0,524,2393,2145,3419,6.0,-3.0,enclosed-white-center centroid of visible open-square marker,accepted-pass-B
fig166-trim_deg-002,S/L=0.2,trim_deg,166,270,260,578.807,2966.561,0.1263918,0.196191027,0.0020,0.04,4.0,524,2393,2145,3419,6.0,-3.0,enclosed-white-center centroid of visible open-square marker,accepted-pass-B
fig166-trim_deg-003,S/L=0.2,trim_deg,166,270,260,696.681,2952.659,0.1831531,0.294400262,0.0020,0.04,4.0,524,2393,2145,3419,6.0,-3.0,enclosed-white-center centroid of visible open-square marker,accepted-pass-B
fig166-trim_deg-004,S/L=0.2,trim_deg,166,270,260,697.587,2979.492,0.1835894,0.104844135,0.0020,0.04,4.0,524,2393,2145,3419,6.0,-3.0,enclosed-white-center centroid of visible open-square marker,accepted-pass-B
fig166-trim_deg-005,S/L=0.2,trim_deg,166,270,260,755.600,2946.960,0.2115249,0.33466248,0.0020,0.04,4.0,524,2393,2145,3419,6.0,-3.0,enclosed-white-center centroid of visible open-square marker,accepted-pass-B
fig166-trim_deg-006,S/L=0.2,trim_deg,166,270,260,756.033,2976.000,0.2117335,0.129513344,0.0020,0.04,4.0,524,2393,2145,3419,6.0,-3.0,enclosed-white-center centroid of visible open-square marker,accepted-pass-B
fig166-trim_deg-007,S/L=0.2,trim_deg,166,270,260,803.113,2875.679,0.2344044,0.838215693,0.0020,0.04,4.0,524,2393,2145,3419,6.0,-3.0,enclosed-white-center centroid of visible open-square marker,accepted-pass-B
fig166-trim_deg-008,S/L=0.2,trim_deg,166,270,260,813.372,2949.927,0.2393446,0.31370246,0.0020,0.04,4.0,524,2393,2145,3419,6.0,-3.0,enclosed-white-center centroid of visible open-square marker,accepted-pass-B
fig166-trim_deg-009,S/L=0.2,trim_deg,166,270,260,813.761,2972.232,0.2395317,0.156132687,0.0020,0.04,4.0,524,2393,2145,3419,6.0,-3.0,enclosed-white-center centroid of visible open-square marker,accepted-pass-B
fig166-trim_deg-010,S/L=0.2,trim_deg,166,270,260,830.296,2850.148,0.2474942,1.01857666,0.0020,0.04,4.0,524,2393,2145,3419,6.0,-3.0,enclosed-white-center centroid of visible open-square marker,accepted-pass-B
fig166-trim_deg-011,S/L=0.2,trim_deg,166,270,260,835.900,2858.300,0.2501926,0.960989011,0.0020,0.04,4.0,524,2393,2145,3419,6.0,-3.0,enclosed-white-center centroid of visible open-square marker,accepted-pass-B
fig166-trim_deg-012,S/L=0.2,trim_deg,166,270,260,851.676,2852.941,0.2577896,0.998845692,0.0020,0.04,4.0,524,2393,2145,3419,6.0,-3.0,enclosed-white-center centroid of visible open-square marker,accepted-pass-B
fig166-trim_deg-013,S/L=0.2,trim_deg,166,270,260,860.971,2831.324,0.2622651,1.15156062,0.0020,0.04,4.0,524,2393,2145,3419,6.0,-3.0,enclosed-white-center centroid of visible open-square marker,accepted-pass-B
fig166-trim_deg-014,S/L=0.2,trim_deg,166,270,260,870.100,2307.950,0.2666613,4.84886185,0.0020,0.04,4.0,524,2393,2145,3419,6.0,-3.0,enclosed-white-center centroid of visible open-square marker,accepted-pass-B
fig166-trim_deg-015,S/L=0.2,trim_deg,166,270,260,871.971,2989.365,0.2675624,0.0350953991,0.0020,0.04,4.0,524,2393,2145,3419,6.0,-3.0,enclosed-white-center centroid of visible open-square marker,accepted-pass-B
fig166-trim_deg-016,S/L=0.2,trim_deg,166,270,260,872.019,2974.741,0.2675852,0.13840921,0.0020,0.04,4.0,524,2393,2145,3419,6.0,-3.0,enclosed-white-center centroid of visible open-square marker,accepted-pass-B
fig166-trim_deg-017,S/L=0.2,trim_deg,166,270,260,872.630,2965.889,0.2678794,0.200941915,0.0020,0.04,4.0,524,2393,2145,3419,6.0,-3.0,enclosed-white-center centroid of visible open-square marker,accepted-pass-B
fig166-trim_deg-018,S/L=0.2,trim_deg,166,270,260,895.180,2345.290,0.2787384,4.58507849,0.0020,0.04,4.0,524,2393,2145,3419,6.0,-3.0,enclosed-white-center centroid of visible open-square marker,accepted-pass-B
fig166-trim_deg-019,S/L=0.2,trim_deg,166,270,260,918.820,2784.820,0.2901220,1.48007849,0.0020,0.04,4.0,524,2393,2145,3419,6.0,-3.0,enclosed-white-center centroid of visible open-square marker,accepted-pass-B
fig166-trim_deg-020,S/L=0.2,trim_deg,166,270,260,928.406,2942.519,0.2947380,0.366036756,0.0020,0.04,4.0,524,2393,2145,3419,6.0,-3.0,enclosed-white-center centroid of visible open-square marker,accepted-pass-B
fig166-trim_deg-021,S/L=0.2,trim_deg,166,270,260,929.323,2971.742,0.2951794,0.159593862,0.0020,0.04,4.0,524,2393,2145,3419,6.0,-3.0,enclosed-white-center centroid of visible open-square marker,accepted-pass-B
fig166-trim_deg-022,S/L=0.2,trim_deg,166,270,260,929.864,2963.000,0.2954403,0.221350078,0.0020,0.04,4.0,524,2393,2145,3419,6.0,-3.0,enclosed-white-center centroid of visible open-square marker,accepted-pass-B
fig166-trim_deg-023,S/L=0.2,trim_deg,166,270,260,986.805,2948.000,0.3228595,0.327315542,0.0020,0.04,4.0,524,2393,2145,3419,6.0,-3.0,enclosed-white-center centroid of visible open-square marker,accepted-pass-B
fig166-trim_deg-024,S/L=0.2,trim_deg,166,270,260,988.074,2970.528,0.3234707,0.168171115,0.0020,0.04,4.0,524,2393,2145,3419,6.0,-3.0,enclosed-white-center centroid of visible open-square marker,accepted-pass-B
fig166-trim_deg-025,S/L=0.2,trim_deg,166,270,260,1046.932,2999.192,0.3518129,-0.0343218425,0.0020,0.04,4.0,524,2393,2145,3419,6.0,-3.0,enclosed-white-center centroid of visible open-square marker,accepted-pass-B
fig166-trim_deg-026,S/L=0.2,trim_deg,166,270,260,1047.101,2980.808,0.3518945,0.0955473098,0.0020,0.04,4.0,524,2393,2145,3419,6.0,-3.0,enclosed-white-center centroid of visible open-square marker,accepted-pass-B
fig166-trim_deg-027,S/L=0.2,trim_deg,166,270,260,1106.720,2935.144,0.3806035,0.418135008,0.0020,0.04,4.0,524,2393,2145,3419,6.0,-3.0,enclosed-white-center centroid of visible open-square marker,accepted-pass-B
fig166-trim_deg-028,S/L=0.2,trim_deg,166,270,260,1107.564,2907.416,0.3810101,0.614016818,0.0020,0.04,4.0,524,2393,2145,3419,6.0,-3.0,enclosed-white-center centroid of visible open-square marker,accepted-pass-B
fig166-trim_deg-029,S/L=0.2,trim_deg,166,270,260,1114.757,2345.168,0.3844737,4.58593876,0.0020,0.04,4.0,524,2393,2145,3419,6.0,-3.0,enclosed-white-center centroid of visible open-square marker,accepted-pass-B
fig166-trim_deg-030,S/L=0.2,trim_deg,166,270,260,1162.757,2308.168,0.4075876,4.84732024,0.0020,0.04,4.0,524,2393,2145,3419,6.0,-3.0,enclosed-white-center centroid of visible open-square marker,accepted-pass-B
fig166-trim_deg-031,S/L=0.2,trim_deg,166,270,260,1279.435,2565.609,0.4637728,3.02866699,0.0020,0.04,4.0,524,2393,2145,3419,6.0,-3.0,enclosed-white-center centroid of visible open-square marker,accepted-pass-B
fig166-trim_deg-032,S/L=0.2,trim_deg,166,270,260,1279.792,2555.958,0.4639446,3.09684066,0.0020,0.04,4.0,524,2393,2145,3419,6.0,-3.0,enclosed-white-center centroid of visible open-square marker,accepted-pass-B
fig166-trim_deg-033,S/L=0.2,trim_deg,166,270,260,1290.375,2391.833,0.4690409,4.25627943,0.0020,0.04,4.0,524,2393,2145,3419,6.0,-3.0,enclosed-white-center centroid of visible open-square marker,accepted-pass-B
fig166-trim_deg-034,S/L=0.2,trim_deg,166,270,260,1336.444,2504.954,0.4912253,3.45715594,0.0020,0.04,4.0,524,2393,2145,3419,6.0,-3.0,enclosed-white-center centroid of visible open-square marker,accepted-pass-B
fig166-trim_deg-035,S/L=0.2,trim_deg,166,270,260,1386.300,2512.000,0.5152327,3.40737834,0.0020,0.04,4.0,524,2393,2145,3419,6.0,-3.0,enclosed-white-center centroid of visible open-square marker,accepted-pass-B
fig166-trim_deg-036,S/L=0.2,trim_deg,166,270,260,1392.375,2494.646,0.5181581,3.52997449,0.0020,0.04,4.0,524,2393,2145,3419,6.0,-3.0,enclosed-white-center centroid of visible open-square marker,accepted-pass-B
fig166-trim_deg-037,S/L=0.2,trim_deg,166,270,260,1392.719,2481.067,0.5183235,3.62590267,0.0020,0.04,4.0,524,2393,2145,3419,6.0,-3.0,enclosed-white-center centroid of visible open-square marker,accepted-pass-B
fig166-trim_deg-038,S/L=0.2,trim_deg,166,270,260,1467.767,2494.400,0.5544623,3.53171115,0.0020,0.04,4.0,524,2393,2145,3419,6.0,-3.0,enclosed-white-center centroid of visible open-square marker,accepted-pass-B
fig166-trim_deg-039,S/L=0.2,trim_deg,166,270,260,1468.500,2485.000,0.5548154,3.59811617,0.0020,0.04,4.0,524,2393,2145,3419,6.0,-3.0,enclosed-white-center centroid of visible open-square marker,accepted-pass-B
fig166-trim_deg-040,S/L=0.2,trim_deg,166,270,260,1544.652,2493.304,0.5914858,3.53945123,0.0020,0.04,4.0,524,2393,2145,3419,6.0,-3.0,enclosed-white-center centroid of visible open-square marker,accepted-pass-B
fig166-trim_deg-041,S/L=0.2,trim_deg,166,270,260,1545.054,2458.046,0.5916792,3.78852796,0.0020,0.04,4.0,524,2393,2145,3419,6.0,-3.0,enclosed-white-center centroid of visible open-square marker,accepted-pass-B
fig166-trim_deg-042,S/L=0.2,trim_deg,166,270,260,1622.737,2491.211,0.6290868,3.55424275,0.0020,0.04,4.0,524,2393,2145,3419,6.0,-3.0,enclosed-white-center centroid of visible open-square marker,accepted-pass-B
fig166-trim_deg-043,S/L=0.2,trim_deg,166,270,260,1624.957,2741.913,0.6301556,1.78318886,0.0020,0.04,4.0,524,2393,2145,3419,6.0,-3.0,enclosed-white-center centroid of visible open-square marker,accepted-pass-B
fig166-sinkage_over_draught-001,S/L=0.2,sinkage_over_draught,166,270,260,560.870,2311.870,0.1177545,0.160705598,0.0020,0.0015,5.0,524,2393,2145,3419,0.2,-0.1,dense-core centroid of visible filled sinkage marker,accepted-pass-B
fig166-sinkage_over_draught-002,S/L=0.2,sinkage_over_draught,166,270,260,699.768,2918.340,0.1846394,0.0178947907,0.0020,0.0015,5.0,524,2393,2145,3419,0.2,-0.1,dense-core centroid of visible filled sinkage marker,accepted-pass-B
fig166-sinkage_over_draught-003,S/L=0.2,sinkage_over_draught,166,270,260,751.748,2897.139,0.2096699,0.0228871749,0.0020,0.0015,5.0,524,2393,2145,3419,0.2,-0.1,dense-core centroid of visible filled sinkage marker,accepted-pass-B
fig166-sinkage_over_draught-004,S/L=0.2,sinkage_over_draught,166,270,260,871.382,2346.757,0.2672784,0.152490602,0.0020,0.0015,5.0,524,2393,2145,3419,0.2,-0.1,dense-core centroid of visible filled sinkage marker,accepted-pass-B
fig166-sinkage_over_draught-005,S/L=0.2,sinkage_over_draught,166,270,260,990.423,2310.019,0.3246018,0.161141468,0.0020,0.0015,5.0,524,2393,2145,3419,0.2,-0.1,dense-core centroid of visible filled sinkage marker,accepted-pass-B
fig166-sinkage_over_draught-006,S/L=0.2,sinkage_over_draught,166,270,260,1025.375,2705.403,0.3414324,0.0680369291,0.0020,0.0015,5.0,524,2393,2145,3419,0.2,-0.1,dense-core centroid of visible filled sinkage marker,accepted-pass-B
fig166-sinkage_over_draught-007,S/L=0.2,sinkage_over_draught,166,270,260,1042.432,2310.543,0.3496463,0.161018082,0.0020,0.0015,5.0,524,2393,2145,3419,0.2,-0.1,dense-core centroid of visible filled sinkage marker,accepted-pass-B
fig166-sinkage_over_draught-008,S/L=0.2,sinkage_over_draught,166,270,260,1047.111,2683.782,0.3518992,0.0731281897,0.0020,0.0015,5.0,524,2393,2145,3419,0.2,-0.1,dense-core centroid of visible filled sinkage marker,accepted-pass-B
fig166-sinkage_over_draught-009,S/L=0.2,sinkage_over_draught,166,270,260,1050.628,2651.717,0.3535931,0.0806788606,0.0020,0.0015,5.0,524,2393,2145,3419,0.2,-0.1,dense-core centroid of visible filled sinkage marker,accepted-pass-B
fig166-sinkage_over_draught-010,S/L=0.2,sinkage_over_draught,166,270,260,1076.434,2637.110,0.3660195,0.0841185889,0.0020,0.0015,5.0,524,2393,2145,3419,0.2,-0.1,dense-core centroid of visible filled sinkage marker,accepted-pass-B
fig166-sinkage_over_draught-011,S/L=0.2,sinkage_over_draught,166,270,260,1325.690,2420.343,0.4860467,0.135162457,0.0020,0.0015,5.0,524,2393,2145,3419,0.2,-0.1,dense-core centroid of visible filled sinkage marker,accepted-pass-B
fig166-sinkage_over_draught-012,S/L=0.2,sinkage_over_draught,166,270,260,1468.975,2636.739,0.5550440,0.0842057702,0.0020,0.0015,5.0,524,2393,2145,3419,0.2,-0.1,dense-core centroid of visible filled sinkage marker,accepted-pass-B
fig166-sinkage_over_draught-013,S/L=0.2,sinkage_over_draught,166,270,260,1508.762,2670.510,0.5742032,0.0762535784,0.0020,0.0015,5.0,524,2393,2145,3419,0.2,-0.1,dense-core centroid of visible filled sinkage marker,accepted-pass-B
fig166-sinkage_over_draught-014,S/L=0.2,sinkage_over_draught,166,270,260,1541.597,2697.180,0.5900144,0.0699733922,0.0020,0.0015,5.0,524,2393,2145,3419,0.2,-0.1,dense-core centroid of visible filled sinkage marker,accepted-pass-B
fig166-sinkage_over_draught-015,S/L=0.2,sinkage_over_draught,166,270,260,1567.685,2721.235,0.6025768,0.0643088417,0.0020,0.0015,5.0,524,2393,2145,3419,0.2,-0.1,dense-core centroid of visible filled sinkage marker,accepted-pass-B
fig166-sinkage_over_draught-016,S/L=0.2,sinkage_over_draught,166,270,260,1681.075,2774.370,0.6571791,0.0517967254,0.0020,0.0015,5.0,524,2393,2145,3419,0.2,-0.1,dense-core centroid of visible filled sinkage marker,accepted-pass-B
fig166-sinkage_over_draught-017,S/L=0.2,sinkage_over_draught,166,270,260,1739.943,2834.657,0.6855263,0.0376003588,0.0020,0.0015,5.0,524,2393,2145,3419,0.2,-0.1,dense-core centroid of visible filled sinkage marker,accepted-pass-B
fig166-sinkage_over_draught-018,S/L=0.2,sinkage_over_draught,166,270,260,1807.337,2807.845,0.7179791,0.0439140774,0.0020,0.0015,5.0,524,2393,2145,3419,0.2,-0.1,dense-core centroid of visible filled sinkage marker,accepted-pass-B
fig166-sinkage_over_draught-019,S/L=0.2,sinkage_over_draught,166,270,260,1878.107,2825.141,0.7520581,0.039841223,0.0020,0.0015,5.0,524,2393,2145,3419,0.2,-0.1,dense-core centroid of visible filled sinkage marker,accepted-pass-B
fig170-trim_deg-001,S/L=0.3,trim_deg,170,272,262,600.931,2897.517,0.1311005,-0.0528143422,0.0020,0.04,4.0,536,2415,2036,3317,6.0,-3.0,enclosed-white-center centroid of visible open-square marker,accepted-pass-B
fig170-trim_deg-002,S/L=0.3,trim_deg,170,272,262,601.077,2888.731,0.1311704,0.0089173122,0.0020,0.04,4.0,536,2415,2036,3317,6.0,-3.0,enclosed-white-center centroid of visible open-square marker,accepted-pass-B
fig170-trim_deg-003,S/L=0.3,trim_deg,170,272,262,602.222,2906.741,0.1317190,-0.117616445,0.0020,0.04,4.0,536,2415,2036,3317,6.0,-3.0,enclosed-white-center centroid of visible open-square marker,accepted-pass-B
fig170-trim_deg-004,S/L=0.3,trim_deg,170,272,262,659.210,2891.387,0.1590147,-0.00974541059,0.0020,0.04,4.0,536,2415,2036,3317,6.0,-3.0,enclosed-white-center centroid of visible open-square marker,accepted-pass-B
fig170-trim_deg-005,S/L=0.3,trim_deg,170,272,262,715.667,2891.061,0.1860564,-0.00745156483,0.0020,0.04,4.0,536,2415,2036,3317,6.0,-3.0,enclosed-white-center centroid of visible open-square marker,accepted-pass-B
fig170-trim_deg-006,S/L=0.3,trim_deg,170,272,262,726.804,2815.304,0.1913910,0.524795873,0.0020,0.04,4.0,536,2415,2036,3317,6.0,-3.0,enclosed-white-center centroid of visible open-square marker,accepted-pass-B
fig170-trim_deg-007,S/L=0.3,trim_deg,170,272,262,774.686,2891.914,0.2143252,-0.0134493142,0.0020,0.04,4.0,536,2415,2036,3317,6.0,-3.0,enclosed-white-center centroid of visible open-square marker,accepted-pass-B
fig170-trim_deg-008,S/L=0.3,trim_deg,170,272,262,785.140,2789.116,0.2193329,0.708788976,0.0020,0.04,4.0,536,2415,2036,3317,6.0,-3.0,enclosed-white-center centroid of visible open-square marker,accepted-pass-B
fig170-trim_deg-009,S/L=0.3,trim_deg,170,272,262,831.915,2888.511,0.2417368,0.0104638995,0.0020,0.04,4.0,536,2415,2036,3317,6.0,-3.0,enclosed-white-center centroid of visible open-square marker,accepted-pass-B
fig170-trim_deg-010,S/L=0.3,trim_deg,170,272,262,851.500,2766.500,0.2511176,0.867681499,0.0020,0.04,4.0,536,2415,2036,3317,6.0,-3.0,enclosed-white-center centroid of visible open-square marker,accepted-pass-B
fig170-trim_deg-011,S/L=0.3,trim_deg,170,272,262,891.174,2889.370,0.2701206,0.00442928419,0.0020,0.04,4.0,536,2415,2036,3317,6.0,-3.0,enclosed-white-center centroid of visible open-square marker,accepted-pass-B
fig170-trim_deg-012,S/L=0.3,trim_deg,170,272,262,948.910,2875.144,0.2977748,0.104373695,0.0020,0.04,4.0,536,2415,2036,3317,6.0,-3.0,enclosed-white-center centroid of visible open-square marker,accepted-pass-B
fig170-trim_deg-013,S/L=0.3,trim_deg,170,272,262,1006.329,2891.329,0.3252774,-0.00933803694,0.0020,0.04,4.0,536,2415,2036,3317,6.0,-3.0,enclosed-white-center centroid of visible open-square marker,accepted-pass-B
fig170-trim_deg-014,S/L=0.3,trim_deg,170,272,262,1064.649,2885.439,0.3532114,0.0320473314,0.0020,0.04,4.0,536,2415,2036,3317,6.0,-3.0,enclosed-white-center centroid of visible open-square marker,accepted-pass-B
fig170-trim_deg-015,S/L=0.3,trim_deg,170,272,262,1123.591,2777.007,0.3814434,0.793859724,0.0020,0.04,4.0,536,2415,2036,3317,6.0,-3.0,enclosed-white-center centroid of visible open-square marker,accepted-pass-B
fig170-trim_deg-016,S/L=0.3,trim_deg,170,272,262,1124.462,2801.436,0.3818602,0.622230229,0.0020,0.04,4.0,536,2415,2036,3317,6.0,-3.0,enclosed-white-center centroid of visible open-square marker,accepted-pass-B
fig170-trim_deg-017,S/L=0.3,trim_deg,170,272,262,1171.245,2688.245,0.4042684,1.41748315,0.0020,0.04,4.0,536,2415,2036,3317,6.0,-3.0,enclosed-white-center centroid of visible open-square marker,accepted-pass-B
fig170-trim_deg-018,S/L=0.3,trim_deg,170,272,262,1233.366,2596.415,0.4340230,2.06266065,0.0020,0.04,4.0,536,2415,2036,3317,6.0,-3.0,enclosed-white-center centroid of visible open-square marker,accepted-pass-B
fig170-trim_deg-019,S/L=0.3,trim_deg,170,272,262,1347.543,2513.371,0.4887113,2.64610238,0.0020,0.04,4.0,536,2415,2036,3317,6.0,-3.0,enclosed-white-center centroid of visible open-square marker,accepted-pass-B
fig170-trim_deg-020,S/L=0.3,trim_deg,170,272,262,1348.050,2500.425,0.4889542,2.73706089,0.0020,0.04,4.0,536,2415,2036,3317,6.0,-3.0,enclosed-white-center centroid of visible open-square marker,accepted-pass-B
fig170-trim_deg-021,S/L=0.3,trim_deg,170,272,262,1482.379,2522.655,0.5532950,2.58087701,0.0020,0.04,4.0,536,2415,2036,3317,6.0,-3.0,enclosed-white-center centroid of visible open-square marker,accepted-pass-B
fig170-trim_deg-022,S/L=0.3,trim_deg,170,272,262,1482.667,2512.130,0.5534327,2.6548213,0.0020,0.04,4.0,536,2415,2036,3317,6.0,-3.0,enclosed-white-center centroid of visible open-square marker,accepted-pass-B
fig170-trim_deg-023,S/L=0.3,trim_deg,170,272,262,1560.464,2494.125,0.5906960,2.78132319,0.0020,0.04,4.0,536,2415,2036,3317,6.0,-3.0,enclosed-white-center centroid of visible open-square marker,accepted-pass-B
fig170-trim_deg-024,S/L=0.3,trim_deg,170,272,262,1641.546,2508.722,0.6295326,2.67877061,0.0020,0.04,4.0,536,2415,2036,3317,6.0,-3.0,enclosed-white-center centroid of visible open-square marker,accepted-pass-B
fig170-trim_deg-025,S/L=0.3,trim_deg,170,272,262,1718.211,2523.526,0.6662530,2.57475656,0.0020,0.04,4.0,536,2415,2036,3317,6.0,-3.0,enclosed-white-center centroid of visible open-square marker,accepted-pass-B
fig170-trim_deg-026,S/L=0.3,trim_deg,170,272,262,1718.636,2514.227,0.6664570,2.64008942,0.0020,0.04,4.0,536,2415,2036,3317,6.0,-3.0,enclosed-white-center centroid of visible open-square marker,accepted-pass-B
fig170-trim_deg-027,S/L=0.3,trim_deg,170,272,262,1794.512,2506.561,0.7027999,2.69395099,0.0020,0.04,4.0,536,2415,2036,3317,6.0,-3.0,enclosed-white-center centroid of visible open-square marker,accepted-pass-B
fig170-trim_deg-028,S/L=0.3,trim_deg,170,272,262,1794.837,2552.077,0.7029552,2.37416682,0.0020,0.04,4.0,536,2415,2036,3317,6.0,-3.0,enclosed-white-center centroid of visible open-square marker,accepted-pass-B
fig170-trim_deg-029,S/L=0.3,trim_deg,170,272,262,1873.463,2507.832,0.7406157,2.68502404,0.0020,0.04,4.0,536,2415,2036,3317,6.0,-3.0,enclosed-white-center centroid of visible open-square marker,accepted-pass-B
fig170-trim_deg-030,S/L=0.3,trim_deg,170,272,262,1988.926,2466.259,0.7959198,2.97710122,0.0020,0.04,4.0,536,2415,2036,3317,6.0,-3.0,enclosed-white-center centroid of visible open-square marker,accepted-pass-B
fig170-trim_deg-031,S/L=0.3,trim_deg,170,272,262,2108.027,2443.216,0.8529666,3.13899614,0.0020,0.04,4.0,536,2415,2036,3317,6.0,-3.0,enclosed-white-center centroid of visible open-square marker,accepted-pass-B
fig170-trim_deg-032,S/L=0.3,trim_deg,170,272,262,2222.905,2442.310,0.9079906,3.14536634,0.0020,0.04,4.0,536,2415,2036,3317,6.0,-3.0,enclosed-white-center centroid of visible open-square marker,accepted-pass-B
fig170-trim_deg-033,S/L=0.3,trim_deg,170,272,262,2340.735,2418.265,0.9644288,3.31429949,0.0020,0.04,4.0,536,2415,2036,3317,6.0,-3.0,enclosed-white-center centroid of visible open-square marker,accepted-pass-B
fig170-trim_deg-034,S/L=0.3,trim_deg,170,272,262,2341.235,2426.265,0.9646683,3.2580934,0.0020,0.04,4.0,536,2415,2036,3317,6.0,-3.0,enclosed-white-center centroid of visible open-square marker,accepted-pass-B
fig170-sinkage_over_draught-001,S/L=0.3,sinkage_over_draught,170,272,262,601.937,2851.081,0.1315825,0.00911448435,0.0020,0.0015,5.0,536,2415,2036,3317,0.2,-0.1,dense-core centroid of visible filled sinkage marker,accepted-pass-B
fig170-sinkage_over_draught-002,S/L=0.3,sinkage_over_draught,170,272,262,974.275,2694.502,0.3099240,0.0457840408,0.0020,0.0015,5.0,536,2415,2036,3317,0.2,-0.1,dense-core centroid of visible filled sinkage marker,accepted-pass-B
fig170-sinkage_over_draught-003,S/L=0.3,sinkage_over_draught,170,272,262,1230.468,2395.804,0.4326352,0.115736816,0.0020,0.0015,5.0,536,2415,2036,3317,0.2,-0.1,dense-core centroid of visible filled sinkage marker,accepted-pass-B
fig170-sinkage_over_draught-004,S/L=0.3,sinkage_over_draught,170,272,262,1319.306,2419.585,0.4751866,0.110167563,0.0020,0.0015,5.0,536,2415,2036,3317,0.2,-0.1,dense-core centroid of visible filled sinkage marker,accepted-pass-B
fig170-sinkage_over_draught-005,S/L=0.3,sinkage_over_draught,170,272,262,1320.129,2452.874,0.4755806,0.10237149,0.0020,0.0015,5.0,536,2415,2036,3317,0.2,-0.1,dense-core centroid of visible filled sinkage marker,accepted-pass-B
fig170-sinkage_over_draught-006,S/L=0.3,sinkage_over_draught,170,272,262,1347.838,2446.533,0.4888528,0.10385642,0.0020,0.0015,5.0,536,2415,2036,3317,0.2,-0.1,dense-core centroid of visible filled sinkage marker,accepted-pass-B
fig170-sinkage_over_draught-007,S/L=0.3,sinkage_over_draught,170,272,262,1404.900,2509.071,0.5161839,0.0892105083,0.0020,0.0015,5.0,536,2415,2036,3317,0.2,-0.1,dense-core centroid of visible filled sinkage marker,accepted-pass-B
fig170-sinkage_over_draught-008,S/L=0.3,sinkage_over_draught,170,272,262,1436.712,2567.049,0.5314214,0.0756326596,0.0020,0.0015,5.0,536,2415,2036,3317,0.2,-0.1,dense-core centroid of visible filled sinkage marker,accepted-pass-B
fig170-sinkage_over_draught-009,S/L=0.3,sinkage_over_draught,170,272,262,1482.065,2597.170,0.5531447,0.0685784696,0.0020,0.0015,5.0,536,2415,2036,3317,0.2,-0.1,dense-core centroid of visible filled sinkage marker,accepted-pass-B
fig170-sinkage_over_draught-010,S/L=0.3,sinkage_over_draught,170,272,262,1503.796,2626.165,0.5635532,0.0617879885,0.0020,0.0015,5.0,536,2415,2036,3317,0.2,-0.1,dense-core centroid of visible filled sinkage marker,accepted-pass-B
fig170-sinkage_over_draught-011,S/L=0.3,sinkage_over_draught,170,272,262,1603.604,2695.192,0.6113589,0.0456224653,0.0020,0.0015,5.0,536,2415,2036,3317,0.2,-0.1,dense-core centroid of visible filled sinkage marker,accepted-pass-B
fig170-sinkage_over_draught-012,S/L=0.3,sinkage_over_draught,170,272,262,1691.516,2716.190,0.6534669,0.0407049477,0.0020,0.0015,5.0,536,2415,2036,3317,0.2,-0.1,dense-core centroid of visible filled sinkage marker,accepted-pass-B
fig170-sinkage_over_draught-013,S/L=0.3,sinkage_over_draught,170,272,262,1721.987,2720.256,0.6680620,0.039752789,0.0020,0.0015,5.0,536,2415,2036,3317,0.2,-0.1,dense-core centroid of visible filled sinkage marker,accepted-pass-B
fig170-sinkage_over_draught-014,S/L=0.3,sinkage_over_draught,170,272,262,1793.515,2739.628,0.7023221,0.0352160329,0.0020,0.0015,5.0,536,2415,2036,3317,0.2,-0.1,dense-core centroid of visible filled sinkage marker,accepted-pass-B
fig170-sinkage_over_draught-015,S/L=0.3,sinkage_over_draught,170,272,262,1957.352,2839.932,0.7807967,0.0117255695,0.0020,0.0015,5.0,536,2415,2036,3317,0.2,-0.1,dense-core centroid of visible filled sinkage marker,accepted-pass-B
fig170-sinkage_over_draught-016,S/L=0.3,sinkage_over_draught,170,272,262,1989.294,2824.176,0.7960962,0.0154153465,0.0020,0.0015,5.0,536,2415,2036,3317,0.2,-0.1,dense-core centroid of visible filled sinkage marker,accepted-pass-B
fig170-sinkage_over_draught-017,S/L=0.3,sinkage_over_draught,170,272,262,2106.809,2889.840,0.8523832,3.75666408e-05,0.0020,0.0015,5.0,536,2415,2036,3317,0.2,-0.1,dense-core centroid of visible filled sinkage marker,accepted-pass-B
fig170-sinkage_over_draught-018,S/L=0.3,sinkage_over_draught,170,272,262,2221.876,2968.518,0.9074981,-0.0183882736,0.0020,0.0015,5.0,536,2415,2036,3317,0.2,-0.1,dense-core centroid of visible filled sinkage marker,accepted-pass-B
fig170-sinkage_over_draught-019,S/L=0.3,sinkage_over_draught,170,272,262,2340.416,2974.780,0.9642757,-0.0198548928,0.0020,0.0015,5.0,536,2415,2036,3317,0.2,-0.1,dense-core centroid of visible filled sinkage marker,accepted-pass-B
fig174-trim_deg-001,S/L=0.4,trim_deg,174,274,264,570.167,2775.233,0.1302072,0.122962382,0.0020,0.04,4.0,507,2389,1942,3218,6.0,-3.0,enclosed-white-center centroid of visible open-square marker,accepted-pass-B
fig174-trim_deg-002,S/L=0.4,trim_deg,174,274,264,570.817,2765.417,0.1305181,0.192202194,0.0020,0.04,4.0,507,2389,1942,3218,6.0,-3.0,enclosed-white-center centroid of visible open-square marker,accepted-pass-B
fig174-trim_deg-003,S/L=0.4,trim_deg,174,274,264,630.000,2762.752,0.1588204,0.210998466,0.0020,0.04,4.0,507,2389,1942,3218,6.0,-3.0,enclosed-white-center centroid of visible open-square marker,accepted-pass-B
fig174-trim_deg-004,S/L=0.4,trim_deg,174,274,264,631.375,2749.708,0.1594779,0.302997649,0.0020,0.04,4.0,507,2389,1942,3218,6.0,-3.0,enclosed-white-center centroid of visible open-square marker,accepted-pass-B
fig174-trim_deg-005,S/L=0.4,trim_deg,174,274,264,687.517,2765.441,0.1863261,0.192033672,0.0020,0.04,4.0,507,2389,1942,3218,6.0,-3.0,enclosed-white-center centroid of visible open-square marker,accepted-pass-B
fig174-trim_deg-006,S/L=0.4,trim_deg,174,274,264,745.721,2778.977,0.2141598,0.0965590144,0.0020,0.04,4.0,507,2389,1942,3218,6.0,-3.0,enclosed-white-center centroid of visible open-square marker,accepted-pass-B
fig174-trim_deg-007,S/L=0.4,trim_deg,174,274,264,746.138,2769.369,0.2143595,0.164323607,0.0020,0.04,4.0,507,2389,1942,3218,6.0,-3.0,enclosed-white-center centroid of visible open-square marker,accepted-pass-B
fig174-trim_deg-008,S/L=0.4,trim_deg,174,274,264,804.481,2767.222,0.2422600,0.179467085,0.0020,0.04,4.0,507,2389,1942,3218,6.0,-3.0,enclosed-white-center centroid of visible open-square marker,accepted-pass-B
fig174-trim_deg-009,S/L=0.4,trim_deg,174,274,264,805.164,2776.073,0.2425862,0.117041892,0.0020,0.04,4.0,507,2389,1942,3218,6.0,-3.0,enclosed-white-center centroid of visible open-square marker,accepted-pass-B
fig174-trim_deg-010,S/L=0.4,trim_deg,174,274,264,863.119,2762.610,0.2703012,0.211997237,0.0020,0.04,4.0,507,2389,1942,3218,6.0,-3.0,enclosed-white-center centroid of visible open-square marker,accepted-pass-B
fig174-trim_deg-011,S/L=0.4,trim_deg,174,274,264,863.189,2772.075,0.2703347,0.145235701,0.0020,0.04,4.0,507,2389,1942,3218,6.0,-3.0,enclosed-white-center centroid of visible open-square marker,accepted-pass-B
fig174-trim_deg-012,S/L=0.4,trim_deg,174,274,264,921.906,2765.425,0.2984139,0.192142028,0.0020,0.04,4.0,507,2389,1942,3218,6.0,-3.0,enclosed-white-center centroid of visible open-square marker,accepted-pass-B
fig174-trim_deg-013,S/L=0.4,trim_deg,174,274,264,978.657,2791.571,0.3255534,0.00772503359,0.0020,0.04,4.0,507,2389,1942,3218,6.0,-3.0,enclosed-white-center centroid of visible open-square marker,accepted-pass-B
fig174-trim_deg-014,S/L=0.4,trim_deg,174,274,264,979.727,2782.879,0.3260651,0.0690367626,0.0020,0.04,4.0,507,2389,1942,3218,6.0,-3.0,enclosed-white-center centroid of visible open-square marker,accepted-pass-B
fig174-trim_deg-015,S/L=0.4,trim_deg,174,274,264,1027.788,2520.102,0.3490485,1.92248021,0.0020,0.04,4.0,507,2389,1942,3218,6.0,-3.0,enclosed-white-center centroid of visible open-square marker,accepted-pass-B
fig174-trim_deg-016,S/L=0.4,trim_deg,174,274,264,1035.409,2754.295,0.3526930,0.270643346,0.0020,0.04,4.0,507,2389,1942,3218,6.0,-3.0,enclosed-white-center centroid of visible open-square marker,accepted-pass-B
fig174-trim_deg-017,S/L=0.4,trim_deg,174,274,264,1038.342,2763.263,0.3540956,0.20739152,0.0020,0.04,4.0,507,2389,1942,3218,6.0,-3.0,enclosed-white-center centroid of visible open-square marker,accepted-pass-B
fig174-trim_deg-018,S/L=0.4,trim_deg,174,274,264,1092.833,2666.333,0.3801541,0.891065831,0.0020,0.04,4.0,507,2389,1942,3218,6.0,-3.0,enclosed-white-center centroid of visible open-square marker,accepted-pass-B
fig174-trim_deg-019,S/L=0.4,trim_deg,174,274,264,1097.047,2674.884,0.3821689,0.830757454,0.0020,0.04,4.0,507,2389,1942,3218,6.0,-3.0,enclosed-white-center centroid of visible open-square marker,accepted-pass-B
fig174-trim_deg-020,S/L=0.4,trim_deg,174,274,264,1148.636,2364.091,0.4068399,3.02286976,0.0020,0.04,4.0,507,2389,1942,3218,6.0,-3.0,enclosed-white-center centroid of visible open-square marker,accepted-pass-B
fig174-trim_deg-021,S/L=0.4,trim_deg,174,274,264,1151.286,2575.857,0.4081069,1.52922078,0.0020,0.04,4.0,507,2389,1942,3218,6.0,-3.0,enclosed-white-center centroid of visible open-square marker,accepted-pass-B
fig174-trim_deg-022,S/L=0.4,trim_deg,174,274,264,1155.593,2363.074,0.4101665,3.0300418,0.0020,0.04,4.0,507,2389,1942,3218,6.0,-3.0,enclosed-white-center centroid of visible open-square marker,accepted-pass-B
fig174-trim_deg-023,S/L=0.4,trim_deg,174,274,264,1210.054,2535.946,0.4362108,1.81072609,0.0020,0.04,4.0,507,2389,1942,3218,6.0,-3.0,enclosed-white-center centroid of visible open-square marker,accepted-pass-B
fig174-trim_deg-024,S/L=0.4,trim_deg,174,274,264,1246.845,2528.345,0.4538048,1.86433728,0.0020,0.04,4.0,507,2389,1942,3218,6.0,-3.0,enclosed-white-center centroid of visible open-square marker,accepted-pass-B
fig174-trim_deg-025,S/L=0.4,trim_deg,174,274,264,1267.883,2469.584,0.4638655,2.27879331,0.0020,0.04,4.0,507,2389,1942,3218,6.0,-3.0,enclosed-white-center centroid of visible open-square marker,accepted-pass-B
fig174-trim_deg-026,S/L=0.4,trim_deg,174,274,264,1312.964,2492.022,0.4854237,2.12053632,0.0020,0.04,4.0,507,2389,1942,3218,6.0,-3.0,enclosed-white-center centroid of visible open-square marker,accepted-pass-B
fig174-trim_deg-027,S/L=0.4,trim_deg,174,274,264,1323.500,2440.000,0.4904623,2.48746082,0.0020,0.04,4.0,507,2389,1942,3218,6.0,-3.0,enclosed-white-center centroid of visible open-square marker,accepted-pass-B
fig174-trim_deg-028,S/L=0.4,trim_deg,174,274,264,1381.026,2444.817,0.5179721,2.45348235,0.0020,0.04,4.0,507,2389,1942,3218,6.0,-3.0,enclosed-white-center centroid of visible open-square marker,accepted-pass-B
fig174-trim_deg-029,S/L=0.4,trim_deg,174,274,264,1382.805,2479.805,0.5188226,2.20670675,0.0020,0.04,4.0,507,2389,1942,3218,6.0,-3.0,enclosed-white-center centroid of visible open-square marker,accepted-pass-B
fig174-trim_deg-030,S/L=0.4,trim_deg,174,274,264,1522.328,2440.978,0.5855450,2.48056198,0.0020,0.04,4.0,507,2389,1942,3218,6.0,-3.0,enclosed-white-center centroid of visible open-square marker,accepted-pass-B
fig174-trim_deg-031,S/L=0.4,trim_deg,174,274,264,1535.587,2411.755,0.5918856,2.68667931,0.0020,0.04,4.0,507,2389,1942,3218,6.0,-3.0,enclosed-white-center centroid of visible open-square marker,accepted-pass-B
fig174-trim_deg-032,S/L=0.4,trim_deg,174,274,264,1614.835,2414.339,0.6297828,2.66845441,0.0020,0.04,4.0,507,2389,1942,3218,6.0,-3.0,enclosed-white-center centroid of visible open-square marker,accepted-pass-B
fig174-trim_deg-033,S/L=0.4,trim_deg,174,274,264,1615.492,2439.530,0.6300973,2.49077372,0.0020,0.04,4.0,507,2389,1942,3218,6.0,-3.0,enclosed-white-center centroid of visible open-square marker,accepted-pass-B
fig174-trim_deg-034,S/L=0.4,trim_deg,174,274,264,1693.701,2417.224,0.6674981,2.64810743,0.0020,0.04,4.0,507,2389,1942,3218,6.0,-3.0,enclosed-white-center centroid of visible open-square marker,accepted-pass-B
fig174-trim_deg-035,S/L=0.4,trim_deg,174,274,264,1693.898,2407.373,0.6675922,2.71758939,0.0020,0.04,4.0,507,2389,1942,3218,6.0,-3.0,enclosed-white-center centroid of visible open-square marker,accepted-pass-B
fig174-trim_deg-036,S/L=0.4,trim_deg,174,274,264,1711.034,2416.750,0.6757868,2.65144984,0.0020,0.04,4.0,507,2389,1942,3218,6.0,-3.0,enclosed-white-center centroid of visible open-square marker,accepted-pass-B
fig174-trim_deg-037,S/L=0.4,trim_deg,174,274,264,1711.878,2406.463,0.6761904,2.72400413,0.0020,0.04,4.0,507,2389,1942,3218,6.0,-3.0,enclosed-white-center centroid of visible open-square marker,accepted-pass-B
fig174-trim_deg-038,S/L=0.4,trim_deg,174,274,264,1769.960,2395.944,0.7039661,2.79819749,0.0020,0.04,4.0,507,2389,1942,3218,6.0,-3.0,enclosed-white-center centroid of visible open-square marker,accepted-pass-B
fig174-trim_deg-039,S/L=0.4,trim_deg,174,274,264,1794.538,2544.981,0.7157198,1.74700084,0.0020,0.04,4.0,507,2389,1942,3218,6.0,-3.0,enclosed-white-center centroid of visible open-square marker,accepted-pass-B
fig174-trim_deg-040,S/L=0.4,trim_deg,174,274,264,1795.621,2537.552,0.7162373,1.79940006,0.0020,0.04,4.0,507,2389,1942,3218,6.0,-3.0,enclosed-white-center centroid of visible open-square marker,accepted-pass-B
fig174-trim_deg-041,S/L=0.4,trim_deg,174,274,264,1803.982,2408.053,0.7202360,2.71279163,0.0020,0.04,4.0,507,2389,1942,3218,6.0,-3.0,enclosed-white-center centroid of visible open-square marker,accepted-pass-B
fig174-trim_deg-042,S/L=0.4,trim_deg,174,274,264,1849.722,2385.826,0.7421092,2.86956522,0.0020,0.04,4.0,507,2389,1942,3218,6.0,-3.0,enclosed-white-center centroid of visible open-square marker,accepted-pass-B
fig174-trim_deg-043,S/L=0.4,trim_deg,174,274,264,1897.161,2398.653,0.7647955,2.77909167,0.0020,0.04,4.0,507,2389,1942,3218,6.0,-3.0,enclosed-white-center centroid of visible open-square marker,accepted-pass-B
fig174-trim_deg-044,S/L=0.4,trim_deg,174,274,264,1988.047,2388.282,0.8082584,2.8522438,0.0020,0.04,4.0,507,2389,1942,3218,6.0,-3.0,enclosed-white-center centroid of visible open-square marker,accepted-pass-B
fig174-trim_deg-045,S/L=0.4,trim_deg,174,274,264,2066.385,2375.725,0.8457206,2.94080919,0.0020,0.04,4.0,507,2389,1942,3218,6.0,-3.0,enclosed-white-center centroid of visible open-square marker,accepted-pass-B
fig174-trim_deg-046,S/L=0.4,trim_deg,174,274,264,2076.234,2357.822,0.8504305,3.06708317,0.0020,0.04,4.0,507,2389,1942,3218,6.0,-3.0,enclosed-white-center centroid of visible open-square marker,accepted-pass-B
fig174-trim_deg-047,S/L=0.4,trim_deg,174,274,264,2178.220,2369.335,0.8992017,2.98587908,0.0020,0.04,4.0,507,2389,1942,3218,6.0,-3.0,enclosed-white-center centroid of visible open-square marker,accepted-pass-B
fig174-trim_deg-048,S/L=0.4,trim_deg,174,274,264,2196.500,2344.000,0.9079437,3.1645768,0.0020,0.04,4.0,507,2389,1942,3218,6.0,-3.0,enclosed-white-center centroid of visible open-square marker,accepted-pass-B
fig174-trim_deg-049,S/L=0.4,trim_deg,174,274,264,2314.932,2333.889,0.9645796,3.23589342,0.0020,0.04,4.0,507,2389,1942,3218,6.0,-3.0,enclosed-white-center centroid of visible open-square marker,accepted-pass-B
fig174-sinkage_over_draught-001,S/L=0.4,sinkage_over_draught,174,274,264,688.327,2727.724,0.1867134,0.0152685987,0.0020,0.0015,5.0,507,2389,1942,3218,0.2,-0.1,dense-core centroid of visible filled sinkage marker,accepted-pass-B
fig174-sinkage_over_draught-002,S/L=0.4,sinkage_over_draught,174,274,264,899.597,2617.592,0.2877457,0.0411617007,0.0020,0.0015,5.0,507,2389,1942,3218,0.2,-0.1,dense-core centroid of visible filled sinkage marker,accepted-pass-B
fig174-sinkage_over_draught-003,S/L=0.4,sinkage_over_draught,174,274,264,976.446,2579.906,0.3244961,0.0500222151,0.0020,0.0015,5.0,507,2389,1942,3218,0.2,-0.1,dense-core centroid of visible filled sinkage marker,accepted-pass-B
fig174-sinkage_over_draught-004,S/L=0.4,sinkage_over_draught,174,274,264,1063.901,2451.665,0.3663183,0.0801728444,0.0020,0.0015,5.0,507,2389,1942,3218,0.2,-0.1,dense-core centroid of visible filled sinkage marker,accepted-pass-B
fig174-sinkage_over_draught-005,S/L=0.4,sinkage_over_draught,174,274,264,1085.718,2418.614,0.3767515,0.0879435024,0.0020,0.0015,5.0,507,2389,1942,3218,0.2,-0.1,dense-core centroid of visible filled sinkage marker,accepted-pass-B
fig174-sinkage_over_draught-006,S/L=0.4,sinkage_over_draught,174,274,264,1095.607,2446.717,0.3814805,0.0813361842,0.0020,0.0015,5.0,507,2389,1942,3218,0.2,-0.1,dense-core centroid of visible filled sinkage marker,accepted-pass-B
fig174-sinkage_over_draught-007,S/L=0.4,sinkage_over_draught,174,274,264,1108.874,2389.040,0.3878248,0.0948964567,0.0020,0.0015,5.0,507,2389,1942,3218,0.2,-0.1,dense-core centroid of visible filled sinkage marker,accepted-pass-B
fig174-sinkage_over_draught-008,S/L=0.4,sinkage_over_draught,174,274,264,1189.622,2338.860,0.4264399,0.106694248,0.0020,0.0015,5.0,507,2389,1942,3218,0.2,-0.1,dense-core centroid of visible filled sinkage marker,accepted-pass-B
fig174-sinkage_over_draught-009,S/L=0.4,sinkage_over_draught,174,274,264,1210.302,2349.664,0.4363293,0.104154131,0.0020,0.0015,5.0,507,2389,1942,3218,0.2,-0.1,dense-core centroid of visible filled sinkage marker,accepted-pass-B
fig174-sinkage_over_draught-010,S/L=0.4,sinkage_over_draught,174,274,264,1224.594,2326.083,0.4431642,0.109698276,0.0020,0.0015,5.0,507,2389,1942,3218,0.2,-0.1,dense-core centroid of visible filled sinkage marker,accepted-pass-B
fig174-sinkage_over_draught-011,S/L=0.4,sinkage_over_draught,174,274,264,1257.924,2342.437,0.4591028,0.105853476,0.0020,0.0015,5.0,507,2389,1942,3218,0.2,-0.1,dense-core centroid of visible filled sinkage marker,accepted-pass-B
fig174-sinkage_over_draught-012,S/L=0.4,sinkage_over_draught,174,274,264,1267.510,2368.807,0.4636870,0.0996535429,0.0020,0.0015,5.0,507,2389,1942,3218,0.2,-0.1,dense-core centroid of visible filled sinkage marker,accepted-pass-B
fig174-sinkage_over_draught-013,S/L=0.4,sinkage_over_draught,174,274,264,1292.571,2356.041,0.4756718,0.102654826,0.0020,0.0015,5.0,507,2389,1942,3218,0.2,-0.1,dense-core centroid of visible filled sinkage marker,accepted-pass-B
fig174-sinkage_over_draught-014,S/L=0.4,sinkage_over_draught,174,274,264,1332.350,2382.703,0.4946946,0.0963864696,0.0020,0.0015,5.0,507,2389,1942,3218,0.2,-0.1,dense-core centroid of visible filled sinkage marker,accepted-pass-B
fig174-sinkage_over_draught-015,S/L=0.4,sinkage_over_draught,174,274,264,1382.177,2376.274,0.5185224,0.097897864,0.0020,0.0015,5.0,507,2389,1942,3218,0.2,-0.1,dense-core centroid of visible filled sinkage marker,accepted-pass-B
fig174-sinkage_over_draught-016,S/L=0.4,sinkage_over_draught,174,274,264,1383.020,2424.416,0.5189255,0.0865792091,0.0020,0.0015,5.0,507,2389,1942,3218,0.2,-0.1,dense-core centroid of visible filled sinkage marker,accepted-pass-B
fig174-sinkage_over_draught-017,S/L=0.4,sinkage_over_draught,174,274,264,1431.693,2450.075,0.5422020,0.0805465415,0.0020,0.0015,5.0,507,2389,1942,3218,0.2,-0.1,dense-core centroid of visible filled sinkage marker,accepted-pass-B
fig174-sinkage_over_draught-018,S/L=0.4,sinkage_over_draught,174,274,264,1459.721,2483.771,0.5556051,0.0726244122,0.0020,0.0015,5.0,507,2389,1942,3218,0.2,-0.1,dense-core centroid of visible filled sinkage marker,accepted-pass-B
fig174-sinkage_over_draught-019,S/L=0.4,sinkage_over_draught,174,274,264,1497.650,2500.304,0.5737431,0.0687373656,0.0020,0.0015,5.0,507,2389,1942,3218,0.2,-0.1,dense-core centroid of visible filled sinkage marker,accepted-pass-B
fig174-sinkage_over_draught-020,S/L=0.4,sinkage_over_draught,174,274,264,1535.021,2545.021,0.5916149,0.058223811,0.0020,0.0015,5.0,507,2389,1942,3218,0.2,-0.1,dense-core centroid of visible filled sinkage marker,accepted-pass-B
fig174-sinkage_over_draught-021,S/L=0.4,sinkage_over_draught,174,274,264,1566.835,2535.320,0.6068289,0.0605046208,0.0020,0.0015,5.0,507,2389,1942,3218,0.2,-0.1,dense-core centroid of visible filled sinkage marker,accepted-pass-B
fig174-sinkage_over_draught-022,S/L=0.4,sinkage_over_draught,174,274,264,1613.289,2560.916,0.6290435,0.0544867591,0.0020,0.0015,5.0,507,2389,1942,3218,0.2,-0.1,dense-core centroid of visible filled sinkage marker,accepted-pass-B
fig174-sinkage_over_draught-023,S/L=0.4,sinkage_over_draught,174,274,264,1616.101,2531.258,0.6303884,0.0614596175,0.0020,0.0015,5.0,507,2389,1942,3218,0.2,-0.1,dense-core centroid of visible filled sinkage marker,accepted-pass-B
fig174-sinkage_over_draught-024,S/L=0.4,sinkage_over_draught,174,274,264,1639.454,2547.928,0.6415562,0.0575405479,0.0020,0.0015,5.0,507,2389,1942,3218,0.2,-0.1,dense-core centroid of visible filled sinkage marker,accepted-pass-B
fig174-sinkage_over_draught-025,S/L=0.4,sinkage_over_draught,174,274,264,1689.387,2562.826,0.6654350,0.0540377539,0.0020,0.0015,5.0,507,2389,1942,3218,0.2,-0.1,dense-core centroid of visible filled sinkage marker,accepted-pass-B
fig174-sinkage_over_draught-026,S/L=0.4,sinkage_over_draught,174,274,264,1711.329,2527.441,0.6759277,0.0623570279,0.0020,0.0015,5.0,507,2389,1942,3218,0.2,-0.1,dense-core centroid of visible filled sinkage marker,accepted-pass-B
fig174-sinkage_over_draught-027,S/L=0.4,sinkage_over_draught,174,274,264,1767.694,2573.737,0.7028823,0.0514724759,0.0020,0.0015,5.0,507,2389,1942,3218,0.2,-0.1,dense-core centroid of visible filled sinkage marker,accepted-pass-B
fig174-sinkage_over_draught-028,S/L=0.4,sinkage_over_draught,174,274,264,1849.515,2601.825,0.7420103,0.0448686628,0.0020,0.0015,5.0,507,2389,1942,3218,0.2,-0.1,dense-core centroid of visible filled sinkage marker,accepted-pass-B
fig174-sinkage_over_draught-029,S/L=0.4,sinkage_over_draught,174,274,264,1895.467,2626.491,0.7639854,0.0390695954,0.0020,0.0015,5.0,507,2389,1942,3218,0.2,-0.1,dense-core centroid of visible filled sinkage marker,accepted-pass-B
fig174-sinkage_over_draught-030,S/L=0.4,sinkage_over_draught,174,274,264,1958.177,2713.171,0.7939740,0.0186901401,0.0020,0.0015,5.0,507,2389,1942,3218,0.2,-0.1,dense-core centroid of visible filled sinkage marker,accepted-pass-B
fig174-sinkage_over_draught-031,S/L=0.4,sinkage_over_draught,174,274,264,1958.394,2627.963,0.7940777,0.0387234876,0.0020,0.0015,5.0,507,2389,1942,3218,0.2,-0.1,dense-core centroid of visible filled sinkage marker,accepted-pass-B
fig174-sinkage_over_draught-032,S/L=0.4,sinkage_over_draught,174,274,264,1985.890,2688.084,0.8072269,0.0245884554,0.0020,0.0015,5.0,507,2389,1942,3218,0.2,-0.1,dense-core centroid of visible filled sinkage marker,accepted-pass-B
fig174-sinkage_over_draught-033,S/L=0.4,sinkage_over_draught,174,274,264,2057.744,2678.721,0.8415886,0.0267897499,0.0020,0.0015,5.0,507,2389,1942,3218,0.2,-0.1,dense-core centroid of visible filled sinkage marker,accepted-pass-B
fig174-sinkage_over_draught-034,S/L=0.4,sinkage_over_draught,174,274,264,2064.995,2735.576,0.8450560,0.0134226275,0.0020,0.0015,5.0,507,2389,1942,3218,0.2,-0.1,dense-core centroid of visible filled sinkage marker,accepted-pass-B
fig174-sinkage_over_draught-035,S/L=0.4,sinkage_over_draught,174,274,264,2073.116,2764.349,0.8489398,0.00665779689,0.0020,0.0015,5.0,507,2389,1942,3218,0.2,-0.1,dense-core centroid of visible filled sinkage marker,accepted-pass-B
fig174-sinkage_over_draught-036,S/L=0.4,sinkage_over_draught,174,274,264,2130.507,2715.064,0.8763848,0.0182451582,0.0020,0.0015,5.0,507,2389,1942,3218,0.2,-0.1,dense-core centroid of visible filled sinkage marker,accepted-pass-B
fig174-sinkage_over_draught-037,S/L=0.4,sinkage_over_draught,174,274,264,2175.205,2768.603,0.8977603,0.00565767745,0.0020,0.0015,5.0,507,2389,1942,3218,0.2,-0.1,dense-core centroid of visible filled sinkage marker,accepted-pass-B
fig174-sinkage_over_draught-038,S/L=0.4,sinkage_over_draught,174,274,264,2193.192,2789.047,0.9063616,0.0008511053,0.0020,0.0015,5.0,507,2389,1942,3218,0.2,-0.1,dense-core centroid of visible filled sinkage marker,accepted-pass-B
fig174-sinkage_over_draught-039,S/L=0.4,sinkage_over_draught,174,274,264,2199.131,2736.544,0.9092019,0.0131950574,0.0020,0.0015,5.0,507,2389,1942,3218,0.2,-0.1,dense-core centroid of visible filled sinkage marker,accepted-pass-B
fig174-sinkage_over_draught-040,S/L=0.4,sinkage_over_draught,174,274,264,2242.646,2774.696,0.9300114,0.0042250422,0.0020,0.0015,5.0,507,2389,1942,3218,0.2,-0.1,dense-core centroid of visible filled sinkage marker,accepted-pass-B
fig174-sinkage_over_draught-041,S/L=0.4,sinkage_over_draught,174,274,264,2270.624,2813.347,0.9433910,-0.00486210521,0.0020,0.0015,5.0,507,2389,1942,3218,0.2,-0.1,dense-core centroid of visible filled sinkage marker,accepted-pass-B
fig174-sinkage_over_draught-042,S/L=0.4,sinkage_over_draught,174,274,264,2313.349,2807.484,0.9638226,-0.00348378723,0.0020,0.0015,5.0,507,2389,1942,3218,0.2,-0.1,dense-core centroid of visible filled sinkage marker,accepted-pass-B
fig178-trim_deg-001,S/L=0.5,trim_deg,178,276,266,572.167,2865.685,0.1297448,0.0470757933,0.0020,0.04,4.0,510,2391,2025,3296,6.0,-3.0,enclosed-white-center centroid of visible open-square marker,accepted-pass-B
fig178-trim_deg-002,S/L=0.5,trim_deg,178,276,266,573.000,2856.659,0.1301435,0.110989915,0.0020,0.04,4.0,510,2391,2025,3296,6.0,-3.0,enclosed-white-center centroid of visible open-square marker,accepted-pass-B
fig178-trim_deg-003,S/L=0.5,trim_deg,178,276,266,636.667,2865.204,0.1606061,0.0504851823,0.0020,0.04,4.0,510,2391,2025,3296,6.0,-3.0,enclosed-white-center centroid of visible open-square marker,accepted-pass-B
fig178-trim_deg-004,S/L=0.5,trim_deg,178,276,266,692.214,2866.214,0.1871839,0.0433292121,0.0020,0.04,4.0,510,2391,2025,3296,6.0,-3.0,enclosed-white-center centroid of visible open-square marker,accepted-pass-B
fig178-trim_deg-005,S/L=0.5,trim_deg,178,276,266,750.167,2864.978,0.2149123,0.0520849725,0.0020,0.04,4.0,510,2391,2025,3296,6.0,-3.0,enclosed-white-center centroid of visible open-square marker,accepted-pass-B
fig178-trim_deg-006,S/L=0.5,trim_deg,178,276,266,809.775,2855.625,0.2434330,0.118312352,0.0020,0.04,4.0,510,2391,2025,3296,6.0,-3.0,enclosed-white-center centroid of visible open-square marker,accepted-pass-B
fig178-trim_deg-007,S/L=0.5,trim_deg,178,276,266,809.821,2864.268,0.2434552,0.0571119478,0.0020,0.04,4.0,510,2391,2025,3296,6.0,-3.0,enclosed-white-center centroid of visible open-square marker,accepted-pass-B
fig178-trim_deg-008,S/L=0.5,trim_deg,178,276,266,866.914,2870.171,0.2707724,0.015308531,0.0020,0.04,4.0,510,2391,2025,3296,6.0,-3.0,enclosed-white-center centroid of visible open-square marker,accepted-pass-B
fig178-trim_deg-009,S/L=0.5,trim_deg,178,276,266,916.161,2703.097,0.2943355,1.1983706,0.0020,0.04,4.0,510,2391,2025,3296,6.0,-3.0,enclosed-white-center centroid of visible open-square marker,accepted-pass-B
fig178-trim_deg-010,S/L=0.5,trim_deg,178,276,266,924.674,2861.860,0.2984088,0.0741587836,0.0020,0.04,4.0,510,2391,2025,3296,6.0,-3.0,enclosed-white-center centroid of visible open-square marker,accepted-pass-B
fig178-trim_deg-011,S/L=0.5,trim_deg,178,276,266,925.897,2871.667,0.2989940,0.00472069237,0.0020,0.04,4.0,510,2391,2025,3296,6.0,-3.0,enclosed-white-center centroid of visible open-square marker,accepted-pass-B
fig178-trim_deg-012,S/L=0.5,trim_deg,178,276,266,962.488,2674.440,0.3165014,1.40129032,0.0020,0.04,4.0,510,2391,2025,3296,6.0,-3.0,enclosed-white-center centroid of visible open-square marker,accepted-pass-B
fig178-trim_deg-013,S/L=0.5,trim_deg,178,276,266,983.326,2892.250,0.3264717,-0.141030685,0.0020,0.04,4.0,510,2391,2025,3296,6.0,-3.0,enclosed-white-center centroid of visible open-square marker,accepted-pass-B
fig178-trim_deg-014,S/L=0.5,trim_deg,178,276,266,1041.906,2852.170,0.3545003,0.142778677,0.0020,0.04,4.0,510,2391,2025,3296,6.0,-3.0,enclosed-white-center centroid of visible open-square marker,accepted-pass-B
fig178-trim_deg-015,S/L=0.5,trim_deg,178,276,266,1042.775,2833.725,0.3549163,0.273387097,0.0020,0.04,4.0,510,2391,2025,3296,6.0,-3.0,enclosed-white-center centroid of visible open-square marker,accepted-pass-B
fig178-trim_deg-016,S/L=0.5,trim_deg,178,276,266,1043.719,2843.875,0.3553678,0.201514555,0.0020,0.04,4.0,510,2391,2025,3296,6.0,-3.0,enclosed-white-center centroid of visible open-square marker,accepted-pass-B
fig178-trim_deg-017,S/L=0.5,trim_deg,178,276,266,1098.805,2785.128,0.3817246,0.617505605,0.0020,0.04,4.0,510,2391,2025,3296,6.0,-3.0,enclosed-white-center centroid of visible open-square marker,accepted-pass-B
fig178-trim_deg-018,S/L=0.5,trim_deg,178,276,266,1155.673,2685.061,0.4089347,1.32608102,0.0020,0.04,4.0,510,2391,2025,3296,6.0,-3.0,enclosed-white-center centroid of visible open-square marker,accepted-pass-B
fig178-trim_deg-019,S/L=0.5,trim_deg,178,276,266,1156.453,2713.365,0.4093074,1.12566116,0.0020,0.04,4.0,510,2391,2025,3296,6.0,-3.0,enclosed-white-center centroid of visible open-square marker,accepted-pass-B
fig178-trim_deg-020,S/L=0.5,trim_deg,178,276,266,1159.381,2694.048,0.4107086,1.26244802,0.0020,0.04,4.0,510,2391,2025,3296,6.0,-3.0,enclosed-white-center centroid of visible open-square marker,accepted-pass-B
fig178-trim_deg-021,S/L=0.5,trim_deg,178,276,266,1213.719,2659.215,0.4367074,1.50910045,0.0020,0.04,4.0,510,2391,2025,3296,6.0,-3.0,enclosed-white-center centroid of visible open-square marker,accepted-pass-B
fig178-trim_deg-022,S/L=0.5,trim_deg,178,276,266,1215.029,2620.922,0.4373346,1.7802564,0.0020,0.04,4.0,510,2391,2025,3296,6.0,-3.0,enclosed-white-center centroid of visible open-square marker,accepted-pass-B
fig178-trim_deg-023,S/L=0.5,trim_deg,178,276,266,1271.763,2576.504,0.4644797,2.09478177,0.0020,0.04,4.0,510,2391,2025,3296,6.0,-3.0,enclosed-white-center centroid of visible open-square marker,accepted-pass-B
fig178-trim_deg-024,S/L=0.5,trim_deg,178,276,266,1328.934,2551.894,0.4918343,2.26904299,0.0020,0.04,4.0,510,2391,2025,3296,6.0,-3.0,enclosed-white-center centroid of visible open-square marker,accepted-pass-B
fig178-trim_deg-025,S/L=0.5,trim_deg,178,276,266,1357.769,2598.750,0.5056309,1.93725413,0.0020,0.04,4.0,510,2391,2025,3296,6.0,-3.0,enclosed-white-center centroid of visible open-square marker,accepted-pass-B
fig178-trim_deg-026,S/L=0.5,trim_deg,178,276,266,1357.881,2522.807,0.5056846,2.47500704,0.0020,0.04,4.0,510,2391,2025,3296,6.0,-3.0,enclosed-white-center centroid of visible open-square marker,accepted-pass-B
fig178-trim_deg-027,S/L=0.5,trim_deg,178,276,266,1462.469,2547.690,0.5557268,2.29881008,0.0020,0.04,4.0,510,2391,2025,3296,6.0,-3.0,enclosed-white-center centroid of visible open-square marker,accepted-pass-B
fig178-trim_deg-028,S/L=0.5,trim_deg,178,276,266,1463.385,2582.338,0.5561649,2.05346487,0.0020,0.04,4.0,510,2391,2025,3296,6.0,-3.0,enclosed-white-center centroid of visible open-square marker,accepted-pass-B
fig178-trim_deg-029,S/L=0.5,trim_deg,178,276,266,1537.680,2526.140,0.5917129,2.45140834,0.0020,0.04,4.0,510,2391,2025,3296,6.0,-3.0,enclosed-white-center centroid of visible open-square marker,accepted-pass-B
fig178-trim_deg-030,S/L=0.5,trim_deg,178,276,266,1537.965,2536.368,0.5918492,2.3789805,0.0020,0.04,4.0,510,2391,2025,3296,6.0,-3.0,enclosed-white-center centroid of visible open-square marker,accepted-pass-B
fig178-trim_deg-031,S/L=0.5,trim_deg,178,276,266,1538.176,2507.054,0.5919501,2.58655666,0.0020,0.04,4.0,510,2391,2025,3296,6.0,-3.0,enclosed-white-center centroid of visible open-square marker,accepted-pass-B
fig178-trim_deg-032,S/L=0.5,trim_deg,178,276,266,1614.179,2495.821,0.6283151,2.66609531,0.0020,0.04,4.0,510,2391,2025,3296,6.0,-3.0,enclosed-white-center centroid of visible open-square marker,accepted-pass-B
fig178-trim_deg-033,S/L=0.5,trim_deg,178,276,266,1614.787,2506.056,0.6286060,2.59362265,0.0020,0.04,4.0,510,2391,2025,3296,6.0,-3.0,enclosed-white-center centroid of visible open-square marker,accepted-pass-B
fig178-trim_deg-034,S/L=0.5,trim_deg,178,276,266,1618.111,2521.600,0.6301967,2.48355625,0.0020,0.04,4.0,510,2391,2025,3296,6.0,-3.0,enclosed-white-center centroid of visible open-square marker,accepted-pass-B
fig178-trim_deg-035,S/L=0.5,trim_deg,178,276,266,1618.500,2563.382,0.6303828,2.18769759,0.0020,0.04,4.0,510,2391,2025,3296,6.0,-3.0,enclosed-white-center centroid of visible open-square marker,accepted-pass-B
fig178-trim_deg-036,S/L=0.5,trim_deg,178,276,266,1695.687,2551.558,0.6673144,2.27142375,0.0020,0.04,4.0,510,2391,2025,3296,6.0,-3.0,enclosed-white-center centroid of visible open-square marker,accepted-pass-B
fig178-trim_deg-037,S/L=0.5,trim_deg,178,276,266,1696.284,2513.627,0.6676002,2.54001018,0.0020,0.04,4.0,510,2391,2025,3296,6.0,-3.0,enclosed-white-center centroid of visible open-square marker,accepted-pass-B
fig178-trim_deg-038,S/L=0.5,trim_deg,178,276,266,1704.886,2610.800,0.6717157,1.85192762,0.0020,0.04,4.0,510,2391,2025,3296,6.0,-3.0,enclosed-white-center centroid of visible open-square marker,accepted-pass-B
fig178-trim_deg-039,S/L=0.5,trim_deg,178,276,266,1724.375,2613.577,0.6810407,1.83226412,0.0020,0.04,4.0,510,2391,2025,3296,6.0,-3.0,enclosed-white-center centroid of visible open-square marker,accepted-pass-B
fig178-trim_deg-040,S/L=0.5,trim_deg,178,276,266,1735.101,2493.147,0.6861727,2.68503454,0.0020,0.04,4.0,510,2391,2025,3296,6.0,-3.0,enclosed-white-center centroid of visible open-square marker,accepted-pass-B
fig178-trim_deg-041,S/L=0.5,trim_deg,178,276,266,1735.385,2474.375,0.6863088,2.8179583,0.0020,0.04,4.0,510,2391,2025,3296,6.0,-3.0,enclosed-white-center centroid of visible open-square marker,accepted-pass-B
fig178-trim_deg-042,S/L=0.5,trim_deg,178,276,266,1771.583,2506.417,0.7036284,2.59107002,0.0020,0.04,4.0,510,2391,2025,3296,6.0,-3.0,enclosed-white-center centroid of visible open-square marker,accepted-pass-B
fig178-trim_deg-043,S/L=0.5,trim_deg,178,276,266,1771.613,2538.139,0.7036427,2.36644518,0.0020,0.04,4.0,510,2391,2025,3296,6.0,-3.0,enclosed-white-center centroid of visible open-square marker,accepted-pass-B
fig178-trim_deg-044,S/L=0.5,trim_deg,178,276,266,1848.778,2489.933,0.7405635,2.70778914,0.0020,0.04,4.0,510,2391,2025,3296,6.0,-3.0,enclosed-white-center centroid of visible open-square marker,accepted-pass-B
fig178-trim_deg-045,S/L=0.5,trim_deg,178,276,266,1848.967,2467.803,0.7406542,2.86449291,0.0020,0.04,4.0,510,2391,2025,3296,6.0,-3.0,enclosed-white-center centroid of visible open-square marker,accepted-pass-B
fig178-trim_deg-046,S/L=0.5,trim_deg,178,276,266,1849.469,2509.245,0.7408944,2.57104321,0.0020,0.04,4.0,510,2391,2025,3296,6.0,-3.0,enclosed-white-center centroid of visible open-square marker,accepted-pass-B
fig178-trim_deg-047,S/L=0.5,trim_deg,178,276,266,1849.563,2521.905,0.7409395,2.48139822,0.0020,0.04,4.0,510,2391,2025,3296,6.0,-3.0,enclosed-white-center centroid of visible open-square marker,accepted-pass-B
fig178-trim_deg-048,S/L=0.5,trim_deg,178,276,266,1965.623,2443.834,0.7964701,3.0342172,0.0020,0.04,4.0,510,2391,2025,3296,6.0,-3.0,enclosed-white-center centroid of visible open-square marker,accepted-pass-B
fig178-trim_deg-049,S/L=0.5,trim_deg,178,276,266,2199.906,2420.500,0.9085676,3.19944925,0.0020,0.04,4.0,510,2391,2025,3296,6.0,-3.0,enclosed-white-center centroid of visible open-square marker,accepted-pass-B
fig178-trim_deg-050,S/L=0.5,trim_deg,178,276,266,2201.159,2468.303,0.9091668,2.86095119,0.0020,0.04,4.0,510,2391,2025,3296,6.0,-3.0,enclosed-white-center centroid of visible open-square marker,accepted-pass-B
fig178-trim_deg-051,S/L=0.5,trim_deg,178,276,266,2316.832,2419.409,0.9645130,3.20717637,0.0020,0.04,4.0,510,2391,2025,3296,6.0,-3.0,enclosed-white-center centroid of visible open-square marker,accepted-pass-B
fig178-sinkage_over_draught-001,S/L=0.5,sinkage_over_draught,178,276,266,574.596,2827.715,0.1309072,0.0105314166,0.0020,0.0015,5.0,510,2391,2025,3296,0.2,-0.1,dense-core centroid of visible filled sinkage marker,accepted-pass-B
fig178-sinkage_over_draught-002,S/L=0.5,sinkage_over_draught,178,276,266,636.762,2819.343,0.1606519,0.0125074978,0.0020,0.0015,5.0,510,2391,2025,3296,0.2,-0.1,dense-core centroid of visible filled sinkage marker,accepted-pass-B
fig178-sinkage_over_draught-003,S/L=0.5,sinkage_over_draught,178,276,266,691.766,2807.542,0.1869695,0.0152929844,0.0020,0.0015,5.0,510,2391,2025,3296,0.2,-0.1,dense-core centroid of visible filled sinkage marker,accepted-pass-B
fig178-sinkage_over_draught-004,S/L=0.5,sinkage_over_draught,178,276,266,745.220,2785.799,0.2125457,0.020425164,0.0020,0.0015,5.0,510,2391,2025,3296,0.2,-0.1,dense-core centroid of visible filled sinkage marker,accepted-pass-B
fig178-sinkage_over_draught-005,S/L=0.5,sinkage_over_draught,178,276,266,788.084,2769.968,0.2330547,0.0241618727,0.0020,0.0015,5.0,510,2391,2025,3296,0.2,-0.1,dense-core centroid of visible filled sinkage marker,accepted-pass-B
fig178-sinkage_over_draught-006,S/L=0.5,sinkage_over_draught,178,276,266,811.409,2756.527,0.2442150,0.0273342031,0.0020,0.0015,5.0,510,2391,2025,3296,0.2,-0.1,dense-core centroid of visible filled sinkage marker,accepted-pass-B
fig178-sinkage_over_draught-007,S/L=0.5,sinkage_over_draught,178,276,266,833.531,2746.253,0.2547995,0.029759303,0.0020,0.0015,5.0,510,2391,2025,3296,0.2,-0.1,dense-core centroid of visible filled sinkage marker,accepted-pass-B
fig178-sinkage_over_draught-008,S/L=0.5,sinkage_over_draught,178,276,266,999.189,2636.074,0.3340619,0.0557654561,0.0020,0.0015,5.0,510,2391,2025,3296,0.2,-0.1,dense-core centroid of visible filled sinkage marker,accepted-pass-B
fig178-sinkage_over_draught-009,S/L=0.5,sinkage_over_draught,178,276,266,1043.479,2587.118,0.3552530,0.0673206495,0.0020,0.0015,5.0,510,2391,2025,3296,0.2,-0.1,dense-core centroid of visible filled sinkage marker,accepted-pass-B
fig178-sinkage_over_draught-010,S/L=0.5,sinkage_over_draught,178,276,266,1067.458,2557.917,0.3667265,0.0742132179,0.0020,0.0015,5.0,510,2391,2025,3296,0.2,-0.1,dense-core centroid of visible filled sinkage marker,accepted-pass-B
fig178-sinkage_over_draught-011,S/L=0.5,sinkage_over_draught,178,276,266,1193.416,2438.634,0.4269934,0.102368165,0.0020,0.0015,5.0,510,2391,2025,3296,0.2,-0.1,dense-core centroid of visible filled sinkage marker,accepted-pass-B
fig178-sinkage_over_draught-012,S/L=0.5,sinkage_over_draught,178,276,266,1221.605,2431.024,0.4404811,0.104164257,0.0020,0.0015,5.0,510,2391,2025,3296,0.2,-0.1,dense-core centroid of visible filled sinkage marker,accepted-pass-B
fig178-sinkage_over_draught-013,S/L=0.5,sinkage_over_draught,178,276,266,1298.975,2454.056,0.4775001,0.0987279542,0.0020,0.0015,5.0,510,2391,2025,3296,0.2,-0.1,dense-core centroid of visible filled sinkage marker,accepted-pass-B
fig178-sinkage_over_draught-014,S/L=0.5,sinkage_over_draught,178,276,266,1335.503,2459.847,0.4949777,0.0973610855,0.0020,0.0015,5.0,510,2391,2025,3296,0.2,-0.1,dense-core centroid of visible filled sinkage marker,accepted-pass-B
fig178-sinkage_over_draught-015,S/L=0.5,sinkage_over_draught,178,276,266,1386.748,2492.534,0.5194968,0.0896458953,0.0020,0.0015,5.0,510,2391,2025,3296,0.2,-0.1,dense-core centroid of visible filled sinkage marker,accepted-pass-B
fig178-sinkage_over_draught-016,S/L=0.5,sinkage_over_draught,178,276,266,1435.868,2517.868,0.5429990,0.0836661331,0.0020,0.0015,5.0,510,2391,2025,3296,0.2,-0.1,dense-core centroid of visible filled sinkage marker,accepted-pass-B
fig178-sinkage_over_draught-017,S/L=0.5,sinkage_over_draught,178,276,266,1538.400,2566.572,0.5920576,0.0721703165,0.0020,0.0015,5.0,510,2391,2025,3296,0.2,-0.1,dense-core centroid of visible filled sinkage marker,accepted-pass-B
fig178-sinkage_over_draught-018,S/L=0.5,sinkage_over_draught,178,276,266,1572.328,2607.655,0.6082908,0.0624731627,0.0020,0.0015,5.0,510,2391,2025,3296,0.2,-0.1,dense-core centroid of visible filled sinkage marker,accepted-pass-B
fig178-sinkage_over_draught-019,S/L=0.5,sinkage_over_draught,178,276,266,1615.662,2607.394,0.6290249,0.062534768,0.0020,0.0015,5.0,510,2391,2025,3296,0.2,-0.1,dense-core centroid of visible filled sinkage marker,accepted-pass-B
fig178-sinkage_over_draught-020,S/L=0.5,sinkage_over_draught,178,276,266,1644.665,2617.902,0.6429020,0.0600545258,0.0020,0.0015,5.0,510,2391,2025,3296,0.2,-0.1,dense-core centroid of visible filled sinkage marker,accepted-pass-B
fig178-sinkage_over_draught-021,S/L=0.5,sinkage_over_draught,178,276,266,1770.063,2612.481,0.7029011,0.0613341434,0.0020,0.0015,5.0,510,2391,2025,3296,0.2,-0.1,dense-core centroid of visible filled sinkage marker,accepted-pass-B
fig178-sinkage_over_draught-022,S/L=0.5,sinkage_over_draught,178,276,266,1848.418,2635.125,0.7403915,0.0559894551,0.0020,0.0015,5.0,510,2391,2025,3296,0.2,-0.1,dense-core centroid of visible filled sinkage marker,accepted-pass-B
fig178-sinkage_over_draught-023,S/L=0.5,sinkage_over_draught,178,276,266,1947.173,2680.374,0.7876427,0.0453089768,0.0020,0.0015,5.0,510,2391,2025,3296,0.2,-0.1,dense-core centroid of visible filled sinkage marker,accepted-pass-B
fig178-sinkage_over_draught-024,S/L=0.5,sinkage_over_draught,178,276,266,1965.468,2761.489,0.7963962,0.0261630145,0.0020,0.0015,5.0,510,2391,2025,3296,0.2,-0.1,dense-core centroid of visible filled sinkage marker,accepted-pass-B
fig178-sinkage_over_draught-025,S/L=0.5,sinkage_over_draught,178,276,266,1965.628,2697.628,0.7964727,0.0412365286,0.0020,0.0015,5.0,510,2391,2025,3296,0.2,-0.1,dense-core centroid of visible filled sinkage marker,accepted-pass-B
fig178-sinkage_over_draught-026,S/L=0.5,sinkage_over_draught,178,276,266,2082.365,2714.365,0.8523279,0.0372859317,0.0020,0.0015,5.0,510,2391,2025,3296,0.2,-0.1,dense-core centroid of visible filled sinkage marker,accepted-pass-B
fig178-sinkage_over_draught-027,S/L=0.5,sinkage_over_draught,178,276,266,2112.693,2778.595,0.8668387,0.0221255457,0.0020,0.0015,5.0,510,2391,2025,3296,0.2,-0.1,dense-core centroid of visible filled sinkage marker,accepted-pass-B
fig178-sinkage_over_draught-028,S/L=0.5,sinkage_over_draught,178,276,266,2198.883,2816.012,0.9080779,0.0132937028,0.0020,0.0015,5.0,510,2391,2025,3296,0.2,-0.1,dense-core centroid of visible filled sinkage marker,accepted-pass-B
fig178-sinkage_over_draught-029,S/L=0.5,sinkage_over_draught,178,276,266,2222.987,2799.786,0.9196110,0.0171237496,0.0020,0.0015,5.0,510,2391,2025,3296,0.2,-0.1,dense-core centroid of visible filled sinkage marker,accepted-pass-B
fig178-sinkage_over_draught-030,S/L=0.5,sinkage_over_draught,178,276,266,2315.399,2842.536,0.9638271,0.00703321454,0.0020,0.0015,5.0,510,2391,2025,3296,0.2,-0.1,dense-core centroid of visible filled sinkage marker,accepted-pass-B
