# geometry: C2 Wigley L=1.8m B=0.18m T=0.1125m; continuous analytic source amplitude
# fluid: rho=1000kg/m3 g=9.80665m/s2; model scale; canal W=3.7m H=1.85m
# solver: Insel equations 4.25-4.50; modes doubled from 32 through 1048576; resistance_rel_tol=5e-6 interference_abs_tol=2e-6
configuration,fn,speed_m_s,member_count,separation_over_length,separation_m,wetted_surface_m2,rw_n,cw,interference,solo_rw_n,modes,resistance_rel_change,interference_abs_change,method,outcome
monohull,0.2000000,0.840284951668,1,,0.000000000000,0.482000000000,1.510575491357e-1,8.877122634073e-4,1.000000000000e0,1.510575491357e-1,8192,1.833367843340e-6,0.000000000000e0,insel_finite_canal_modal_continuous_wigley,converged
monohull,0.2050000,0.861292075460,1,,0.000000000000,0.482000000000,1.762805744513e-1,9.860217882837e-4,1.000000000000e0,1.762805744513e-1,8192,1.666270742445e-6,0.000000000000e0,insel_finite_canal_modal_continuous_wigley,converged
monohull,0.2100000,0.882299199252,1,,0.000000000000,0.482000000000,1.555297053587e-1,8.290191000690e-4,1.000000000000e0,1.555297053587e-1,8192,1.989557428499e-6,0.000000000000e0,insel_finite_canal_modal_continuous_wigley,converged
monohull,0.2150000,0.903306323043,1,,0.000000000000,0.482000000000,1.269103059199e-1,6.453714481652e-4,1.000000000000e0,1.269103059199e-1,8192,2.559253556349e-6,0.000000000000e0,insel_finite_canal_modal_continuous_wigley,converged
monohull,0.2200000,0.924313446835,1,,0.000000000000,0.482000000000,1.345948574278e-1,6.536915662785e-4,1.000000000000e0,1.345948574278e-1,8192,2.507369738861e-6,0.000000000000e0,insel_finite_canal_modal_continuous_wigley,converged
monohull,0.2250000,0.945320570627,1,,0.000000000000,0.482000000000,1.882031932077e-1,8.738798556453e-4,1.000000000000e0,1.882031932077e-1,8192,1.853681388148e-6,0.000000000000e0,insel_finite_canal_modal_continuous_wigley,converged
monohull,0.2300000,0.966327694418,1,,0.000000000000,0.482000000000,2.620548306526e-1,1.164464557315e-3,1.000000000000e0,2.620548306526e-1,8192,1.400544654234e-6,0.000000000000e0,insel_finite_canal_modal_continuous_wigley,converged
monohull,0.2350000,0.987334818210,1,,0.000000000000,0.482000000000,3.199791644462e-1,1.361995749402e-3,1.000000000000e0,3.199791644462e-1,4096,4.840694648452e-6,0.000000000000e0,insel_finite_canal_modal_continuous_wigley,converged
monohull,0.2400000,1.008341942002,1,,0.000000000000,0.482000000000,3.394664076094e-1,1.385364637764e-3,1.000000000000e0,3.394664076094e-1,4096,4.734322161842e-6,0.000000000000e0,insel_finite_canal_modal_continuous_wigley,converged
monohull,0.2450000,1.029349065794,1,,0.000000000000,0.482000000000,3.209657529741e-1,1.256945083848e-3,1.000000000000e0,3.209657529741e-1,8192,1.314326541173e-6,0.000000000000e0,insel_finite_canal_modal_continuous_wigley,converged
monohull,0.2500000,1.050356189585,1,,0.000000000000,0.482000000000,2.829257356214e-1,1.064099436355e-3,1.000000000000e0,2.829257356214e-1,8192,1.516663589022e-6,0.000000000000e0,insel_finite_canal_modal_continuous_wigley,converged
monohull,0.2550000,1.071363313377,1,,0.000000000000,0.482000000000,2.502676137103e-1,9.047197447509e-4,1.000000000000e0,2.502676137103e-1,8192,1.822934641536e-6,0.000000000000e0,insel_finite_canal_modal_continuous_wigley,converged
monohull,0.2600000,1.092370437169,1,,0.000000000000,0.482000000000,2.436790576804e-1,8.473469827663e-4,1.000000000000e0,2.436790576804e-1,8192,1.930338892767e-6,0.000000000000e0,insel_finite_canal_modal_continuous_wigley,converged
monohull,0.2650000,1.113377560960,1,,0.000000000000,0.482000000000,2.735743468507e-1,9.157425621115e-4,1.000000000000e0,2.735743468507e-1,8192,1.766744530620e-6,0.000000000000e0,insel_finite_canal_modal_continuous_wigley,converged
monohull,0.2700000,1.134384684752,1,,0.000000000000,0.482000000000,3.391223218237e-1,1.093499592229e-3,1.000000000000e0,3.391223218237e-1,8192,1.503927112684e-6,0.000000000000e0,insel_finite_canal_modal_continuous_wigley,converged
monohull,0.2750000,1.155391808544,1,,0.000000000000,0.482000000000,4.308079688284e-1,1.339084913242e-3,1.000000000000e0,4.308079688284e-1,4096,4.956292470748e-6,0.000000000000e0,insel_finite_canal_modal_continuous_wigley,converged
monohull,0.2800000,1.176398932335,1,,0.000000000000,0.482000000000,5.345209953356e-1,1.602649242106e-3,1.000000000000e0,5.345209953356e-1,4096,4.080082839701e-6,0.000000000000e0,insel_finite_canal_modal_continuous_wigley,converged
monohull,0.2850000,1.197406056127,1,,0.000000000000,0.482000000000,6.355503542601e-1,1.839289204716e-3,1.000000000000e0,6.355503542601e-1,4096,3.494097317482e-6,0.000000000000e0,insel_finite_canal_modal_continuous_wigley,converged
monohull,0.2900000,1.218413179919,1,,0.000000000000,0.482000000000,7.215728744722e-1,2.016851765814e-3,1.000000000000e0,7.215728744722e-1,4096,3.226734384428e-6,0.000000000000e0,insel_finite_canal_modal_continuous_wigley,converged
monohull,0.2950000,1.239420303711,1,,0.000000000000,0.482000000000,7.843308743777e-1,2.118580915094e-3,1.000000000000e0,7.843308743777e-1,4096,3.156051015114e-6,0.000000000000e0,insel_finite_canal_modal_continuous_wigley,converged
monohull,0.3000000,1.260427427502,1,,0.000000000000,0.482000000000,8.201201160811e-1,2.142025969359e-3,1.000000000000e0,8.201201160811e-1,4096,3.069045198996e-6,0.000000000000e0,insel_finite_canal_modal_continuous_wigley,converged
monohull,0.3050000,1.281434551294,1,,0.000000000000,0.482000000000,8.294065209779e-1,2.095837195296e-3,1.000000000000e0,8.294065209779e-1,4096,3.069482833599e-6,0.000000000000e0,insel_finite_canal_modal_continuous_wigley,converged
monohull,0.3100000,1.302441675086,1,,0.000000000000,0.482000000000,8.159324049981e-1,1.995816325085e-3,1.000000000000e0,8.159324049981e-1,4096,3.334567350932e-6,0.000000000000e0,insel_finite_canal_modal_continuous_wigley,converged
monohull,0.3150000,1.323448798877,1,,0.000000000000,0.482000000000,7.856232347601e-1,1.861156906963e-3,1.000000000000e0,7.856232347601e-1,4096,3.520866541948e-6,0.000000000000e0,insel_finite_canal_modal_continuous_wigley,converged
monohull,0.3200000,1.344455922669,1,,0.000000000000,0.482000000000,7.455189225376e-1,1.711388034326e-3,1.000000000000e0,7.455189225376e-1,4096,3.750698416201e-6,0.000000000000e0,insel_finite_canal_modal_continuous_wigley,converged
monohull,0.3250000,1.365463046461,1,,0.000000000000,0.482000000000,7.028644138396e-1,1.564208387292e-3,1.000000000000e0,7.028644138396e-1,4096,4.262545471216e-6,0.000000000000e0,insel_finite_canal_modal_continuous_wigley,converged
monohull,0.3300000,1.386470170253,1,,0.000000000000,0.482000000000,6.644205797358e-1,1.434184329131e-3,1.000000000000e0,6.644205797358e-1,4096,4.474436405642e-6,0.000000000000e0,insel_finite_canal_modal_continuous_wigley,converged
monohull,0.3350000,1.407477294044,1,,0.000000000000,0.482000000000,6.360040711641e-1,1.332171254719e-3,1.000000000000e0,6.360040711641e-1,4096,4.996528342255e-6,0.000000000000e0,insel_finite_canal_modal_continuous_wigley,converged
monohull,0.3400000,1.428484417836,1,,0.000000000000,0.482000000000,6.222336070206e-1,1.265276396524e-3,1.000000000000e0,6.222336070206e-1,8192,1.281933225103e-6,0.000000000000e0,insel_finite_canal_modal_continuous_wigley,converged
monohull,0.3450000,1.449491541628,1,,0.000000000000,0.482000000000,6.264388597057e-1,1.237172554284e-3,1.000000000000e0,6.264388597057e-1,8192,1.339027112654e-6,0.000000000000e0,insel_finite_canal_modal_continuous_wigley,converged
monohull,0.3500000,1.470498665419,1,,0.000000000000,0.482000000000,6.507001260403e-1,1.248632339383e-3,1.000000000000e0,6.507001260403e-1,8192,1.324980281186e-6,0.000000000000e0,insel_finite_canal_modal_continuous_wigley,converged
monohull,0.3550000,1.491505789211,1,,0.000000000000,0.482000000000,6.959623526023e-1,1.298131887578e-3,1.000000000000e0,6.959623526023e-1,8192,1.241686043381e-6,0.000000000000e0,insel_finite_canal_modal_continuous_wigley,converged
monohull,0.3600000,1.512512913003,1,,0.000000000000,0.482000000000,7.621996457929e-1,1.382463003413e-3,1.000000000000e0,7.621996457929e-1,4096,4.752193342251e-6,0.000000000000e0,insel_finite_canal_modal_continuous_wigley,converged
monohull,0.3650000,1.533520036794,1,,0.000000000000,0.482000000000,8.486039438501e-1,1.497300927579e-3,1.000000000000e0,8.486039438501e-1,4096,4.359708162463e-6,0.000000000000e0,insel_finite_canal_modal_continuous_wigley,converged
monohull,0.3700000,1.554527160586,1,,0.000000000000,0.482000000000,9.537658198792e-1,1.637676371979e-3,1.000000000000e0,9.537658198792e-1,4096,3.988764800118e-6,0.000000000000e0,insel_finite_canal_modal_continuous_wigley,converged
monohull,0.3750000,1.575534284378,1,,0.000000000000,0.482000000000,1.075851652740e0,1.798372416263e-3,1.000000000000e0,1.075851652740e0,4096,3.689716834730e-6,0.000000000000e0,insel_finite_canal_modal_continuous_wigley,converged
monohull,0.3800000,1.596541408170,1,,0.000000000000,0.482000000000,1.212757022528e0,1.974223792885e-3,1.000000000000e0,1.212757022528e0,4096,3.240537981590e-6,0.000000000000e0,insel_finite_canal_modal_continuous_wigley,converged
monohull,0.3850000,1.617548531961,1,,0.000000000000,0.482000000000,1.362236982455e0,2.160334415102e-3,1.000000000000e0,1.362236982455e0,4096,3.122490022506e-6,0.000000000000e0,insel_finite_canal_modal_continuous_wigley,converged
monohull,0.3900000,1.638555655753,1,,0.000000000000,0.482000000000,1.522011796866e0,2.352223482598e-3,1.000000000000e0,1.522011796866e0,4096,2.703082340624e-6,0.000000000000e0,insel_finite_canal_modal_continuous_wigley,converged
monohull,0.3950000,1.659562779545,1,,0.000000000000,0.482000000000,1.689849846694e0,2.545913841035e-3,1.000000000000e0,1.689849846694e0,4096,2.625281612372e-6,0.000000000000e0,insel_finite_canal_modal_continuous_wigley,converged
monohull,0.4000000,1.680569903336,1,,0.000000000000,0.482000000000,1.863628419209e0,2.737972732298e-3,1.000000000000e0,1.863628419209e0,4096,2.384638595685e-6,0.000000000000e0,insel_finite_canal_modal_continuous_wigley,converged
monohull,0.4050000,1.701577027128,1,,0.000000000000,0.482000000000,2.041376945115e0,2.925519087120e-3,1.000000000000e0,2.041376945115e0,4096,2.203009690288e-6,0.000000000000e0,insel_finite_canal_modal_continuous_wigley,converged
monohull,0.4100000,1.722584150920,1,,0.000000000000,0.482000000000,2.221304175595e0,3.106204870219e-3,1.000000000000e0,2.221304175595e0,4096,2.170004924622e-6,0.000000000000e0,insel_finite_canal_modal_continuous_wigley,converged
monohull,0.4150000,1.743591274711,1,,0.000000000000,0.482000000000,2.401813047427e0,3.278179899525e-3,1.000000000000e0,2.401813047427e0,4096,1.947297232287e-6,0.000000000000e0,insel_finite_canal_modal_continuous_wigley,converged
monohull,0.4200000,1.764598398503,1,,0.000000000000,0.482000000000,2.581505867231e0,3.440046494556e-3,1.000000000000e0,2.581505867231e0,4096,1.915254738024e-6,0.000000000000e0,insel_finite_canal_modal_continuous_wigley,converged
monohull,0.4250000,1.785605522295,1,,0.000000000000,0.482000000000,2.759181540085e0,3.590808068998e-3,1.000000000000e0,2.759181540085e0,4096,1.857700044009e-6,0.000000000000e0,insel_finite_canal_modal_continuous_wigley,converged
monohull,0.4300000,1.806612646087,1,,0.000000000000,0.482000000000,2.933828066175e0,3.729817003457e-3,1.000000000000e0,2.933828066175e0,4096,1.711545271157e-6,0.000000000000e0,insel_finite_canal_modal_continuous_wigley,converged
monohull,0.4350000,1.827619769878,1,,0.000000000000,0.482000000000,3.104610452514e0,3.856722381427e-3,1.000000000000e0,3.104610452514e0,4096,1.711003124873e-6,0.000000000000e0,insel_finite_canal_modal_continuous_wigley,converged
monohull,0.4400000,1.848626893670,1,,0.000000000000,0.482000000000,3.270857081531e0,3.971421586159e-3,1.000000000000e0,3.270857081531e0,4096,1.684797196053e-6,0.000000000000e0,insel_finite_canal_modal_continuous_wigley,converged
monohull,0.4450000,1.869634017462,1,,0.000000000000,0.482000000000,3.432044009334e0,4.074014805810e-3,1.000000000000e0,3.432044009334e0,4096,1.563361700331e-6,0.000000000000e0,insel_finite_canal_modal_continuous_wigley,converged
monohull,0.4500000,1.890641141253,1,,0.000000000000,0.482000000000,3.587779304281e0,4.164764698031e-3,1.000000000000e0,3.587779304281e0,4096,1.574063888875e-6,0.000000000000e0,insel_finite_canal_modal_continuous_wigley,converged
monohull,0.4550000,1.911648265045,1,,0.000000000000,0.482000000000,3.737787334551e0,4.244060551667e-3,1.000000000000e0,3.737787334551e0,4096,1.592738301933e-6,0.000000000000e0,insel_finite_canal_modal_continuous_wigley,converged
monohull,0.4600000,1.932655388837,1,,0.000000000000,0.482000000000,3.881893302550e0,4.312386795964e-3,1.000000000000e0,3.881893302550e0,4096,1.478174966165e-6,0.000000000000e0,insel_finite_canal_modal_continuous_wigley,converged
monohull,0.4650000,1.953662512629,1,,0.000000000000,0.482000000000,4.020009517377e0,4.370297001527e-3,1.000000000000e0,4.020009517377e0,4096,1.484276321324e-6,0.000000000000e0,insel_finite_canal_modal_continuous_wigley,converged
monohull,0.4700000,1.974669636420,1,,0.000000000000,0.482000000000,4.152121327240e0,4.418390497775e-3,1.000000000000e0,4.152121327240e0,4096,1.523015764778e-6,0.000000000000e0,insel_finite_canal_modal_continuous_wigley,converged
monohull,0.4750000,1.995676760212,1,,0.000000000000,0.482000000000,4.278275898377e0,4.457294664217e-3,1.000000000000e0,4.278275898377e0,4096,1.473759993498e-6,0.000000000000e0,insel_finite_canal_modal_continuous_wigley,converged
monohull,0.4800000,2.016683884004,1,,0.000000000000,0.482000000000,4.398570605435e0,4.487648878422e-3,1.000000000000e0,4.398570605435e0,4096,1.418122473146e-6,0.000000000000e0,insel_finite_canal_modal_continuous_wigley,converged
monohull,0.4850000,2.037691007795,1,,0.000000000000,0.482000000000,4.513143600788e0,4.510092527599e-3,1.000000000000e0,4.513143600788e0,4096,1.455319087308e-6,0.000000000000e0,insel_finite_canal_modal_continuous_wigley,converged
monohull,0.4900000,2.058698131587,1,,0.000000000000,0.482000000000,4.622165529546e0,4.525255564855e-3,1.000000000000e0,4.622165529546e0,4096,1.500487828325e-6,0.000000000000e0,insel_finite_canal_modal_continuous_wigley,converged
monohull,0.4950000,2.079705255379,1,,0.000000000000,0.482000000000,4.725831329317e0,4.533750285643e-3,1.000000000000e0,4.725831329317e0,4096,1.426209119508e-6,0.000000000000e0,insel_finite_canal_modal_continuous_wigley,converged
monohull,0.5000000,2.100712379170,1,,0.000000000000,0.482000000000,4.824354573249e0,4.536166505760e-3,1.000000000000e0,4.824354573249e0,4096,1.394219460186e-6,0.000000000000e0,insel_finite_canal_modal_continuous_wigley,converged
monohull,0.5050000,2.121719502962,1,,0.000000000000,0.482000000000,4.917961525375e0,4.533067096159e-3,1.000000000000e0,4.917961525375e0,4096,1.473722474597e-6,0.000000000000e0,insel_finite_canal_modal_continuous_wigley,converged
monohull,0.5100000,2.142726626754,1,,0.000000000000,0.482000000000,5.006886190798e0,4.524985004431e-3,1.000000000000e0,5.006886190798e0,4096,1.490285386758e-6,0.000000000000e0,insel_finite_canal_modal_continuous_wigley,converged
monohull,0.5150000,2.163733750546,1,,0.000000000000,0.482000000000,5.091367101282e0,4.512422235859e-3,1.000000000000e0,5.091367101282e0,4096,1.432772244867e-6,0.000000000000e0,insel_finite_canal_modal_continuous_wigley,converged
monohull,0.5200000,2.184740874337,1,,0.000000000000,0.482000000000,5.171643419970e0,4.495848442589e-3,1.000000000000e0,5.171643419970e0,4096,1.416785555721e-6,0.000000000000e0,insel_finite_canal_modal_continuous_wigley,converged
monohull,0.5250000,2.205747998129,1,,0.000000000000,0.482000000000,5.247952239386e0,4.475700775145e-3,1.000000000000e0,5.247952239386e0,4096,1.464680803685e-6,0.000000000000e0,insel_finite_canal_modal_continuous_wigley,converged
monohull,0.5300000,2.226755121921,1,,0.000000000000,0.482000000000,5.320527028418e0,4.452384798569e-3,1.000000000000e0,5.320527028418e0,4096,1.518921788228e-6,0.000000000000e0,insel_finite_canal_modal_continuous_wigley,converged
monohull,0.5350000,2.247762245712,1,,0.000000000000,0.482000000000,5.389595318369e0,4.426274766533e-3,1.000000000000e0,5.389595318369e0,4096,1.501988181884e-6,0.000000000000e0,insel_finite_canal_modal_continuous_wigley,converged
monohull,0.5400000,2.268769369504,1,,0.000000000000,0.482000000000,5.455377300846e0,4.397714681423e-3,1.000000000000e0,5.455377300846e0,4096,1.439675798788e-6,0.000000000000e0,insel_finite_canal_modal_continuous_wigley,converged
monohull,0.5450000,2.289776493296,1,,0.000000000000,0.482000000000,5.518085428390e0,4.367020110895e-3,1.000000000000e0,5.518085428390e0,4096,1.458378560452e-6,0.000000000000e0,insel_finite_canal_modal_continuous_wigley,converged
monohull,0.5500000,2.310783617088,1,,0.000000000000,0.482000000000,5.577923268926e0,4.334479302318e-3,1.000000000000e0,5.577923268926e0,4096,1.553358511097e-6,0.000000000000e0,insel_finite_canal_modal_continuous_wigley,converged
monohull,0.5550000,2.331790740879,1,,0.000000000000,0.482000000000,5.635084714347e0,4.300354516772e-3,1.000000000000e0,5.635084714347e0,4096,1.581990691131e-6,0.000000000000e0,insel_finite_canal_modal_continuous_wigley,converged
monohull,0.5600000,2.352797864671,1,,0.000000000000,0.482000000000,5.689754252182e0,4.264884082945e-3,1.000000000000e0,5.689754252182e0,4096,1.521713387438e-6,0.000000000000e0,insel_finite_canal_modal_continuous_wigley,converged
monohull,0.5650000,2.373804988463,1,,0.000000000000,0.482000000000,5.742106774403e0,4.228283954118e-3,1.000000000000e0,5.742106774403e0,4096,1.491370184825e-6,0.000000000000e0,insel_finite_canal_modal_continuous_wigley,converged
monohull,0.5700000,2.394812112254,1,,0.000000000000,0.482000000000,5.792307057040e0,4.190748919028e-3,1.000000000000e0,5.792307057040e0,4096,1.542079870351e-6,0.000000000000e0,insel_finite_canal_modal_continuous_wigley,converged
monohull,0.5750000,2.415819236046,1,,0.000000000000,0.482000000000,5.840510134935e0,4.152454374124e-3,1.000000000000e0,5.840510134935e0,4096,1.612705043833e-6,0.000000000000e0,insel_finite_canal_modal_continuous_wigley,converged
monohull,0.5800000,2.436826359838,1,,0.000000000000,0.482000000000,5.886861861185e0,4.113558089513e-3,1.000000000000e0,5.886861861185e0,4096,1.643073843008e-6,0.000000000000e0,insel_finite_canal_modal_continuous_wigley,converged
monohull,0.5850000,2.457833483629,1,,0.000000000000,0.482000000000,5.931498783398e0,4.074201367788e-3,1.000000000000e0,5.931498783398e0,4096,1.622431086589e-6,0.000000000000e0,insel_finite_canal_modal_continuous_wigley,converged
monohull,0.5900000,2.478840607421,1,,0.000000000000,0.482000000000,5.974548199817e0,4.034510244953e-3,1.000000000000e0,5.974548199817e0,4096,1.580858820598e-6,0.000000000000e0,insel_finite_canal_modal_continuous_wigley,converged
monohull,0.5950000,2.499847731213,1,,0.000000000000,0.482000000000,6.016128901575e0,3.994597061215e-3,1.000000000000e0,6.016128901575e0,4096,1.579751155434e-6,0.000000000000e0,insel_finite_canal_modal_continuous_wigley,converged
monohull,0.6000000,2.520854855005,1,,0.000000000000,0.482000000000,6.056351709004e0,3.954561772686e-3,1.000000000000e0,6.056351709004e0,4096,1.652622689565e-6,0.000000000000e0,insel_finite_canal_modal_continuous_wigley,converged
monohull,0.6050000,2.541861978796,1,,0.000000000000,0.482000000000,6.095319470263e0,3.914492816287e-3,1.000000000000e0,6.095319470263e0,4096,1.742304012484e-6,0.000000000000e0,insel_finite_canal_modal_continuous_wigley,converged
monohull,0.6100000,2.562869102588,1,,0.000000000000,0.482000000000,6.133127319579e0,3.874468078905e-3,1.000000000000e0,6.133127319579e0,4096,1.757316426734e-6,0.000000000000e0,insel_finite_canal_modal_continuous_wigley,converged
monohull,0.6150000,2.583876226380,1,,0.000000000000,0.482000000000,6.169863432016e0,3.834556103806e-3,1.000000000000e0,6.169863432016e0,4096,1.694381707703e-6,0.000000000000e0,insel_finite_canal_modal_continuous_wigley,converged
monohull,0.6200000,2.604883350171,1,,0.000000000000,0.482000000000,6.205609565857e0,3.794817071479e-3,1.000000000000e0,6.205609565857e0,4096,1.647441053233e-6,0.000000000000e0,insel_finite_canal_modal_continuous_wigley,converged
monohull,0.6250000,2.625890473963,1,,0.000000000000,0.482000000000,6.240441141238e0,3.755303425567e-3,1.000000000000e0,6.240441141238e0,4096,1.687663176156e-6,0.000000000000e0,insel_finite_canal_modal_continuous_wigley,converged
monohull,0.6300000,2.646897597755,1,,0.000000000000,0.482000000000,6.274427442074e0,3.716060528244e-3,1.000000000000e0,6.274427442074e0,4096,1.783491391663e-6,0.000000000000e0,insel_finite_canal_modal_continuous_wigley,converged
monohull,0.6350000,2.667904721546,1,,0.000000000000,0.482000000000,6.307632238684e0,3.677127513553e-3,1.000000000000e0,6.307632238684e0,4096,1.853302543624e-6,0.000000000000e0,insel_finite_canal_modal_continuous_wigley,converged
monohull,0.6400000,2.688911845338,1,,0.000000000000,0.482000000000,6.340114371532e0,3.638538051711e-3,1.000000000000e0,6.340114371532e0,4096,1.858220545018e-6,0.000000000000e0,insel_finite_canal_modal_continuous_wigley,converged
monohull,0.6450000,2.709918969130,1,,0.000000000000,0.482000000000,6.371927927994e0,3.600320823862e-3,1.000000000000e0,6.371927927994e0,4096,1.822425521546e-6,0.000000000000e0,insel_finite_canal_modal_continuous_wigley,converged
monohull,0.6500000,2.730926092922,1,,0.000000000000,0.482000000000,6.403122309115e0,3.562499901673e-3,1.000000000000e0,6.403122309115e0,4096,1.790320427334e-6,0.000000000000e0,insel_finite_canal_modal_continuous_wigley,converged
monohull,0.6550000,2.751933216713,1,,0.000000000000,0.482000000000,6.433742598279e0,3.525095266426e-3,1.000000000000e0,6.433742598279e0,4096,1.792039895473e-6,0.000000000000e0,insel_finite_canal_modal_continuous_wigley,converged
monohull,0.6600000,2.772940340505,1,,0.000000000000,0.482000000000,6.463830119166e0,3.488123391195e-3,1.000000000000e0,6.463830119166e0,4096,1.838384147684e-6,0.000000000000e0,insel_finite_canal_modal_continuous_wigley,converged
monohull,0.6650000,2.793947464297,1,,0.000000000000,0.482000000000,6.493422780596e0,3.451597664329e-3,1.000000000000e0,6.493422780596e0,4096,1.918584642137e-6,0.000000000000e0,insel_finite_canal_modal_continuous_wigley,converged
monohull,0.6700000,2.814954588088,1,,0.000000000000,0.482000000000,6.522555132296e0,3.415528629660e-3,1.000000000000e0,6.522555132296e0,4096,1.995495474695e-6,0.000000000000e0,insel_finite_canal_modal_continuous_wigley,converged
monohull,0.6750000,2.835961711880,1,,0.000000000000,0.482000000000,6.551258445415e0,3.379924223270e-3,1.000000000000e0,6.551258445415e0,4096,2.022484585480e-6,0.000000000000e0,insel_finite_canal_modal_continuous_wigley,converged
monohull,0.6800000,2.856968835672,1,,0.000000000000,0.482000000000,6.579561042331e0,3.344790120792e-3,1.000000000000e0,6.579561042331e0,4096,1.983681374484e-6,0.000000000000e0,insel_finite_canal_modal_continuous_wigley,converged
monohull,0.6850000,2.877975959464,1,,0.000000000000,0.482000000000,6.607488725211e0,3.310130108043e-3,1.000000000000e0,6.607488725211e0,4096,1.917921528007e-6,0.000000000000e0,insel_finite_canal_modal_continuous_wigley,converged
monohull,0.6900000,2.898983083255,1,,0.000000000000,0.482000000000,6.635065022962e0,3.275946333437e-3,1.000000000000e0,6.635065022962e0,4096,1.892715335685e-6,0.000000000000e0,insel_finite_canal_modal_continuous_wigley,converged
monohull,0.6950000,2.919990207047,1,,0.000000000000,0.482000000000,6.662311217976e0,3.242239434459e-3,1.000000000000e0,6.662311217976e0,4096,1.946998645581e-6,0.000000000000e0,insel_finite_canal_modal_continuous_wigley,converged
monohull,0.7000000,2.940997330839,1,,0.000000000000,0.482000000000,6.689246371892e0,3.209008655367e-3,1.000000000000e0,6.689246371892e0,4096,2.056995105262e-6,0.000000000000e0,insel_finite_canal_modal_continuous_wigley,converged
monohull,0.7050000,2.962004454630,1,,0.000000000000,0.482000000000,6.715887531271e0,3.176252042286e-3,1.000000000000e0,6.715887531271e0,4096,2.156923079956e-6,0.000000000000e0,insel_finite_canal_modal_continuous_wigley,converged
monohull,0.7100000,2.983011578422,1,,0.000000000000,0.482000000000,6.742250050307e0,3.143966678515e-3,1.000000000000e0,6.742250050307e0,4096,2.192864236796e-6,0.000000000000e0,insel_finite_canal_modal_continuous_wigley,converged
monohull,0.7150000,3.004018702214,1,,0.000000000000,0.482000000000,6.768347828659e0,3.112148862896e-3,1.000000000000e0,6.768347828659e0,4096,2.160873549854e-6,0.000000000000e0,insel_finite_canal_modal_continuous_wigley,converged
monohull,0.7200000,3.025025826005,1,,0.000000000000,0.482000000000,6.794193366730e0,3.080794191975e-3,1.000000000000e0,6.794193366730e0,4096,2.101552357408e-6,0.000000000000e0,insel_finite_canal_modal_continuous_wigley,converged
monohull,0.7250000,3.046032949797,1,,0.000000000000,0.482000000000,6.819797737581e0,3.049897599234e-3,1.000000000000e0,6.819797737581e0,4096,2.064469650165e-6,0.000000000000e0,insel_finite_canal_modal_continuous_wigley,converged
monohull,0.7300000,3.067040073589,1,,0.000000000000,0.482000000000,6.845170641431e0,3.019453428520e-3,1.000000000000e0,6.845170641431e0,4096,2.076158385049e-6,0.000000000000e0,insel_finite_canal_modal_continuous_wigley,converged
monohull,0.7350000,3.088047197381,1,,0.000000000000,0.482000000000,6.870320596348e0,2.989455561682e-3,1.000000000000e0,6.870320596348e0,4096,2.132711588145e-6,0.000000000000e0,insel_finite_canal_modal_continuous_wigley,converged
monohull,0.7400000,3.109054321172,1,,0.000000000000,0.482000000000,6.895255168003e0,2.959897553477e-3,1.000000000000e0,6.895255168003e0,4096,2.212448506586e-6,0.000000000000e0,insel_finite_canal_modal_continuous_wigley,converged
monohull,0.7450000,3.130061444964,1,,0.000000000000,0.482000000000,6.919981106172e0,2.930772716768e-3,1.000000000000e0,6.919981106172e0,4096,2.291274041311e-6,0.000000000000e0,insel_finite_canal_modal_continuous_wigley,converged
monohull,0.7500000,3.151068568756,1,,0.000000000000,0.482000000000,6.944504352042e0,2.902074147379e-3,1.000000000000e0,6.944504352042e0,4096,2.349815414127e-6,0.000000000000e0,insel_finite_canal_modal_continuous_wigley,converged
monohull,0.7550000,3.172075692547,1,,0.000000000000,0.482000000000,6.968829998152e0,2.873794727768e-3,1.000000000000e0,6.968829998152e0,4096,2.374569638371e-6,0.000000000000e0,insel_finite_canal_modal_continuous_wigley,converged
monohull,0.7600000,3.193082816339,1,,0.000000000000,0.482000000000,6.992962311011e0,2.845927156202e-3,1.000000000000e0,6.992962311011e0,4096,2.360389658627e-6,0.000000000000e0,insel_finite_canal_modal_continuous_wigley,converged
monohull,0.7650000,3.214089940131,1,,0.000000000000,0.482000000000,7.016904853742e0,2.818464014093e-3,1.000000000000e0,7.016904853742e0,4096,2.315956963332e-6,0.000000000000e0,insel_finite_canal_modal_continuous_wigley,converged
monohull,0.7700000,3.235097063923,1,,0.000000000000,0.482000000000,7.040660650763e0,2.791397845015e-3,1.000000000000e0,7.040660650763e0,4096,2.266130751180e-6,0.000000000000e0,insel_finite_canal_modal_continuous_wigley,converged
monohull,0.7750000,3.256104187714,1,,0.000000000000,0.482000000000,7.064232303052e0,2.764721208425e-3,1.000000000000e0,7.064232303052e0,4096,2.244489337040e-6,0.000000000000e0,insel_finite_canal_modal_continuous_wigley,converged
monohull,0.7800000,3.277111311506,1,,0.000000000000,0.482000000000,7.087622009251e0,2.738426692924e-3,1.000000000000e0,7.087622009251e0,4096,2.276898779377e-6,0.000000000000e0,insel_finite_canal_modal_continuous_wigley,converged
monohull,0.7850000,3.298118435298,1,,0.000000000000,0.482000000000,7.110831524864e0,2.712506904887e-3,1.000000000000e0,7.110831524864e0,4096,2.365474389431e-6,0.000000000000e0,insel_finite_canal_modal_continuous_wigley,converged
monohull,0.7900000,3.319125559089,1,,0.000000000000,0.482000000000,7.133862133787e0,2.686954462549e-3,1.000000000000e0,7.133862133787e0,4096,2.484062477194e-6,0.000000000000e0,insel_finite_canal_modal_continuous_wigley,converged
monohull,0.7950000,3.340132682881,1,,0.000000000000,0.482000000000,7.156714686043e0,2.661762015149e-3,1.000000000000e0,7.156714686043e0,4096,2.589604752710e-6,0.000000000000e0,insel_finite_canal_modal_continuous_wigley,converged
monohull,0.8000000,3.361139806673,1,,0.000000000000,0.482000000000,7.179389697655e0,2.636922283449e-3,1.000000000000e0,7.179389697655e0,4096,2.643546802574e-6,0.000000000000e0,insel_finite_canal_modal_continuous_wigley,converged
monohull,0.8050000,3.382146930464,1,,0.000000000000,0.482000000000,7.201887461200e0,2.612428101077e-3,1.000000000000e0,7.201887461200e0,4096,2.631143404779e-6,0.000000000000e0,insel_finite_canal_modal_continuous_wigley,converged
monohull,0.8100000,3.403154054256,1,,0.000000000000,0.482000000000,7.224208111294e0,2.588272436589e-3,1.000000000000e0,7.224208111294e0,4096,2.568092525623e-6,0.000000000000e0,insel_finite_canal_modal_continuous_wigley,converged
monohull,0.8150000,3.424161178048,1,,0.000000000000,0.482000000000,7.246351624728e0,2.564448390666e-3,1.000000000000e0,7.246351624728e0,4096,2.491733798031e-6,0.000000000000e0,insel_finite_canal_modal_continuous_wigley,converged
monohull,0.8200000,3.445168301840,1,,0.000000000000,0.482000000000,7.268317779971e0,2.540949179145e-3,1.000000000000e0,7.268317779971e0,4096,2.442665712143e-6,0.000000000000e0,insel_finite_canal_modal_continuous_wigley,converged
monohull,0.8250000,3.466175425631,1,,0.000000000000,0.482000000000,7.290106123645e0,2.517768119558e-3,1.000000000000e0,7.290106123645e0,4096,2.446934450095e-6,0.000000000000e0,insel_finite_canal_modal_continuous_wigley,converged
monohull,0.8300000,3.487182549423,1,,0.000000000000,0.482000000000,7.311715980626e0,2.494898633389e-3,1.000000000000e0,7.311715980626e0,4096,2.507164490667e-6,0.000000000000e0,insel_finite_canal_modal_continuous_wigley,converged
monohull,0.8350000,3.508189673215,1,,0.000000000000,0.482000000000,7.333146511527e0,2.472334264045e-3,1.000000000000e0,7.333146511527e0,4096,2.605165601238e-6,0.000000000000e0,insel_finite_canal_modal_continuous_wigley,converged
monohull,0.8400000,3.529196797006,1,,0.000000000000,0.482000000000,7.354396790263e0,2.450068700121e-3,1.000000000000e0,7.354396790263e0,4096,2.712557066301e-6,0.000000000000e0,insel_finite_canal_modal_continuous_wigley,converged
monohull,0.8450000,3.550203920798,1,,0.000000000000,0.482000000000,7.375465864015e0,2.428095791092e-3,1.000000000000e0,7.375465864015e0,4096,2.802971027970e-6,0.000000000000e0,insel_finite_canal_modal_continuous_wigley,converged
monohull,0.8500000,3.571211044590,1,,0.000000000000,0.482000000000,7.396352771320e0,2.406409548137e-3,1.000000000000e0,7.396352771320e0,4096,2.860286023744e-6,0.000000000000e0,insel_finite_canal_modal_continuous_wigley,converged
monohull,0.8550000,3.592218168381,1,,0.000000000000,0.482000000000,7.417056520072e0,2.385004131842e-3,1.000000000000e0,7.417056520072e0,4096,2.880706440309e-6,0.000000000000e0,insel_finite_canal_modal_continuous_wigley,converged
monohull,0.8600000,3.613225292173,1,,0.000000000000,0.482000000000,7.437576049062e0,2.363873835360e-3,1.000000000000e0,7.437576049062e0,4096,2.869989429642e-6,0.000000000000e0,insel_finite_canal_modal_continuous_wigley,converged
monohull,0.8650000,3.634232415965,1,,0.000000000000,0.482000000000,7.457910202723e0,2.343013072740e-3,1.000000000000e0,7.457910202723e0,4096,2.838904955588e-6,0.000000000000e0,insel_finite_canal_modal_continuous_wigley,converged
monohull,0.8700000,3.655239539757,1,,0.000000000000,0.482000000000,7.478057737918e0,2.322416377880e-3,1.000000000000e0,7.478057737918e0,4096,2.799644688812e-6,0.000000000000e0,insel_finite_canal_modal_continuous_wigley,converged
monohull,0.8750000,3.676246663548,1,,0.000000000000,0.482000000000,7.498017362065e0,2.302078413049e-3,1.000000000000e0,7.498017362065e0,4096,2.764184038045e-6,0.000000000000e0,insel_finite_canal_modal_continuous_wigley,converged
monohull,0.8800000,3.697253787340,1,,0.000000000000,0.482000000000,7.517787785129e0,2.281993980921e-3,1.000000000000e0,7.517787785129e0,4096,2.743880070355e-6,0.000000000000e0,insel_finite_canal_modal_continuous_wigley,converged
monohull,0.8850000,3.718260911132,1,,0.000000000000,0.482000000000,7.537367762279e0,2.262158032883e-3,1.000000000000e0,7.537367762279e0,4096,2.748865462305e-6,0.000000000000e0,insel_finite_canal_modal_continuous_wigley,converged
monohull,0.8900000,3.739268034923,1,,0.000000000000,0.482000000000,7.556756110586e0,2.242565668935e-3,1.000000000000e0,7.556756110586e0,4096,2.786292044227e-6,0.000000000000e0,insel_finite_canal_modal_continuous_wigley,converged
monohull,0.8950000,3.760275158715,1,,0.000000000000,0.482000000000,7.575951697110e0,2.223212129066e-3,1.000000000000e0,7.575951697110e0,4096,2.857666334113e-6,0.000000000000e0,insel_finite_canal_modal_continuous_wigley,converged
monohull,0.9000000,3.781282282507,1,,0.000000000000,0.482000000000,7.594953409319e0,2.204092779939e-3,1.000000000000e0,7.594953409319e0,4096,2.956571596512e-6,0.000000000000e0,insel_finite_canal_modal_continuous_wigley,converged
monohull,0.9050000,3.802289406299,1,,0.000000000000,0.482000000000,7.613760125664e0,2.185203102376e-3,1.000000000000e0,7.613760125664e0,4096,3.068343350904e-6,0.000000000000e0,insel_finite_canal_modal_continuous_wigley,converged
monohull,0.9100000,3.823296530090,1,,0.000000000000,0.482000000000,7.632370702011e0,2.166538684042e-3,1.000000000000e0,7.632370702011e0,4096,3.172608976898e-6,0.000000000000e0,insel_finite_canal_modal_continuous_wigley,converged
monohull,0.9150000,3.844303653882,1,,0.000000000000,0.482000000000,7.650783980725e0,2.148095218879e-3,1.000000000000e0,7.650783980725e0,4096,3.248372208651e-6,0.000000000000e0,insel_finite_canal_modal_continuous_wigley,converged
monohull,0.9200000,3.865310777674,1,,0.000000000000,0.482000000000,7.668998818394e0,2.129868511647e-3,1.000000000000e0,7.668998818394e0,4096,3.280136363600e-6,0.000000000000e0,insel_finite_canal_modal_continuous_wigley,converged
monohull,0.9250000,3.886317901465,1,,0.000000000000,0.482000000000,7.687014120351e0,2.111854483955e-3,1.000000000000e0,7.687014120351e0,4096,3.262972244588e-6,0.000000000000e0,insel_finite_canal_modal_continuous_wigley,converged
monohull,0.9300000,3.907325025257,1,,0.000000000000,0.482000000000,7.704828868291e0,2.094049177920e-3,1.000000000000e0,7.704828868291e0,4096,3.204697522631e-6,0.000000000000e0,insel_finite_canal_modal_continuous_wigley,converged
monohull,0.9350000,3.928332149049,1,,0.000000000000,0.482000000000,7.722442131289e0,2.076448755042e-3,1.000000000000e0,7.722442131289e0,4096,3.124311477069e-6,0.000000000000e0,insel_finite_canal_modal_continuous_wigley,converged
monohull,0.9400000,3.949339272840,1,,0.000000000000,0.482000000000,7.739853058039e0,2.059049490044e-3,1.000000000000e0,7.739853058039e0,4096,3.047109388547e-6,0.000000000000e0,insel_finite_canal_modal_continuous_wigley,converged
monohull,0.9450000,3.970346396632,1,,0.000000000000,0.482000000000,7.757060855636e0,2.041847761458e-3,1.000000000000e0,7.757060855636e0,4096,2.997988537469e-6,0.000000000000e0,insel_finite_canal_modal_continuous_wigley,converged
monohull,0.9500000,3.991353520424,1,,0.000000000000,0.482000000000,7.774064764793e0,2.024840041787e-3,1.000000000000e0,7.774064764793e0,4096,2.994978029999e-6,0.000000000000e0,insel_finite_canal_modal_continuous_wigley,converged
s_l_0_2,0.2000000,0.840284951668,2,0.2,0.360000000000,0.964000000000,3.896626163922e-1,1.144955300618e-3,1.289782002361e0,1.510575491357e-1,8192,1.833367843340e-6,5.317952618267e-7,insel_finite_canal_modal_continuous_wigley,converged
s_l_0_2,0.2050000,0.861292075460,2,0.2,0.360000000000,0.964000000000,4.237691708682e-1,1.185172095619e-3,1.201973536186e0,1.762805744513e-1,8192,1.666270742445e-6,3.367976062485e-7,insel_finite_canal_modal_continuous_wigley,converged
s_l_0_2,0.2100000,0.882299199252,2,0.2,0.360000000000,0.964000000000,2.892358218477e-1,7.708560245223e-4,9.298410910654e-1,1.555297053587e-1,8192,1.989557428499e-6,1.394262916232e-7,insel_finite_canal_modal_continuous_wigley,converged
s_l_0_2,0.2150000,0.903306323043,2,0.2,0.360000000000,0.964000000000,1.673448864499e-1,4.254958292333e-4,6.593037706316e-1,1.269103059199e-1,8192,2.559253556349e-6,8.716132608999e-7,insel_finite_canal_modal_continuous_wigley,converged
s_l_0_2,0.2200000,0.924313446835,2,0.2,0.360000000000,0.964000000000,2.185668586377e-1,5.307606653400e-4,8.119435720452e-1,1.345948574278e-1,8192,2.507369738861e-6,4.709177497952e-7,insel_finite_canal_modal_continuous_wigley,converged
s_l_0_2,0.2250000,0.945320570627,2,0.2,0.360000000000,0.964000000000,4.390362117081e-1,1.019283718760e-3,1.166388848737e0,1.882031932077e-1,8192,1.853681388148e-6,3.089206426221e-7,insel_finite_canal_modal_continuous_wigley,converged
s_l_0_2,0.2300000,0.966327694418,2,0.2,0.360000000000,0.964000000000,6.964186986485e-1,1.547300024213e-3,1.328765237630e0,2.620548306526e-1,8192,1.400544654234e-6,4.604966283850e-7,insel_finite_canal_modal_continuous_wigley,converged
s_l_0_2,0.2350000,0.987334818210,2,0.2,0.360000000000,0.964000000000,8.503962155744e-1,1.809861640404e-3,1.328830608465e0,3.199791644462e-1,4096,4.840694648452e-6,1.594456427112e-6,insel_finite_canal_modal_continuous_wigley,converged
s_l_0_2,0.2400000,1.008341942002,2,0.2,0.360000000000,0.964000000000,8.404168289553e-1,1.714873297797e-3,1.237849769693e0,3.394664076094e-1,4096,4.734322161842e-6,1.125599164542e-6,insel_finite_canal_modal_continuous_wigley,converged
s_l_0_2,0.2450000,1.029349065794,2,0.2,0.360000000000,0.964000000000,6.991430885125e-1,1.368969212244e-3,1.089124123110e0,3.209657529741e-1,8192,1.314326541173e-6,1.171164234481e-7,insel_finite_canal_modal_continuous_wigley,converged
s_l_0_2,0.2500000,1.050356189585,2,0.2,0.360000000000,0.964000000000,5.145844859450e-1,9.676904440111e-4,9.093985119713e-1,2.829257356214e-1,8192,1.516663589022e-6,1.371004639816e-7,insel_finite_canal_modal_continuous_wigley,converged
s_l_0_2,0.2550000,1.071363313377,2,0.2,0.360000000000,0.964000000000,3.807181360598e-1,6.881497964749e-4,7.606220605524e-1,2.502676137103e-1,8192,1.822934641536e-6,4.361560748123e-7,insel_finite_canal_modal_continuous_wigley,converged
s_l_0_2,0.2600000,1.092370437169,2,0.2,0.360000000000,0.964000000000,3.626770520609e-1,6.305697927180e-4,7.441695144288e-1,2.436790576804e-1,8192,1.930338892767e-6,4.938951969624e-7,insel_finite_canal_modal_continuous_wigley,converged
s_l_0_2,0.2650000,1.113377560960,2,0.2,0.360000000000,0.964000000000,4.835661681413e-1,8.093268372232e-4,8.837929683612e-1,2.735743468507e-1,8192,1.766744530620e-6,2.049034854013e-7,insel_finite_canal_modal_continuous_wigley,converged
s_l_0_2,0.2700000,1.134384684752,2,0.2,0.360000000000,0.964000000000,7.281893301831e-1,1.174022888465e-3,1.073638158448e0,3.391223218237e-1,8192,1.503927112684e-6,1.111114946717e-7,insel_finite_canal_modal_continuous_wigley,converged
s_l_0_2,0.2750000,1.155391808544,2,0.2,0.360000000000,0.964000000000,1.055526886818e0,1.640452628468e-3,1.225054970186e0,4.308079688284e-1,4096,4.956292470748e-6,1.129879930062e-6,insel_finite_canal_modal_continuous_wigley,converged
s_l_0_2,0.2800000,1.176398932335,2,0.2,0.360000000000,0.964000000000,1.413151482832e0,2.118519359112e-3,1.321885852159e0,5.345209953356e-1,4096,4.080082839701e-6,1.330721237425e-6,insel_finite_canal_modal_continuous_wigley,converged
s_l_0_2,0.2850000,1.197406056127,2,0.2,0.360000000000,0.964000000000,1.749511813316e0,2.531552512075e-3,1.376375452857e0,6.355503542601e-1,4096,3.494097317482e-6,1.324675161563e-6,insel_finite_canal_modal_continuous_wigley,converged
s_l_0_2,0.2900000,1.218413179919,2,0.2,0.360000000000,0.964000000000,2.022449783890e0,2.826451466105e-3,1.401417552849e0,7.215728744722e-1,4096,3.226734384428e-6,1.295576596005e-6,insel_finite_canal_modal_continuous_wigley,converged
s_l_0_2,0.2950000,1.239420303711,2,0.2,0.360000000000,0.964000000000,2.203804218906e0,2.976382615615e-3,1.404894471771e0,7.843308743777e-1,4096,3.156051015114e-6,1.282557309912e-6,insel_finite_canal_modal_continuous_wigley,converged
s_l_0_2,0.3000000,1.260427427502,2,0.2,0.360000000000,0.964000000000,2.280736294485e0,2.978463932449e-3,1.390489179429e0,8.201201160811e-1,4096,3.069045198996e-6,1.211347130159e-6,insel_finite_canal_modal_continuous_wigley,converged
s_l_0_2,0.3050000,1.281434551294,2,0.2,0.360000000000,0.964000000000,2.254669478421e0,2.848675550803e-3,1.359206505733e0,8.294065209779e-1,4096,3.069482833599e-6,1.106851699184e-6,insel_finite_canal_modal_continuous_wigley,converged
s_l_0_2,0.3100000,1.302441675086,2,0.2,0.360000000000,0.964000000000,2.138734404384e0,2.615732022127e-3,1.310607589111e0,8.159324049981e-1,4096,3.334567350932e-6,1.038149128885e-6,insel_finite_canal_modal_continuous_wigley,converged
s_l_0_2,0.3150000,1.323448798877,2,0.2,0.360000000000,0.964000000000,1.954481478708e0,2.315102547049e-3,1.243905088490e0,7.856232347601e-1,4096,3.520866541948e-6,8.737137158210e-7,insel_finite_canal_modal_continuous_wigley,converged
s_l_0_2,0.3200000,1.344455922669,2,0.2,0.360000000000,0.964000000000,1.728451089213e0,1.983886942753e-3,1.159226839830e0,7.455189225376e-1,4096,3.750698416201e-6,5.997902581267e-7,insel_finite_canal_modal_continuous_wigley,converged
s_l_0_2,0.3250000,1.365463046461,2,0.2,0.360000000000,0.964000000000,1.489013919271e0,1.656882903342e-3,1.059246911603e0,7.028644138396e-1,4096,4.262545471216e-6,2.619465537812e-7,insel_finite_canal_modal_continuous_wigley,converged
s_l_0_2,0.3300000,1.386470170253,2,0.2,0.360000000000,0.964000000000,1.263733209534e0,1.363914981408e-3,9.510039635109e-1,6.644205797358e-1,4096,4.474436405642e-6,2.053968614080e-7,insel_finite_canal_modal_continuous_wigley,converged
s_l_0_2,0.3350000,1.407477294044,2,0.2,0.360000000000,0.964000000000,1.077367597175e0,1.128324651362e-3,8.469816829969e-1,6.360040711641e-1,4096,4.996528342255e-6,7.628063631859e-7,insel_finite_canal_modal_continuous_wigley,converged
s_l_0_2,0.3400000,1.428484417836,2,0.2,0.360000000000,0.964000000000,9.505333347732e-1,9.664275434722e-4,7.638074543455e-1,6.222336070206e-1,8192,1.281933225103e-6,3.027023525171e-7,insel_finite_canal_modal_continuous_wigley,converged
s_l_0_2,0.3450000,1.449491541628,2,0.2,0.360000000000,0.964000000000,8.989637200948e-1,8.876949638159e-4,7.175191211136e-1,6.264388597057e-1,8192,1.339027112654e-6,3.782871191849e-7,insel_finite_canal_modal_continuous_wigley,converged
s_l_0_2,0.3500000,1.470498665419,2,0.2,0.360000000000,0.964000000000,9.332947267263e-1,8.954523991396e-4,7.171465698076e-1,6.507001260403e-1,8192,1.324980281186e-6,3.745573107228e-7,insel_finite_canal_modal_continuous_wigley,converged
s_l_0_2,0.3550000,1.491505789211,2,0.2,0.360000000000,0.964000000000,1.059232672089e0,9.878578222381e-4,7.609841740203e-1,6.959623526023e-1,8192,1.241686043381e-6,2.964936126615e-7,insel_finite_canal_modal_continuous_wigley,converged
s_l_0_2,0.3600000,1.512512913003,2,0.2,0.360000000000,0.964000000000,1.278010717662e0,1.159015583965e-3,8.383700548250e-1,7.621996457929e-1,4096,4.752193342251e-6,7.480233611412e-7,insel_finite_canal_modal_continuous_wigley,converged
s_l_0_2,0.3650000,1.533520036794,2,0.2,0.360000000000,0.964000000000,1.587030673985e0,1.400101023261e-3,9.350832537880e-1,8.486039438501e-1,4096,4.359708162463e-6,2.831793312064e-7,insel_finite_canal_modal_continuous_wigley,converged
s_l_0_2,0.3700000,1.554527160586,2,0.2,0.360000000000,0.964000000000,1.980576451309e0,1.700387657852e-3,1.038292844023e0,9.537658198792e-1,4096,3.988764800118e-6,1.691064090981e-7,insel_finite_canal_modal_continuous_wigley,converged
s_l_0_2,0.3750000,1.575534284378,2,0.2,0.360000000000,0.964000000000,2.450563769023e0,2.048157046225e-3,1.138894829404e0,1.075851652740e0,4096,3.689716834730e-6,5.136665157668e-7,insel_finite_canal_modal_continuous_wigley,converged
s_l_0_2,0.3800000,1.596541408170,2,0.2,0.360000000000,0.964000000000,2.987250100878e0,2.431443444524e-3,1.231594641543e0,1.212757022528e0,4096,3.240537981590e-6,7.615474009182e-7,insel_finite_canal_modal_continuous_wigley,converged
s_l_0_2,0.3850000,1.617548531961,2,0.2,0.360000000000,0.964000000000,3.579879285348e0,2.838616379402e-3,1.313970818388e0,1.362236982455e0,4096,3.122490022506e-6,9.853726554709e-7,insel_finite_canal_modal_continuous_wigley,converged
s_l_0_2,0.3900000,1.638555655753,2,0.2,0.360000000000,0.964000000000,4.217239639845e0,3.258808549648e-3,1.385416213110e0,1.522011796866e0,4096,2.703082340624e-6,1.045903593067e-6,insel_finite_canal_modal_continuous_wigley,converged
s_l_0_2,0.3950000,1.659562779545,2,0.2,0.360000000000,0.964000000000,4.888128050119e0,3.682206701352e-3,1.446320233624e0,1.689849846694e0,4096,2.625281612372e-6,1.181197293310e-6,insel_finite_canal_modal_continuous_wigley,converged
s_l_0_2,0.4000000,1.680569903336,2,0.2,0.360000000000,0.964000000000,5.581716602200e0,4.100223976711e-3,1.497540106351e0,1.863628419209e0,4096,2.384638595685e-6,1.186437144973e-6,insel_finite_canal_modal_continuous_wigley,converged
s_l_0_2,0.4050000,1.701577027128,2,0.2,0.360000000000,0.964000000000,6.287830633278e0,4.505578594452e-3,1.540095436153e0,2.041376945115e0,4096,2.203009690288e-6,1.198245898504e-6,insel_finite_canal_modal_continuous_wigley,converged
s_l_0_2,0.4100000,1.722584150920,2,0.2,0.360000000000,0.964000000000,6.997144131671e0,4.892297826252e-3,1.575008098518e0,2.221304175595e0,4096,2.170004924622e-6,1.251452175888e-6,insel_finite_canal_modal_continuous_wigley,converged
s_l_0_2,0.4150000,1.743591274711,2,0.2,0.360000000000,0.964000000000,7.701305064531e0,5.255667898404e-3,1.603227418716e0,2.401813047427e0,4096,1.947297232287e-6,1.176230872035e-6,insel_finite_canal_modal_continuous_wigley,converged
s_l_0_2,0.4200000,1.764598398503,2,0.2,0.360000000000,0.964000000000,8.393002037870e0,5.592146352576e-3,1.625601968294e0,2.581505867231e0,4096,1.915254738024e-6,1.206232197903e-6,insel_finite_canal_modal_continuous_wigley,converged
s_l_0_2,0.4250000,1.785605522295,2,0.2,0.360000000000,0.964000000000,9.065982361789e0,5.899249858186e-3,1.642875292923e0,2.759181540085e0,4096,1.857700044009e-6,1.195527924436e-6,insel_finite_canal_modal_continuous_wigley,converged
s_l_0_2,0.4300000,1.806612646087,2,0.2,0.360000000000,0.964000000000,9.715034428129e0,6.175430151646e-3,1.655692530203e0,2.933828066175e0,4096,1.711545271157e-6,1.124936227725e-6,insel_finite_canal_modal_continuous_wigley,converged
s_l_0_2,0.4350000,1.827619769878,2,0.2,0.360000000000,0.964000000000,1.033594076812e1,6.419944579719e-3,1.664611539227e0,3.104610452514e0,4096,1.711003124873e-6,1.144123997765e-6,insel_finite_canal_modal_continuous_wigley,converged
s_l_0_2,0.4400000,1.848626893670,2,0.2,0.360000000000,0.964000000000,1.092541324889e1,6.632729729975e-3,1.670114740044e0,3.270857081531e0,4096,1.684797196053e-6,1.130055527154e-6,insel_finite_canal_modal_continuous_wigley,converged
s_l_0_2,0.4450000,1.869634017462,2,0.2,0.360000000000,0.964000000000,1.148101404161e1,6.814280508064e-3,1.672620457428e0,3.432044009334e0,4096,1.563361700331e-6,1.053667780582e-6,insel_finite_canal_modal_continuous_wigley,converged
s_l_0_2,0.4500000,1.890641141253,2,0.2,0.360000000000,0.964000000000,1.200107044241e1,6.965539164784e-3,1.672492846493e0,3.587779304281e0,4096,1.574063888875e-6,1.065214779494e-6,insel_finite_canal_modal_continuous_wigley,converged
s_l_0_2,0.4550000,1.911648265045,2,0.2,0.360000000000,0.964000000000,1.248458655678e1,7.087795073265e-3,1.670050412094e0,3.737787334551e0,4096,1.592738301933e-6,1.069056846381e-6,insel_finite_canal_modal_continuous_wigley,converged
s_l_0_2,0.4600000,1.932655388837,2,0.2,0.360000000000,0.964000000000,1.293115487875e1,7.182595863605e-3,1.665573197267e0,3.881893302550e0,4096,1.478174966165e-6,9.846358788312e-7,insel_finite_canal_modal_continuous_wigley,converged
s_l_0_2,0.4650000,1.953662512629,2,0.2,0.360000000000,0.964000000000,1.334087267160e1,7.251671368243e-3,1.659308592919e0,4.020009517377e0,4096,1.484276321324e-6,9.844225283828e-7,insel_finite_canal_modal_continuous_wigley,converged
s_l_0_2,0.4700000,1.974669636420,2,0.2,0.360000000000,0.964000000000,1.371426031825e1,7.296867396027e-3,1.651476346353e0,4.152121327240e0,4096,1.523015764778e-6,9.962457223622e-7,insel_finite_canal_modal_continuous_wigley,converged
s_l_0_2,0.4750000,1.995676760212,2,0.2,0.360000000000,0.964000000000,1.405218898039e1,7.320092071041e-3,1.642272414657e0,4.278275898377e0,4096,1.473759993498e-6,9.465623107552e-7,insel_finite_canal_modal_continuous_wigley,converged
s_l_0_2,0.4800000,2.016683884004,2,0.2,0.360000000000,0.964000000000,1.435581167140e1,7.323270208099e-3,1.631872369363e0,4.398570605435e0,4096,1.418122473146e-6,8.992256508300e-7,insel_finite_canal_modal_continuous_wigley,converged
s_l_0_2,0.4850000,2.037691007795,2,0.2,0.360000000000,0.964000000000,1.462650317539e1,7.308307524791e-3,1.620434055414e0,4.513143600788e0,4096,1.455319087308e-6,9.090145831614e-7,insel_finite_canal_modal_continuous_wigley,converged
s_l_0_2,0.4900000,2.058698131587,2,0.2,0.360000000000,0.964000000000,1.486580686970e1,7.277062540616e-3,1.608099793774e0,4.622165529546e0,4096,1.500487828325e-6,9.146388226799e-7,insel_finite_canal_modal_continuous_wigley,converged
s_l_0_2,0.4950000,2.079705255379,2,0.2,0.360000000000,0.964000000000,1.507538622534e1,7.231324167382e-3,1.594998337311e0,4.725831329317e0,4096,1.426209119508e-6,8.486611555725e-7,insel_finite_canal_modal_continuous_wigley,converged
s_l_0_2,0.5000000,2.100712379170,2,0.2,0.360000000000,0.964000000000,1.525698574637e1,7.172796554519e-3,1.581246311265e0,4.824354573249e0,4096,1.394219460186e-6,8.145308743046e-7,insel_finite_canal_modal_continuous_wigley,converged
s_l_0_2,0.5050000,2.121719502962,2,0.2,0.360000000000,0.964000000000,1.541239542044e1,7.103087548866e-3,1.566949572594e0,4.917961525375e0,4096,1.473722474597e-6,8.413960534970e-7,insel_finite_canal_modal_continuous_wigley,converged
s_l_0_2,0.5100000,2.142726626754,2,0.2,0.360000000000,0.964000000000,1.554342091269e1,7.023701345231e-3,1.552204336225e0,5.006886190798e0,4096,1.490285386758e-6,8.249392819959e-7,insel_finite_canal_modal_continuous_wigley,converged
s_l_0_2,0.5150000,2.163733750546,2,0.2,0.360000000000,0.964000000000,1.565186067474e1,6.936035325706e-3,1.537098029211e0,5.091367101282e0,4096,1.432772244867e-6,7.696357628983e-7,insel_finite_canal_modal_continuous_wigley,converged
s_l_0_2,0.5200000,2.184740874337,2,0.2,0.360000000000,0.964000000000,1.573948476870e1,6.841378294884e-3,1.521710169337e0,5.171643419970e0,4096,1.416785555721e-6,7.426900514584e-7,insel_finite_canal_modal_continuous_wigley,converged
s_l_0_2,0.5250000,2.205747998129,2,0.2,0.360000000000,0.964000000000,1.580801880128e1,6.740911385529e-3,1.506113058979e0,5.247952239386e0,4096,1.464680803685e-6,7.474114085415e-7,insel_finite_canal_modal_continuous_wigley,converged
s_l_0_2,0.5300000,2.226755121921,2,0.2,0.360000000000,0.964000000000,1.585913256927e1,6.635711123425e-3,1.490372333846e0,5.320527028418e0,4096,1.518921788228e-6,7.482657640168e-7,insel_finite_canal_modal_continuous_wigley,converged
s_l_0_2,0.5350000,2.247762245712,2,0.2,0.360000000000,0.964000000000,1.589442926343e1,6.526752661500e-3,1.474547561044e0,5.389595318369e0,4096,1.501988181884e-6,7.128227308417e-7,insel_finite_canal_modal_continuous_wigley,converged
s_l_0_2,0.5400000,2.268769369504,2,0.2,0.360000000000,0.964000000000,1.591543827880e1,6.414914378983e-3,1.458692717397e0,5.455377300846e0,4096,1.439675798788e-6,6.619719652434e-7,insel_finite_canal_modal_continuous_wigley,converged
s_l_0_2,0.5450000,2.289776493296,2,0.2,0.360000000000,0.964000000000,1.592361156580e1,6.300983633575e-3,1.442856564332e0,5.518085428390e0,4096,1.458378560452e-6,6.514389245815e-7,insel_finite_canal_modal_continuous_wigley,converged
s_l_0_2,0.5500000,2.310783617088,2,0.2,0.360000000000,0.964000000000,1.592031976994e1,6.185662046798e-3,1.427083073967e0,5.577923268926e0,4096,1.553358511097e-6,6.692048173385e-7,insel_finite_canal_modal_continuous_wigley,converged
s_l_0_2,0.5550000,2.331790740879,2,0.2,0.360000000000,0.964000000000,1.590685013564e1,6.069571115253e-3,1.411411801418e0,5.635084714347e0,4096,1.581990691131e-6,6.528910503345e-7,insel_finite_canal_modal_continuous_wigley,converged
s_l_0_2,0.5600000,2.352797864671,2,0.2,0.360000000000,0.964000000000,1.588440741691e1,5.953258555359e-3,1.395878162120e0,5.689754252182e0,4096,1.521713387438e-6,6.023553587031e-7,insel_finite_canal_modal_continuous_wigley,converged
s_l_0_2,0.5650000,2.373804988463,2,0.2,0.360000000000,0.964000000000,1.585411457263e1,5.837204086227e-3,1.380513737859e0,5.742106774403e0,4096,1.491370184825e-6,5.698680647370e-7,insel_finite_canal_modal_continuous_wigley,converged
s_l_0_2,0.5700000,2.394812112254,2,0.2,0.360000000000,0.964000000000,1.581701335411e1,5.721824737813e-3,1.365346588013e0,5.792307057040e0,4096,1.542079870351e-6,5.693338505086e-7,insel_finite_canal_modal_continuous_wigley,converged
s_l_0_2,0.5750000,2.415819236046,2,0.2,0.360000000000,0.964000000000,1.577406711581e1,5.607480552168e-3,1.350401484749e0,5.840510134935e0,4096,1.612705043833e-6,5.711172437195e-7,insel_finite_canal_modal_continuous_wigley,converged
s_l_0_2,0.5800000,2.436826359838,2,0.2,0.360000000000,0.964000000000,1.572616432847e1,5.494480082582e-3,1.335700131861e0,5.886861861185e0,4096,1.643073843008e-6,5.542433330064e-7,insel_finite_canal_modal_continuous_wigley,converged
s_l_0_2,0.5850000,2.457833483629,2,0.2,0.360000000000,0.964000000000,1.567412095665e1,5.383085066053e-3,1.321261415455e0,5.931498783398e0,4096,1.622431086589e-6,5.212756051254e-7,insel_finite_canal_modal_continuous_wigley,converged
s_l_0_2,0.5900000,2.478840607421,2,0.2,0.360000000000,0.964000000000,1.561868334626e1,5.273514905705e-3,1.307101627094e0,5.974548199817e0,4096,1.580858820598e-6,4.868149665604e-7,insel_finite_canal_modal_continuous_wigley,converged
s_l_0_2,0.5950000,2.499847731213,2,0.2,0.360000000000,0.964000000000,1.556053258019e1,5.165951289668e-3,1.293234639314e0,6.016128901575e0,4096,1.579751155434e-6,4.682841492354e-7,insel_finite_canal_modal_continuous_wigley,converged
s_l_0_2,0.6000000,2.520854855005,2,0.2,0.360000000000,0.964000000000,1.550028846615e1,5.060542318134e-3,1.279672087331e0,6.056351709004e0,4096,1.652622689565e-6,4.691907835586e-7,insel_finite_canal_modal_continuous_wigley,converged
s_l_0_2,0.6050000,2.541861978796,2,0.2,0.360000000000,0.964000000000,1.543851244144e1,4.957405952305e-3,1.266423566210e0,6.095319470263e0,4096,1.742304012484e-6,4.692398916095e-7,insel_finite_canal_modal_continuous_wigley,converged
s_l_0_2,0.6100000,2.562869102588,2,0.2,0.360000000000,0.964000000000,1.537571095448e1,4.856633343763e-3,1.253496801330e0,6.133127319579e0,4096,1.757316426734e-6,4.468508096878e-7,insel_finite_canal_modal_continuous_wigley,converged
s_l_0_2,0.6150000,2.583876226380,2,0.2,0.360000000000,0.964000000000,1.531233977700e1,4.758292189319e-3,1.240897788559e0,6.169863432016e0,4096,1.694381707703e-6,4.080822764152e-7,insel_finite_canal_modal_continuous_wigley,converged
s_l_0_2,0.6200000,2.604883350171,2,0.2,0.360000000000,0.964000000000,1.524880780810e1,4.662429659469e-3,1.228630938369e0,6.205609565857e0,4096,1.647441053233e-6,3.787852536075e-7,insel_finite_canal_modal_continuous_wigley,converged
s_l_0_2,0.6250000,2.625890473963,2,0.2,0.360000000000,0.964000000000,1.518547984532e1,4.569074781040e-3,1.216699228598e0,6.240441141238e0,4096,1.687663176156e-6,3.714988876524e-7,insel_finite_canal_modal_continuous_wigley,converged
s_l_0_2,0.6300000,2.646897597755,2,0.2,0.360000000000,0.964000000000,1.512267948433e1,4.478240670709e-3,1.205104340113e0,6.274427442074e0,4096,1.783491391663e-6,3.732017110902e-7,insel_finite_canal_modal_continuous_wigley,converged
s_l_0_2,0.6350000,2.667904721546,2,0.2,0.360000000000,0.964000000000,1.506069273989e1,4.389926802278e-3,1.193846769278e0,6.307632238684e0,4096,1.853302543624e-6,3.648716830895e-7,insel_finite_canal_modal_continuous_wigley,converged
s_l_0_2,0.6400000,2.688911845338,2,0.2,0.360000000000,0.964000000000,1.499977146564e1,4.304121033665e-3,1.182925936872e0,6.340114371532e0,4096,1.858220545018e-6,3.420734084880e-7,insel_finite_canal_modal_continuous_wigley,converged
s_l_0_2,0.6450000,2.709918969130,2,0.2,0.360000000000,0.964000000000,1.494013583042e1,4.220801204082e-3,1.172340302594e0,6.371927927994e0,4096,1.822425521546e-6,3.141313369426e-7,insel_finite_canal_modal_continuous_wigley,converged
s_l_0_2,0.6500000,2.730926092922,2,0.2,0.360000000000,0.964000000000,1.488197644203e1,4.139936506909e-3,1.162087472610e0,6.403122309115e0,4096,1.790320427334e-6,2.912265837374e-7,insel_finite_canal_modal_continuous_wigley,converged
s_l_0_2,0.6550000,2.751933216713,2,0.2,0.360000000000,0.964000000000,1.482545694650e1,4.061488885077e-3,1.152164290072e0,6.433742598279e0,4096,1.792039895473e-6,2.769765024002e-7,insel_finite_canal_modal_continuous_wigley,converged
s_l_0_2,0.6600000,2.772940340505,2,0.2,0.360000000000,0.964000000000,1.477071688368e1,3.985414384107e-3,1.142566915542e0,6.463830119166e0,4096,1.838384147684e-6,2.693629197470e-7,insel_finite_canal_modal_continuous_wigley,converged
s_l_0_2,0.6650000,2.793947464297,2,0.2,0.360000000000,0.964000000000,1.471787399673e1,3.911664250693e-3,1.133290907894e0,6.493422780596e0,4096,1.918584642137e-6,2.634508518007e-7,insel_finite_canal_modal_continuous_wigley,converged
s_l_0_2,0.6700000,2.814954588088,2,0.2,0.360000000000,0.964000000000,1.466702584489e1,3.840185760727e-3,1.124331304788e0,6.522555132296e0,4096,1.995495474695e-6,2.534435139534e-7,insel_finite_canal_modal_continuous_wigley,converged
s_l_0_2,0.6750000,2.835961711880,2,0.2,0.360000000000,0.964000000000,1.461825135166e1,3.770922965183e-3,1.115682694666e0,6.551258445415e0,4096,2.022484585480e-6,2.358800033075e-7,insel_finite_canal_modal_continuous_wigley,converged
s_l_0_2,0.6800000,2.856968835672,2,0.2,0.360000000000,0.964000000000,1.457161274500e1,3.703817476568e-3,1.107339277746e0,6.579561042331e0,4096,1.983681374484e-6,2.128666110046e-7,insel_finite_canal_modal_continuous_wigley,converged
s_l_0_2,0.6850000,2.877975959464,2,0.2,0.360000000000,0.964000000000,1.452715759604e1,3.638809216537e-3,1.099294921277e0,6.607488725211e0,4096,1.917921528007e-6,1.912732734421e-7,insel_finite_canal_modal_continuous_wigley,converged
s_l_0_2,0.6900000,2.898983083255,2,0.2,0.360000000000,0.964000000000,1.448492040008e1,3.575836989582e-3,1.091543213967e0,6.635065022962e0,4096,1.892715335685e-6,1.772528137600e-7,insel_finite_canal_modal_continuous_wigley,converged
s_l_0_2,0.6950000,2.919990207047,2,0.2,0.360000000000,0.964000000000,1.444492362613e1,3.514838880689e-3,1.084077518561e0,6.662311217976e0,4096,1.946998645581e-6,1.709935331107e-7,insel_finite_canal_modal_continuous_wigley,converged
s_l_0_2,0.7000000,2.940997330839,2,0.2,0.360000000000,0.964000000000,1.440717867855e1,3.455752599662e-3,1.076891018627e0,6.689246371892e0,4096,2.056995105262e-6,1.667997999721e-7,insel_finite_canal_modal_continuous_wigley,converged
s_l_0_2,0.7050000,2.962004454630,2,0.2,0.360000000000,0.964000000000,1.437168713970e1,3.398515863765e-3,1.069976758305e0,6.715887531271e0,4096,2.156923079956e-6,1.581747035573e-7,insel_finite_canal_modal_continuous_wigley,converged
s_l_0_2,0.7100000,2.983011578422,2,0.2,0.360000000000,0.964000000000,1.433844217459e1,3.343066786486e-3,1.063327677527e0,6.742250050307e0,4096,2.192864236796e-6,1.429302256550e-7,insel_finite_canal_modal_continuous_wigley,converged
s_l_0_2,0.7150000,3.004018702214,2,0.2,0.360000000000,0.964000000000,1.430742969857e1,3.289344179301e-3,1.056936645454e0,6.768347828659e0,4096,2.160873549854e-6,1.240847060657e-7,insel_finite_canal_modal_continuous_wigley,converged
s_l_0_2,0.7200000,3.025025826005,2,0.2,0.360000000000,0.964000000000,1.427862911631e1,3.237287730601e-3,1.050796492357e0,6.794193366730e0,4096,2.101552357408e-6,1.066980510611e-7,insel_finite_canal_modal_continuous_wigley,converged
s_l_0_2,0.7250000,3.046032949797,2,0.2,0.360000000000,0.964000000000,1.425201383409e1,3.186838118182e-3,1.044900038277e0,6.819797737581e0,4096,2.064469650165e-6,9.401233236339e-8,insel_finite_canal_modal_continuous_wigley,converged
s_l_0_2,0.7300000,3.067040073589,2,0.2,0.360000000000,0.964000000000,1.422755188227e1,3.137937135587e-3,1.039240117416e0,6.845170641431e0,4096,2.076158385049e-6,8.584803179446e-8,insel_finite_canal_modal_continuous_wigley,converged
s_l_0_2,0.7350000,3.088047197381,2,0.2,0.360000000000,0.964000000000,1.420520676065e1,3.090527855283e-3,1.033809598944e0,6.870320596348e0,4096,2.132711588145e-6,7.962656023430e-8,insel_finite_canal_modal_continuous_wigley,converged
s_l_0_2,0.7400000,3.109054321172,2,0.2,0.360000000000,0.964000000000,1.418493831690e1,3.044554784226e-3,1.028601405697e0,6.895255168003e0,4096,2.212448506586e-6,7.245831290525e-8,insel_finite_canal_modal_continuous_wigley,converged
s_l_0_2,0.7450000,3.130061444964,2,0.2,0.360000000000,0.964000000000,1.416670339675e1,2.999963956888e-3,1.023608531540e0,6.919981106172e0,4096,2.291274041311e-6,6.268714303204e-8,insel_finite_canal_modal_continuous_wigley,converged
s_l_0_2,0.7500000,3.151068568756,2,0.2,0.360000000000,0.964000000000,1.415045619661e1,2.956702956758e-3,1.018824057072e0,6.944504352042e0,4096,2.349815414127e-6,5.033392058706e-8,insel_finite_canal_modal_continuous_wigley,converged
s_l_0_2,0.7550000,3.172075692547,2,0.2,0.360000000000,0.964000000000,1.413614848492e1,2.914720907074e-3,1.014241163055e0,6.968829998152e0,4096,2.374569638371e-6,3.672934267840e-8,insel_finite_canal_modal_continuous_wigley,converged
s_l_0_2,0.7600000,3.193082816339,2,0.2,0.360000000000,0.964000000000,1.412372991580e1,2.873968479063e-3,1.009853141462e0,6.992962311011e0,4096,2.360389658627e-6,2.377716579183e-8,insel_finite_canal_modal_continuous_wigley,converged
s_l_0_2,0.7650000,3.214089940131,2,0.2,0.360000000000,0.964000000000,1.411314851325e1,2.834397931797e-3,1.005653404700e0,7.016904853742e0,4096,2.315956963332e-6,1.311036168516e-8,insel_finite_canal_modal_continuous_wigley,converged
s_l_0_2,0.7700000,3.235097063923,2,0.2,0.360000000000,0.964000000000,1.410435121295e1,2.795963158435e-3,1.001635493639e0,7.040660650763e0,4096,2.266130751180e-6,5.347739584494e-9,insel_finite_canal_modal_continuous_wigley,converged
s_l_0_2,0.7750000,3.256104187714,2,0.2,0.360000000000,0.964000000000,1.409728428109e1,2.758619702830e-3,9.977930846784e-1,7.064232303052e0,4096,2.244489337040e-6,2.504423335381e-10,insel_finite_canal_modal_continuous_wigley,converged
s_l_0_2,0.7800000,3.277111311506,2,0.2,0.360000000000,0.964000000000,1.409189352223e1,2.722324732101e-3,9.941199956658e-1,7.087622009251e0,4096,2.276898779377e-6,5.471866182383e-9,insel_finite_canal_modal_continuous_wigley,converged
s_l_0_2,0.7850000,3.298118435298,2,0.2,0.360000000000,0.964000000000,1.408812434235e1,2.687036981675e-3,9.906101904603e-1,7.110831524864e0,4096,2.365474389431e-6,1.224769063946e-8,insel_finite_canal_modal_continuous_wigley,converged
s_l_0_2,0.7900000,3.319125559089,2,0.2,0.360000000000,0.964000000000,1.408592181752e1,2.652716703582e-3,9.872577822050e-1,7.133862133787e0,4096,2.484062477194e-6,2.161294276881e-8,insel_finite_canal_modal_continuous_wigley,converged
s_l_0_2,0.7950000,3.340132682881,2,0.2,0.360000000000,0.964000000000,1.408523087801e1,2.619325638257e-3,9.840570356591e-1,7.156714686043e0,4096,2.589604752710e-6,3.313345287026e-8,insel_finite_canal_modal_continuous_wigley,converged
s_l_0_2,0.8000000,3.361139806673,2,0.2,0.360000000000,0.964000000000,1.408599660186e1,2.586827006770e-3,9.810023689383e-1,7.179389697655e0,4096,2.643546802574e-6,4.514140794498e-8,insel_finite_canal_modal_continuous_wigley,converged
s_l_0_2,0.8050000,3.382146930464,2,0.2,0.360000000000,0.964000000000,1.408816451649e1,2.555185503366e-3,9.780883547813e-1,7.201887461200e0,4096,2.631143404779e-6,5.563060068159e-8,insel_finite_canal_modal_continuous_wigley,converged
s_l_0_2,0.8100000,3.403154054256,2,0.2,0.360000000000,0.964000000000,1.409168079809e1,2.524367268566e-3,9.753097212178e-1,7.224208111294e0,4096,2.568092525623e-6,6.328185753190e-8,insel_finite_canal_modal_continuous_wigley,converged
s_l_0_2,0.8150000,3.424161178048,2,0.2,0.360000000000,0.964000000000,1.409649232908e1,2.494339837441e-3,9.726613514704e-1,7.246351624728e0,4096,2.491733798031e-6,6.805870911286e-8,insel_finite_canal_modal_continuous_wigley,converged
s_l_0_2,0.8200000,3.445168301840,2,0.2,0.360000000000,0.964000000000,1.410254666384e1,2.465072074042e-3,9.701382830770e-1,7.268317779971e0,4096,2.442665712143e-6,7.111459254805e-8,insel_finite_canal_modal_continuous_wigley,converged
s_l_0_2,0.8250000,3.466175425631,2,0.2,0.360000000000,0.964000000000,1.410979199912e1,2.436534109823e-3,9.677357064362e-1,7.290106123645e0,4096,2.446934450095e-6,7.415656444465e-8,insel_finite_canal_modal_continuous_wigley,converged
s_l_0_2,0.8300000,3.487182549423,2,0.2,0.360000000000,0.964000000000,1.411817722346e1,2.408697298560e-3,9.654489630660e-1,7.311715980626e0,4096,2.507164490667e-6,7.866410445256e-8,insel_finite_canal_modal_continuous_wigley,converged
s_l_0_2,0.8350000,3.508189673215,2,0.2,0.360000000000,0.964000000000,1.412765205433e1,2.381534187918e-3,9.632735437727e-1,7.333146511527e0,4096,2.605165601238e-6,8.534986761788e-8,insel_finite_canal_modal_continuous_wigley,converged
s_l_0_2,0.8400000,3.529196797006,2,0.2,0.360000000000,0.964000000000,1.413816720940e1,2.355018497416e-3,9.612050867391e-1,7.354396790263e0,4096,2.712557066301e-6,9.403897938132e-8,insel_finite_canal_modal_continuous_wigley,converged
s_l_0_2,0.8450000,3.550203920798,2,0.2,0.360000000000,0.964000000000,1.414967453710e1,2.329125090014e-3,9.592393753819e-1,7.375465864015e0,4096,2.802971027970e-6,1.038995092184e-7,insel_finite_canal_modal_continuous_wigley,converged
s_l_0_2,0.8500000,3.571211044590,2,0.2,0.360000000000,0.964000000000,1.416212705845e1,2.303829930038e-3,9.573723358194e-1,7.396352771320e0,4096,2.860286023744e-6,1.138207740281e-7,insel_finite_canal_modal_continuous_wigley,converged
s_l_0_2,0.8550000,3.592218168381,2,0.2,0.360000000000,0.964000000000,1.417547892407e1,2.279110029245e-3,9.556000339021e-1,7.417056520072e0,4096,2.880706440309e-6,1.227500721068e-7,insel_finite_canal_modal_continuous_wigley,converged
s_l_0_2,0.8600000,3.613225292173,2,0.2,0.360000000000,0.964000000000,1.418968533410e1,2.254943389620e-3,9.539186719230e-1,7.437576049062e0,4096,2.869989429642e-6,1.299037533098e-7,insel_finite_canal_modal_continuous_wigley,converged
s_l_0_2,0.8650000,3.634232415965,2,0.2,0.360000000000,0.964000000000,1.420470248079e1,2.231308952656e-3,9.523245852175e-1,7.457910202723e0,4096,2.838904955588e-6,1.348720833905e-7,insel_finite_canal_modal_continuous_wigley,converged
s_l_0_2,0.8700000,3.655239539757,2,0.2,0.360000000000,0.964000000000,1.422048755225e1,2.208186560618e-3,9.508142388460e-1,7.478057737918e0,4096,2.799644688812e-6,1.376741296522e-7,insel_finite_canal_modal_continuous_wigley,converged
s_l_0_2,0.8750000,3.676246663548,2,0.2,0.360000000000,0.964000000000,1.423699879617e1,2.185556928761e-3,9.493842244349e-1,7.498017362065e0,4096,2.764184038045e-6,1.387872421432e-7,insel_finite_canal_modal_continuous_wigley,converged
s_l_0_2,0.8800000,3.697253787340,2,0.2,0.360000000000,0.964000000000,1.425419560936e1,2.163401622468e-3,9.480312571179e-1,7.517787785129e0,4096,2.743880070355e-6,1.391208621637e-7,insel_finite_canal_modal_continuous_wigley,converged
s_l_0_2,0.8850000,3.718260911132,2,0.2,0.360000000000,0.964000000000,1.427203860680e1,2.141703032030e-3,9.467521724378e-1,7.537367762279e0,4096,2.748865462305e-6,1.398805167252e-7,insel_finite_canal_modal_continuous_wigley,converged
s_l_0_2,0.8900000,3.739268034923,2,0.2,0.360000000000,0.964000000000,1.429048963711e1,2.120444340367e-3,9.455439230788e-1,7.556756110586e0,4096,2.786292044227e-6,1.422985980160e-7,insel_finite_canal_modal_continuous_wigley,converged
s_l_0_2,0.8950000,3.760275158715,2,0.2,0.360000000000,0.964000000000,1.430951173940e1,2.099609483530e-3,9.444035753854e-1,7.575951697110e0,4096,2.857666334113e-6,1.472791202328e-7,insel_finite_canal_modal_continuous_wigley,converged
s_l_0_2,0.9000000,3.781282282507,2,0.2,0.360000000000,0.964000000000,1.432906906345e1,2.079183107775e-3,9.433283057316e-1,7.594953409319e0,4096,2.956571596512e-6,1.550694115338e-7,insel_finite_canal_modal_continuous_wigley,converged
s_l_0_2,0.9050000,3.802289406299,2,0.2,0.360000000000,0.964000000000,1.434912678906e1,2.059150528669e-3,9.423153968757e-1,7.613760125664e0,4096,3.068343350904e-6,1.650917241802e-7,insel_finite_canal_modal_continuous_wigley,converged
s_l_0_2,0.9100000,3.823296530090,2,0.2,0.360000000000,0.964000000000,1.436965107629e1,2.039497696618e-3,9.413622344435e-1,7.632370702011e0,4096,3.172608976898e-6,1.760252347216e-7,insel_finite_canal_modal_continuous_wigley,converged
s_l_0_2,0.9150000,3.844303653882,2,0.2,0.360000000000,0.964000000000,1.439060906036e1,2.020211170331e-3,9.404663036239e-1,7.650783980725e0,4096,3.248372208651e-6,1.861399075986e-7,insel_finite_canal_modal_continuous_wigley,converged
s_l_0_2,0.9200000,3.865310777674,2,0.2,0.360000000000,0.964000000000,1.441196888348e1,2.001278096571e-3,9.396251860745e-1,7.668998818394e0,4096,3.280136363600e-6,1.937868238100e-7,insel_finite_canal_modal_continuous_wigley,converged
s_l_0_2,0.9250000,3.886317901465,2,0.2,0.360000000000,0.964000000000,1.443369974014e1,1.982686192520e-3,9.388365569618e-1,7.687014120351e0,4096,3.262972244588e-6,1.978876225106e-7,insel_finite_canal_modal_continuous_wigley,converged
s_l_0_2,0.9300000,3.907325025257,2,0.2,0.360000000000,0.964000000000,1.445577190838e1,1.964423726886e-3,9.380981820289e-1,7.704828868291e0,4096,3.204697522631e-6,1.982624534547e-7,insel_finite_canal_modal_continuous_wigley,converged
s_l_0_2,0.9350000,3.928332149049,2,0.2,0.360000000000,0.964000000000,1.447815674789e1,1.946479497247e-3,9.374079146044e-1,7.722442131289e0,4096,3.124311477069e-6,1.956919788437e-7,insel_finite_canal_modal_continuous_wigley,converged
s_l_0_2,0.9400000,3.949339272840,2,0.2,0.360000000000,0.964000000000,1.450082666048e1,1.928842803383e-3,9.367636925240e-1,7.739853058039e0,4096,3.047109388547e-6,1.916993970230e-7,insel_finite_canal_modal_continuous_wigley,converged
s_l_0_2,0.9450000,3.970346396632,2,0.2,0.360000000000,0.964000000000,1.452375502361e1,1.911503418294e-3,9.361635349980e-1,7.757060855636e0,4096,2.997988537469e-6,1.881290080386e-7,insel_finite_canal_modal_continuous_wigley,converged
s_l_0_2,0.9500000,3.991353520424,2,0.2,0.360000000000,0.964000000000,1.454691611685e1,1.894451559711e-3,9.356055395066e-1,7.774064764793e0,4096,2.994978029999e-6,1.866561113451e-7,insel_finite_canal_modal_continuous_wigley,converged
s_l_0_3,0.2000000,0.840284951668,2,0.3,0.540000000000,0.964000000000,3.847097613404e-1,1.130402204154e-3,1.273388068129e0,1.510575491357e-1,8192,1.833367843340e-6,4.987677746371e-7,insel_finite_canal_modal_continuous_wigley,converged
s_l_0_3,0.2050000,0.861292075460,2,0.3,0.540000000000,0.964000000000,3.284134316100e-1,9.184869068541e-4,9.315077189652e-1,1.762805744513e-1,8192,1.666270742445e-6,1.163121197134e-7,insel_finite_canal_modal_continuous_wigley,converged
s_l_0_3,0.2100000,0.882299199252,2,0.3,0.540000000000,0.964000000000,1.924836450507e-1,5.129972368620e-4,6.188002626469e-1,1.555297053587e-1,8192,1.989557428499e-6,7.605658487453e-7,insel_finite_canal_modal_continuous_wigley,converged
s_l_0_3,0.2150000,0.903306323043,2,0.3,0.540000000000,0.964000000000,1.558191774425e-1,3.961902363606e-4,6.138948933780e-1,1.269103059199e-1,8192,2.559253556349e-6,9.911579749167e-7,insel_finite_canal_modal_continuous_wigley,converged
s_l_0_3,0.2200000,0.924313446835,2,0.3,0.540000000000,0.964000000000,2.945541710548e-1,7.152857884409e-4,1.094225205494e0,1.345948574278e-1,8192,2.507369738861e-6,2.326433952149e-7,insel_finite_canal_modal_continuous_wigley,converged
s_l_0_3,0.2250000,0.945320570627,2,0.3,0.540000000000,0.964000000000,5.332418026446e-1,1.237995120000e-3,1.416665130799e0,1.882031932077e-1,8192,1.853681388148e-6,7.704525144536e-7,insel_finite_canal_modal_continuous_wigley,converged
s_l_0_3,0.2300000,0.966327694418,2,0.3,0.540000000000,0.964000000000,7.290926885074e-1,1.619894952233e-3,1.391107133365e0,2.620548306526e-1,8192,1.400544654234e-6,5.477289604094e-7,insel_finite_canal_modal_continuous_wigley,converged
s_l_0_3,0.2350000,0.987334818210,2,0.3,0.540000000000,0.964000000000,7.798273762454e-1,1.659673018947e-3,1.218559617147e0,3.199791644462e-1,4096,4.840694648452e-6,1.057689964057e-6,insel_finite_canal_modal_continuous_wigley,converged
s_l_0_3,0.2400000,1.008341942002,2,0.3,0.540000000000,0.964000000000,6.762977952466e-1,1.379987870863e-3,9.961188796402e-1,3.394664076094e-1,4096,4.734322161842e-6,1.734340049353e-8,insel_finite_canal_modal_continuous_wigley,converged
s_l_0_3,0.2450000,1.029349065794,2,0.3,0.540000000000,0.964000000000,4.893355380980e-1,9.581519107026e-4,7.622862152173e-1,3.209657529741e-1,8192,1.314326541173e-6,3.131211347984e-7,insel_finite_canal_modal_continuous_wigley,converged
s_l_0_3,0.2500000,1.050356189585,2,0.3,0.540000000000,0.964000000000,3.215476815515e-1,6.046793621458e-4,5.682545648336e-1,2.829257356214e-1,8192,1.516663589022e-6,6.558704280790e-7,insel_finite_canal_modal_continuous_wigley,converged
s_l_0_3,0.2550000,1.071363313377,2,0.3,0.540000000000,0.964000000000,2.591879303389e-1,4.684833860487e-4,5.178215560861e-1,2.502676137103e-1,8192,1.822934641536e-6,8.810835792072e-7,insel_finite_canal_modal_continuous_wigley,converged
s_l_0_3,0.2600000,1.092370437169,2,0.3,0.540000000000,0.964000000000,3.441565100607e-1,5.983689841370e-4,7.061675987604e-1,2.436790576804e-1,8192,1.930338892767e-6,5.671617853142e-7,insel_finite_canal_modal_continuous_wigley,converged
s_l_0_3,0.2650000,1.113377560960,2,0.3,0.540000000000,0.964000000000,5.693977668046e-1,9.529800140923e-4,1.040663668504e0,2.735743468507e-1,8192,1.766744530620e-6,7.033347815266e-8,insel_finite_canal_modal_continuous_wigley,converged
s_l_0_3,0.2700000,1.134384684752,2,0.3,0.540000000000,0.964000000000,8.908487316999e-1,1.436270428341e-3,1.313462244109e0,3.391223218237e-1,8192,1.503927112684e-6,4.692753032831e-7,insel_finite_canal_modal_continuous_wigley,converged
s_l_0_3,0.2750000,1.155391808544,2,0.3,0.540000000000,0.964000000000,1.246349171194e0,1.937020079174e-3,1.446523416144e0,4.308085017094e-1,8192,1.236932568757e-6,5.513057483864e-7,insel_finite_canal_modal_continuous_wigley,converged
s_l_0_3,0.2800000,1.176398932335,2,0.3,0.540000000000,0.964000000000,1.573754876520e0,2.359287176860e-3,1.472116989092e0,5.345209953356e-1,4096,4.080082839701e-6,1.915724481050e-6,insel_finite_canal_modal_continuous_wigley,converged
s_l_0_3,0.2850000,1.197406056127,2,0.3,0.540000000000,0.964000000000,1.823928397518e0,2.639233688757e-3,1.434920447524e0,6.355503542601e-1,4096,3.494097317482e-6,1.513449867874e-6,insel_finite_canal_modal_continuous_wigley,converged
s_l_0_3,0.2900000,1.218413179919,2,0.3,0.540000000000,0.964000000000,1.967363198004e0,2.749465840712e-3,1.363246366102e0,7.215728744722e-1,4096,3.226734384428e-6,1.171837494374e-6,insel_finite_canal_modal_continuous_wigley,converged
s_l_0_3,0.2950000,1.239420303711,2,0.3,0.540000000000,0.964000000000,1.995253338469e0,2.694720928212e-3,1.271946192385e0,7.843308743777e-1,4096,3.156051015114e-6,8.556829669271e-7,insel_finite_canal_modal_continuous_wigley,converged
s_l_0_3,0.3000000,1.260427427502,2,0.3,0.540000000000,0.964000000000,1.916694798222e0,2.503054096969e-3,1.168545168347e0,8.201201160811e-1,4096,3.069045198996e-6,5.094002162309e-7,insel_finite_canal_modal_continuous_wigley,converged
s_l_0_3,0.3050000,1.281434551294,2,0.3,0.540000000000,0.964000000000,1.753840724239e0,2.215900485175e-3,1.057286553626e0,8.294065209779e-1,4096,3.069482833599e-6,1.730371965714e-7,insel_finite_canal_modal_continuous_wigley,converged
s_l_0_3,0.3100000,1.302441675086,2,0.3,0.540000000000,0.964000000000,1.536500534959e0,1.879183148254e-3,9.415611670448e-1,8.159324049981e-1,4096,3.334567350932e-6,1.961992676103e-7,insel_finite_canal_modal_continuous_wigley,converged
s_l_0_3,0.3150000,1.323448798877,2,0.3,0.540000000000,0.964000000000,1.297193664089e0,1.536538661770e-3,8.255825481567e-1,7.856232347601e-1,4096,3.520866541948e-6,6.233259938204e-7,insel_finite_canal_modal_continuous_wigley,converged
s_l_0_3,0.3200000,1.344455922669,2,0.3,0.540000000000,0.964000000000,1.067207488085e0,1.224922714929e-3,7.157480888965e-1,7.455189225376e-1,4096,3.750698416201e-6,1.067635665208e-6,insel_finite_canal_modal_continuous_wigley,converged
s_l_0_3,0.3250000,1.365463046461,2,0.3,0.540000000000,0.964000000000,8.738485125524e-1,9.723647588656e-4,6.216337712837e-1,7.028644138396e-1,4096,4.262545471216e-6,1.617426584777e-6,insel_finite_canal_modal_continuous_wigley,converged
s_l_0_3,0.3300000,1.386470170253,2,0.3,0.540000000000,0.964000000000,7.388361475284e-1,7.974069865520e-4,5.560003483202e-1,6.644205797358e-1,4096,4.474436405642e-6,1.994041798792e-6,insel_finite_canal_modal_continuous_wigley,converged
s_l_0_3,0.3350000,1.407477294044,2,0.3,0.540000000000,0.964000000000,6.776574370440e-1,7.097091033744e-4,5.327454996501e-1,6.360048442352e-1,8192,1.215511354323e-6,5.692657029099e-7,insel_finite_canal_modal_continuous_wigley,converged
s_l_0_3,0.3400000,1.428484417836,2,0.3,0.540000000000,0.964000000000,6.996383839764e-1,7.113372882461e-4,5.621991291393e-1,6.222336070206e-1,8192,1.281933225103e-6,5.614373638219e-7,insel_finite_canal_modal_continuous_wigley,converged
s_l_0_3,0.3450000,1.449491541628,2,0.3,0.540000000000,0.964000000000,8.085205005478e-1,7.983854747804e-4,6.453307358101e-1,6.264388597057e-1,8192,1.339027112654e-6,4.751768104549e-7,insel_finite_canal_modal_continuous_wigley,converged
s_l_0_3,0.3500000,1.470498665419,2,0.3,0.540000000000,0.964000000000,1.003307546666e0,9.626264072965e-4,7.709446383327e-1,6.507001260403e-1,8192,1.324980281186e-6,3.051493022710e-7,insel_finite_canal_modal_continuous_wigley,converged
s_l_0_3,0.3550000,1.491505789211,2,0.3,0.540000000000,0.964000000000,1.279243933845e0,1.193043945773e-3,9.190467911534e-1,6.959623526023e-1,8192,1.241686043381e-6,1.018350480608e-7,insel_finite_canal_modal_continuous_wigley,converged
s_l_0_3,0.3600000,1.512512913003,2,0.3,0.540000000000,0.964000000000,1.628796512306e0,1.477139835199e-3,1.068484170320e0,7.621996457929e-1,4096,4.752193342251e-6,3.130149173192e-7,insel_finite_canal_modal_continuous_wigley,converged
s_l_0_3,0.3650000,1.533520036794,2,0.3,0.540000000000,0.964000000000,2.042574456626e0,1.801988224731e-3,1.203491022773e0,8.486039438501e-1,4096,4.359708162463e-6,8.882092050744e-7,insel_finite_canal_modal_continuous_wigley,converged
s_l_0_3,0.3700000,1.554527160586,2,0.3,0.540000000000,0.964000000000,2.510115775399e0,2.155013951340e-3,1.315897321481e0,9.537658198792e-1,4096,3.988764800118e-6,1.250856938917e-6,insel_finite_canal_modal_continuous_wigley,converged
s_l_0_3,0.3750000,1.575534284378,2,0.3,0.540000000000,0.964000000000,3.020554553561e0,2.524549726305e-3,1.403796957446e0,1.075851652740e0,4096,3.689716834730e-6,1.489260984311e-6,insel_finite_canal_modal_continuous_wigley,converged
s_l_0_3,0.3800000,1.596541408170,2,0.3,0.540000000000,0.964000000000,3.563141046380e0,2.900184332269e-3,1.469025113932e0,1.212757022528e0,4096,3.240537981590e-6,1.513809034126e-6,insel_finite_canal_modal_continuous_wigley,converged
s_l_0_3,0.3850000,1.617548531961,2,0.3,0.540000000000,0.964000000000,4.127631560718e0,3.272949064050e-3,1.515019638242e0,1.362236982455e0,4096,3.122490022506e-6,1.605626234413e-6,insel_finite_canal_modal_continuous_wigley,converged
s_l_0_3,0.3900000,1.638555655753,2,0.3,0.540000000000,0.964000000000,4.704561581316e0,3.635379255825e-3,1.545507594291e0,1.522011796866e0,4096,2.703082340624e-6,1.472112316714e-6,insel_finite_canal_modal_continuous_wigley,converged
s_l_0_3,0.3950000,1.659562779545,2,0.3,0.540000000000,0.964000000000,5.285421221960e0,3.981486009250e-3,1.563873036501e0,1.689849846694e0,4096,2.625281612372e-6,1.475287095376e-6,insel_finite_canal_modal_continuous_wigley,converged
s_l_0_3,0.4000000,1.680569903336,2,0.3,0.540000000000,0.964000000000,5.862748304530e0,4.306664576661e-3,1.572939177172e0,1.863628419209e0,4096,2.384638595685e-6,1.366256280999e-6,insel_finite_canal_modal_continuous_wigley,converged
s_l_0_3,0.4050000,1.701577027128,2,0.3,0.540000000000,0.964000000000,6.430160008082e0,4.607565467489e-3,1.574956556521e0,2.041376945115e0,4096,2.203009690288e-6,1.262066821051e-6,insel_finite_canal_modal_continuous_wigley,converged
s_l_0_3,0.4100000,1.722584150920,2,0.3,0.540000000000,0.964000000000,6.982335868262e0,4.881944111433e-3,1.571674862222e0,2.221304175595e0,4096,2.170004924622e-6,1.238376632129e-6,insel_finite_canal_modal_continuous_wigley,converged
s_l_0_3,0.4150000,1.743591274711,2,0.3,0.540000000000,0.964000000000,7.514967094706e0,5.128503673892e-3,1.564436312551e0,2.401813047427e0,4096,1.947297232287e-6,1.098673546363e-6,insel_finite_canal_modal_continuous_wigley,converged
s_l_0_3,0.4200000,1.764598398503,2,0.3,0.540000000000,0.964000000000,8.024683458708e0,5.346740550247e-3,1.554264036462e0,2.581505867231e0,4096,1.915254738024e-6,1.056614353345e-6,insel_finite_canal_modal_continuous_wigley,converged
s_l_0_3,0.4250000,1.785605522295,2,0.3,0.540000000000,0.964000000000,8.508965230413e0,5.536797880877e-3,1.541936459562e0,2.759181540085e0,4096,1.857700044009e-6,1.006589450903e-6,insel_finite_canal_modal_continuous_wigley,converged
s_l_0_3,0.4300000,1.806612646087,2,0.3,0.540000000000,0.964000000000,8.966049744681e0,5.699332755234e-3,1.528046215123e0,2.933828066175e0,4096,1.711545271157e-6,9.020449891484e-7,insel_finite_canal_modal_continuous_wigley,converged
s_l_0_3,0.4350000,1.827619769878,2,0.3,0.540000000000,0.964000000000,9.394834591024e0,5.835396967059e-3,1.513045635631e0,3.104610452514e0,4096,1.711003124873e-6,8.740556642906e-7,insel_finite_canal_modal_continuous_wigley,converged
s_l_0_3,0.4400000,1.848626893670,2,0.3,0.540000000000,0.964000000000,9.794784804579e0,5.946334375833e-3,1.497281073497e0,3.270857081531e0,4096,1.684797196053e-6,8.372223505582e-7,insel_finite_canal_modal_continuous_wigley,converged
s_l_0_3,0.4450000,1.869634017462,2,0.3,0.540000000000,0.964000000000,1.016584328744e1,6.033692451779e-3,1.481018783529e0,3.432044009334e0,4096,1.563361700331e-6,7.511272339666e-7,insel_finite_canal_modal_continuous_wigley,converged
s_l_0_3,0.4500000,1.890641141253,2,0.3,0.540000000000,0.964000000000,1.050834895439e1,6.099148950942e-3,1.464464235837e0,3.587779304281e0,4096,1.574063888875e-6,7.269997039927e-7,insel_finite_canal_modal_continuous_wigley,converged
s_l_0_3,0.4550000,1.911648265045,2,0.3,0.540000000000,0.964000000000,1.082296193497e1,6.144451474780e-3,1.447776580936e0,3.737787334551e0,4096,1.592738301933e-6,7.125044350076e-7,insel_finite_canal_modal_continuous_wigley,converged
s_l_0_3,0.4600000,1.932655388837,2,0.3,0.540000000000,0.964000000000,1.111059620897e1,6.171368537538e-3,1.431079545859e0,3.881893302550e0,4096,1.478174966165e-6,6.368694343006e-7,insel_finite_canal_modal_continuous_wigley,converged
s_l_0_3,0.4650000,1.953662512629,2,0.3,0.540000000000,0.964000000000,1.137236186767e1,6.181651903523e-3,1.414469520347e0,4.020009517377e0,4096,1.484276321324e-6,6.116861297478e-7,insel_finite_canal_modal_continuous_wigley,converged
s_l_0_3,0.4700000,1.974669636420,2,0.3,0.540000000000,0.964000000000,1.160951237686e1,6.177006297141e-3,1.398021813656e0,4.152121327240e0,4096,1.523015764778e-6,6.041863584993e-7,insel_finite_canal_modal_continuous_wigley,converged
s_l_0_3,0.4750000,1.995676760212,2,0.3,0.540000000000,0.964000000000,1.182340247939e1,6.159068516862e-3,1.381795232500e0,4.278275898377e0,4096,1.473759993498e-6,5.626733958763e-7,insel_finite_canal_modal_continuous_wigley,converged
s_l_0_3,0.4800000,2.016683884004,2,0.3,0.540000000000,0.964000000000,1.201544960473e1,6.129391088522e-3,1.365835709205e0,4.398570605435e0,4096,1.418122473146e-6,5.171879420285e-7,insel_finite_canal_modal_continuous_wigley,converged
s_l_0_3,0.4850000,2.037691007795,2,0.3,0.540000000000,0.964000000000,1.218710344231e1,6.089432226203e-3,1.350179001637e0,4.513143600788e0,4096,1.455319087308e-6,5.060617502828e-7,insel_finite_canal_modal_continuous_wigley,converged
s_l_0_3,0.4900000,2.058698131587,2,0.3,0.540000000000,0.964000000000,1.233982085967e1,6.040549895671e-3,1.334852763363e0,4.622165529546e0,4096,1.500487828325e-6,5.012305142049e-7,insel_finite_canal_modal_continuous_wigley,converged
s_l_0_3,0.4950000,2.079705255379,2,0.3,0.540000000000,0.964000000000,1.247504371601e1,5.983998271376e-3,1.319878223184e0,4.725831329317e0,4096,1.426209119508e-6,4.566104330195e-7,insel_finite_canal_modal_continuous_wigley,converged
s_l_0_3,0.5000000,2.100712379170,2,0.3,0.540000000000,0.964000000000,1.259418394339e1,5.920928333933e-3,1.305271384199e0,4.824354573249e0,4096,1.394219460186e-6,4.230528021232e-7,insel_finite_canal_modal_continuous_wigley,converged
s_l_0_3,0.5050000,2.121719502962,2,0.3,0.540000000000,0.964000000000,1.269860979031e1,5.852389237941e-3,1.291044035704e0,4.917961525375e0,4096,1.473722474597e-6,4.254912970847e-7,insel_finite_canal_modal_continuous_wigley,converged
s_l_0_3,0.5100000,2.142726626754,2,0.3,0.540000000000,0.964000000000,1.278963558999e1,5.779331409928e-3,1.277204544163e0,5.006886190798e0,4096,1.490285386758e-6,4.123741992323e-7,insel_finite_canal_modal_continuous_wigley,converged
s_l_0_3,0.5150000,2.163733750546,2,0.3,0.540000000000,0.964000000000,1.286851608430e1,5.702611593917e-3,1.263758419724e0,5.091367101282e0,4096,1.432772244867e-6,3.778628847595e-7,insel_finite_canal_modal_continuous_wigley,converged
s_l_0_3,0.5200000,2.184740874337,2,0.3,0.540000000000,0.964000000000,1.293644026484e1,5.622997381524e-3,1.250708838016e0,5.171643419970e0,4096,1.416785555721e-6,3.531644159338e-7,insel_finite_canal_modal_continuous_wigley,converged
s_l_0_3,0.5250000,2.205747998129,2,0.3,0.540000000000,0.964000000000,1.299452834401e1,5.541172816461e-3,1.238057031702e0,5.247952239386e0,4096,1.464680803685e-6,3.453323424996e-7,insel_finite_canal_modal_continuous_wigley,converged
s_l_0_3,0.5300000,2.226755121921,2,0.3,0.540000000000,0.964000000000,1.304383145364e1,5.457744746819e-3,1.225802574066e0,5.320527028418e0,4096,1.518921788228e-6,3.409620357164e-7,insel_finite_canal_modal_continuous_wigley,converged
s_l_0_3,0.5350000,2.247762245712,2,0.3,0.540000000000,0.964000000000,1.308533016405e1,5.373248202836e-3,1.213943662843e0,5.389595318369e0,4096,1.501988181884e-6,3.214858446121e-7,insel_finite_canal_modal_continuous_wigley,converged
s_l_0_3,0.5400000,2.268769369504,2,0.3,0.540000000000,0.964000000000,1.311993510754e1,5.288152226686e-3,1.202477334199e0,5.455377300846e0,4096,1.439675798788e-6,2.909294753994e-7,insel_finite_canal_modal_continuous_wigley,converged
s_l_0_3,0.5450000,2.289776493296,2,0.3,0.540000000000,0.964000000000,1.314848967891e1,5.202866066578e-3,1.191399612197e0,5.518085428390e0,4096,1.458378560452e-6,2.757725363622e-7,insel_finite_canal_modal_continuous_wigley,converged
s_l_0_3,0.5500000,2.310783617088,2,0.3,0.540000000000,0.964000000000,1.317177126970e1,5.117744292167e-3,1.180705670790e0,5.577923268926e0,4096,1.553358511097e-6,2.771944289659e-7,insel_finite_canal_modal_continuous_wigley,converged
s_l_0_3,0.5550000,2.331790740879,2,0.3,0.540000000000,0.964000000000,1.319049324620e1,5.033091788782e-3,1.170389968816e0,5.635084714347e0,4096,1.581990691131e-6,2.687874900431e-7,insel_finite_canal_modal_continuous_wigley,converged
s_l_0_3,0.5600000,2.352797864671,2,0.3,0.540000000000,0.964000000000,1.320530896054e1,4.949169111705e-3,1.160446336982e0,5.689754252182e0,4096,1.521713387438e-6,2.445232067938e-7,insel_finite_canal_modal_continuous_wigley,converged
s_l_0_3,0.5650000,2.373804988463,2,0.3,0.540000000000,0.964000000000,1.321681469176e1,4.866196997141e-3,1.150868070817e0,5.742106774403e0,4096,1.491370184825e-6,2.234656157896e-7,insel_finite_canal_modal_continuous_wigley,converged
s_l_0_3,0.5700000,2.394812112254,2,0.3,0.540000000000,0.964000000000,1.322555183477e1,4.784360230674e-3,1.141648025953e0,5.792307057040e0,4096,1.542079870351e-6,2.149548623542e-7,insel_finite_canal_modal_continuous_wigley,converged
s_l_0_3,0.5750000,2.415819236046,2,0.3,0.540000000000,0.964000000000,1.323201074110e1,4.703811791345e-3,1.132778681605e0,5.840510134935e0,4096,1.612705043833e-6,2.109313328447e-7,insel_finite_canal_modal_continuous_wigley,converged
s_l_0_3,0.5800000,2.436826359838,2,0.3,0.540000000000,0.964000000000,1.323663472107e1,4.624676705412e-3,1.124252193546e0,5.886861861185e0,4096,1.643073843008e-6,2.027573196006e-7,insel_finite_canal_modal_continuous_wigley,converged
s_l_0_3,0.5850000,2.457833483629,2,0.3,0.540000000000,0.964000000000,1.323982250781e1,4.547055048008e-3,1.116060458857e0,5.931498783398e0,4096,1.622431086589e-6,1.882884539395e-7,insel_finite_canal_modal_continuous_wigley,converged
s_l_0_3,0.5900000,2.478840607421,2,0.3,0.540000000000,0.964000000000,1.324193094197e1,4.471024775562e-3,1.108195172179e0,5.974548199817e0,4096,1.580858820598e-6,1.705151839726e-7,insel_finite_canal_modal_continuous_wigley,converged
s_l_0_3,0.5950000,2.499847731213,2,0.3,0.540000000000,0.964000000000,1.324327884277e1,4.396644720523e-3,1.100647863388e0,6.016128901575e0,4096,1.579751155434e-6,1.563201001975e-7,insel_finite_canal_modal_continuous_wigley,converged
s_l_0_3,0.6000000,2.520854855005,2,0.3,0.540000000000,0.964000000000,1.324415026287e1,4.323957132755e-3,1.093409935488e0,6.056351709004e0,4096,1.652622689565e-6,1.501960003036e-7,insel_finite_canal_modal_continuous_wigley,converged
s_l_0_3,0.6050000,2.541861978796,2,0.3,0.540000000000,0.964000000000,1.324479651219e1,4.252989613842e-3,1.086472708839e0,6.095319470263e0,4096,1.742304012484e-6,1.475944730878e-7,insel_finite_canal_modal_continuous_wigley,converged
s_l_0_3,0.6100000,2.562869102588,2,0.3,0.540000000000,0.964000000000,1.324543856560e1,4.183757016562e-3,1.079827457953e0,6.133127319579e0,4096,1.757316426734e-6,1.398228333116e-7,insel_finite_canal_modal_continuous_wigley,converged
s_l_0_3,0.6150000,2.583876226380,2,0.3,0.540000000000,0.964000000000,1.324627029690e1,4.116263445644e-3,1.073465437514e0,6.169863432016e0,4096,1.694381707703e-6,1.250685686127e-7,insel_finite_canal_modal_continuous_wigley,converged
s_l_0_3,0.6200000,2.604883350171,2,0.3,0.540000000000,0.964000000000,1.324746111742e1,4.050503908491e-3,1.067377908394e0,6.205609565857e0,4096,1.647441053233e-6,1.098687565371e-7,insel_finite_canal_modal_continuous_wigley,converged
s_l_0_3,0.6250000,2.625890473963,2,0.3,0.540000000000,0.964000000000,1.324915755728e1,3.986465510581e-3,1.061556167057e0,6.240441141238e0,4096,1.687663176156e-6,1.002420393359e-7,insel_finite_canal_modal_continuous_wigley,converged
s_l_0_3,0.6300000,2.646897597755,2,0.3,0.540000000000,0.964000000000,1.325148498529e1,3.924128595722e-3,1.055991571154e0,6.274427442074e0,4096,1.783491391663e-6,9.550130619651e-8,insel_finite_canal_modal_continuous_wigley,converged
s_l_0_3,0.6350000,2.667904721546,2,0.3,0.540000000000,0.964000000000,1.325455004519e1,3.863468002463e-3,1.050675558088e0,6.307632238684e0,4096,1.853302543624e-6,9.103735321148e-8,insel_finite_canal_modal_continuous_wigley,converged
s_l_0_3,0.6400000,2.688911845338,2,0.3,0.540000000000,0.964000000000,1.325844288094e1,3.804454155067e-3,1.045599661457e0,6.340114371532e0,4096,1.858220545018e-6,8.388552452665e-8,insel_finite_canal_modal_continuous_wigley,converged
s_l_0_3,0.6450000,2.709918969130,2,0.3,0.540000000000,0.964000000000,1.326323844200e1,3.747053803355e-3,1.040755528930e0,6.371927927994e0,4096,1.822425521546e-6,7.432688220455e-8,insel_finite_canal_modal_continuous_wigley,converged
s_l_0_3,0.6500000,2.730926092922,2,0.3,0.540000000000,0.964000000000,1.326899748915e1,3.691230619091e-3,1.036134939220e0,6.403122309115e0,4096,1.790320427334e-6,6.405161934175e-8,insel_finite_canal_modal_continuous_wigley,converged
s_l_0_3,0.6550000,2.751933216713,2,0.3,0.540000000000,0.964000000000,1.327576812272e1,3.636945887459e-3,1.031729815106e0,6.433742598279e0,4096,1.792039895473e-6,5.452682816376e-8,insel_finite_canal_modal_continuous_wigley,converged
s_l_0_3,0.6600000,2.772940340505,2,0.3,0.540000000000,0.964000000000,1.328358759542e1,3.584159218014e-3,1.027532233252e0,6.463830119166e0,4096,1.838384147684e-6,4.667003272729e-8,insel_finite_canal_modal_continuous_wigley,converged
s_l_0_3,0.6650000,2.793947464297,2,0.3,0.540000000000,0.964000000000,1.329248361263e1,3.532829059552e-3,1.023534433362e0,6.493422780596e0,4096,1.918584642137e-6,4.075711013130e-8,insel_finite_canal_modal_continuous_wigley,converged
s_l_0_3,0.6700000,2.814954588088,2,0.3,0.540000000000,0.964000000000,1.330247499193e1,3.482913004085e-3,1.019728827286e0,6.522555132296e0,4096,1.995495474695e-6,3.615522636835e-8,insel_finite_canal_modal_continuous_wigley,converged
s_l_0_3,0.6750000,2.835961711880,2,0.3,0.540000000000,0.964000000000,1.331357232276e1,3.434368065836e-3,1.016108006857e0,6.551258445415e0,4096,2.022484585480e-6,3.150849026134e-8,insel_finite_canal_modal_continuous_wigley,converged
s_l_0_3,0.6800000,2.856968835672,2,0.3,0.540000000000,0.964000000000,1.332577907010e1,3.387151049953e-3,1.012664749545e0,6.579561042331e0,4096,1.983681374484e-6,2.558265044250e-8,insel_finite_canal_modal_continuous_wigley,converged
s_l_0_3,0.6850000,2.877975959464,2,0.3,0.540000000000,0.964000000000,1.333909281401e1,3.341218924002e-3,1.009392022351e0,6.607488725211e0,4096,1.917921528007e-6,1.808886795907e-8,insel_finite_canal_modal_continuous_wigley,converged
s_l_0_3,0.6900000,2.898983083255,2,0.3,0.540000000000,0.964000000000,1.335350607171e1,3.296529054556e-3,1.006282984831e0,6.635065022962e0,4096,1.892715335685e-6,9.805526612894e-9,insel_finite_canal_modal_continuous_wigley,converged
s_l_0_3,0.6950000,2.919990207047,2,0.3,0.540000000000,0.964000000000,1.336900664148e1,3.253039306811e-3,1.003330991609e0,6.662311217976e0,4096,1.946998645581e-6,2.014021838193e-9,insel_finite_canal_modal_continuous_wigley,converged
s_l_0_3,0.7000000,2.940997330839,2,0.3,0.540000000000,0.964000000000,1.338557791620e1,3.210708127799e-3,1.000529594219e0,6.689246371892e0,4096,2.056995105262e-6,4.258850383465e-9,insel_finite_canal_modal_continuous_wigley,converged
s_l_0_3,0.7050000,2.962004454630,2,0.3,0.540000000000,0.964000000000,1.340319952541e1,3.169494699510e-3,9.978725420131e-1,6.715887531271e0,4096,2.156923079956e-6,8.749804325525e-9,insel_finite_canal_modal_continuous_wigley,converged
s_l_0_3,0.7100000,2.983011578422,2,0.3,0.540000000000,0.964000000000,1.342184817473e1,3.129359124222e-3,9.953537820893e-1,6.742250050307e0,4096,2.192864236796e-6,1.203319566212e-8,insel_finite_canal_modal_continuous_wigley,converged
s_l_0_3,0.7150000,3.004018702214,2,0.3,0.540000000000,0.964000000000,1.344149828069e1,3.090262546254e-3,9.929674583044e-1,6.768347828659e0,4096,2.160873549854e-6,1.517809034013e-8,insel_finite_canal_modal_continuous_wigley,converged
s_l_0_3,0.7200000,3.025025826005,2,0.3,0.540000000000,0.964000000000,1.346212221573e1,3.052167173881e-3,9.907079096135e-1,6.794193366730e0,4096,2.101552357408e-6,1.917254832673e-8,insel_finite_canal_modal_continuous_wigley,converged
s_l_0_3,0.7250000,3.046032949797,2,0.3,0.540000000000,0.964000000000,1.348369037075e1,3.015036257158e-3,9.885696680161e-1,6.819797737581e0,4096,2.064469650165e-6,2.442995039598e-8,insel_finite_canal_modal_continuous_wigley,converged
s_l_0_3,0.7300000,3.067040073589,2,0.3,0.540000000000,0.964000000000,1.350617136857e1,2.978834099340e-3,9.865474563060e-1,6.845170641431e0,4096,2.076158385049e-6,3.065648968015e-8,insel_finite_canal_modal_continuous_wigley,converged
s_l_0_3,0.7350000,3.088047197381,2,0.3,0.540000000000,0.964000000000,1.352953253130e1,2.943526121194e-3,9.846361855728e-1,6.870320596348e0,4096,2.132711588145e-6,3.711185903033e-8,insel_finite_canal_modal_continuous_wigley,converged
s_l_0_3,0.7400000,3.109054321172,2,0.3,0.540000000000,0.964000000000,1.355374040508e1,2.909078930945e-3,9.828309522157e-1,6.895255168003e0,4096,2.212448506586e-6,4.302540068668e-8,insel_finite_canal_modal_continuous_wigley,converged
s_l_0_3,0.7450000,3.130061444964,2,0.3,0.540000000000,0.964000000000,1.357876108033e1,2.875460343834e-3,9.811270343083e-1,6.919981106172e0,4096,2.291274041311e-6,4.788152696555e-8,insel_finite_canal_modal_continuous_wigley,converged
s_l_0_3,0.7500000,3.151068568756,2,0.3,0.540000000000,0.964000000000,1.360456024263e1,2.842639342215e-3,9.795198874509e-1,6.944504352042e0,4096,2.349815414127e-6,5.148304849101e-8,insel_finite_canal_modal_continuous_wigley,converged
s_l_0_3,0.7550000,3.172075692547,2,0.3,0.540000000000,0.964000000000,1.363110312260e1,2.810586016433e-3,9.780051404770e-1,6.968829998152e0,4096,2.374569638371e-6,5.391566781920e-8,insel_finite_canal_modal_continuous_wigley,converged
s_l_0_3,0.7600000,3.193082816339,2,0.3,0.540000000000,0.964000000000,1.365835456561e1,2.779271533188e-3,9.765785913148e-1,6.992962311011e0,4096,2.360389658627e-6,5.555519699829e-8,insel_finite_canal_modal_continuous_wigley,converged
s_l_0_3,0.7650000,3.214089940131,2,0.3,0.540000000000,0.964000000000,1.368627929277e1,2.748668143400e-3,9.752362030016e-1,7.016904853742e0,4096,2.315956963332e-6,5.709414607757e-8,insel_finite_canal_modal_continuous_wigley,converged
s_l_0_3,0.7700000,3.235097063923,2,0.3,0.540000000000,0.964000000000,1.371484223549e1,2.718749202657e-3,9.739740995760e-1,7.040660650763e0,4096,2.266130751180e-6,5.942793057656e-8,insel_finite_canal_modal_continuous_wigley,converged
s_l_0_3,0.7750000,3.256104187714,2,0.3,0.540000000000,0.964000000000,1.374400876154e1,2.689489167520e-3,9.727885615823e-1,7.064232303052e0,4096,2.244489337040e-6,6.330544366495e-8,insel_finite_canal_modal_continuous_wigley,converged
s_l_0_3,0.7800000,3.277111311506,2,0.3,0.540000000000,0.964000000000,1.377374470706e1,2.660863553257e-3,9.716760211738e-1,7.087622009251e0,4096,2.276898779377e-6,6.887401859945e-8,insel_finite_canal_modal_continuous_wigley,converged
s_l_0_3,0.7850000,3.298118435298,2,0.3,0.540000000000,0.964000000000,1.380401628277e1,2.632848869450e-3,9.706330570834e-1,7.110831524864e0,4096,2.365474389431e-6,7.542282665085e-8,insel_finite_canal_modal_continuous_wigley,converged
s_l_0_3,0.7900000,3.319125559089,2,0.3,0.540000000000,0.964000000000,1.383479000390e1,2.605422563700e-3,9.696563897956e-1,7.133862133787e0,4096,2.484062477194e-6,8.157325936953e-8,insel_finite_canal_modal_continuous_wigley,converged
s_l_0_3,0.7950000,3.340132682881,2,0.3,0.540000000000,0.964000000000,1.386603275068e1,2.578562992636e-3,9.687428770718e-1,7.156714686043e0,4096,2.589604752710e-6,8.589382782809e-8,insel_finite_canal_modal_continuous_wigley,converged
s_l_0_3,0.8000000,3.361139806673,2,0.3,0.540000000000,0.964000000000,1.389771194896e1,2.552249416071e-3,9.678895097102e-1,7.179389697655e0,4096,2.643546802574e-6,8.762607117685e-8,insel_finite_canal_modal_continuous_wigley,converged
s_l_0_3,0.8050000,3.382146930464,2,0.3,0.540000000000,0.964000000000,1.392979576728e1,2.526461993522e-3,9.670934072716e-1,7.201887461200e0,4096,2.631143404779e-6,8.710920496036e-8,insel_finite_canal_modal_continuous_wigley,converged
s_l_0_3,0.8100000,3.403154054256,2,0.3,0.540000000000,0.964000000000,1.396225321993e1,2.501181763114e-3,9.663518135711e-1,7.224208111294e0,4096,2.568092525623e-6,8.565614328937e-8,insel_finite_canal_modal_continuous_wigley,converged
s_l_0_3,0.8150000,3.424161178048,2,0.3,0.540000000000,0.964000000000,1.399505413790e1,2.476390597632e-3,9.656620919513e-1,7.246351624728e0,4096,2.491733798031e-6,8.494828385164e-8,insel_finite_canal_modal_continuous_wigley,converged
s_l_0_3,0.8200000,3.445168301840,2,0.3,0.540000000000,0.964000000000,1.402816905903e1,2.452071148682e-3,9.650217205474e-1,7.268317779971e0,4096,2.442665712143e-6,8.627729830568e-8,insel_finite_canal_modal_continuous_wigley,converged
s_l_0_3,0.8250000,3.466175425631,2,0.3,0.540000000000,0.964000000000,1.406156913330e1,2.428206796602e-3,9.644282877920e-1,7.290106123645e0,4096,2.446934450095e-6,9.001842504741e-8,insel_finite_canal_modal_continuous_wigley,converged
s_l_0_3,0.8300000,3.487182549423,2,0.3,0.540000000000,0.964000000000,1.409522611583e1,2.404781618082e-3,9.638794882884e-1,7.311715980626e0,4096,2.507164490667e-6,9.556145297296e-8,insel_finite_canal_modal_continuous_wigley,converged
s_l_0_3,0.8350000,3.508189673215,2,0.3,0.540000000000,0.964000000000,1.412911245365e1,2.381780371141e-3,9.633731189909e-1,7.333146511527e0,4096,2.605165601238e-6,1.016694108902e-7,insel_finite_canal_modal_continuous_wigley,converged
s_l_0_3,0.8400000,3.529196797006,2,0.3,0.540000000000,0.964000000000,1.416320141079e1,2.359188486812e-3,9.629070755018e-1,7.354396790263e0,4096,2.712557066301e-6,1.070350751364e-7,insel_finite_canal_modal_continuous_wigley,converged
s_l_0_3,0.8450000,3.550203920798,2,0.3,0.540000000000,0.964000000000,1.419746715647e1,2.336992054629e-3,9.624793483038e-1,7.375465864015e0,4096,2.802971027970e-6,1.107567870751e-7,insel_finite_canal_modal_continuous_wigley,converged
s_l_0_3,0.8500000,3.571211044590,2,0.3,0.540000000000,0.964000000000,1.423188476908e1,2.315177794730e-3,9.620880188585e-1,7.396352771320e0,4096,2.860286023744e-6,1.125537633095e-7,insel_finite_canal_modal_continuous_wigley,converged
s_l_0_3,0.8550000,3.592218168381,2,0.3,0.540000000000,0.964000000000,1.426643016061e1,2.293733018456e-3,9.617312556538e-1,7.417056520072e0,4096,2.880706440309e-6,1.127037477788e-7,insel_finite_canal_modal_continuous_wigley,converged
s_l_0_3,0.8600000,3.613225292173,2,0.3,0.540000000000,0.964000000000,1.430107996989e1,2.272645586090e-3,9.614073103627e-1,7.437576049062e0,4096,2.869989429642e-6,1.118149879353e-7,insel_finite_canal_modal_continuous_wigley,converged
s_l_0_3,0.8650000,3.634232415965,2,0.3,0.540000000000,0.964000000000,1.433581148384e1,2.251903871322e-3,9.611145142646e-1,7.457910202723e0,4096,2.838904955588e-6,1.105823060898e-7,insel_finite_canal_modal_continuous_wigley,converged
s_l_0_3,0.8700000,3.655239539757,2,0.3,0.540000000000,0.964000000000,1.437060262374e1,2.231496737726e-3,9.608512749820e-1,7.478057737918e0,4096,2.799644688812e-6,1.096283935853e-7,insel_finite_canal_modal_continuous_wigley,converged
s_l_0_3,0.8750000,3.676246663548,2,0.3,0.540000000000,0.964000000000,1.440543199435e1,2.211413525969e-3,9.606160734726e-1,7.498017362065e0,4096,2.764184038045e-6,1.094458482731e-7,insel_finite_canal_modal_continuous_wigley,converged
s_l_0_3,0.8800000,3.697253787340,2,0.3,0.540000000000,0.964000000000,1.444027896030e1,2.191644045566e-3,9.604074611459e-1,7.517787785129e0,4096,2.743880070355e-6,1.103904950783e-7,insel_finite_canal_modal_continuous_wigley,converged
s_l_0_3,0.8850000,3.718260911132,2,0.3,0.540000000000,0.964000000000,1.447512370330e1,2.172178563866e-3,9.602240569803e-1,7.537367762279e0,4096,2.748865462305e-6,1.126638476956e-7,insel_finite_canal_modal_continuous_wigley,converged
s_l_0_3,0.8900000,3.739268034923,2,0.3,0.540000000000,0.964000000000,1.450994722764e1,2.153007787639e-3,9.600645445808e-1,7.556756110586e0,4096,2.786292044227e-6,1.162578561198e-7,insel_finite_canal_modal_continuous_wigley,converged
s_l_0_3,0.8950000,3.760275158715,2,0.3,0.540000000000,0.964000000000,1.454473130925e1,2.134122837205e-3,9.599276692064e-1,7.575951697110e0,4096,2.857666334113e-6,1.208867275171e-7,insel_finite_canal_modal_continuous_wigley,converged
s_l_0_3,0.9000000,3.781282282507,2,0.3,0.540000000000,0.964000000000,1.457945841090e1,2.115515216951e-3,9.598122348595e-1,7.594953409319e0,4096,2.956571596512e-6,1.259635611373e-7,insel_finite_canal_modal_continuous_wigley,converged
s_l_0_3,0.9050000,3.802289406299,2,0.3,0.540000000000,0.964000000000,1.461411159921e1,2.097176787683e-3,9.597171015377e-1,7.613760125664e0,4096,3.068343350904e-6,1.306726957750e-7,insel_finite_canal_modal_continuous_wigley,converged
s_l_0_3,0.9100000,3.823296530090,2,0.3,0.540000000000,0.964000000000,1.464867449480e1,2.079099745152e-3,9.596411827152e-1,7.632370702011e0,4096,3.172608976898e-6,1.341482409600e-7,insel_finite_canal_modal_continuous_wigley,converged
s_l_0_3,0.9150000,3.844303653882,2,0.3,0.540000000000,0.964000000000,1.468313126853e1,2.061276606134e-3,9.595834430512e-1,7.650783980725e0,4096,3.248372208651e-6,1.357157224380e-7,insel_finite_canal_modal_continuous_wigley,converged
s_l_0_3,0.9200000,3.865310777674,2,0.3,0.540000000000,0.964000000000,1.471746667539e1,2.043700200341e-3,9.595428962701e-1,7.668998818394e0,4096,3.280136363600e-6,1.351160681118e-7,insel_finite_canal_modal_continuous_wigley,converged
s_l_0_3,0.9250000,3.886317901465,2,0.3,0.540000000000,0.964000000000,1.475166610197e1,2.026363664454e-3,9.595186031283e-1,7.687014120351e0,4096,3.262972244588e-6,1.326275930191e-7,insel_finite_canal_modal_continuous_wigley,converged
s_l_0_3,0.9300000,3.907325025257,2,0.3,0.540000000000,0.964000000000,1.478571560030e1,2.009260434400e-3,9.595096693937e-1,7.704828868291e0,4096,3.204697522631e-6,1.290331017589e-7,insel_finite_canal_modal_continuous_wigley,converged
s_l_0_3,0.9350000,3.928332149049,2,0.3,0.540000000000,0.964000000000,1.481960188871e1,1.992384233438e-3,9.595152438028e-1,7.722442131289e0,4096,3.124311477069e-6,1.254331650768e-7,insel_finite_canal_modal_continuous_wigley,converged
s_l_0_3,0.9400000,3.949339272840,2,0.3,0.540000000000,0.964000000000,1.485331231604e1,1.975729055867e-3,9.595345160084e-1,7.739853058039e0,4096,3.047109388547e-6,1.229597254016e-7,insel_finite_canal_modal_continuous_wigley,converged
s_l_0_3,0.9450000,3.970346396632,2,0.3,0.540000000000,0.964000000000,1.488683479987e1,1.959289148107e-3,9.595667145663e-1,7.757060855636e0,4096,2.997988537469e-6,1.224773389374e-7,insel_finite_canal_modal_continuous_wigley,converged
s_l_0_3,0.9500000,3.991353520424,2,0.3,0.540000000000,0.964000000000,1.492015775889e1,1.943058989990e-3,9.596111050208e-1,7.774064764793e0,4096,2.994978029999e-6,1.243607836710e-7,insel_finite_canal_modal_continuous_wigley,converged
s_l_0_4,0.2000000,0.840284951668,2,0.4,0.720000000000,0.964000000000,2.700462800172e-1,7.934836617909e-4,8.938523151018e-1,1.510575491357e-1,8192,1.833367843340e-6,1.951301124015e-7,insel_finite_canal_modal_continuous_wigley,converged
s_l_0_4,0.2050000,0.861292075460,2,0.4,0.720000000000,0.964000000000,3.068941346038e-1,8.583030329851e-4,8.704706561090e-1,1.762805744513e-1,8192,1.666270742445e-6,2.162456996802e-7,insel_finite_canal_modal_continuous_wigley,converged
s_l_0_4,0.2100000,0.882299199252,2,0.4,0.720000000000,0.964000000000,3.000698310710e-1,7.997302532612e-4,9.646704800826e-1,1.555297053587e-1,8192,1.989557428499e-6,7.068626417528e-8,insel_finite_canal_modal_continuous_wigley,converged
s_l_0_4,0.2150000,0.903306323043,2,0.4,0.720000000000,0.964000000000,2.981725758438e-1,7.581420030498e-4,1.174737440284e0,1.269103059199e-1,8192,2.559253556349e-6,4.466556418059e-7,insel_finite_canal_modal_continuous_wigley,converged
s_l_0_4,0.2200000,0.924313446835,2,0.4,0.720000000000,0.964000000000,3.462590849634e-1,8.408443231543e-4,1.286301317824e0,1.345948574278e-1,8192,2.507369738861e-6,7.172066314176e-7,insel_finite_canal_modal_continuous_wigley,converged
s_l_0_4,0.2250000,0.945320570627,2,0.4,0.720000000000,0.964000000000,4.389966103209e-1,1.019191778624e-3,1.166283639610e0,1.882031932077e-1,8192,1.853681388148e-6,3.077981738375e-7,insel_finite_canal_modal_continuous_wigley,converged
s_l_0_4,0.2300000,0.966327694418,2,0.4,0.720000000000,0.964000000000,5.317192779897e-1,1.181371570443e-3,1.014519130721e0,2.620548306526e-1,8192,1.400544654234e-6,2.031742663000e-8,insel_finite_canal_modal_continuous_wigley,converged
s_l_0_4,0.2350000,0.987334818210,2,0.4,0.720000000000,0.964000000000,5.806882675058e-1,1.235853830419e-3,9.073844987858e-1,3.199791644462e-1,4096,4.840694648452e-6,4.477419982551e-7,insel_finite_canal_modal_continuous_wigley,converged
s_l_0_4,0.2400000,1.008341942002,2,0.4,0.720000000000,0.964000000000,5.731862399474e-1,1.169588403855e-3,8.442458916391e-1,3.394664076094e-1,4096,4.734322161842e-6,7.371939486633e-7,insel_finite_canal_modal_continuous_wigley,converged
s_l_0_4,0.2450000,1.029349065794,2,0.4,0.720000000000,0.964000000000,5.312739511138e-1,1.040270145399e-3,8.276178162172e-1,3.209657529741e-1,8192,1.314326541173e-6,2.266880020363e-7,insel_finite_canal_modal_continuous_wigley,converged
s_l_0_4,0.2500000,1.050356189585,2,0.4,0.720000000000,0.964000000000,4.957801761438e-1,9.323284162046e-4,8.761666291243e-1,2.829257356214e-1,8192,1.516663589022e-6,1.880662934273e-7,insel_finite_canal_modal_continuous_wigley,converged
s_l_0_4,0.2550000,1.071363313377,2,0.4,0.720000000000,0.964000000000,5.052017695377e-1,9.131545412681e-4,1.009323104272e0,2.502676137103e-1,8192,1.822934641536e-6,1.661026050037e-8,insel_finite_canal_modal_continuous_wigley,converged
s_l_0_4,0.2600000,1.092370437169,2,0.4,0.720000000000,0.964000000000,5.807202523870e-1,1.009671406266e-3,1.191567830890e0,2.436790576804e-1,8192,1.930338892767e-6,3.697598816021e-7,insel_finite_canal_modal_continuous_wigley,converged
s_l_0_4,0.2650000,1.113377560960,2,0.4,0.720000000000,0.964000000000,7.213595043671e-1,1.207312762211e-3,1.318397562986e0,2.735743468507e-1,8192,1.766744530620e-6,5.621731700156e-7,insel_finite_canal_modal_continuous_wigley,converged
s_l_0_4,0.2700000,1.134384684752,2,0.4,0.720000000000,0.964000000000,9.076829667633e-1,1.463411415520e-3,1.338282543423e0,3.391223218237e-1,8192,1.503927112684e-6,5.083517260474e-7,insel_finite_canal_modal_continuous_wigley,converged
s_l_0_4,0.2750000,1.155391808544,2,0.4,0.720000000000,0.964000000000,1.110022000628e0,1.725146494447e-3,1.288302539583e0,4.308079688284e-1,4096,4.956292470748e-6,1.432001226709e-6,insel_finite_canal_modal_continuous_wigley,converged
s_l_0_4,0.2800000,1.176398932335,2,0.4,0.720000000000,0.964000000000,1.297352952209e0,1.944920539834e-3,1.213565943649e0,5.345209953356e-1,4096,4.080082839701e-6,8.752099245335e-7,insel_finite_canal_modal_continuous_wigley,converged
s_l_0_4,0.2850000,1.197406056127,2,0.4,0.720000000000,0.964000000000,1.444256103721e0,2.089845944238e-3,1.136224764914e0,6.355503542601e-1,4096,3.494097317482e-6,4.783101201777e-7,insel_finite_canal_modal_continuous_wigley,converged
s_l_0_4,0.2900000,1.218413179919,2,0.4,0.720000000000,0.964000000000,1.534932624341e0,2.145127459282e-3,1.063601944200e0,7.215728744722e-1,4096,3.226734384428e-6,2.054092684833e-7,insel_finite_canal_modal_continuous_wigley,converged
s_l_0_4,0.2950000,1.239420303711,2,0.4,0.720000000000,0.964000000000,1.564347754960e0,2.112754582598e-3,9.972498890863e-1,7.843308743777e-1,4096,3.156051015114e-6,7.759621389880e-9,insel_finite_canal_modal_continuous_wigley,converged
s_l_0_4,0.3000000,1.260427427502,2,0.4,0.720000000000,0.964000000000,1.537204242157e0,2.007468992862e-3,9.371823785416e-1,8.201201160811e-1,4096,3.069045198996e-6,1.898950705570e-7,insel_finite_canal_modal_continuous_wigley,converged
s_l_0_4,0.3050000,1.281434551294,2,0.4,0.720000000000,0.964000000000,1.465627457486e0,1.851755720599e-3,8.835398688195e-1,8.294065209779e-1,4096,3.069482833599e-6,3.563137305207e-7,insel_finite_canal_modal_continuous_wigley,converged
s_l_0_4,0.3100000,1.302441675086,2,0.4,0.720000000000,0.964000000000,1.366358588657e0,1.671094787054e-3,8.372988867016e-1,8.159324049981e-1,4096,3.334567350932e-6,5.421257520677e-7,insel_finite_canal_modal_continuous_wigley,converged
s_l_0_4,0.3150000,1.323448798877,2,0.4,0.720000000000,0.964000000000,1.258042175260e0,1.490163337933e-3,8.006650768443e-1,7.856232347601e-1,4096,3.520866541948e-6,6.985491172173e-7,insel_finite_canal_modal_continuous_wigley,converged
s_l_0_4,0.3200000,1.344455922669,2,0.4,0.720000000000,0.964000000000,1.158962270135e0,1.330237302758e-3,7.772856161650e-1,7.455189225376e-1,4096,3.750698416201e-6,8.345554604050e-7,insel_finite_canal_modal_continuous_wigley,converged
s_l_0_4,0.3250000,1.365463046461,2,0.4,0.720000000000,0.964000000000,1.085383717271e0,1.207748095191e-3,7.721145756559e-1,7.028644138396e-1,4096,4.262545471216e-6,9.693233294916e-7,insel_finite_canal_modal_continuous_wigley,converged
s_l_0_4,0.3300000,1.386470170253,2,0.4,0.720000000000,0.964000000000,1.050512718034e0,1.133791549892e-3,7.905479978149e-1,6.644205797358e-1,4096,4.474436405642e-6,9.335510503528e-7,insel_finite_canal_modal_continuous_wigley,converged
s_l_0_4,0.3350000,1.407477294044,2,0.4,0.720000000000,0.964000000000,1.064004009541e0,1.114328996214e-3,8.364757851261e-1,6.360040711641e-1,4096,4.996528342255e-6,8.164747739015e-7,insel_finite_canal_modal_continuous_wigley,converged
s_l_0_4,0.3400000,1.428484417836,2,0.4,0.720000000000,0.964000000000,1.131901920309e0,1.150828858155e-3,9.095474011191e-1,6.222336070206e-1,8192,1.281933225103e-6,1.160330647121e-7,insel_finite_canal_modal_continuous_wigley,converged
s_l_0_4,0.3450000,1.449491541628,2,0.4,0.720000000000,0.964000000000,1.256881657142e0,1.241126301559e-3,1.003195792908e0,6.264388597057e-1,8192,1.339027112654e-6,4.215996662893e-9,insel_finite_canal_modal_continuous_wigley,converged
s_l_0_4,0.3500000,1.470498665419,2,0.4,0.720000000000,0.964000000000,1.438699719935e0,1.380364721846e-3,1.105501337990e0,6.507001260403e-1,8192,1.324980281186e-6,1.394653534881e-7,insel_finite_canal_modal_continuous_wigley,converged
s_l_0_4,0.3550000,1.491505789211,2,0.4,0.720000000000,0.964000000000,1.674727424962e0,1.561878358231e-3,1.203173863285e0,6.959623526023e-1,8192,1.241686043381e-6,2.519886306285e-7,insel_finite_canal_modal_continuous_wigley,converged
s_l_0_4,0.3600000,1.512512913003,2,0.4,0.720000000000,0.964000000000,1.960516864048e0,1.777973820293e-3,1.286091429503e0,7.621996457929e-1,4096,4.752193342251e-6,1.363994436288e-6,insel_finite_canal_modal_continuous_wigley,converged
s_l_0_4,0.3650000,1.533520036794,2,0.4,0.720000000000,0.964000000000,2.290350367206e0,2.020579655652e-3,1.349481335672e0,8.486039438501e-1,4096,4.359708162463e-6,1.523806541615e-6,insel_finite_canal_modal_continuous_wigley,converged
s_l_0_4,0.3700000,1.554527160586,2,0.4,0.720000000000,0.964000000000,2.657716960098e0,2.281734246626e-3,1.393275427104e0,9.537658198792e-1,4096,3.988764800118e-6,1.572644861003e-6,insel_finite_canal_modal_continuous_wigley,converged
s_l_0_4,0.3750000,1.575534284378,2,0.4,0.720000000000,0.964000000000,3.055733606559e0,2.553952032088e-3,1.420146355111e0,1.075851652740e0,4096,3.689716834730e-6,1.550407826789e-6,insel_finite_canal_modal_continuous_wigley,converged
s_l_0_4,0.3800000,1.596541408170,2,0.4,0.720000000000,0.964000000000,3.477480618926e0,2.830461852478e-3,1.433708712599e0,1.212757022528e0,4096,3.240537981590e-6,1.408229620692e-6,insel_finite_canal_modal_continuous_wigley,converged
s_l_0_4,0.3850000,1.617548531961,2,0.4,0.720000000000,0.964000000000,3.916261677039e0,3.105346202027e-3,1.437437732010e0,1.362236982455e0,4096,3.122490022506e-6,1.367009333508e-6,insel_finite_canal_modal_continuous_wigley,converged
s_l_0_4,0.3900000,1.638555655753,2,0.4,0.720000000000,0.964000000000,4.365793709825e0,3.373601474565e-3,1.434218091743e0,1.522011796866e0,4096,2.703082340624e-6,1.174798467396e-6,insel_finite_canal_modal_continuous_wigley,converged
s_l_0_4,0.3950000,1.659562779545,2,0.4,0.720000000000,0.964000000000,4.820336892609e0,3.631139901973e-3,1.426261896002e0,1.689849846694e0,4096,2.625281612372e-6,1.121284048500e-6,insel_finite_canal_modal_continuous_wigley,converged
s_l_0_4,0.4000000,1.680569903336,2,0.4,0.720000000000,0.964000000000,5.274771728621e0,3.874748048808e-3,1.415188691655e0,1.863628419209e0,4096,2.384638595685e-6,9.900845856503e-7,insel_finite_canal_modal_continuous_wigley,converged
s_l_0_4,0.4050000,1.701577027128,2,0.4,0.720000000000,0.964000000000,5.724636658261e0,4.102018946243e-3,1.402150806092e0,2.041376945115e0,4096,2.203009690288e-6,8.880382416088e-7,insel_finite_canal_modal_continuous_wigley,converged
s_l_0_4,0.4100000,1.722584150920,2,0.4,0.720000000000,0.964000000000,6.166132452488e0,4.311266972070e-3,1.387953194396e0,2.221304175595e0,4096,2.170004924622e-6,8.426008870632e-7,insel_finite_canal_modal_continuous_wigley,converged
s_l_0_4,0.4150000,1.743591274711,2,0.4,0.720000000000,0.964000000000,6.596103190046e0,4.501435471002e-3,1.373150836430e0,2.401813047427e0,4096,1.947297232287e-6,7.271994009184e-7,insel_finite_canal_modal_continuous_wigley,converged
s_l_0_4,0.4200000,1.764598398503,2,0.4,0.720000000000,0.964000000000,7.012000703699e0,4.672003412190e-3,1.358122170611e0,2.581505867231e0,4096,1.915254738024e-6,6.876886813334e-7,insel_finite_canal_modal_continuous_wigley,converged
s_l_0_4,0.4250000,1.785605522295,2,0.4,0.720000000000,0.964000000000,7.411836905256e0,4.822894648077e-3,1.343122371178e0,2.759181540085e0,4096,1.857700044009e-6,6.377736629926e-7,insel_finite_canal_modal_continuous_wigley,converged
s_l_0_4,0.4300000,1.806612646087,2,0.4,0.720000000000,0.964000000000,7.794131012875e0,4.954394348148e-3,1.328321025819e0,2.933828066175e0,4096,1.711545271157e-6,5.626163372963e-7,insel_finite_canal_modal_continuous_wigley,converged
s_l_0_4,0.4350000,1.827619769878,2,0.4,0.720000000000,0.964000000000,8.157852143770e0,5.067072250847e-3,1.313828621746e0,3.104610452514e0,4096,1.711003124873e-6,5.386146300079e-7,insel_finite_canal_modal_continuous_wigley,converged
s_l_0_4,0.4400000,1.848626893670,2,0.4,0.720000000000,0.964000000000,8.502363352379e0,5.161715799457e-3,1.299714897417e0,3.270857081531e0,4096,1.684797196053e-6,5.051492604213e-7,insel_finite_canal_modal_continuous_wigley,converged
s_l_0_4,0.4450000,1.869634017462,2,0.4,0.720000000000,0.964000000000,8.827365820474e0,5.239271255134e-3,1.286021653054e0,3.432044009334e0,4096,1.563361700331e-6,4.478168713629e-7,insel_finite_canal_modal_continuous_wigley,converged
s_l_0_4,0.4500000,1.890641141253,2,0.4,0.720000000000,0.964000000000,9.132847151796e0,5.300794193908e-3,1.272771591733e0,3.587779304281e0,4096,1.574063888875e-6,4.308337293590e-7,insel_finite_canal_modal_continuous_wigley,converged
s_l_0_4,0.4550000,1.911648265045,2,0.4,0.720000000000,0.964000000000,9.419033178891e0,5.347407914284e-3,1.259974462943e0,3.737787334551e0,4096,1.592738301933e-6,4.145357530572e-7,insel_finite_canal_modal_continuous_wigley,converged
s_l_0_4,0.4600000,1.932655388837,2,0.4,0.720000000000,0.964000000000,9.686343527548e0,5.380268940150e-3,1.247631345404e0,3.881893302550e0,4096,1.478174966165e-6,3.663023531164e-7,insel_finite_canal_modal_continuous_wigley,converged
s_l_0_4,0.4650000,1.953662512629,2,0.4,0.720000000000,0.964000000000,9.935353483226e0,5.400540141654e-3,1.235737557371e0,4.020009517377e0,4096,1.484276321324e-6,3.512670572192e-7,insel_finite_canal_modal_continuous_wigley,converged
s_l_0_4,0.4700000,1.974669636420,2,0.4,0.720000000000,0.964000000000,1.016675765379e1,5.409368112147e-3,1.224284751398e0,4.152121327240e0,4096,1.523015764778e-6,3.425331296381e-7,insel_finite_canal_modal_continuous_wigley,converged
s_l_0_4,0.4750000,1.995676760212,2,0.4,0.720000000000,0.964000000000,1.038134142358e1,5.407867425322e-3,1.213262266176e0,4.278275898377e0,4096,1.473759993498e-6,3.142962683444e-7,insel_finite_canal_modal_continuous_wigley,converged
s_l_0_4,0.4800000,2.016683884004,2,0.4,0.720000000000,0.964000000000,1.057995339918e1,5.397107408815e-3,1.202658130133e0,4.398570605435e0,4096,1.418122473146e-6,2.882567311513e-7,insel_finite_canal_modal_continuous_wigley,converged
s_l_0_4,0.4850000,2.037691007795,2,0.4,0.720000000000,0.964000000000,1.076348370663e1,5.378103571502e-3,1.192459697576e0,4.513143600788e0,4096,1.455319087308e-6,2.814672082074e-7,insel_finite_canal_modal_continuous_wigley,converged
s_l_0_4,0.4900000,2.058698131587,2,0.4,0.720000000000,0.964000000000,1.093284577714e1,5.351811924133e-3,1.182654072777e0,4.622165529546e0,4096,1.500487828325e-6,2.745387304159e-7,insel_finite_canal_modal_continuous_wigley,converged
s_l_0_4,0.4950000,2.079705255379,2,0.4,0.720000000000,0.964000000000,1.108895930448e1,5.319124711701e-3,1.173228426044e0,4.725831329317e0,4096,1.426209119508e-6,2.472108309171e-7,insel_finite_canal_modal_continuous_wigley,converged
s_l_0_4,0.5000000,2.100712379170,2,0.4,0.720000000000,0.964000000000,1.123273907367e1,5.280869594088e-3,1.164170139562e0,4.824354573249e0,4096,1.394219460186e-6,2.298645582766e-7,insel_finite_canal_modal_continuous_wigley,converged
s_l_0_4,0.5050000,2.121719502962,2,0.4,0.720000000000,0.964000000000,1.136508382386e1,5.237809126934e-3,1.155466931291e0,4.917961525375e0,4096,1.473722474597e-6,2.304552226828e-7,insel_finite_canal_modal_continuous_wigley,converged
s_l_0_4,0.5100000,2.142726626754,2,0.4,0.720000000000,0.964000000000,1.148686759250e1,5.190641610696e-3,1.147106919827e0,5.006886190798e0,4096,1.490285386758e-6,2.197351094413e-7,insel_finite_canal_modal_continuous_wigley,converged
s_l_0_4,0.5150000,2.163733750546,2,0.4,0.720000000000,0.964000000000,1.159893487248e1,5.140003715080e-3,1.139078624831e0,5.091367101282e0,4096,1.432772244867e-6,1.993087226371e-7,insel_finite_canal_modal_continuous_wigley,converged
s_l_0_4,0.5200000,2.184740874337,2,0.4,0.720000000000,0.964000000000,1.170209466074e1,5.086472498506e-3,1.131370988915e0,5.171643419970e0,4096,1.416785555721e-6,1.870226526979e-7,insel_finite_canal_modal_continuous_wigley,converged
s_l_0_4,0.5250000,2.205747998129,2,0.4,0.720000000000,0.964000000000,1.179711707704e1,5.030568461534e-3,1.123973365125e0,5.247952239386e0,4096,1.464680803685e-6,1.830409375181e-7,insel_finite_canal_modal_continuous_wigley,converged
s_l_0_4,0.5300000,2.226755121921,2,0.4,0.720000000000,0.964000000000,1.188473237216e1,4.972759415206e-3,1.116875481383e0,5.320527028418e0,4096,1.518921788228e-6,1.782438476816e-7,insel_finite_canal_modal_continuous_wigley,converged
s_l_0_4,0.5350000,2.247762245712,2,0.4,0.720000000000,0.964000000000,1.196562846451e1,4.913463461502e-3,1.110067431569e0,5.389595318369e0,4096,1.501988181884e-6,1.653741994456e-7,insel_finite_canal_modal_continuous_wigley,converged
s_l_0_4,0.5400000,2.268769369504,2,0.4,0.720000000000,0.964000000000,1.204045031730e1,4.853052521510e-3,1.103539650266e0,5.455377300846e0,4096,1.439675798788e-6,1.495823844788e-7,insel_finite_canal_modal_continuous_wigley,converged
s_l_0_4,0.5450000,2.289776493296,2,0.4,0.720000000000,0.964000000000,1.210980128352e1,4.791856381199e-3,1.097282874710e0,5.518085428390e0,4096,1.458378560452e-6,1.431703287036e-7,insel_finite_canal_modal_continuous_wigley,converged
s_l_0_4,0.5500000,2.310783617088,2,0.4,0.720000000000,0.964000000000,1.217424290293e1,4.730165810822e-3,1.091288129647e0,5.577923268926e0,4096,1.553358511097e-6,1.430776654932e-7,insel_finite_canal_modal_continuous_wigley,converged
s_l_0_4,0.5550000,2.331790740879,2,0.4,0.720000000000,0.964000000000,1.223429534416e1,4.668235697400e-3,1.085546709973e0,5.635084714347e0,4096,1.581990691131e-6,1.358601140478e-7,insel_finite_canal_modal_continuous_wigley,converged
s_l_0_4,0.5600000,2.352797864671,2,0.4,0.720000000000,0.964000000000,1.229043988057e1,4.606288698580e-3,1.080050151187e0,5.689754252182e0,4096,1.521713387438e-6,1.218813794335e-7,insel_finite_canal_modal_continuous_wigley,converged
s_l_0_4,0.5650000,2.373804988463,2,0.4,0.720000000000,0.964000000000,1.234312033657e1,4.544518215468e-3,1.074790213898e0,5.742106774403e0,4096,1.491370184825e-6,1.121135355664e-7,insel_finite_canal_modal_continuous_wigley,converged
s_l_0_4,0.5700000,2.394812112254,2,0.4,0.720000000000,0.964000000000,1.239274377988e1,4.483090855501e-3,1.069758876545e0,5.792307057040e0,4096,1.542079870351e-6,1.089879455574e-7,insel_finite_canal_modal_continuous_wigley,converged
s_l_0_4,0.5750000,2.415819236046,2,0.4,0.720000000000,0.964000000000,1.243968289933e1,4.422149304995e-3,1.064948318891e0,5.840510134935e0,4096,1.612705043833e-6,1.061747643138e-7,insel_finite_canal_modal_continuous_wigley,converged
s_l_0_4,0.5800000,2.436826359838,2,0.4,0.720000000000,0.964000000000,1.248427863626e1,4.361815054175e-3,1.060350907720e0,5.886861861185e0,4096,1.643073843008e-6,9.974525738699e-8,insel_finite_canal_modal_continuous_wigley,converged
s_l_0_4,0.5850000,2.457833483629,2,0.4,0.720000000000,0.964000000000,1.252684134333e1,4.302190390557e-3,1.055959193517e0,5.931498783398e0,4096,1.622431086589e-6,9.080009277795e-8,insel_finite_canal_modal_continuous_wigley,converged
s_l_0_4,0.5900000,2.478840607421,2,0.4,0.720000000000,0.964000000000,1.256765220481e1,4.243360324456e-3,1.051765906349e0,5.974548199817e0,4096,1.580858820598e-6,8.226761760710e-8,insel_finite_canal_modal_continuous_wigley,converged
s_l_0_4,0.5950000,2.499847731213,2,0.4,0.720000000000,0.964000000000,1.260696592515e1,4.185394782869e-3,1.047763946834e0,6.016128901575e0,4096,1.579751155434e-6,7.673879909298e-8,insel_finite_canal_modal_continuous_wigley,converged
s_l_0_4,0.6000000,2.520854855005,2,0.4,0.720000000000,0.964000000000,1.264501290240e1,4.128350452684e-3,1.043946381417e0,6.056351709004e0,4096,1.652622689565e-6,7.420667813562e-8,insel_finite_canal_modal_continuous_wigley,converged
s_l_0_4,0.6050000,2.541861978796,2,0.4,0.720000000000,0.964000000000,1.268200023577e1,4.072272098393e-3,1.040306443136e0,6.095319470263e0,4096,1.742304012484e-6,7.130785406595e-8,insel_finite_canal_modal_continuous_wigley,converged
s_l_0_4,0.6100000,2.562869102588,2,0.4,0.720000000000,0.964000000000,1.271811316897e1,4.017193915067e-3,1.036837530535e0,6.133127319579e0,4096,1.757316426734e-6,6.510036199003e-8,insel_finite_canal_modal_continuous_wigley,converged
s_l_0_4,0.6150000,2.583876226380,2,0.4,0.720000000000,0.964000000000,1.275351744093e1,3.963141055468e-3,1.033533203891e0,6.169863432016e0,4096,1.694381707703e-6,5.694046922855e-8,insel_finite_canal_modal_continuous_wigley,converged
s_l_0_4,0.6200000,2.604883350171,2,0.4,0.720000000000,0.964000000000,1.278836112959e1,3.910130875603e-3,1.030387183875e0,6.205609565857e0,4096,1.647441053233e-6,5.063050245724e-8,insel_finite_canal_modal_continuous_wigley,converged
s_l_0_4,0.6250000,2.625890473963,2,0.4,0.720000000000,0.964000000000,1.282277549743e1,3.858173778177e-3,1.027393353067e0,6.240441141238e0,4096,1.687663176156e-6,4.755101912224e-8,insel_finite_canal_modal_continuous_wigley,converged
s_l_0_4,0.6300000,2.646897597755,2,0.4,0.720000000000,0.964000000000,1.285687601995e1,3.807274044949e-3,1.024545756457e0,6.274427442074e0,4096,1.783491391663e-6,4.548238452529e-8,insel_finite_canal_modal_continuous_wigley,converged
s_l_0_4,0.6350000,2.667904721546,2,0.4,0.720000000000,0.964000000000,1.289076419202e1,3.757430830422e-3,1.021838599987e0,6.307632238684e0,4096,1.853302543624e-6,4.181842450102e-8,insel_finite_canal_modal_continuous_wigley,converged
s_l_0_4,0.6400000,2.688911845338,2,0.4,0.720000000000,0.964000000000,1.292452919503e1,3.708639033999e-3,1.019266249601e0,6.340114371532e0,4096,1.858220545018e-6,3.633647960299e-8,insel_finite_canal_modal_continuous_wigley,converged
s_l_0_4,0.6450000,2.709918969130,2,0.4,0.720000000000,0.964000000000,1.295824869689e1,3.660889855584e-3,1.016823231786e0,6.371927927994e0,4096,1.822425521546e-6,3.067699871906e-8,insel_finite_canal_modal_continuous_wigley,converged
s_l_0_4,0.6500000,2.730926092922,2,0.4,0.720000000000,0.964000000000,1.299198938655e1,3.614171233792e-3,1.014504233978e0,6.403122309115e0,4096,1.790320427334e-6,2.625081685359e-8,insel_finite_canal_modal_continuous_wigley,converged
s_l_0_4,0.6550000,2.751933216713,2,0.4,0.720000000000,0.964000000000,1.302580806887e1,3.568468404164e-3,1.012304103708e0,6.433742598279e0,4096,1.792039895473e-6,2.315864233715e-8,insel_finite_canal_modal_continuous_wigley,converged
s_l_0_4,0.6600000,2.772940340505,2,0.4,0.720000000000,0.964000000000,1.305975309516e1,3.523764502981e-3,1.010217847189e0,6.463830119166e0,4096,1.838384147684e-6,2.057039361070e-8,insel_finite_canal_modal_continuous_wigley,converged
s_l_0_4,0.6650000,2.793947464297,2,0.4,0.720000000000,0.964000000000,1.309386532825e1,3.480040997721e-3,1.008240628300e0,6.493422780596e0,4096,1.918584642137e-6,1.758699741394e-8,insel_finite_canal_modal_continuous_wigley,converged
s_l_0_4,0.6700000,2.814954588088,2,0.4,0.720000000000,0.964000000000,1.312817849721e1,3.437277922765e-3,1.006367767764e0,6.522555132296e0,4096,1.995495474695e-6,1.384870040866e-8,insel_finite_canal_modal_continuous_wigley,converged
s_l_0_4,0.6750000,2.835961711880,2,0.4,0.720000000000,0.964000000000,1.316271957333e1,3.395454102497e-3,1.004594741835e0,6.551258445415e0,4096,2.022484585480e-6,9.699387959472e-9,insel_finite_canal_modal_continuous_wigley,converged
s_l_0_4,0.6800000,2.856968835672,2,0.4,0.720000000000,0.964000000000,1.319750961744e1,3.354547476910e-3,1.002917180381e0,6.579561042331e0,4096,1.983681374484e-6,5.882499598542e-9,insel_finite_canal_modal_continuous_wigley,converged
s_l_0_4,0.6850000,2.877975959464,2,0.4,0.720000000000,0.964000000000,1.323256479801e1,3.314535443503e-3,1.001330864744e0,6.607488725211e0,4096,1.917921528007e-6,2.931749953916e-9,insel_finite_canal_modal_continuous_wigley,converged
s_l_0_4,0.6900000,2.898983083255,2,0.4,0.720000000000,0.964000000000,1.326789702235e1,3.275395075435e-3,9.998317255700e-1,6.635065022962e0,4096,1.892715335685e-6,7.208430519157e-10,insel_finite_canal_modal_continuous_wigley,converged
s_l_0_4,0.6950000,2.919990207047,2,0.4,0.720000000000,0.964000000000,1.330351410828e1,3.237103209947e-3,9.984158404658e-1,6.662311217976e0,4096,1.946998645581e-6,1.414597883276e-9,insel_finite_canal_modal_continuous_wigley,converged
s_l_0_4,0.7000000,2.940997330839,2,0.4,0.720000000000,0.964000000000,1.333941993758e1,3.199636525361e-3,9.970794313718e-1,6.689246371892e0,4096,2.056995105262e-6,4.090224714481e-9,insel_finite_canal_modal_continuous_wigley,converged
s_l_0_4,0.7050000,2.962004454630,2,0.4,0.720000000000,0.964000000000,1.337561495381e1,3.162971693320e-3,9.958188617313e-1,6.715887531271e0,4096,2.156923079956e-6,7.368982091194e-9,insel_finite_canal_modal_continuous_wigley,converged
s_l_0_4,0.7100000,2.983011578422,2,0.4,0.720000000000,0.964000000000,1.341209687859e1,3.127085569407e-3,9.946306335804e-1,6.742250050307e0,4096,2.192864236796e-6,1.076416844548e-8,insel_finite_canal_modal_continuous_wigley,converged
s_l_0_4,0.7150000,3.004018702214,2,0.4,0.720000000000,0.964000000000,1.344886124421e1,3.091955325580e-3,9.935113845112e-1,6.768347828659e0,4096,2.160873549854e-6,1.366756086085e-8,insel_finite_canal_modal_continuous_wigley,converged
s_l_0_4,0.7200000,3.025025826005,2,0.4,0.720000000000,0.964000000000,1.348590154992e1,3.057558486044e-3,9.924578844016e-1,6.794193366730e0,4096,2.101552357408e-6,1.578697150784e-8,insel_finite_canal_modal_continuous_wigley,converged
s_l_0_4,0.7250000,3.046032949797,2,0.4,0.720000000000,0.964000000000,1.352320924272e1,3.023872920455e-3,9.914670319470e-1,6.819797737581e0,4096,2.064469650165e-6,1.728211684870e-8,insel_finite_canal_modal_continuous_wigley,converged
s_l_0_4,0.7300000,3.067040073589,2,0.4,0.720000000000,0.964000000000,1.356077385547e1,2.990876871896e-3,9.905358511730e-1,6.845170641431e0,4096,2.076158385049e-6,1.860525911113e-8,insel_finite_canal_modal_continuous_wigley,converged
s_l_0_4,0.7350000,3.088047197381,2,0.4,0.720000000000,0.964000000000,1.359858340950e1,2.958549039627e-3,9.896614880479e-1,6.870320596348e0,4096,2.132711588145e-6,2.023790179884e-8,insel_finite_canal_modal_continuous_wigley,converged
s_l_0_4,0.7400000,3.109054321172,2,0.4,0.720000000000,0.964000000000,1.363662488748e1,2.926868669736e-3,9.888412071214e-1,6.895255168003e0,4096,2.212448506586e-6,2.247401764688e-8,insel_finite_canal_modal_continuous_wigley,converged
s_l_0_4,0.7450000,3.130061444964,2,0.4,0.720000000000,0.964000000000,1.367488451325e1,2.895815597000e-3,9.880723880198e-1,6.919981106172e0,4096,2.291274041311e-6,2.529291176501e-8,insel_finite_canal_modal_continuous_wigley,converged
s_l_0_4,0.7500000,3.151068568756,2,0.4,0.720000000000,0.964000000000,1.371334776837e1,2.865370227676e-3,9.873525217347e-1,6.944504352042e0,4096,2.349815414127e-6,2.833560874826e-8,insel_finite_canal_modal_continuous_wigley,converged
s_l_0_4,0.7550000,3.172075692547,2,0.4,0.720000000000,0.964000000000,1.375199931030e1,2.835513502603e-3,9.866792068355e-1,6.968829998152e0,4096,2.374569638371e-6,3.102309287240e-8,insel_finite_canal_modal_continuous_wigley,converged
s_l_0_4,0.7600000,3.193082816339,2,0.4,0.720000000000,0.964000000000,1.379082301286e1,2.806226887342e-3,9.860501458117e-1,6.992962311011e0,4096,2.360389658627e-6,3.282388028047e-8,insel_finite_canal_modal_continuous_wigley,converged
s_l_0_4,0.7650000,3.214089940131,2,0.4,0.720000000000,0.964000000000,1.382980220336e1,2.777492401896e-3,9.854631416292e-1,7.016904853742e0,4096,2.315956963332e-6,3.356737388049e-8,insel_finite_canal_modal_continuous_wigley,converged
s_l_0_4,0.7700000,3.235097063923,2,0.4,0.720000000000,0.964000000000,1.386891998036e1,2.749292663443e-3,9.849160944051e-1,7.040660650763e0,4096,2.266130751180e-6,3.361058598106e-8,insel_finite_canal_modal_continuous_wigley,converged
s_l_0_4,0.7750000,3.256104187714,2,0.4,0.720000000000,0.964000000000,1.390815942966e1,2.721610905173e-3,9.844069980292e-1,7.064232303052e0,4096,2.244489337040e-6,3.371199641666e-8,insel_finite_canal_modal_continuous_wigley,converged
s_l_0_4,0.7800000,3.277111311506,2,0.4,0.720000000000,0.964000000000,1.394750365003e1,2.694430956182e-3,9.839339366449e-1,7.087622009251e0,4096,2.276898779377e-6,3.464485998084e-8,insel_finite_canal_modal_continuous_wigley,converged
s_l_0_4,0.7850000,3.298118435298,2,0.4,0.720000000000,0.964000000000,1.398693565406e1,2.667737198327e-3,9.834950810710e-1,7.110831524864e0,4096,2.365474389431e-6,3.676612214676e-8,insel_finite_canal_modal_continuous_wigley,converged
s_l_0_4,0.7900000,3.319125559089,2,0.4,0.720000000000,0.964000000000,1.402643829291e1,2.641514530137e-3,9.830886853331e-1,7.133862133787e0,4096,2.484062477194e-6,3.980228435729e-8,insel_finite_canal_modal_continuous_wigley,converged
s_l_0_4,0.7950000,3.340132682881,2,0.4,0.720000000000,0.964000000000,1.406599431270e1,2.615748357265e-3,9.827130834303e-1,7.156714686043e0,4096,2.589604752710e-6,4.298348721399e-8,insel_finite_canal_modal_continuous_wigley,converged
s_l_0_4,0.8000000,3.361139806673,2,0.4,0.720000000000,0.964000000000,1.410558653420e1,2.590424605680e-3,9.823666863217e-1,7.179389697655e0,4096,2.643546802574e-6,4.544321730027e-8,insel_finite_canal_modal_continuous_wigley,converged
s_l_0_4,0.8050000,3.382146930464,2,0.4,0.720000000000,0.964000000000,1.414519805266e1,2.565529736972e-3,9.820479790101e-1,7.201887461200e0,4096,2.631143404779e-6,4.664980668423e-8,insel_finite_canal_modal_continuous_wigley,converged
s_l_0_4,0.8100000,3.403154054256,2,0.4,0.720000000000,0.964000000000,1.418481234700e1,2.541050745654e-3,9.817555175925e-1,7.224208111294e0,4096,2.568092525623e-6,4.663691244300e-8,insel_finite_canal_modal_continuous_wigley,converged
s_l_0_4,0.8150000,3.424161178048,2,0.4,0.720000000000,0.964000000000,1.422441325790e1,2.516975132901e-3,9.814879262386e-1,7.246351624728e0,4096,2.491733798031e-6,4.593656266483e-8,insel_finite_canal_modal_continuous_wigley,converged
s_l_0_4,0.8200000,3.445168301840,2,0.4,0.720000000000,0.964000000000,1.426398488498e1,2.493290867435e-3,9.812438941710e-1,7.268317779971e0,4096,2.442665712143e-6,4.528947261662e-8,insel_finite_canal_modal_continuous_wigley,converged
s_l_0_4,0.8250000,3.466175425631,2,0.4,0.720000000000,0.964000000000,1.430351149828e1,2.469986351180e-3,9.810221727700e-1,7.290106123645e0,4096,2.446934450095e-6,4.530925767909e-8,insel_finite_canal_modal_continuous_wigley,converged
s_l_0_4,0.8300000,3.487182549423,2,0.4,0.720000000000,0.964000000000,1.434297753732e1,2.447050401808e-3,9.808215728925e-1,7.311715980626e0,4096,2.507164490667e-6,4.626557303933e-8,insel_finite_canal_modal_continuous_wigley,converged
s_l_0_4,0.8350000,3.508189673215,2,0.4,0.720000000000,0.964000000000,1.438236770498e1,2.424472252069e-3,9.806409624006e-1,7.333146511527e0,4096,2.605165601238e-6,4.805568465382e-8,insel_finite_canal_modal_continuous_wigley,converged
s_l_0_4,0.8400000,3.529196797006,2,0.4,0.720000000000,0.964000000000,1.442166710156e1,2.402241555410e-3,9.804792638228e-1,7.354396790263e0,4096,2.712557066301e-6,5.032620520318e-8,insel_finite_canal_modal_continuous_wigley,converged
s_l_0_4,0.8450000,3.550203920798,2,0.4,0.720000000000,0.964000000000,1.446086132368e1,2.380348384968e-3,9.803354520448e-1,7.375465864015e0,4096,2.802971027970e-6,5.264726543608e-8,insel_finite_canal_modal_continuous_wigley,converged
s_l_0_4,0.8500000,3.571211044590,2,0.4,0.720000000000,0.964000000000,1.449993647972e1,2.358783218634e-3,9.802085519733e-1,7.396352771320e0,4096,2.860286023744e-6,5.464955654677e-8,insel_finite_canal_modal_continuous_wigley,converged
s_l_0_4,0.8550000,3.592218168381,2,0.4,0.720000000000,0.964000000000,1.453887912560e1,2.337536911918e-3,9.800976361886e-1,7.417056520072e0,4096,2.880706440309e-6,5.608697506432e-8,insel_finite_canal_modal_continuous_wigley,converged
s_l_0_4,0.8600000,3.613225292173,2,0.4,0.720000000000,0.964000000000,1.457767616841e1,2.316600667176e-3,9.800018226537e-1,7.437576049062e0,4096,2.869989429642e-6,5.684089776636e-8,insel_finite_canal_modal_continuous_wigley,converged
s_l_0_4,0.8650000,3.634232415965,2,0.4,0.720000000000,0.964000000000,1.461631479714e1,2.295966008848e-3,9.799202725586e-1,7.457910202723e0,4096,2.838904955588e-6,5.690645843437e-8,insel_finite_canal_modal_continuous_wigley,converged
s_l_0_4,0.8700000,3.655239539757,2,0.4,0.720000000000,0.964000000000,1.465478247807e1,2.275624770104e-3,9.798521883405e-1,7.478057737918e0,4096,2.799644688812e-6,5.638919042816e-8,insel_finite_canal_modal_continuous_wigley,converged
s_l_0_4,0.8750000,3.676246663548,2,0.4,0.720000000000,0.964000000000,1.469306701333e1,2.255569089769e-3,9.797968118654e-1,7.498017362065e0,4096,2.764184038045e-6,5.551082626898e-8,insel_finite_canal_modal_continuous_wigley,converged
s_l_0_4,0.8800000,3.697253787340,2,0.4,0.720000000000,0.964000000000,1.473115662745e1,2.235791413422e-3,9.797534227150e-1,7.517787785129e0,4096,2.743880070355e-6,5.459999719015e-8,insel_finite_canal_modal_continuous_wigley,converged
s_l_0_4,0.8850000,3.718260911132,2,0.4,0.720000000000,0.964000000000,1.476904003572e1,2.216284491382e-3,9.797213365141e-1,7.537367762279e0,4096,2.748865462305e-6,5.404259317832e-8,insel_finite_canal_modal_continuous_wigley,converged
s_l_0_4,0.8900000,3.739268034923,2,0.4,0.720000000000,0.964000000000,1.480670646092e1,2.197041368898e-3,9.796999032548e-1,7.556756110586e0,4096,2.786292044227e-6,5.418803750157e-8,insel_finite_canal_modal_continuous_wigley,converged
s_l_0_4,0.8950000,3.760275158715,2,0.4,0.720000000000,0.964000000000,1.484414559359e1,2.178055368401e-3,9.796885056203e-1,7.575951697110e0,4096,2.857666334113e-6,5.523644730498e-8,insel_finite_canal_modal_continuous_wigley,converged
s_l_0_4,0.9000000,3.781282282507,2,0.4,0.720000000000,0.964000000000,1.488134751746e1,2.159320067636e-3,9.796865573399e-1,7.594953409319e0,4096,2.956571596512e-6,5.715076434321e-8,insel_finite_canal_modal_continuous_wigley,converged
s_l_0_4,0.9050000,3.802289406299,2,0.4,0.720000000000,0.964000000000,1.491830263609e1,2.140829279128e-3,9.796935016250e-1,7.613760125664e0,4096,3.068343350904e-6,5.963515226082e-8,insel_finite_canal_modal_continuous_wigley,converged
s_l_0_4,0.9100000,3.823296530090,2,0.4,0.720000000000,0.964000000000,1.495500163165e1,2.122577035360e-3,9.797088097223e-1,7.632370702011e0,4096,3.172608976898e-6,6.219813741826e-8,insel_finite_canal_modal_continuous_wigley,converged
s_l_0_4,0.9150000,3.844303653882,2,0.4,0.720000000000,0.964000000000,1.499143546974e1,2.104557581145e-3,9.797319795925e-1,7.650783980725e0,4096,3.248372208651e-6,6.428587484564e-8,insel_finite_canal_modal_continuous_wigley,converged
s_l_0_4,0.9200000,3.865310777674,2,0.4,0.720000000000,0.964000000000,1.502759544176e1,2.086765371538e-3,9.797625346948e-1,7.668998818394e0,4096,3.280136363600e-6,6.544301134337e-8,insel_finite_canal_modal_continuous_wigley,converged
s_l_0_4,0.9250000,3.886317901465,2,0.4,0.720000000000,0.964000000000,1.506347322137e1,2.069195071612e-3,9.798000228392e-1,7.687014120351e0,4096,3.262972244588e-6,6.544780439821e-8,insel_finite_canal_modal_continuous_wigley,converged
s_l_0_4,0.9300000,3.907325025257,2,0.4,0.720000000000,0.964000000000,1.509906090742e1,2.051841554240e-3,9.798440150670e-1,7.704828868291e0,4096,3.204697522631e-6,6.437729016540e-8,insel_finite_canal_modal_continuous_wigley,converged
s_l_0_4,0.9350000,3.928332149049,2,0.4,0.720000000000,0.964000000000,1.513435103417e1,2.034699893440e-3,9.798941045377e-1,7.722442131289e0,4096,3.124311477069e-6,6.258346074706e-8,insel_finite_canal_modal_continuous_wigley,converged
s_l_0_4,0.9400000,3.949339272840,2,0.4,0.720000000000,0.964000000000,1.516933654437e1,2.017765353023e-3,9.799499054196e-1,7.739853058039e0,4096,3.047109388547e-6,6.059141710590e-8,insel_finite_canal_modal_continuous_wigley,converged
s_l_0_4,0.9450000,3.970346396632,2,0.4,0.720000000000,0.964000000000,1.520401073602e1,2.001033372322e-3,9.800110518004e-1,7.757060855636e0,4096,2.997988537469e-6,5.895453003557e-8,insel_finite_canal_modal_continuous_wigley,converged
s_l_0_4,0.9500000,3.991353520424,2,0.4,0.720000000000,0.964000000000,1.523836720245e1,1.984499551812e-3,9.800771966462e-1,7.774064764793e0,4096,2.994978029999e-6,5.811183501070e-8,insel_finite_canal_modal_continuous_wigley,converged
s_l_0_5,0.2000000,0.840284951668,2,0.5,0.900000000000,0.964000000000,2.934918515083e-1,8.623743642230e-4,9.714570810513e-1,1.510575491357e-1,8192,1.833367843340e-6,5.074745457190e-8,insel_finite_canal_modal_continuous_wigley,converged
s_l_0_5,0.2050000,0.861292075460,2,0.5,0.900000000000,0.964000000000,3.516835810115e-1,9.835674592573e-4,9.975108774921e-1,1.762805744513e-1,8192,1.666270742445e-6,2.742425619928e-9,insel_finite_canal_modal_continuous_wigley,converged
s_l_0_5,0.2100000,0.882299199252,2,0.5,0.900000000000,0.964000000000,3.225636487171e-1,8.596795871170e-4,1.036984053860e0,1.555297053587e-1,8192,1.989557428499e-6,7.497588305760e-8,insel_finite_canal_modal_continuous_wigley,converged
s_l_0_5,0.2150000,0.903306323043,2,0.5,0.900000000000,0.964000000000,2.721989512325e-1,6.921007323744e-4,1.072406804395e0,1.269103059199e-1,8192,2.559253556349e-6,1.872301149675e-7,insel_finite_canal_modal_continuous_wigley,converged
s_l_0_5,0.2200000,0.924313446835,2,0.5,0.900000000000,0.964000000000,2.824731187401e-1,6.859485531231e-4,1.049345881924e0,1.345948574278e-1,8192,2.507369738861e-6,1.259714514923e-7,insel_finite_canal_modal_continuous_wigley,converged
s_l_0_5,0.2250000,0.945320570627,2,0.5,0.900000000000,0.964000000000,3.740648836421e-1,8.684437308098e-4,9.937793224086e-1,1.882031932077e-1,8192,1.853681388148e-6,1.028230223188e-8,insel_finite_canal_modal_continuous_wigley,converged
s_l_0_5,0.2300000,0.966327694418,2,0.5,0.900000000000,0.964000000000,5.034065848357e-1,1.118466552401e-3,9.604985788318e-1,2.620548306526e-1,8192,1.400544654234e-6,5.529936886184e-8,insel_finite_canal_modal_continuous_wigley,converged
s_l_0_5,0.2350000,0.987334818210,2,0.5,0.900000000000,0.964000000000,6.075748781596e-1,1.293075445910e-3,9.493975634494e-1,3.199791644462e-1,4096,4.840694648452e-6,2.452508108819e-7,insel_finite_canal_modal_continuous_wigley,converged
s_l_0_5,0.2400000,1.008341942002,2,0.5,0.900000000000,0.964000000000,6.480695857154e-1,1.322388116667e-3,9.545415557895e-1,3.394664076094e-1,4096,4.734322161842e-6,2.158301415367e-7,insel_finite_canal_modal_continuous_wigley,converged
s_l_0_5,0.2450000,1.029349065794,2,0.5,0.900000000000,0.964000000000,6.271079721102e-1,1.227919607126e-3,9.769079197693e-1,3.209657529741e-1,8192,1.314326541173e-6,2.989164193945e-8,insel_finite_canal_modal_continuous_wigley,converged
s_l_0_5,0.2500000,1.050356189585,2,0.5,0.900000000000,0.964000000000,5.778885333106e-1,1.086735466502e-3,1.021272476400e0,2.829257356214e-1,8192,1.516663589022e-6,3.295097839029e-8,insel_finite_canal_modal_continuous_wigley,converged
s_l_0_5,0.2550000,1.071363313377,2,0.5,0.900000000000,0.964000000000,5.433734024585e-1,9.821499447901e-4,1.085584735481e0,2.502676137103e-1,8192,1.822934641536e-6,1.573595063142e-7,insel_finite_canal_modal_continuous_wigley,converged
s_l_0_5,0.2600000,1.092370437169,2,0.5,0.900000000000,0.964000000000,5.572481883531e-1,9.688616156591e-4,1.143405989948e0,2.436790576804e-1,8192,1.930338892767e-6,2.768589972835e-7,insel_finite_canal_modal_continuous_wigley,converged
s_l_0_5,0.2650000,1.113377560960,2,0.5,0.900000000000,0.964000000000,6.338817471637e-1,1.060904470586e-3,1.158518250086e0,2.735743468507e-1,8192,1.766744530620e-6,2.810533685782e-7,insel_finite_canal_modal_continuous_wigley,converged
s_l_0_5,0.2700000,1.134384684752,2,0.5,0.900000000000,0.964000000000,7.676459587955e-1,1.237636818486e-3,1.131812784642e0,3.391223218237e-1,8192,1.503927112684e-6,1.995850638092e-7,insel_finite_canal_modal_continuous_wigley,converged
s_l_0_5,0.2750000,1.155391808544,2,0.5,0.900000000000,0.964000000000,9.384618984226e-1,1.458515464846e-3,1.089188183978e0,4.308079688284e-1,4096,4.956292470748e-6,4.431558278117e-7,insel_finite_canal_modal_continuous_wigley,converged
s_l_0_5,0.2800000,1.176398932335,2,0.5,0.900000000000,0.964000000000,1.119727199047e0,1.678633732424e-3,1.047411803108e0,5.345209953356e-1,4096,4.080082839701e-6,1.952644723691e-7,insel_finite_canal_modal_continuous_wigley,converged
s_l_0_5,0.2850000,1.197406056127,2,0.5,0.900000000000,0.964000000000,1.285641459039e0,1.860329744838e-3,1.011439495251e0,6.355503542601e-1,4096,3.494097317482e-6,4.094930106113e-8,insel_finite_canal_modal_continuous_wigley,converged
s_l_0_5,0.2900000,1.218413179919,2,0.5,0.900000000000,0.964000000000,1.416356020348e0,1.979412088314e-3,9.814365744997e-1,7.215728744722e-1,4096,3.226734384428e-6,5.992724627646e-8,insel_finite_canal_modal_continuous_wigley,converged
s_l_0_5,0.2950000,1.239420303711,2,0.5,0.900000000000,0.964000000000,1.500527895930e0,2.026561663408e-3,9.565656185092e-1,7.843308743777e-1,4096,3.156051015114e-6,1.365649596741e-7,insel_finite_canal_modal_continuous_wigley,converged
s_l_0_5,0.3000000,1.260427427502,2,0.5,0.900000000000,0.964000000000,1.535636787687e0,2.005422019427e-3,9.362267536032e-1,8.201201160811e-1,4096,3.069045198996e-6,1.943758202172e-7,insel_finite_canal_modal_continuous_wigley,converged
s_l_0_5,0.3050000,1.281434551294,2,0.5,0.900000000000,0.964000000000,1.526752816824e0,1.928984919090e-3,9.203887226641e-1,8.294065209779e-1,4096,3.069482833599e-6,2.440206398058e-7,insel_finite_canal_modal_continuous_wigley,converged
s_l_0_5,0.3100000,1.302441675086,2,0.5,0.900000000000,0.964000000000,1.484479478367e0,1.815559940400e-3,9.096828789206e-1,8.159324049981e-1,4096,3.334567350932e-6,3.008463267395e-7,insel_finite_canal_modal_continuous_wigley,converged
s_l_0_5,0.3150000,1.323448798877,2,0.5,0.900000000000,0.964000000000,1.422667768925e0,1.685163973833e-3,9.054389597830e-1,7.856232347601e-1,4096,3.520866541948e-6,3.312846982295e-7,insel_finite_canal_modal_continuous_wigley,converged
s_l_0_5,0.3200000,1.344455922669,2,0.5,0.900000000000,0.964000000000,1.356309991196e0,1.556749681059e-3,9.096415598540e-1,7.455189225376e-1,4096,3.750698416201e-6,3.388872602539e-7,insel_finite_canal_modal_continuous_wigley,converged
s_l_0_5,0.3250000,1.365463046461,2,0.5,0.900000000000,0.964000000000,1.299840732235e0,1.446382641852e-3,9.246738820753e-1,7.028644138396e-1,4096,4.262545471216e-6,3.205521161842e-7,insel_finite_canal_modal_continuous_wigley,converged
s_l_0_5,0.3300000,1.386470170253,2,0.5,0.900000000000,0.964000000000,1.265929193015e0,1.366285050301e-3,9.526565187958e-1,6.644205797358e-1,4096,4.474436405642e-6,2.113748377441e-7,insel_finite_canal_modal_continuous_wigley,converged
s_l_0_5,0.3350000,1.407477294044,2,0.5,0.900000000000,0.964000000000,1.264749704042e0,1.324569508695e-3,9.942937171200e-1,6.360040711641e-1,4096,4.996528342255e-6,2.903080120742e-8,insel_finite_canal_modal_continuous_wigley,converged
s_l_0_5,0.3400000,1.428484417836,2,0.5,0.900000000000,0.964000000000,1.303663095982e0,1.325462114031e-3,1.047567249079e0,6.222336070206e-1,8192,1.281933225103e-6,6.114324824225e-8,insel_finite_canal_modal_continuous_wigley,converged
s_l_0_5,0.3450000,1.449491541628,2,0.5,0.900000000000,0.964000000000,1.387206603983e0,1.369817589522e-3,1.107216276968e0,6.264388597057e-1,8192,1.339027112654e-6,1.437716212749e-7,insel_finite_canal_modal_continuous_wigley,converged
s_l_0_5,0.3500000,1.470498665419,2,0.5,0.900000000000,0.964000000000,1.517320374116e0,1.455797542146e-3,1.165913693109e0,6.507001260403e-1,8192,1.324980281186e-6,2.209017972987e-7,insel_finite_canal_modal_continuous_wigley,converged
s_l_0_5,0.3550000,1.491505789211,2,0.5,0.900000000000,0.964000000000,1.693694269998e0,1.579567150057e-3,1.216800207414e0,6.959623526023e-1,8192,1.241686043381e-6,2.700560333135e-7,insel_finite_canal_modal_continuous_wigley,converged
s_l_0_5,0.3600000,1.512512913003,2,0.5,0.900000000000,0.964000000000,1.914187184529e0,1.735957881131e-3,1.255699340124e0,7.621996457929e-1,4096,4.752193342251e-6,1.217379211216e-6,insel_finite_canal_modal_continuous_wigley,converged
s_l_0_5,0.3650000,1.533520036794,2,0.5,0.900000000000,0.964000000000,2.175268365297e0,1.919052677458e-3,1.281674673481e0,8.486039438501e-1,4096,4.359708162463e-6,1.227394546888e-6,insel_finite_canal_modal_continuous_wigley,converged
s_l_0_5,0.3700000,1.554527160586,2,0.5,0.900000000000,0.964000000000,2.472420059223e0,2.122650984237e-3,1.296135805924e0,9.537658198792e-1,4096,3.988764800118e-6,1.182312015402e-6,insel_finite_canal_modal_continuous_wigley,converged
s_l_0_5,0.3750000,1.575534284378,2,0.5,0.900000000000,0.964000000000,2.800513856400e0,2.340641880265e-3,1.301533463869e0,1.075851652740e0,4096,3.689716834730e-6,1.112752831878e-6,insel_finite_canal_modal_continuous_wigley,converged
s_l_0_5,0.3800000,1.596541408170,2,0.5,0.900000000000,0.964000000000,3.154124372879e0,2.567269150781e-3,1.300394190382e0,1.212757022528e0,4096,3.240537981590e-6,9.740085191723e-7,insel_finite_canal_modal_continuous_wigley,converged
s_l_0_5,0.3850000,1.617548531961,2,0.5,0.900000000000,0.964000000000,3.527785220297e0,2.797309102107e-3,1.294850039213e0,1.362236982455e0,4096,3.122490022506e-6,9.209877509520e-7,insel_finite_canal_modal_continuous_wigley,converged
s_l_0_5,0.3900000,1.638555655753,2,0.5,0.900000000000,0.964000000000,3.916187727360e0,3.026175208866e-3,1.286516877012e0,1.522011796866e0,4096,2.703082340624e-6,7.747278900627e-7,insel_finite_canal_modal_continuous_wigley,converged
s_l_0_5,0.3950000,1.659562779545,2,0.5,0.900000000000,0.964000000000,4.314328482930e0,3.249965853757e-3,1.276541963586e0,1.689849846694e0,4096,2.625281612372e-6,7.265785133548e-7,insel_finite_canal_modal_continuous_wigley,converged
s_l_0_5,0.4000000,1.680569903336,2,0.5,0.900000000000,0.964000000000,4.717609377473e0,3.465467070587e-3,1.265705472413e0,1.863628419209e0,4096,2.384638595685e-6,6.336062610135e-7,insel_finite_canal_modal_continuous_wigley,converged
s_l_0_5,0.4050000,1.701577027128,2,0.5,0.900000000000,0.964000000000,5.121901020407e0,3.670125508519e-3,1.254521129148e0,2.041376945115e0,4096,2.203009690288e-6,5.611417359663e-7,insel_finite_canal_modal_continuous_wigley,converged
s_l_0_5,0.4100000,1.722584150920,2,0.5,0.900000000000,0.964000000000,5.523573756757e0,3.861999606526e-3,1.243317735914e0,2.221304175595e0,4096,2.170004924622e-6,5.284377126991e-7,insel_finite_canal_modal_continuous_wigley,converged
s_l_0_5,0.4150000,1.743591274711,2,0.5,0.900000000000,0.964000000000,5.919504822649e0,4.039698623825e-3,1.232299247644e0,2.401813047427e0,4096,1.947297232287e-6,4.520954415277e-7,insel_finite_canal_modal_continuous_wigley,converged
s_l_0_5,0.4200000,1.764598398503,2,0.5,0.900000000000,0.964000000000,6.307067425885e0,4.202315684182e-3,1.221586885768e0,2.581505867231e0,4096,1.915254738024e-6,4.252628504897e-7,insel_finite_canal_modal_continuous_wigley,converged
s_l_0_5,0.4250000,1.785605522295,2,0.5,0.900000000000,0.964000000000,6.684105730651e0,4.349358757837e-3,1.211247906951e0,2.759181540085e0,4096,1.857700044009e-6,3.922361673236e-7,insel_finite_canal_modal_continuous_wigley,converged
s_l_0_5,0.4300000,1.806612646087,2,0.5,0.900000000000,0.964000000000,7.048902290403e0,4.480684454821e-3,1.201314823400e0,2.933828066175e0,4096,1.711545271157e-6,3.448088283786e-7,insel_finite_canal_modal_continuous_wigley,converged
s_l_0_5,0.4350000,1.827619769878,2,0.5,0.900000000000,0.964000000000,7.400138426457e0,4.596434871863e-3,1.191798220686e0,3.104610452514e0,4096,1.711003124873e-6,3.285946570397e-7,insel_finite_canal_modal_continuous_wigley,converged
s_l_0_5,0.4400000,1.848626893670,2,0.5,0.900000000000,0.964000000000,7.736853494294e0,4.696980976284e-3,1.182695131802e0,3.270857081531e0,4096,1.684797196053e-6,3.079418731122e-7,insel_finite_canal_modal_continuous_wigley,converged
s_l_0_5,0.4450000,1.869634017462,2,0.5,0.900000000000,0.964000000000,8.058402024365e0,4.782871237832e-3,1.173994564529e0,3.432044009334e0,4096,1.563361700331e-6,2.718805072188e-7,insel_finite_canal_modal_continuous_wigley,converged
s_l_0_5,0.4500000,1.890641141253,2,0.5,0.900000000000,0.964000000000,8.364412689738e0,4.854787284215e-3,1.165681049522e0,3.587779304281e0,4096,1.574063888875e-6,2.615170255904e-7,insel_finite_canal_modal_continuous_wigley,converged
s_l_0_5,0.4550000,1.911648265045,2,0.5,0.900000000000,0.964000000000,8.654748904097e0,4.913505654660e-3,1.157736934910e0,3.737787334551e0,4096,1.592738301933e-6,2.511938588245e-7,insel_finite_canal_modal_continuous_wigley,converged
s_l_0_5,0.4600000,1.932655388837,2,0.5,0.900000000000,0.964000000000,8.929471329519e0,4.959865103848e-3,1.150143838788e0,3.881893302550e0,4096,1.478174966165e-6,2.218776100626e-7,insel_finite_canal_modal_continuous_wigley,converged
s_l_0_5,0.4650000,1.953662512629,2,0.5,0.900000000000,0.964000000000,9.188805238189e0,4.994740411246e-3,1.142883517871e0,4.020009517377e0,4096,1.484276321324e-6,2.126081040110e-7,insel_finite_canal_modal_continuous_wigley,converged
s_l_0_5,0.4700000,1.974669636420,2,0.5,0.900000000000,0.964000000000,9.433108300332e0,5.019019531683e-3,1.135938422421e0,4.152121327240e0,4096,1.523015764778e-6,2.072203428849e-7,insel_finite_canal_modal_continuous_wigley,converged
s_l_0_5,0.4750000,1.995676760212,2,0.5,0.900000000000,0.964000000000,9.662845065247e0,5.033586983815e-3,1.129291950165e0,4.278275898377e0,4096,1.473759993498e-6,1.905498554500e-7,insel_finite_canal_modal_continuous_wigley,converged
s_l_0_5,0.4800000,2.016683884004,2,0.5,0.900000000000,0.964000000000,9.878561533448e0,5.039309307803e-3,1.122928607903e0,4.398570605435e0,4096,1.418122473146e-6,1.743743782701e-7,insel_finite_canal_modal_continuous_wigley,converged
s_l_0_5,0.4850000,2.037691007795,2,0.5,0.900000000000,0.964000000000,1.008086474301e1,5.037024829128e-3,1.116834033516e0,4.513143600788e0,4096,1.455319087308e-6,1.705814998143e-7,insel_finite_canal_modal_continuous_wigley,converged
s_l_0_5,0.4900000,2.058698131587,2,0.5,0.900000000000,0.964000000000,1.027040530428e1,5.027536168863e-3,1.110994969634e0,4.622165529546e0,4096,1.500487828325e-6,1.667487792290e-7,insel_finite_canal_modal_continuous_wigley,converged
s_l_0_5,0.4950000,2.079705255379,2,0.5,0.900000000000,0.964000000000,1.044786054364e1,5.011604035700e-3,1.105399221384e0,4.725831329317e0,4096,1.426209119508e-6,1.500089468198e-7,insel_finite_canal_modal_continuous_wigley,converged
s_l_0_5,0.5000000,2.100712379170,2,0.5,0.900000000000,0.964000000000,1.061392313836e1,4.989944447897e-3,1.100035556799e0,4.824354573249e0,4096,1.394219460186e-6,1.398698525890e-7,insel_finite_canal_modal_continuous_wigley,converged
s_l_0_5,0.5050000,2.121719502962,2,0.5,0.900000000000,0.964000000000,1.076928952818e1,4.963226303961e-3,1.094893633533e0,4.917961525375e0,4096,1.473722474597e-6,1.403729432692e-7,insel_finite_canal_modal_continuous_wigley,converged
s_l_0_5,0.5100000,2.142726626754,2,0.5,0.900000000000,0.964000000000,1.091465051046e1,4.932070353346e-3,1.089963911155e0,5.006886190798e0,4096,1.490285386758e-6,1.340181612353e-7,insel_finite_canal_modal_continuous_wigley,converged
s_l_0_5,0.5150000,2.163733750546,2,0.5,0.900000000000,0.964000000000,1.105068553551e1,4.897050059439e-3,1.085237551691e0,5.091367101282e0,4096,1.432772244867e-6,1.221099157345e-7,insel_finite_canal_modal_continuous_wigley,converged
s_l_0_5,0.5200000,2.184740874337,2,0.5,0.900000000000,0.964000000000,1.117805579012e1,4.858691970248e-3,1.080706352159e0,5.171643419970e0,4096,1.416785555721e-6,1.145625312393e-7,insel_finite_canal_modal_continuous_wigley,converged
s_l_0_5,0.5250000,2.205747998129,2,0.5,0.900000000000,0.964000000000,1.129739972656e1,4.817477218428e-3,1.076362665972e0,5.247952239386e0,4096,1.464680803685e-6,1.122292121458e-7,insel_finite_canal_modal_continuous_wigley,converged
s_l_0_5,0.5300000,2.226755121921,2,0.5,0.900000000000,0.964000000000,1.140933099751e1,4.773843984237e-3,1.072199326925e0,5.320527028418e0,4096,1.518921788228e-6,1.100348985261e-7,insel_finite_canal_modal_continuous_wigley,converged
s_l_0_5,0.5350000,2.247762245712,2,0.5,0.900000000000,0.964000000000,1.151443491047e1,4.728189194595e-3,1.068209599265e0,5.389595318369e0,4096,1.501988181884e-6,1.023444575754e-7,insel_finite_canal_modal_continuous_wigley,converged
s_l_0_5,0.5400000,2.268769369504,2,0.5,0.900000000000,0.964000000000,1.161326668632e1,4.680870871918e-3,1.064387121723e0,5.455377300846e0,4096,1.439675798788e-6,9.253406818566e-8,insel_finite_canal_modal_continuous_wigley,converged
s_l_0_5,0.5450000,2.289776493296,2,0.5,0.900000000000,0.964000000000,1.170635175396e1,4.632211135382e-3,1.060725853729e0,5.518085428390e0,4096,1.458378560452e-6,8.907661364077e-8,insel_finite_canal_modal_continuous_wigley,converged
s_l_0_5,0.5500000,2.310783617088,2,0.5,0.900000000000,0.964000000000,1.179418454703e1,4.582498390720e-3,1.057220042156e0,5.577923268926e0,4096,1.553358511097e-6,8.950107366346e-8,insel_finite_canal_modal_continuous_wigley,converged
s_l_0_5,0.5550000,2.331790740879,2,0.5,0.900000000000,0.964000000000,1.187722794732e1,4.531989618536e-3,1.053864187443e0,5.635084714347e0,4096,1.581990691131e-6,8.515657690111e-8,insel_finite_canal_modal_continuous_wigley,converged
s_l_0_5,0.5600000,2.352797864671,2,0.5,0.900000000000,0.964000000000,1.195591483343e1,4.480913288179e-3,1.050653007452e0,5.689754252182e0,4096,1.521713387438e-6,7.684751168746e-8,insel_finite_canal_modal_continuous_wigley,converged
s_l_0_5,0.5650000,2.373804988463,2,0.5,0.900000000000,0.964000000000,1.203064868532e1,4.429471689775e-3,1.047581415496e0,5.742106774403e0,4096,1.491370184825e-6,7.120597644850e-8,insel_finite_canal_modal_continuous_wigley,converged
s_l_0_5,0.5700000,2.394812112254,2,0.5,0.900000000000,0.964000000000,1.210180345904e1,4.377842823666e-3,1.044644503465e0,5.792307057040e0,4096,1.542079870351e-6,6.932516916081e-8,insel_finite_canal_modal_continuous_wigley,converged
s_l_0_5,0.5750000,2.415819236046,2,0.5,0.900000000000,0.964000000000,1.216972519326e1,4.326182768553e-3,1.041837520362e0,5.840510134935e0,4096,1.612705043833e-6,6.781442429826e-8,insel_finite_canal_modal_continuous_wigley,converged
s_l_0_5,0.5800000,2.436826359838,2,0.5,0.900000000000,0.964000000000,1.223473396017e1,4.274627980208e-3,1.039155856606e0,5.886861861185e0,4096,1.643073843008e-6,6.452444067939e-8,insel_finite_canal_modal_continuous_wigley,converged
s_l_0_5,0.5850000,2.457833483629,2,0.5,0.900000000000,0.964000000000,1.229712439722e1,4.223296916056e-3,1.036595036624e0,5.931498783398e0,4096,1.622431086589e-6,5.937399549794e-8,insel_finite_canal_modal_continuous_wigley,converged
s_l_0_5,0.5900000,2.478840607421,2,0.5,0.900000000000,0.964000000000,1.235716652370e1,4.172291633699e-3,1.034150709846e0,5.974548199817e0,4096,1.580858820598e-6,5.387708124083e-8,insel_finite_canal_modal_continuous_wigley,converged
s_l_0_5,0.5950000,2.499847731213,2,0.5,0.900000000000,0.964000000000,1.241510788454e1,4.121699707704e-3,1.031818640163e0,6.016128901575e0,4096,1.579751155434e-6,5.046852336044e-8,insel_finite_canal_modal_continuous_wigley,converged
s_l_0_5,0.6000000,2.520854855005,2,0.5,0.900000000000,0.964000000000,1.247117525184e1,4.071595845239e-3,1.029594700824e0,6.056351709004e0,4096,1.652622689565e-6,4.958175625625e-8,insel_finite_canal_modal_continuous_wigley,converged
s_l_0_5,0.6050000,2.541861978796,2,0.5,0.900000000000,0.964000000000,1.252557519480e1,4.022043008502e-3,1.027474872803e0,6.095319470263e0,4096,1.742304012484e-6,4.844050205399e-8,insel_finite_canal_modal_continuous_wigley,converged
s_l_0_5,0.6100000,2.562869102588,2,0.5,0.900000000000,0.964000000000,1.257849510617e1,3.973093597285e-3,1.025455240919e0,6.133127319579e0,4096,1.757316426734e-6,4.466278347159e-8,insel_finite_canal_modal_continuous_wigley,converged
s_l_0_5,0.6150000,2.583876226380,2,0.5,0.900000000000,0.964000000000,1.263010518485e1,3.924790837100e-3,1.023531989323e0,6.169863432016e0,4096,1.694381707703e-6,3.949351046195e-8,insel_finite_canal_modal_continuous_wigley,converged
s_l_0_5,0.6200000,2.604883350171,2,0.5,0.900000000000,0.964000000000,1.268055996686e1,3.877169915984e-3,1.021701400345e0,6.205609565857e0,4096,1.647441053233e-6,3.580806429149e-8,insel_finite_canal_modal_continuous_wigley,converged
s_l_0_5,0.6250000,2.625890473963,2,0.5,0.900000000000,0.964000000000,1.272999888395e1,3.830258737677e-3,1.019959855068e0,6.240441141238e0,4096,1.687663176156e-6,3.431448902802e-8,insel_finite_canal_modal_continuous_wigley,converged
s_l_0_5,0.6300000,2.646897597755,2,0.5,0.900000000000,0.964000000000,1.277854701808e1,3.784078676548e-3,1.018303832187e0,6.274427442074e0,4096,1.783491391663e-6,3.330771058963e-8,insel_finite_canal_modal_continuous_wigley,converged
s_l_0_5,0.6350000,2.667904721546,2,0.5,0.900000000000,0.964000000000,1.282631666526e1,3.738645510919e-3,1.016729905922e0,6.307632238684e0,4096,1.853302543624e-6,3.127292025340e-8,insel_finite_canal_modal_continuous_wigley,converged
s_l_0_5,0.6400000,2.688911845338,2,0.5,0.900000000000,0.964000000000,1.287340880191e1,3.693970253227e-3,1.015234745584e0,6.340114371532e0,4096,1.858220545018e-6,2.827883327505e-8,insel_finite_canal_modal_continuous_wigley,converged
s_l_0_5,0.6450000,2.709918969130,2,0.5,0.900000000000,0.964000000000,1.291991370862e1,3.650059675289e-3,1.013815116447e0,6.371927927994e0,4096,1.822425521546e-6,2.513790553493e-8,insel_finite_canal_modal_continuous_wigley,converged
s_l_0_5,0.6500000,2.730926092922,2,0.5,0.900000000000,0.964000000000,1.296591133542e1,3.606916721845e-3,1.012467879691e0,6.403122309115e0,4096,1.790320427334e-6,2.238719964964e-8,insel_finite_canal_modal_continuous_wigley,converged
s_l_0_5,0.6550000,2.751933216713,2,0.5,0.900000000000,0.964000000000,1.301147224112e1,3.564541051011e-3,1.011189991079e0,6.433742598279e0,4096,1.792039895473e-6,2.023906087167e-8,insel_finite_canal_modal_continuous_wigley,converged
s_l_0_5,0.6600000,2.772940340505,2,0.5,0.900000000000,0.964000000000,1.305665889542e1,3.522929630293e-3,1.009978499954e0,6.463830119166e0,4096,1.838384147684e-6,1.873730615110e-8,insel_finite_canal_modal_continuous_wigley,converged
s_l_0_5,0.6650000,2.793947464297,2,0.5,0.900000000000,0.964000000000,1.310152654073e1,3.482077167551e-3,1.008830549266e0,6.493422780596e0,4096,1.918584642137e-6,1.756105416639e-8,insel_finite_canal_modal_continuous_wigley,converged
s_l_0_5,0.6700000,2.814954588088,2,0.5,0.900000000000,0.964000000000,1.314612345275e1,3.441976350617e-3,1.007743375572e0,6.522555132296e0,4096,1.995495474695e-6,1.604046873105e-8,insel_finite_canal_modal_continuous_wigley,converged
s_l_0_5,0.6750000,2.835961711880,2,0.5,0.900000000000,0.964000000000,1.319049122484e1,3.402618075530e-3,1.006714308003e0,6.551258445415e0,4096,2.022484585480e-6,1.376247404927e-8,insel_finite_canal_modal_continuous_wigley,converged
s_l_0_5,0.6800000,2.856968835672,2,0.5,0.900000000000,0.964000000000,1.323466553364e1,3.363991780309e-3,1.005740766632e0,6.579561042331e0,4096,1.983681374484e-6,1.109856206938e-8,insel_finite_canal_modal_continuous_wigley,converged
s_l_0_5,0.6850000,2.877975959464,2,0.5,0.900000000000,0.964000000000,1.327867709390e1,3.326085799872e-3,1.004820261231e0,6.607488725211e0,4096,1.917921528007e-6,8.893559888534e-9,insel_finite_canal_modal_continuous_wigley,converged
s_l_0_5,0.6900000,2.898983083255,2,0.5,0.900000000000,0.964000000000,1.332255224179e1,3.288887600760e-3,1.003950390515e0,6.635065022962e0,4096,1.892715335685e-6,7.597168671936e-9,insel_finite_canal_modal_continuous_wigley,converged
s_l_0_5,0.6950000,2.919990207047,2,0.5,0.900000000000,0.964000000000,1.336631306321e1,3.252383886686e-3,1.003128841170e0,6.662311217976e0,4096,1.946998645581e-6,6.823237308495e-9,insel_finite_canal_modal_continuous_wigley,converged
s_l_0_5,0.7000000,2.940997330839,2,0.5,0.900000000000,0.964000000000,1.340997750356e1,3.216560691951e-3,1.002353386168e0,6.689246371892e0,4096,2.056995105262e-6,5.793915125452e-9,insel_finite_canal_modal_continuous_wigley,converged
s_l_0_5,0.7050000,2.962004454630,2,0.5,0.900000000000,0.964000000000,1.345355982592e1,3.181403550471e-3,1.001621882683e0,6.715887531271e0,4096,2.156923079956e-6,4.121193608597e-9,insel_finite_canal_modal_continuous_wigley,converged
s_l_0_5,0.7100000,2.983011578422,2,0.5,0.900000000000,0.964000000000,1.349707129862e1,3.146897705052e-3,1.000932270230e0,6.742250050307e0,4096,2.192864236796e-6,2.100527529691e-9,insel_finite_canal_modal_continuous_wigley,converged
s_l_0_5,0.7150000,3.004018702214,2,0.5,0.900000000000,0.964000000000,1.354052070983e1,3.113028260138e-3,1.000282569145e0,6.768347828659e0,4096,2.160873549854e-6,3.193270092794e-10,insel_finite_canal_modal_continuous_wigley,converged
s_l_0_5,0.7200000,3.025025826005,2,0.5,0.900000000000,0.964000000000,1.358391451043e1,3.079780238000e-3,9.996708790293e-1,6.794193366730e0,4096,2.101552357408e-6,9.135598943999e-10,insel_finite_canal_modal_continuous_wigley,converged
s_l_0_5,0.7250000,3.046032949797,2,0.5,0.900000000000,0.964000000000,1.362725678010e1,3.047138590983e-3,9.990953767590e-1,6.819797737581e0,4096,2.064469650165e-6,1.757103351707e-9,insel_finite_canal_modal_continuous_wigley,converged
s_l_0_5,0.7300000,3.067040073589,2,0.5,0.900000000000,0.964000000000,1.367054935011e1,3.015088247405e-3,9.985543141440e-1,6.845170641431e0,4096,2.076158385049e-6,2.578935398567e-9,insel_finite_canal_modal_continuous_wigley,converged
s_l_0_5,0.7350000,3.088047197381,2,0.5,0.900000000000,0.964000000000,1.371379219427e1,2.983614212174e-3,9.980460156082e-1,6.870320596348e0,4096,2.132711588145e-6,3.605786447203e-9,insel_finite_canal_modal_continuous_wigley,converged
s_l_0_5,0.7400000,3.109054321172,2,0.5,0.900000000000,0.964000000000,1.375698389737e1,2.952701675931e-3,9.975688761463e-1,6.895255168003e0,4096,2.212448506586e-6,4.814680543141e-9,insel_finite_canal_modal_continuous_wigley,converged
s_l_0_5,0.7450000,3.130061444964,2,0.5,0.900000000000,0.964000000000,1.380012193602e1,2.922336075606e-3,9.971213594581e-1,6.919981106172e0,4096,2.291274041311e-6,6.071297131705e-9,insel_finite_canal_modal_continuous_wigley,converged
s_l_0_5,0.7500000,3.151068568756,2,0.5,0.900000000000,0.964000000000,1.384320269741e1,2.892503095147e-3,9.967019959705e-1,6.944504352042e0,4096,2.349815414127e-6,7.291498294038e-9,insel_finite_canal_modal_continuous_wigley,converged
s_l_0_5,0.7550000,3.172075692547,2,0.5,0.900000000000,0.964000000000,1.388622139784e1,2.863188645175e-3,9.963093805933e-1,6.968829998152e0,4096,2.374569638371e-6,8.457566424980e-9,insel_finite_canal_modal_continuous_wigley,converged
s_l_0_5,0.7600000,3.193082816339,2,0.5,0.900000000000,0.964000000000,1.392917212196e1,2.834378868515e-3,9.959421703181e-1,6.992962311011e0,4096,2.360389658627e-6,9.527904243356e-9,insel_finite_canal_modal_continuous_wigley,converged
s_l_0_5,0.7650000,3.214089940131,2,0.5,0.900000000000,0.964000000000,1.397204806042e1,2.806060184817e-3,9.955990819063e-1,7.016904853742e0,4096,2.315956963332e-6,1.039330799202e-8,insel_finite_canal_modal_continuous_wigley,converged
s_l_0_5,0.7700000,3.235097063923,2,0.5,0.900000000000,0.964000000000,1.401484183201e1,2.778219348199e-3,9.952788898080e-1,7.040660650763e0,4096,2.266130751180e-6,1.095912305349e-8,insel_finite_canal_modal_continuous_wigley,converged
s_l_0_5,0.7750000,3.256104187714,2,0.5,0.900000000000,0.964000000000,1.405754570775e1,2.750843480886e-3,9.949804242478e-1,7.064232303052e0,4096,2.244489337040e-6,1.127839388548e-8,insel_finite_canal_modal_continuous_wigley,converged
s_l_0_5,0.7800000,3.277111311506,2,0.5,0.900000000000,0.964000000000,1.410015164565e1,2.723920067290e-3,9.947025692994e-1,7.087622009251e0,4096,2.276898779377e-6,1.159129037198e-8,insel_finite_canal_modal_continuous_wigley,converged
s_l_0_5,0.7850000,3.298118435298,2,0.5,0.900000000000,0.964000000000,1.414265119919e1,2.697436924012e-3,9.944442608247e-1,7.110831524864e0,4096,2.365474389431e-6,1.220349676867e-8,insel_finite_canal_modal_continuous_wigley,converged
s_l_0_5,0.7900000,3.319125559089,2,0.5,0.900000000000,0.964000000000,1.418503544770e1,2.671382175798e-3,9.942044843081e-1,7.133862133787e0,4096,2.484062477194e-6,1.327839416199e-8,insel_finite_canal_modal_continuous_wigley,converged
s_l_0_5,0.7950000,3.340132682881,2,0.5,0.900000000000,0.964000000000,1.422729505776e1,2.645744257271e-3,9.939822727251e-1,7.156714686043e0,4096,2.589604752710e-6,1.469818855515e-8,insel_finite_canal_modal_continuous_wigley,converged
s_l_0_5,0.8000000,3.361139806673,2,0.5,0.900000000000,0.964000000000,1.426942046918e1,2.620511937065e-3,9.937767045746e-1,7.179389697655e0,4096,2.643546802574e-6,1.610321864742e-8,insel_finite_canal_modal_continuous_wigley,converged
s_l_0_5,0.8050000,3.382146930464,2,0.5,0.900000000000,0.964000000000,1.431140210366e1,2.595674343901e-3,9.935869020975e-1,7.201887461200e0,4096,2.631143404779e-6,1.709095565072e-8,insel_finite_canal_modal_continuous_wigley,converged
s_l_0_5,0.8100000,3.403154054256,2,0.5,0.900000000000,0.964000000000,1.435323048420e1,2.571220974392e-3,9.934120296008e-1,7.224208111294e0,4096,2.568092525623e-6,1.744706579210e-8,insel_finite_canal_modal_continuous_wigley,converged
s_l_0_5,0.8150000,3.424161178048,2,0.5,0.900000000000,0.964000000000,1.439489622380e1,2.547141676712e-3,9.932512917723e-1,7.246351624728e0,4096,2.491733798031e-6,1.726535825419e-8,insel_finite_canal_modal_continuous_wigley,converged
s_l_0_5,0.8200000,3.445168301840,2,0.5,0.900000000000,0.964000000000,1.443638993164e1,2.523426620648e-3,9.931039319317e-1,7.268317779971e0,4096,2.442665712143e-6,1.689172324237e-8,insel_finite_canal_modal_continuous_wigley,converged
s_l_0_5,0.8250000,3.466175425631,2,0.5,0.900000000000,0.964000000000,1.447770213200e1,2.500066271613e-3,9.929692302453e-1,7.290106123645e0,4096,2.446934450095e-6,1.673719174367e-8,insel_finite_canal_modal_continuous_wigley,converged
s_l_0_5,0.8300000,3.487182549423,2,0.5,0.900000000000,0.964000000000,1.451882326983e1,2.477051380982e-3,9.928465019908e-1,7.311715980626e0,4096,2.507164490667e-6,1.707487429226e-8,insel_finite_canal_modal_continuous_wigley,converged
s_l_0_5,0.8350000,3.508189673215,2,0.5,0.900000000000,0.964000000000,1.455974381149e1,2.454372992840e-3,9.927350959511e-1,7.333146511527e0,4096,2.605165601238e-6,1.792897341701e-8,insel_finite_canal_modal_continuous_wigley,converged
s_l_0_5,0.8400000,3.529196797006,2,0.5,0.900000000000,0.964000000000,1.460045438692e1,2.432022456844e-3,9.926343929558e-1,7.354396790263e0,4096,2.712557066301e-6,1.909839231207e-8,insel_finite_canal_modal_continuous_wigley,converged
s_l_0_5,0.8450000,3.550203920798,2,0.5,0.900000000000,0.964000000000,1.464094589775e1,2.409991434262e-3,9.925438045335e-1,7.375465864015e0,4096,2.802971027970e-6,2.027994627785e-8,insel_finite_canal_modal_continuous_wigley,converged
s_l_0_5,0.8500000,3.571211044590,2,0.5,0.900000000000,0.964000000000,1.468120954234e1,2.388271889753e-3,9.924627716018e-1,7.396352771320e0,4096,2.860286023744e-6,2.121247633102e-8,insel_finite_canal_modal_continuous_wigley,converged
s_l_0_5,0.8550000,3.592218168381,2,0.5,0.900000000000,0.964000000000,1.472123676049e1,2.366856070503e-3,9.923907631451e-1,7.417056520072e0,4096,2.880706440309e-6,2.176954727595e-8,insel_finite_canal_modal_continuous_wigley,converged
s_l_0_5,0.8600000,3.613225292173,2,0.5,0.900000000000,0.964000000000,1.476101914479e1,2.345736481175e-3,9.923272748685e-1,7.437576049062e0,4096,2.869989429642e-6,2.197044435270e-8,insel_finite_canal_modal_continuous_wigley,converged
s_l_0_5,0.8650000,3.634232415965,2,0.5,0.900000000000,0.964000000000,1.480054837781e1,2.324905864398e-3,9.922718278646e-1,7.457910202723e0,4096,2.838904955588e-6,2.192734149808e-8,insel_finite_canal_modal_continuous_wigley,converged
s_l_0_5,0.8700000,3.655239539757,2,0.5,0.900000000000,0.964000000000,1.483981623348e1,2.304357192284e-3,9.922239673436e-1,7.478057737918e0,4096,2.799644688812e-6,2.177297897532e-8,insel_finite_canal_modal_continuous_wigley,converged
s_l_0_5,0.8750000,3.676246663548,2,0.5,0.900000000000,0.964000000000,1.487881464163e1,2.284083668007e-3,9.921832614652e-1,7.498017362065e0,4096,2.764184038045e-6,2.161042733650e-8,insel_finite_canal_modal_continuous_wigley,converged
s_l_0_5,0.8800000,3.697253787340,2,0.5,0.900000000000,0.964000000000,1.491753578131e1,2.264078731410e-3,9.921493002783e-1,7.517787785129e0,4096,2.743880070355e-6,2.150223255004e-8,insel_finite_canal_modal_continuous_wigley,converged
s_l_0_5,0.8850000,3.718260911132,2,0.5,0.900000000000,0.964000000000,1.495597215642e1,2.244336061359e-3,9.921216947423e-1,7.537367762279e0,4096,2.748865462305e-6,2.148901601107e-8,insel_finite_canal_modal_continuous_wigley,converged
s_l_0_5,0.8900000,3.739268034923,2,0.5,0.900000000000,0.964000000000,1.499411662005e1,2.224849570110e-3,9.921000757881e-1,7.556756110586e0,4096,2.786292044227e-6,2.161250389765e-8,insel_finite_canal_modal_continuous_wigley,converged
s_l_0_5,0.8950000,3.760275158715,2,0.5,0.900000000000,0.964000000000,1.503196234192e1,2.205613389468e-3,9.920840933856e-1,7.575951697110e0,4096,2.857666334113e-6,2.192085268860e-8,insel_finite_canal_modal_continuous_wigley,converged
s_l_0_5,0.9000000,3.781282282507,2,0.5,0.900000000000,0.964000000000,1.506950274029e1,2.186621852505e-3,9.920734156052e-1,7.594953409319e0,4096,2.956571596512e-6,2.244978725141e-8,insel_finite_canal_modal_continuous_wigley,converged
s_l_0_5,0.9050000,3.802289406299,2,0.5,0.900000000000,0.964000000000,1.510673141401e1,2.167869476304e-3,9.920677276849e-1,7.613760125664e0,4096,3.068343350904e-6,2.319059311251e-8,insel_finite_canal_modal_continuous_wigley,converged
s_l_0_5,0.9100000,3.823296530090,2,0.5,0.900000000000,0.964000000000,1.514364210622e1,2.149350950142e-3,9.920667311290e-1,7.632370702011e0,4096,3.172608976898e-6,2.406568400115e-8,insel_finite_canal_modal_continuous_wigley,converged
s_l_0_5,0.9150000,3.844303653882,2,0.5,0.900000000000,0.964000000000,1.518022871360e1,2.131061130685e-3,9.920701428667e-1,7.650783980725e0,4096,3.248372208651e-6,2.492996509229e-8,insel_finite_canal_modal_continuous_wigley,converged
s_l_0_5,0.9200000,3.865310777674,2,0.5,0.900000000000,0.964000000000,1.521648533349e1,2.112995042587e-3,9.920776944831e-1,7.668998818394e0,4096,3.280136363600e-6,2.560355649717e-8,insel_finite_canal_modal_continuous_wigley,converged
s_l_0_5,0.9250000,3.886317901465,2,0.5,0.900000000000,0.964000000000,1.525240632529e1,2.095147880884e-3,9.920891315204e-1,7.687014120351e0,4096,3.262972244588e-6,2.592655068412e-8,insel_finite_canal_modal_continuous_wigley,converged
s_l_0_5,0.9300000,3.907325025257,2,0.5,0.900000000000,0.964000000000,1.528798635876e1,2.077515011291e-3,9.921042128315e-1,7.704828868291e0,4096,3.204697522631e-6,2.581528724122e-8,insel_finite_canal_modal_continuous_wigley,converged
s_l_0_5,0.9350000,3.928332149049,2,0.5,0.900000000000,0.964000000000,1.532322042965e1,2.060091965951e-3,9.921227099625e-1,7.722442131289e0,4096,3.124311477069e-6,2.529827547448e-8,insel_finite_canal_modal_continuous_wigley,converged
s_l_0_5,0.9400000,3.949339272840,2,0.5,0.900000000000,0.964000000000,1.535810383802e1,2.042874434345e-3,9.921444065443e-1,7.739853058039e0,4096,3.047109388547e-6,2.451722569408e-8,insel_finite_canal_modal_continuous_wigley,converged
s_l_0_5,0.9450000,3.970346396632,2,0.5,0.900000000000,0.964000000000,1.539263213966e1,2.025858251097e-3,9.921690976857e-1,7.757060855636e0,4096,2.997988537469e-6,2.369177087846e-8,insel_finite_canal_modal_continuous_wigley,converged
s_l_0_5,0.9500000,3.991353520424,2,0.5,0.900000000000,0.964000000000,1.542680109034e1,2.009039383482e-3,9.921965893701e-1,7.774064764793e0,4096,2.994978029999e-6,2.305920054901e-8,insel_finite_canal_modal_continuous_wigley,converged
