# geometry: C2 Wigley L=1.8m B=0.18m T=0.1125m; exact biquadratic library constructor
# fluid: rho=1000kg/m3 nu=1.141e-6m2/s g=9.80665m/s2; model scale
# solver: multihull_wave_resistance_with rel_tol=1e-6 max_refinements=8; all outcomes required converged
configuration,grid_source,fn,speed_m_s,member_count,separation_over_length,separation_m,wetted_surface_m2,rw_n,cw,interference,solo_rw_n,method,outcome,est_rel_error,evaluations,max_lambda,solo_method,solo_outcome,solo_est_rel_error,solo_evaluations,solo_max_lambda,rel_tol
monohull,measured_fixed,0.2317874,0.973837321031,1,,0.000000000000,0.482000000000,2.862218806905e-1,1.252313204576e-3,1.000000000000e0,2.862218806905e-1,general_marcher,converged,5.698964160270e-8,12944,8.662944060588e1,general_marcher,converged,5.698964160270e-8,12944,8.662944060588e1,1.0e-6
monohull,fine,0.2500000,1.050356189585,1,,0.000000000000,0.482000000000,2.829258482915e-1,1.064099860114e-3,1.000000000000e0,2.829258482915e-1,general_marcher,converged,4.875508265006e-8,12864,1.004189490966e2,general_marcher,converged,4.875508265006e-8,12864,1.004189490966e2,1.0e-6
monohull,measured_fixed,0.2549244,1.071045685665,1,,0.000000000000,0.482000000000,2.506083510671e-1,9.064889283917e-4,1.000000000000e0,2.506083510671e-1,general_marcher,converged,5.729578225229e-8,12960,1.045203535054e2,general_marcher,converged,5.729578225229e-8,12960,1.045203535054e2,1.0e-6
monohull,fine,0.2550000,1.071363313377,1,,0.000000000000,0.482000000000,2.502677170715e-1,9.047201184023e-4,1.000000000000e0,2.502677170715e-1,general_marcher,converged,5.725483817172e-8,12960,1.045809066457e2,general_marcher,converged,5.725483817172e-8,12960,1.045809066457e2,1.0e-6
monohull,fine,0.2600000,1.092370437169,1,,0.000000000000,0.482000000000,2.436791585207e-1,8.473473334192e-4,1.000000000000e0,2.436791585207e-1,general_marcher,converged,5.307752670943e-8,12960,1.086256720960e2,general_marcher,converged,5.307752670943e-8,12960,1.086256720960e2,1.0e-6
monohull,fine,0.2650000,1.113377560960,1,,0.000000000000,0.482000000000,2.735744670842e-1,9.157429645723e-4,1.000000000000e0,2.735744670842e-1,general_marcher,converged,5.396065856083e-8,12528,1.088098854608e2,general_marcher,converged,5.396065856083e-8,12528,1.088098854608e2,1.0e-6
monohull,fine,0.2700000,1.134384684752,1,,0.000000000000,0.482000000000,3.391225074931e-1,1.093500190920e-3,1.000000000000e0,3.391225074931e-1,general_marcher,converged,5.130743659985e-8,12080,1.087732972406e2,general_marcher,converged,5.130743659985e-8,12080,1.087732972406e2,1.0e-6
monohull,fine,0.2750000,1.155391808544,1,,0.000000000000,0.482000000000,4.308088245566e-1,1.339087573111e-3,1.000000000000e0,4.308088245566e-1,general_marcher,converged,4.746887708462e-8,11408,1.063887427326e2,general_marcher,converged,4.746887708462e-8,11408,1.063887427326e2,1.0e-6
monohull,measured_fixed,0.2773108,1.165100460875,1,,0.000000000000,0.482000000000,4.781637493054e-1,1.461614549426e-3,1.000000000000e0,4.781637493054e-1,general_marcher,converged,4.949558945552e-8,11184,1.059879669906e2,general_marcher,converged,4.949558945552e-8,11184,1.059879669906e2,1.0e-6
monohull,fine,0.2800000,1.176398932335,1,,0.000000000000,0.482000000000,5.345220859325e-1,1.602652512032e-3,1.000000000000e0,5.345220859325e-1,general_marcher,converged,4.670063072090e-8,10832,1.038575798693e2,general_marcher,converged,4.670063072090e-8,10832,1.038575798693e2,1.0e-6
monohull,fine,0.2850000,1.197406056127,1,,0.000000000000,0.482000000000,6.355517416412e-1,1.839293219811e-3,1.000000000000e0,6.355517416412e-1,general_marcher,converged,4.450869883935e-8,10384,1.029570202110e2,general_marcher,converged,4.450869883935e-8,10384,1.029570202110e2,1.0e-6
monohull,measured_fixed,0.2873067,1.207097482617,1,,0.000000000000,0.482000000000,6.777073139735e-1,1.929925043223e-3,1.000000000000e0,6.777073139735e-1,general_marcher,converged,4.058238373974e-8,10304,1.045853597780e2,general_marcher,converged,4.058238373974e-8,10304,1.045853597780e2,1.0e-6
monohull,fine,0.2900000,1.218413179919,1,,0.000000000000,0.482000000000,7.215745477959e-1,2.016856442882e-3,1.000000000000e0,7.215745477959e-1,general_marcher,converged,3.866796453626e-8,10304,1.065030717667e2,general_marcher,converged,3.866796453626e-8,10304,1.065030717667e2,1.0e-6
monohull,measured_fixed,0.2906259,1.221042851675,1,,0.000000000000,0.482000000000,7.308241891930e-1,2.033920903970e-3,1.000000000000e0,7.308241891930e-1,general_marcher,converged,3.838419622150e-8,10304,1.069512717561e2,general_marcher,converged,3.838419622150e-8,10304,1.069512717561e2,1.0e-6
monohull,fine,0.2950000,1.239420303711,1,,0.000000000000,0.482000000000,7.843326483087e-1,2.118585706715e-3,1.000000000000e0,7.843326483087e-1,general_marcher,converged,4.368372493412e-8,9936,1.052399408899e2,general_marcher,converged,4.368372493412e-8,9936,1.052399408899e2,1.0e-6
monohull,measured_fixed,0.2983227,1.253380377755,1,,0.000000000000,0.482000000000,8.111707495170e-1,2.142542554703e-3,1.000000000000e0,8.111707495170e-1,general_marcher,converged,4.231677914811e-8,9856,1.075605665582e2,general_marcher,converged,4.231677914811e-8,9856,1.075605665582e2,1.0e-6
monohull,fine,0.3000000,1.260427427502,1,,0.000000000000,0.482000000000,8.201214982735e-1,2.142029579430e-3,1.000000000000e0,8.201214982735e-1,general_marcher,converged,4.219563132452e-8,9712,1.062243340140e2,general_marcher,converged,4.219563132452e-8,9712,1.062243340140e2,1.0e-6
monohull,fine,0.3050000,1.281434551294,1,,0.000000000000,0.482000000000,8.294065330121e-1,2.095837225705e-3,1.000000000000e0,8.294065330121e-1,general_marcher,converged,3.979005805949e-8,9712,1.096999396831e2,general_marcher,converged,3.979005805949e-8,9712,1.096999396831e2,1.0e-6
monohull,fine,0.3100000,1.302441675086,1,,0.000000000000,0.482000000000,8.159293645583e-1,1.995808887999e-3,1.000000000000e0,8.159293645583e-1,general_marcher,converged,4.111159889349e-8,9712,1.132324839891e2,general_marcher,converged,4.111159889349e-8,9712,1.132324839891e2,1.0e-6
monohull,measured_fixed,0.3105521,1.304761281695,1,,0.000000000000,0.482000000000,8.132869254766e-1,1.982278299230e-3,1.000000000000e0,8.132869254766e-1,general_marcher,converged,4.140450660674e-8,9712,1.136260382366e2,general_marcher,converged,4.140450660674e-8,9712,1.136260382366e2,1.0e-6
monohull,fine,0.3150000,1.323448798877,1,,0.000000000000,0.482000000000,7.856145064676e-1,1.861136229466e-3,1.000000000000e0,7.856145064676e-1,general_marcher,converged,3.581240681950e-8,9856,1.195974123208e2,general_marcher,converged,3.581240681950e-8,9856,1.195974123208e2,1.0e-6
monohull,fine,0.3200000,1.344455922669,1,,0.000000000000,0.482000000000,7.455006408287e-1,1.711346067453e-3,1.000000000000e0,7.455006408287e-1,general_marcher,converged,3.634543729653e-8,9872,1.233326222131e2,general_marcher,converged,3.634543729653e-8,9872,1.233326222131e2,1.0e-6
monohull,measured_fixed,0.3215966,1.351163917438,1,,0.000000000000,0.482000000000,7.318151881957e-1,1.663291231937e-3,1.000000000000e0,7.318151881957e-1,general_marcher,converged,3.695854525220e-8,9872,1.245376376542e2,general_marcher,converged,3.695854525220e-8,9872,1.245376376542e2,1.0e-6
monohull,fine,0.3250000,1.365463046461,1,,0.000000000000,0.482000000000,7.028311989011e-1,1.564134468219e-3,1.000000000000e0,7.028311989011e-1,general_marcher,converged,3.902113221406e-8,9872,1.271202680584e2,general_marcher,converged,3.902113221406e-8,9872,1.271202680584e2,1.0e-6
monohull,fine,0.3300000,1.386470170253,1,,0.000000000000,0.482000000000,6.643652602486e-1,1.434064919311e-3,1.000000000000e0,6.643652602486e-1,general_marcher,converged,4.266564747512e-8,9872,1.309619637079e2,general_marcher,converged,4.266564747512e-8,9872,1.309619637079e2,1.0e-6
monohull,measured_fixed,0.3322089,1.395750697401,1,,0.000000000000,0.482000000000,6.502594064774e-1,1.385013139968e-3,1.000000000000e0,6.502594064774e-1,general_marcher,converged,3.543631491646e-8,10016,1.357653297002e2,general_marcher,converged,3.543631491646e-8,10016,1.357653297002e2,1.0e-6
monohull,fine,0.3350000,1.407477294044,1,,0.000000000000,0.482000000000,6.359174405224e-1,1.331989798568e-3,1.000000000000e0,6.359174405224e-1,general_marcher,converged,3.570674207914e-8,10096,1.380015456551e2,general_marcher,converged,3.570674207914e-8,10096,1.380015456551e2,1.0e-6
monohull,fine,0.3400000,1.428484417836,1,,0.000000000000,0.482000000000,6.221034159015e-1,1.265011660341e-3,1.000000000000e0,6.221034159015e-1,general_marcher,converged,3.659631856025e-8,10096,1.420538988591e2,general_marcher,converged,3.659631856025e-8,10096,1.420538988591e2,1.0e-6
monohull,measured_fixed,0.3433249,1.442453735015,1,,0.000000000000,0.482000000000,6.227080507336e-1,1.241834305069e-3,1.000000000000e0,6.227080507336e-1,general_marcher,converged,4.213542956118e-8,9872,1.414838752876e2,general_marcher,converged,4.213542956118e-8,9872,1.414838752876e2,1.0e-6
monohull,fine,0.3450000,1.449491541628,1,,0.000000000000,0.482000000000,6.262519758126e-1,1.236803471780e-3,1.000000000000e0,6.262519758126e-1,general_marcher,converged,4.080901923474e-8,9872,1.428358164772e2,general_marcher,converged,4.080901923474e-8,9872,1.428358164772e2,1.0e-6
monohull,fine,0.3500000,1.470498665419,1,,0.000000000000,0.482000000000,6.504400846230e-1,1.248133344362e-3,1.000000000000e0,6.504400846230e-1,general_marcher,converged,4.100312508360e-8,9744,1.438643719244e2,general_marcher,converged,4.100312508360e-8,9744,1.438643719244e2,1.0e-6
monohull,measured_fixed,0.3521654,1.479596430591,1,,0.000000000000,0.482000000000,6.674079117005e-1,1.264991939409e-3,1.000000000000e0,6.674079117005e-1,general_marcher,converged,3.875307338697e-8,9744,1.456090714149e2,general_marcher,converged,3.875307338697e-8,9744,1.456090714149e2,1.0e-6
monohull,fine,0.3550000,1.491505789211,1,,0.000000000000,0.482000000000,6.956100676891e-1,1.297474794163e-3,1.000000000000e0,6.956100676891e-1,general_marcher,converged,3.515784470147e-8,9664,1.479090804288e2,general_marcher,converged,3.515784470147e-8,9664,1.479090804288e2,1.0e-6
monohull,fine,0.3600000,1.512512913003,1,,0.000000000000,0.482000000000,7.617343045479e-1,1.381618976446e-3,1.000000000000e0,7.617343045479e-1,general_marcher,converged,3.886019944935e-8,9296,1.447636474528e2,general_marcher,converged,3.886019944935e-8,9296,1.447636474528e2,1.0e-6
monohull,fine,0.3650000,1.533520036794,1,,0.000000000000,0.482000000000,8.480004094090e-1,1.496236034251e-3,1.000000000000e0,8.480004094090e-1,general_marcher,converged,3.320933913763e-8,9216,1.487194594411e2,general_marcher,converged,3.320933913763e-8,9216,1.487194594411e2,1.0e-6
monohull,measured_fixed,0.3654396,1.535366983118,1,,0.000000000000,0.482000000000,8.565049438255e-1,1.507608013129e-3,1.000000000000e0,8.565049438255e-1,general_marcher,converged,3.286320563822e-8,9216,1.490698410012e2,general_marcher,converged,3.286320563822e-8,9216,1.490698410012e2,1.0e-6
monohull,fine,0.3700000,1.554527160586,1,,0.000000000000,0.482000000000,9.529972925585e-1,1.636356761852e-3,1.000000000000e0,9.529972925585e-1,general_marcher,converged,3.630004307672e-8,8848,1.450786263046e2,general_marcher,converged,3.630004307672e-8,8848,1.450786263046e2,1.0e-6
monohull,fine,0.3750000,1.575534284378,1,,0.000000000000,0.482000000000,1.074889094332e0,1.796763422601e-3,1.000000000000e0,1.074889094332e0,general_marcher,converged,3.163137510903e-8,8768,1.489323382937e2,general_marcher,converged,3.163137510903e-8,8768,1.489323382937e2,1.0e-6
monohull,measured_fixed,0.3771281,1.584475336406,1,,0.000000000000,0.482000000000,1.131383848432e0,1.869915428793e-3,1.000000000000e0,1.131383848432e0,general_marcher,converged,3.642460902837e-8,8624,1.466113017508e2,general_marcher,converged,3.642460902837e-8,8624,1.466113017508e2,1.0e-6
monohull,fine,0.3800000,1.596541408170,1,,0.000000000000,0.482000000000,1.211569196531e0,1.972290153828e-3,1.000000000000e0,1.211569196531e0,general_marcher,converged,3.482878614655e-8,8400,1.447619924228e2,general_marcher,converged,3.482878614655e-8,8400,1.447619924228e2,1.0e-6
monohull,fine,0.3850000,1.617548531961,1,,0.000000000000,0.482000000000,1.360790637082e0,2.158040695489e-3,1.000000000000e0,1.360790637082e0,general_marcher,converged,3.141222948367e-8,8320,1.484937577825e2,general_marcher,converged,3.141222948367e-8,8320,1.484937577825e2,1.0e-6
monohull,measured_fixed,0.3882606,1.631247697528,1,,0.000000000000,0.482000000000,1.463769141766e0,2.282525938104e-3,1.000000000000e0,1.463769141766e0,general_marcher,converged,3.167191488332e-8,8176,1.467460629960e2,general_marcher,converged,3.167191488332e-8,8176,1.467460629960e2,1.0e-6
monohull,fine,0.3900000,1.638555655753,1,,0.000000000000,0.482000000000,1.520272014867e0,2.349534701813e-3,1.000000000000e0,1.520272014867e0,general_marcher,converged,2.979288792309e-8,8176,1.480287697235e2,general_marcher,converged,2.979288792309e-8,8176,1.480287697235e2,1.0e-6
monohull,fine,0.3950000,1.659562779545,1,,0.000000000000,0.482000000000,1.687779990090e0,2.542795412147e-3,1.000000000000e0,1.687779990090e0,general_marcher,converged,3.176059707234e-8,7952,1.473946786892e2,general_marcher,converged,3.176059707234e-8,7952,1.473946786892e2,1.0e-6
monohull,fine,0.4000000,1.680569903336,1,,0.000000000000,0.482000000000,1.861190537066e0,2.734391087609e-3,1.000000000000e0,1.861190537066e0,general_marcher,converged,2.865833331241e-8,7728,1.465875319066e2,general_marcher,converged,2.865833331241e-8,7728,1.465875319066e2,1.0e-6
monohull,fine,0.4050000,1.701577027128,1,,0.000000000000,0.482000000000,2.038531767157e0,2.921441632223e-3,1.000000000000e0,2.038531767157e0,general_marcher,converged,2.525021497896e-8,7728,1.501756367012e2,general_marcher,converged,2.525021497896e-8,7728,1.501756367012e2,1.0e-6
monohull,measured_fixed,0.4094777,1.720389746768,1,,0.000000000000,0.482000000000,2.199211689759e0,3.083161694250e-3,1.000000000000e0,2.199211689759e0,general_marcher,converged,3.051643577799e-8,7360,1.440807449589e2,general_marcher,converged,3.051643577799e-8,7360,1.440807449589e2,1.0e-6
monohull,fine,0.4100000,1.722584150920,1,,0.000000000000,0.482000000000,2.218011284540e0,3.101600190524e-3,1.000000000000e0,2.218011284540e0,general_marcher,converged,3.015405972772e-8,7360,1.444383791864e2,general_marcher,converged,3.015405972772e-8,7360,1.444383791864e2,1.0e-6
monohull,fine,0.4150000,1.743591274711,1,,0.000000000000,0.482000000000,2.398031031927e0,3.273017912748e-3,1.000000000000e0,2.398031031927e0,general_marcher,converged,3.055049869768e-8,7152,1.436213926492e2,general_marcher,converged,3.055049869768e-8,7152,1.436213926492e2,1.0e-6
monohull,fine,0.4200000,1.764598398503,1,,0.000000000000,0.482000000000,2.577192257424e0,3.434298292128e-3,1.000000000000e0,2.577192257424e0,general_marcher,converged,2.822874566197e-8,7168,1.470058506035e2,general_marcher,converged,2.822874566197e-8,7168,1.470058506035e2,1.0e-6
monohull,fine,0.4250000,1.785605522295,1,,0.000000000000,0.482000000000,2.754293031091e0,3.584446147071e-3,1.000000000000e0,2.754293031091e0,general_marcher,converged,2.572974642273e-8,7088,1.504303823546e2,general_marcher,converged,2.572974642273e-8,7088,1.504303823546e2,1.0e-6
monohull,fine,0.4300000,1.806612646087,1,,0.000000000000,0.482000000000,2.928320326955e0,3.722814936897e-3,1.000000000000e0,2.928320326955e0,general_marcher,converged,2.454280982426e-8,7088,1.538949880986e2,general_marcher,converged,2.454280982426e-8,7088,1.538949880986e2,1.0e-6
monohull,measured_fixed,0.4327348,1.818102702516,1,,0.000000000000,0.482000000000,3.021899008803e0,3.793377631025e-3,1.000000000000e0,3.021899008803e0,general_marcher,converged,2.823225783409e-8,6944,1.505945603608e2,general_marcher,converged,2.823225783409e-8,6944,1.505945603608e2,1.0e-6
monohull,fine,0.4350000,1.827619769878,1,,0.000000000000,0.482000000000,3.098438347327e0,3.849055043904e-3,1.000000000000e0,3.098438347327e0,general_marcher,converged,2.688273657912e-8,6944,1.521325940861e2,general_marcher,converged,2.688273657912e-8,6944,1.521325940861e2,1.0e-6
monohull,fine,0.4400000,1.848626893670,1,,0.000000000000,0.482000000000,3.263974476433e0,3.963064838746e-3,1.000000000000e0,3.263974476433e0,general_marcher,converged,2.346885502490e-8,6864,1.555556163045e2,general_marcher,converged,2.346885502490e-8,6864,1.555556163045e2,1.0e-6
monohull,fine,0.4450000,1.869634017462,1,,0.000000000000,0.482000000000,3.424403897748e0,4.064945595849e-3,1.000000000000e0,3.424403897748e0,general_marcher,converged,2.788657374260e-8,6720,1.535062274138e2,general_marcher,converged,2.788657374260e-8,6720,1.535062274138e2,1.0e-6
monohull,fine,0.4500000,1.890641141253,1,,0.000000000000,0.482000000000,3.579333762959e0,4.154960947753e-3,1.000000000000e0,3.579333762959e0,general_marcher,converged,2.599275399748e-8,6640,1.568659397110e2,general_marcher,converged,2.599275399748e-8,6640,1.568659397110e2,1.0e-6
monohull,measured_free,0.4521547,1.899693951180,1,,0.000000000000,0.482000000000,3.644330719384e0,4.190187524855e-3,1.000000000000e0,3.644330719384e0,general_marcher,converged,2.720311697544e-8,6496,1.526411797745e2,general_marcher,converged,2.720311697544e-8,6496,1.526411797745e2,1.0e-6
monohull,fine,0.4550000,1.911648265045,1,,0.000000000000,0.482000000000,3.728487448317e0,4.233501020916e-3,1.000000000000e0,3.728487448317e0,general_marcher,converged,2.599131984529e-8,6496,1.545069486596e2,general_marcher,converged,2.599131984529e-8,6496,1.545069486596e2,1.0e-6
monohull,measured_fixed,0.4551411,1.912241086079,1,,0.000000000000,0.482000000000,3.732610822030e0,4.235555511847e-3,1.000000000000e0,3.732610822030e0,general_marcher,converged,2.593688871273e-8,6496,1.545997736062e2,general_marcher,converged,2.593688871273e-8,6496,1.545997736062e2,1.0e-6
monohull,fine,0.4600000,1.932655388837,1,,0.000000000000,0.482000000000,3.871689423429e0,4.301051328923e-3,1.000000000000e0,3.871689423429e0,general_marcher,converged,2.437475093216e-8,6496,1.578145942559e2,general_marcher,converged,2.437475093216e-8,6496,1.578145942559e2,1.0e-6
monohull,measured_free,0.4637269,1.948313678769,1,,0.000000000000,0.482000000000,3.974502073337e0,4.344581274395e-3,1.000000000000e0,3.974502073337e0,general_marcher,converged,2.354194624510e-8,6496,1.603036227176e2,general_marcher,converged,2.354194624510e-8,6496,1.603036227176e2,1.0e-6
monohull,measured_free,0.4647329,1.952540312076,1,,0.000000000000,0.482000000000,4.001677029287e0,4.355369180063e-3,1.000000000000e0,4.001677029287e0,general_marcher,converged,2.336262819388e-8,6496,1.609788808840e2,general_marcher,converged,2.336262819388e-8,6496,1.609788808840e2,1.0e-6
monohull,fine,0.4650000,1.953662512629,1,,0.000000000000,0.482000000000,4.008850940591e0,4.358166111174e-3,1.000000000000e0,4.008850940591e0,general_marcher,converged,2.331788138375e-8,6496,1.611584091718e2,general_marcher,converged,2.331788138375e-8,6496,1.611584091718e2,1.0e-6
monohull,fine,0.4700000,1.974669636420,1,,0.000000000000,0.482000000000,4.139956815877e0,4.405445894962e-3,1.000000000000e0,4.139956815877e0,general_marcher,converged,2.197462616059e-8,6416,1.645378878501e2,general_marcher,converged,2.197462616059e-8,6416,1.645378878501e2,1.0e-6
monohull,measured_free,0.4736704,1.990090545853,1,,0.000000000000,0.482000000000,4.232369549818e0,4.434257053156e-3,1.000000000000e0,4.232369549818e0,general_marcher,converged,2.170222820215e-8,6416,1.670413945237e2,general_marcher,converged,2.170222820215e-8,6416,1.670413945237e2,1.0e-6
monohull,fine,0.4750000,1.995676760212,1,,0.000000000000,0.482000000000,4.265053349607e0,4.443518835477e-3,1.000000000000e0,4.265053349607e0,general_marcher,converged,2.467234992680e-8,6288,1.623807340945e2,general_marcher,converged,2.467234992680e-8,6288,1.623807340945e2,1.0e-6
monohull,measured_fixed,0.4766184,2.002476346041,1,,0.000000000000,0.482000000000,4.304272097896e0,4.453976135248e-3,1.000000000000e0,4.304272097896e0,general_marcher,converged,2.451813389443e-8,6288,1.634557694940e2,general_marcher,converged,2.451813389443e-8,6288,1.634557694940e2,1.0e-6
monohull,fine,0.4800000,2.016683884004,1,,0.000000000000,0.482000000000,4.384237464018e0,4.473025467369e-3,1.000000000000e0,4.384237464018e0,general_marcher,converged,2.424395145605e-8,6288,1.657136673540e2,general_marcher,converged,2.424395145605e-8,6288,1.657136673540e2,1.0e-6
monohull,fine,0.4850000,2.037691007795,1,,0.000000000000,0.482000000000,4.497647000222e0,4.494606403380e-3,1.000000000000e0,4.497647000222e0,general_marcher,converged,2.387146658442e-8,6288,1.690810292404e2,general_marcher,converged,2.387146658442e-8,6288,1.690810292404e2,1.0e-6
monohull,measured_free,0.4856821,2.040556799623,1,,0.000000000000,0.482000000000,4.512679780970e0,4.496971120422e-3,1.000000000000e0,4.512679780970e0,general_marcher,converged,2.381754609536e-8,6288,1.695430734614e2,general_marcher,converged,2.381754609536e-8,6288,1.695430734614e2,1.0e-6
monohull,fine,0.4900000,2.058698131587,1,,0.000000000000,0.482000000000,4.605452195738e0,4.508892648742e-3,1.000000000000e0,4.605452195738e0,general_marcher,converged,2.343070063356e-8,6288,1.724828191987e2,general_marcher,converged,2.343070063356e-8,6288,1.724828191987e2,1.0e-6
monohull,fine,0.4950000,2.079705255379,1,,0.000000000000,0.482000000000,4.707848227940e0,4.516498106011e-3,1.000000000000e0,4.707848227940e0,general_marcher,converged,2.419264764300e-8,6064,1.691158753029e2,general_marcher,converged,2.419264764300e-8,6064,1.691158753029e2,1.0e-6
monohull,measured_free,0.4974785,2.090118486642,1,,0.000000000000,0.482000000000,4.756666053015e0,4.517974826548e-3,1.000000000000e0,4.756666053015e0,general_marcher,converged,2.348910550908e-8,6064,1.707637056836e2,general_marcher,converged,2.348910550908e-8,6064,1.707637056836e2,1.0e-6
monohull,measured_fixed,0.4995343,2.098755775660,1,,0.000000000000,0.482000000000,4.796208936117e0,4.518114603265e-3,1.000000000000e0,4.796208936117e0,general_marcher,converged,2.296639205991e-8,6064,1.721366636018e2,general_marcher,converged,2.296639205991e-8,6064,1.721366636018e2,1.0e-6
monohull,measured_fixed,0.4999527,2.100513651779,1,,0.000000000000,0.482000000000,4.804152917210e0,4.518026387776e-3,1.000000000000e0,4.804152917210e0,general_marcher,converged,2.286685486970e-8,6064,1.724167744326e2,general_marcher,converged,2.286685486970e-8,6064,1.724167744326e2,1.0e-6
monohull,fine,0.5000000,2.100712379170,1,,0.000000000000,0.482000000000,4.805048789184e0,4.518013973703e-3,1.000000000000e0,4.805048789184e0,general_marcher,converged,2.285575061931e-8,6064,1.724484554370e2,general_marcher,converged,2.285575061931e-8,6064,1.724484554370e2,1.0e-6
monohull,fine,0.5050000,2.121719502962,1,,0.000000000000,0.482000000000,4.897280544089e0,4.514004670538e-3,1.000000000000e0,4.897280544089e0,general_marcher,converged,2.184617375563e-8,6064,1.758140743430e2,general_marcher,converged,2.184617375563e-8,6064,1.758140743430e2,1.0e-6
monohull,measured_free,0.5079418,2.134079254316,1,,0.000000000000,0.482000000000,4.949318781905e0,4.509280970207e-3,1.000000000000e0,4.949318781905e0,general_marcher,converged,2.139718753660e-8,6064,1.778097073608e2,general_marcher,converged,2.139718753660e-8,6064,1.778097073608e2,1.0e-6
monohull,fine,0.5100000,2.142726626754,1,,0.000000000000,0.482000000000,4.984778462765e0,4.505005093959e-3,1.000000000000e0,4.984778462765e0,general_marcher,converged,2.114074632371e-8,6064,1.792127311652e2,general_marcher,converged,2.114074632371e-8,6064,1.792127311652e2,1.0e-6
monohull,fine,0.5150000,2.163733750546,1,,0.000000000000,0.482000000000,5.067781877509e0,4.491518913417e-3,1.000000000000e0,5.067781877509e0,general_marcher,converged,2.439322935715e-8,5936,1.761034684866e2,general_marcher,converged,2.439322935715e-8,5936,1.761034684866e2,1.0e-6
monohull,measured_free,0.5184016,2.178025317004,1,,0.000000000000,0.482000000000,5.121804627887e0,4.480021708228e-3,1.000000000000e0,5.121804627887e0,general_marcher,converged,2.397919976358e-8,5936,1.783703523663e2,general_marcher,converged,2.397919976358e-8,5936,1.783703523663e2,1.0e-6
monohull,measured_fixed,0.5189296,2.180243669276,1,,0.000000000000,0.482000000000,5.130018433972e0,4.478079659645e-3,1.000000000000e0,5.130018433972e0,general_marcher,converged,2.392517263455e-8,5936,1.787235402438e2,general_marcher,converged,2.392517263455e-8,5936,1.787235402438e2,1.0e-6
monohull,fine,0.5200000,2.184740874337,1,,0.000000000000,0.482000000000,5.146531226693e0,4.474017738910e-3,1.000000000000e0,5.146531226693e0,general_marcher,converged,2.382329220086e-8,5936,1.794406366478e2,general_marcher,converged,2.382329220086e-8,5936,1.794406366478e2,1.0e-6
monohull,fine,0.5250000,2.205747998129,1,,0.000000000000,0.482000000000,5.221265343326e0,4.452940933604e-3,1.000000000000e0,5.221265343326e0,general_marcher,converged,2.346316824962e-8,5936,1.828096076074e2,general_marcher,converged,2.346316824962e-8,5936,1.828096076074e2,1.0e-6
monohull,measured_free,0.5292311,2.223524646424,1,,0.000000000000,0.482000000000,5.281544689053e0,4.432615092925e-3,1.000000000000e0,5.281544689053e0,general_marcher,converged,2.248049145021e-8,5856,1.856853402562e2,general_marcher,converged,2.248049145021e-8,5856,1.856853402562e2,1.0e-6
monohull,fine,0.5300000,2.226755121921,1,,0.000000000000,0.482000000000,5.292219292925e0,4.428695992833e-3,1.000000000000e0,5.292219292925e0,general_marcher,converged,2.245556152872e-8,5856,1.862103802234e2,general_marcher,converged,2.245556152872e-8,5856,1.862103802234e2,1.0e-6
monohull,fine,0.5350000,2.247762245712,1,,0.000000000000,0.482000000000,5.359622633779e0,4.401659312190e-3,1.000000000000e0,5.359622633779e0,general_marcher,converged,2.231706993542e-8,5856,1.896429532861e2,general_marcher,converged,2.231706993542e-8,5856,1.896429532861e2,1.0e-6
monohull,fine,0.5400000,2.268769369504,1,,0.000000000000,0.482000000000,5.423698061795e0,4.372177262654e-3,1.000000000000e0,5.423698061795e0,general_marcher,converged,2.233582228070e-8,5872,1.931073255203e2,general_marcher,converged,2.233582228070e-8,5872,1.931073255203e2,1.0e-6
monohull,measured_fixed,0.5426641,2.279962385203,1,,0.000000000000,0.482000000000,5.456554147642e0,4.355580677777e-3,1.000000000000e0,5.456554147642e0,general_marcher,converged,2.223876035249e-8,5872,1.949661973395e2,general_marcher,converged,2.223876035249e-8,5872,1.949661973395e2,1.0e-6
monohull,fine,0.5450000,2.289776493296,1,,0.000000000000,0.482000000000,5.484660380735e0,4.340567483945e-3,1.000000000000e0,5.484660380735e0,general_marcher,converged,2.214431090681e-8,5872,1.966017704880e2,general_marcher,converged,2.214431090681e-8,5872,1.966017704880e2,1.0e-6
monohull,fine,0.5500000,2.310783617088,1,,0.000000000000,0.482000000000,5.542715748651e0,4.307120326485e-3,1.000000000000e0,5.542715748651e0,general_marcher,converged,2.191752261076e-8,5872,2.001097252739e2,general_marcher,converged,2.191752261076e-8,5872,2.001097252739e2,1.0e-6
monohull,measured_free,0.5509479,2.314766147616,1,,0.000000000000,0.482000000000,5.553410465789e0,4.300594419717e-3,1.000000000000e0,5.553410465789e0,general_marcher,converged,2.185674588517e-8,5872,2.007783213216e2,general_marcher,converged,2.185674588517e-8,5872,2.007783213216e2,1.0e-6
monohull,measured_free,0.5546001,2.330110591118,1,,0.000000000000,0.482000000000,5.593729853948e0,4.274953333104e-3,1.000000000000e0,5.593729853948e0,general_marcher,converged,2.369011476728e-8,5728,1.948383969193e2,general_marcher,converged,2.369011476728e-8,5728,1.948383969193e2,1.0e-6
monohull,measured_fixed,0.5550133,2.331846619828,1,,0.000000000000,0.482000000000,5.598204926131e0,4.272005350764e-3,1.000000000000e0,5.598204926131e0,general_marcher,converged,2.360790689199e-8,5728,1.951194024367e2,general_marcher,converged,2.360790689199e-8,5728,1.951194024367e2,1.0e-6
monohull,measured_free,0.5739266,2.411309426710,1,,0.000000000000,0.482000000000,5.786174460126e0,4.129225431904e-3,1.000000000000e0,5.786174460126e0,general_marcher,converged,2.251234016895e-8,5664,2.092165259264e2,general_marcher,converged,2.251234016895e-8,5664,2.092165259264e2,1.0e-6
monohull,measured_fixed,0.5865610,2.464391907677,1,,0.000000000000,0.482000000000,5.896042667395e0,4.028320598200e-3,1.000000000000e0,5.896042667395e0,general_marcher,converged,2.027651526513e-8,5664,2.182418307870e2,general_marcher,converged,2.027651526513e-8,5664,2.182418307870e2,1.0e-6
monohull,measured_fixed,0.5918320,2.486537617578,1,,0.000000000000,0.482000000000,5.938816288041e0,3.985591470047e-3,1.000000000000e0,5.938816288041e0,general_marcher,converged,1.937417409348e-8,5664,2.220643907596e2,general_marcher,converged,1.937417409348e-8,5664,2.220643907596e2,1.0e-6
monohull,measured_free,0.6082073,2.555337208424,1,,0.000000000000,0.482000000000,6.062109743884e0,3.852213191307e-3,1.000000000000e0,6.062109743884e0,general_marcher,converged,1.724459627634e-8,5664,2.341549043107e2,general_marcher,converged,1.724459627634e-8,5664,2.341549043107e2,1.0e-6
monohull,measured_free,0.6298281,2.646175372839,1,,0.000000000000,0.482000000000,6.207249033717e0,3.678280801846e-3,1.000000000000e0,6.207249033717e0,general_marcher,converged,1.854419325379e-8,5456,2.408505896376e2,general_marcher,converged,1.854419325379e-8,5456,2.408505896376e2,1.0e-6
monohull,measured_fixed,0.6298754,2.646374100230,1,,0.000000000000,0.482000000000,6.207548790871e0,3.677905990249e-3,1.000000000000e0,6.207548790871e0,general_marcher,converged,1.854214015349e-8,5456,2.408857592728e2,general_marcher,converged,1.854214015349e-8,5456,2.408857592728e2,1.0e-6
monohull,measured_fixed,0.6326183,2.657898188200,1,,0.000000000000,0.482000000000,6.224816140998e0,3.656224071928e-3,1.000000000000e0,6.224816140998e0,general_marcher,converged,1.843674656721e-8,5456,2.429296823689e2,general_marcher,converged,1.843674656721e-8,5456,2.429296823689e2,1.0e-6
monohull,measured_free,0.6540240,2.747832626149,1,,0.000000000000,0.482000000000,6.352732323527e0,3.491105412040e-3,1.000000000000e0,6.352732323527e0,general_marcher,converged,1.815575216639e-8,5456,2.591815246050e2,general_marcher,converged,1.815575216639e-8,5456,2.591815246050e2,1.0e-6
monohull,measured_free,0.6848219,2.877227685714,1,,0.000000000000,0.482000000000,6.520865599056e0,3.268434193693e-3,1.000000000000e0,6.520865599056e0,general_marcher,converged,1.940569324534e-8,5312,2.705239284280e2,general_marcher,converged,1.940569324534e-8,5312,2.705239284280e2,1.0e-6
monohull,measured_free,0.7231832,3.038399801296,1,,0.000000000000,0.482000000000,6.713689308293e0,3.017549192984e-3,1.000000000000e0,6.713689308293e0,general_marcher,converged,2.042457465653e-8,5120,2.878749709628e2,general_marcher,converged,2.042457465653e-8,5120,2.878749709628e2,1.0e-6
monohull,measured_free,0.7395979,3.107364928277,1,,0.000000000000,0.482000000000,6.792360497604e0,2.918899657675e-3,1.000000000000e0,6.792360497604e0,general_marcher,converged,2.021436086937e-8,5120,3.006659713061e2,general_marcher,converged,2.021436086937e-8,5120,3.006659713061e2,1.0e-6
monohull,measured_free,0.7439806,3.125778512565,1,,0.000000000000,0.482000000000,6.813048860695e0,2.893397208923e-3,1.000000000000e0,6.813048860695e0,general_marcher,converged,2.020137448055e-8,5120,3.041289321388e2,general_marcher,converged,2.020137448055e-8,5120,3.041289321388e2,1.0e-6
monohull,measured_fixed,0.7631132,3.206162691897,1,,0.000000000000,0.482000000000,6.901936816829e0,2.786010983834e-3,1.000000000000e0,6.901936816829e0,general_marcher,converged,1.925855737573e-8,5040,3.194823585430e2,general_marcher,converged,1.925855737573e-8,5040,3.194823585430e2,1.0e-6
monohull,measured_free,0.7859867,3.302263981107,1,,0.000000000000,0.482000000000,7.005354531020e0,2.665566376058e-3,1.000000000000e0,7.005354531020e0,general_marcher,converged,1.560422620717e-8,5056,3.402380441772e2,general_marcher,converged,1.560422620717e-8,5056,3.402380441772e2,1.0e-6
monohull,measured_free,0.7950963,3.340537280085,1,,0.000000000000,0.482000000000,7.045711551539e0,2.619842427961e-3,1.000000000000e0,7.045711551539e0,general_marcher,converged,1.534143326531e-8,5056,3.479460963389e2,general_marcher,converged,1.534143326531e-8,5056,3.479460963389e2,1.0e-6
monohull,measured_fixed,0.8081353,3.395319657509,1,,0.000000000000,0.482000000000,7.102659332861e0,2.556481219723e-3,1.000000000000e0,7.102659332861e0,general_marcher,converged,1.515216872732e-8,5056,3.591315018835e2,general_marcher,converged,1.515216872732e-8,5056,3.591315018835e2,1.0e-6
monohull,measured_free,0.8191941,3.441782373627,1,,0.000000000000,0.482000000000,7.150198291541e0,2.504576095231e-3,1.000000000000e0,7.150198291541e0,general_marcher,converged,1.507916001488e-8,5056,3.687589772648e2,general_marcher,converged,1.507916001488e-8,5056,3.687589772648e2,1.0e-6
monohull,measured_free,0.8307696,3.490415965917,1,,0.000000000000,0.482000000000,7.199198160902e0,2.451956223826e-3,1.000000000000e0,7.199198160902e0,general_marcher,converged,1.941697175757e-8,4912,3.599199149132e2,general_marcher,converged,1.941697175757e-8,4912,3.599199149132e2,1.0e-6
monohull,measured_free,0.8515874,3.577880386251,1,,0.000000000000,0.482000000000,7.285307799763e0,2.361452573718e-3,1.000000000000e0,7.285307799763e0,general_marcher,converged,1.759313100884e-8,4912,3.776823976275e2,general_marcher,converged,1.759313100884e-8,4912,3.776823976275e2,1.0e-6
monohull,measured_fixed,0.8536050,3.586357180844,1,,0.000000000000,0.482000000000,7.293512159428e0,2.352949398106e-3,1.000000000000e0,7.293512159428e0,general_marcher,converged,1.743057954021e-8,4912,3.794269760301e2,general_marcher,converged,1.743057954021e-8,4912,3.794269760301e2,1.0e-6
monohull,measured_free,0.8756470,3.678964985367,1,,0.000000000000,0.482000000000,7.381460260149e0,2.262944665388e-3,1.000000000000e0,7.381460260149e0,general_marcher,converged,1.734113191582e-8,4928,4.011028336249e2,general_marcher,converged,1.734113191582e-8,4928,4.011028336249e2,1.0e-6
monohull,measured_fixed,0.8994747,3.779075274081,1,,0.000000000000,0.482000000000,7.472929798535e0,2.171214720460e-3,1.000000000000e0,7.472929798535e0,general_marcher,converged,1.815920377700e-8,4704,4.003622774693e2,general_marcher,converged,1.815920377700e-8,4704,4.003622774693e2,1.0e-6
monohull,measured_free,0.9078465,3.814248761873,1,,0.000000000000,0.482000000000,7.504141629861e0,2.140257125934e-3,1.000000000000e0,7.504141629861e0,general_marcher,converged,1.784102905129e-8,4720,4.076595480678e2,general_marcher,converged,1.784102905129e-8,4720,4.076595480678e2,1.0e-6
monohull,measured_free,0.9200479,3.865512025920,1,,0.000000000000,0.482000000000,7.548742117502e0,2.096251995706e-3,1.000000000000e0,7.548742117502e0,general_marcher,converged,1.728311053844e-8,4720,4.184148089802e2,general_marcher,converged,1.728311053844e-8,4720,4.184148089802e2,1.0e-6
s_l_0_2,measured_fixed,0.2373956,0.997399751361,2,0.2,0.360000000000,0.964000000000,8.659546912137e-1,1.805966207975e-3,1.293944234594e0,3.346182424491e-1,general_marcher,converged,3.124013198518e-7,38144,3.457411264603e1,general_marcher,converged,4.963629605918e-8,12640,8.918465235922e1,1.0e-6
s_l_0_2,fine,0.2500000,1.050356189585,2,0.2,0.360000000000,0.964000000000,5.145842399755e-1,9.676899814586e-4,9.093977151307e-1,2.829258482915e-1,general_marcher,converged,2.933874337032e-7,43104,3.913410622734e1,general_marcher,converged,4.875508265006e-8,12864,1.004189490966e2,1.0e-6
s_l_0_2,fine,0.2550000,1.071363313377,2,0.2,0.360000000000,0.964000000000,3.807178064383e-1,6.881492006825e-4,7.606210878761e-1,2.502677170715e-1,general_marcher,converged,6.007414525054e-7,46672,4.070907213335e1,general_marcher,converged,5.725483817172e-8,12960,1.045809066457e2,1.0e-6
s_l_0_2,fine,0.2600000,1.092370437169,2,0.2,0.360000000000,0.964000000000,3.626766950631e-1,6.305691720223e-4,7.441684739572e-1,2.436791585207e-1,general_marcher,converged,4.568274940985e-7,46480,4.230082856357e1,general_marcher,converged,5.307752670943e-8,12960,1.086256720960e2,1.0e-6
s_l_0_2,fine,0.2650000,1.113377560960,2,0.2,0.360000000000,0.964000000000,4.835659101658e-1,8.093264054590e-4,8.837921084515e-1,2.735744670842e-1,general_marcher,converged,3.942420233108e-7,44240,4.260884485082e1,general_marcher,converged,5.396065856083e-8,12528,1.088098854608e2,1.0e-6
s_l_0_2,fine,0.2700000,1.134384684752,2,0.2,0.360000000000,0.964000000000,7.281893270128e-1,1.174022883353e-3,1.073637565958e0,3.391225074931e-1,general_marcher,converged,3.138204642074e-7,37280,3.922631917549e1,general_marcher,converged,5.130743659985e-8,12080,1.087732972406e2,1.0e-6
s_l_0_2,fine,0.2750000,1.155391808544,2,0.2,0.360000000000,0.964000000000,1.055528790450e0,1.640455587008e-3,1.225054746193e0,4.308088245566e-1,general_marcher,converged,2.144566742566e-7,36032,3.973956615861e1,general_marcher,converged,4.746887708462e-8,11408,1.063887427326e2,1.0e-6
s_l_0_2,fine,0.2800000,1.176398932335,2,0.2,0.360000000000,0.964000000000,1.413154629412e0,2.118524076294e-3,1.321886098445e0,5.345220859325e-1,general_marcher,converged,2.705856010784e-7,33408,3.823860439166e1,general_marcher,converged,4.670063072090e-8,10832,1.038575798693e2,1.0e-6
s_l_0_2,fine,0.2850000,1.197406056127,2,0.2,0.360000000000,0.964000000000,1.749516704456e0,2.531559589579e-3,1.376376296238e0,6.355517416412e-1,general_marcher,converged,2.009796579025e-7,32832,3.909626247213e1,general_marcher,converged,4.450869883935e-8,10384,1.029570202110e2,1.0e-6
s_l_0_2,fine,0.2900000,1.218413179919,2,0.2,0.360000000000,0.964000000000,2.022456207489e0,2.826460443332e-3,1.401418754075e0,7.215745477959e-1,general_marcher,converged,2.762476236669e-7,32272,3.839174127904e1,general_marcher,converged,3.866796453626e-8,10304,1.065030717667e2,1.0e-6
s_l_0_2,fine,0.2950000,1.239420303711,2,0.2,0.360000000000,0.964000000000,2.203811190956e0,2.976392031828e-3,1.404895738886e0,7.843326483087e-1,general_marcher,converged,3.070498089508e-7,30800,3.864380557809e1,general_marcher,converged,4.368372493412e-8,9936,1.052399408899e2,1.0e-6
s_l_0_2,fine,0.3000000,1.260427427502,2,0.2,0.360000000000,0.964000000000,2.280741048427e0,2.978470140727e-3,1.390489734282e0,8.201214982735e-1,general_marcher,converged,3.301815798828e-7,30112,3.825716154223e1,general_marcher,converged,4.219563132452e-8,9712,1.062243340140e2,1.0e-6
s_l_0_2,measured_fixed,0.3014570,1.266548903375,2,0.2,0.360000000000,0.964000000000,2.283389367877e0,2.953173820779e-3,1.383117621139e0,8.254501761016e-1,general_marcher,converged,3.132998299034e-7,29536,3.860926437700e1,general_marcher,converged,4.104408905768e-8,9712,1.072312470050e2,1.0e-6
s_l_0_2,fine,0.3050000,1.281434551294,2,0.2,0.360000000000,0.964000000000,2.254666908274e0,2.848672303536e-3,1.359204936623e0,8.294065330121e-1,general_marcher,converged,2.977163155695e-7,29312,3.892915352022e1,general_marcher,converged,3.979005805949e-8,9712,1.096999396831e2,1.0e-6
s_l_0_2,measured_fixed,0.3070519,1.290055454756,2,0.2,0.360000000000,0.964000000000,2.216883748654e0,2.763625063099e-3,1.341403647898e0,8.263298493813e-1,general_marcher,converged,1.926390899651e-7,31584,4.122989460443e1,general_marcher,converged,3.997568685551e-8,9712,1.111427365311e2,1.0e-6
s_l_0_2,fine,0.3100000,1.302441675086,2,0.2,0.360000000000,0.964000000000,2.138715836168e0,2.615709312680e-3,1.310601094328e0,8.159293645583e-1,general_marcher,converged,2.716343103128e-7,29648,4.024075442393e1,general_marcher,converged,4.111159889349e-8,9712,1.132324839891e2,1.0e-6
s_l_0_2,fine,0.3150000,1.323448798877,2,0.2,0.360000000000,0.964000000000,1.954433624781e0,2.315045863602e-3,1.243888452091e0,7.856145064676e-1,general_marcher,converged,3.218746592585e-7,31376,4.281739743664e1,general_marcher,converged,3.581240681950e-8,9856,1.195974123208e2,1.0e-6
s_l_0_2,measured_fixed,0.3188420,1.339590672799,2,0.2,0.360000000000,0.964000000000,1.782949584087e0,2.061331285256e-3,1.180324554061e0,7.552793754704e-1,general_marcher,converged,3.493329894928e-7,30304,4.128406172437e1,general_marcher,converged,3.586879636314e-8,9856,1.224623567477e2,1.0e-6
s_l_0_2,fine,0.3200000,1.344455922669,2,0.2,0.360000000000,0.964000000000,1.728354540540e0,1.983776125819e-3,1.159190512981e0,7.455006408287e-1,general_marcher,converged,2.496276616755e-7,32256,4.352996296668e1,general_marcher,converged,3.634543729653e-8,9872,1.233326222131e2,1.0e-6
s_l_0_2,fine,0.3250000,1.365463046461,2,0.2,0.360000000000,0.964000000000,1.488842384028e0,1.656692029498e-3,1.059174938702e0,7.028311989011e-1,general_marcher,converged,5.066173206186e-7,34816,4.424261772802e1,general_marcher,converged,3.902113221406e-8,9872,1.271202680584e2,1.0e-6
s_l_0_2,fine,0.3300000,1.386470170253,2,0.2,0.360000000000,0.964000000000,1.263452289375e0,1.363611791455e-3,9.508717304864e-1,6.643652602486e-1,general_marcher,converged,4.369956288634e-7,34752,4.559891900831e1,general_marcher,converged,4.266564747512e-8,9872,1.309619637079e2,1.0e-6
s_l_0_2,fine,0.3350000,1.407477294044,2,0.2,0.360000000000,0.964000000000,1.076933723176e0,1.127870256103e-3,8.467559265962e-1,6.359174405224e-1,general_marcher,converged,4.265182602998e-7,35328,4.696638777181e1,general_marcher,converged,3.570674207914e-8,10096,1.380015456551e2,1.0e-6
s_l_0_2,fine,0.3400000,1.428484417836,2,0.2,0.360000000000,0.964000000000,9.498915933825e-1,9.657750712936e-4,7.634515171453e-1,6.221034159015e-1,general_marcher,converged,2.772212970878e-7,37920,5.054442650095e1,general_marcher,converged,3.659631856025e-8,10096,1.420538988591e2,1.0e-6
s_l_0_2,measured_fixed,0.3417680,1.435912536809,2,0.2,0.360000000000,0.964000000000,9.223106776154e-1,9.280560872014e-4,7.421413954094e-1,6.213847410483e-1,general_marcher,converged,2.024687429118e-7,36928,5.035234979182e1,general_marcher,converged,4.408703541913e-8,9952,1.402331807761e2,1.0e-6
s_l_0_2,fine,0.3450000,1.449491541628,2,0.2,0.360000000000,0.964000000000,8.980514683740e-1,8.867941474201e-4,7.170048982350e-1,6.262519758126e-1,general_marcher,converged,3.918284564185e-7,37200,5.053276938470e1,general_marcher,converged,4.080901923474e-8,9872,1.428358164772e2,1.0e-6
s_l_0_2,fine,0.3500000,1.470498665419,2,0.2,0.360000000000,0.964000000000,9.320371967684e-1,8.942458582843e-4,7.164666037676e-1,6.504400846230e-1,general_marcher,converged,3.181316068856e-7,36112,5.050439850361e1,general_marcher,converged,4.100312508360e-8,9744,1.438643719244e2,1.0e-6
s_l_0_2,measured_fixed,0.3526235,1.481521103273,2,0.2,0.360000000000,0.964000000000,9.863033223204e-1,9.322830184307e-4,7.343968780405e-1,6.715056611842e-1,general_marcher,converged,3.107469075939e-7,36240,5.122675070645e1,general_marcher,converged,3.828924011232e-8,9744,1.459795375971e2,1.0e-6
s_l_0_2,fine,0.3550000,1.491505789211,2,0.2,0.360000000000,0.964000000000,1.057544198258e0,9.862831237555e-4,7.601559029839e-1,6.956100676891e-1,general_marcher,converged,3.336023191666e-7,33952,4.957526199062e1,general_marcher,converged,3.515784470147e-8,9664,1.479090804288e2,1.0e-6
s_l_0_2,fine,0.3600000,1.512512913003,2,0.2,0.360000000000,0.964000000000,1.275796845316e0,1.157007844503e-3,8.374290337845e-1,7.617343045479e-1,general_marcher,converged,4.806974176053e-7,32832,4.854174979268e1,general_marcher,converged,3.886019944935e-8,9296,1.447636474528e2,1.0e-6
s_l_0_2,measured_fixed,0.3648696,1.532972171006,2,0.2,0.360000000000,0.964000000000,1.575038272671e0,1.390514530052e-3,9.314180824490e-1,8.455055266536e-1,general_marcher,converged,2.346801228529e-7,32864,5.065999258355e1,general_marcher,converged,3.331381772318e-8,9216,1.486156050002e2,1.0e-6
s_l_0_2,fine,0.3650000,1.533520036794,2,0.2,0.360000000000,0.964000000000,1.584183246047e0,1.397588981852e-3,9.340698592062e-1,8.480004094090e-1,general_marcher,converged,4.493879514243e-7,30272,4.739473480336e1,general_marcher,converged,3.320933913763e-8,9216,1.487194594411e2,1.0e-6
s_l_0_2,fine,0.3700000,1.554527160586,2,0.2,0.360000000000,0.964000000000,1.976979787434e0,1.697299807918e-3,1.037243129058e0,9.529972925585e-1,general_marcher,converged,2.871535445967e-7,31024,4.957838419026e1,general_marcher,converged,3.630004307672e-8,8848,1.450786263046e2,1.0e-6
s_l_0_2,fine,0.3750000,1.575534284378,2,0.2,0.360000000000,0.964000000000,2.446092745895e0,2.044420209159e-3,1.137834944457e0,1.074889094332e0,general_marcher,converged,4.295362816531e-7,29104,4.737634280601e1,general_marcher,converged,3.163137510903e-8,8768,1.489323382937e2,1.0e-6
s_l_0_2,measured_fixed,0.3750358,1.575684695384,2,0.2,0.360000000000,0.964000000000,2.449703997292e0,2.047047589209e-3,1.138531091113e0,1.075817786802e0,general_marcher,converged,3.973724167857e-7,28784,4.738106370002e1,general_marcher,converged,3.160929679543e-8,8768,1.489600396880e2,1.0e-6
s_l_0_2,fine,0.3800000,1.596541408170,2,0.2,0.360000000000,0.964000000000,2.981772556900e0,2.426985050366e-3,1.230541584186e0,1.211569196531e0,general_marcher,converged,1.723994449805e-7,28096,4.863706203811e1,general_marcher,converged,3.482878614655e-8,8400,1.447619924228e2,1.0e-6
s_l_0_2,fine,0.3850000,1.617548531961,2,0.2,0.360000000000,0.964000000000,3.573255333647e0,2.833364007382e-3,1.312933538883e0,1.360790637082e0,general_marcher,converged,2.889616155431e-7,27792,4.807857030967e1,general_marcher,converged,3.141222948367e-8,8320,1.484937577825e2,1.0e-6
s_l_0_2,measured_fixed,0.3862202,1.622675110451,2,0.2,0.360000000000,0.964000000000,3.724800704367e0,2.934896923691e-3,1.331378802079e0,1.398850837398e0,general_marcher,converged,3.734954147425e-7,27616,4.740087094685e1,general_marcher,converged,3.409271108285e-8,8176,1.452486173423e2,1.0e-6
s_l_0_2,fine,0.3900000,1.638555655753,2,0.2,0.360000000000,0.964000000000,4.209324091164e0,3.252691928370e-3,1.384398334641e0,1.520272014867e0,general_marcher,converged,1.742116016270e-7,27104,4.935474359319e1,general_marcher,converged,2.979288792309e-8,8176,1.480287697235e2,1.0e-6
s_l_0_2,fine,0.3950000,1.659562779545,2,0.2,0.360000000000,0.964000000000,4.878769544314e0,3.675156977524e-3,1.445321538637e0,1.687779990090e0,general_marcher,converged,2.620196427762e-7,26080,4.765533777326e1,general_marcher,converged,3.176059707234e-8,7952,1.473946786892e2,1.0e-6
s_l_0_2,fine,0.4000000,1.680569903336,2,0.2,0.360000000000,0.964000000000,5.570760327250e0,4.092175703313e-3,1.496558309401e0,1.861190537066e0,general_marcher,converged,2.350968527275e-7,25312,4.783841492162e1,general_marcher,converged,2.865833331241e-8,7728,1.465875319066e2,1.0e-6
s_l_0_2,fine,0.4050000,1.701577027128,2,0.2,0.360000000000,0.964000000000,6.275116854728e0,4.496468468586e-3,1.539126580175e0,2.038531767157e0,general_marcher,converged,2.918694905341e-7,22352,4.493474993270e1,general_marcher,converged,2.525021497896e-8,7728,1.501756367012e2,1.0e-6
s_l_0_2,measured_fixed,0.4081803,1.714938818287,2,0.2,0.360000000000,0.964000000000,6.725260648619e0,4.744220008601e-3,1.562161915976e0,2.152549162747e0,general_marcher,converged,2.647427516212e-7,24912,4.770208643109e1,general_marcher,converged,3.147973801321e-8,7360,1.431943274424e2,1.0e-6
s_l_0_2,measured_free,0.4096791,1.721235913715,2,0.2,0.360000000000,0.964000000000,6.937186958922e0,4.857978211043e-3,1.572017336803e0,2.206460067746e0,general_marcher,converged,2.219418450541e-7,22480,4.596866178669e1,general_marcher,converged,3.037501071163e-8,7360,1.442185960871e2,1.0e-6
s_l_0_2,fine,0.4100000,1.722584150920,2,0.2,0.360000000000,0.964000000000,6.982511284533e0,4.882066759848e-3,1.574047736637e0,2.218011284540e0,general_marcher,converged,2.627033093107e-7,21904,4.501853174222e1,general_marcher,converged,3.015405972772e-8,7360,1.444383791864e2,1.0e-6
s_l_0_2,fine,0.4150000,1.743591274711,2,0.2,0.360000000000,0.964000000000,7.684588432952e0,5.244259823639e-3,1.602270431583e0,2.398031031927e0,general_marcher,converged,2.032554922515e-7,22032,4.609520395899e1,general_marcher,converged,3.055049869768e-8,7152,1.436213926492e2,1.0e-6
s_l_0_2,fine,0.4200000,1.764598398503,2,0.2,0.360000000000,0.964000000000,8.374033789807e0,5.579508059538e-3,1.624642819271e0,2.577192257424e0,general_marcher,converged,1.908676142443e-7,22160,4.717858518894e1,general_marcher,converged,2.822874566197e-8,7168,1.470058506035e2,1.0e-6
s_l_0_2,fine,0.4250000,1.785605522295,2,0.2,0.360000000000,0.964000000000,9.044592614813e0,5.885331514119e-3,1.641908197987e0,2.754293031091e0,general_marcher,converged,2.169622104694e-7,22704,4.953565667084e1,general_marcher,converged,2.572974642273e-8,7088,1.504303823546e2,1.0e-6
s_l_0_2,measured_fixed,0.4274176,1.795762886791,2,0.2,0.360000000000,0.964000000000,9.360459914997e0,6.022158283929e-3,1.648619570537e0,2.838878077843e0,general_marcher,converged,1.797835604351e-7,22528,4.883454867874e1,general_marcher,converged,2.512233769503e-8,7088,1.521005847087e2,1.0e-6
s_l_0_2,fine,0.4300000,1.806612646087,2,0.2,0.360000000000,0.964000000000,9.691048625740e0,6.160183407193e-3,1.654711155835e0,2.928320326955e0,general_marcher,converged,2.117993459149e-7,20560,4.601709087236e1,general_marcher,converged,2.454280982426e-8,7088,1.538949880986e2,1.0e-6
s_l_0_2,measured_free,0.4311054,1.811256901014,2,0.2,0.360000000000,0.964000000000,9.830274396388e0,6.216679758983e-3,1.656996736355e0,2.966292624695e0,general_marcher,converged,2.709370341482e-7,22320,4.746971360703e1,general_marcher,converged,2.925093199542e-8,6944,1.494931339878e2,1.0e-6
s_l_0_2,fine,0.4350000,1.827619769878,2,0.2,0.360000000000,0.964000000000,1.030918494517e1,6.403325782806e-3,1.663609823649e0,3.098438347327e0,general_marcher,converged,2.482533633148e-7,21328,4.711643112631e1,general_marcher,converged,2.688273657912e-8,6944,1.521325940861e2,1.0e-6
s_l_0_2,fine,0.4400000,1.848626893670,2,0.2,0.360000000000,0.964000000000,1.089570916205e1,6.614696619889e-3,1.669086146464e0,3.263974476433e0,general_marcher,converged,2.597665868106e-7,21776,4.822252786416e1,general_marcher,converged,2.346885502490e-8,6864,1.555556163045e2,1.0e-6
s_l_0_2,measured_free,0.4411669,1.853529536221,2,0.2,0.360000000000,0.964000000000,1.102776499941e1,6.659497229932e-3,1.669917684975e0,3.301888799259e0,general_marcher,converged,9.340135686449e-8,21856,4.968798043129e1,general_marcher,converged,2.869636592106e-8,6720,1.509456130600e2,1.0e-6
s_l_0_2,fine,0.4450000,1.869634017462,2,0.2,0.360000000000,0.964000000000,1.144817977982e1,6.794792519520e-3,1.671558046548e0,3.424403897748e0,general_marcher,converged,2.058963997452e-7,19568,4.685113162899e1,general_marcher,converged,2.788657374260e-8,6720,1.535062274138e2,1.0e-6
s_l_0_2,fine,0.4500000,1.890641141253,2,0.2,0.360000000000,0.964000000000,1.196492336644e1,6.944559046838e-3,1.671389727644e0,3.579333762959e0,general_marcher,converged,1.432655815490e-7,20912,4.908876290257e1,general_marcher,converged,2.599275399748e-8,6640,1.568659397110e2,1.0e-6
s_l_0_2,measured_fixed,0.4507196,1.893664486510,2,0.2,0.360000000000,0.964000000000,1.203628494854e1,6.963688778591e-3,1.671167314247e0,3.601160950770e0,general_marcher,converged,1.694449890412e-7,20016,4.804932677893e1,general_marcher,converged,2.582229306717e-8,6640,1.573525181299e2,1.0e-6
s_l_0_2,measured_free,0.4524752,1.901040507815,2,0.2,0.360000000000,0.964000000000,1.220717813323e1,7.007861366708e-3,1.670428648547e0,3.653905883334e0,general_marcher,converged,2.345943328981e-7,19840,4.709338946985e1,general_marcher,converged,2.705573402039e-8,6496,1.528507665928e2,1.0e-6
s_l_0_2,fine,0.4550000,1.911648265045,2,0.2,0.360000000000,0.964000000000,1.244493895853e1,7.065286193998e-3,1.668899135513e0,3.728487448317e0,general_marcher,converged,1.398634717499e-7,21680,5.021383545013e1,general_marcher,converged,2.599131984529e-8,6496,1.545069486596e2,1.0e-6
s_l_0_2,fine,0.4600000,1.932655388837,2,0.2,0.360000000000,0.964000000000,1.288781517499e1,7.158522872452e-3,1.664365831747e0,3.871689423429e0,general_marcher,converged,2.221184870347e-7,19072,4.731490071580e1,general_marcher,converged,2.437475093216e-8,6496,1.578145942559e2,1.0e-6
s_l_0_2,measured_free,0.4637624,1.948462829348,2,0.2,0.360000000000,0.964000000000,1.319662565113e1,7.211599643269e-3,1.659758664672e0,3.975465208294e0,general_marcher,converged,1.116056679181e-7,19696,4.949885779435e1,general_marcher,converged,2.353531978608e-8,6496,1.603274268360e2,1.0e-6
s_l_0_2,fine,0.4650000,1.953662512629,2,0.2,0.360000000000,0.964000000000,1.329365001917e1,7.226002645887e-3,1.658037454644e0,4.008850940591e0,general_marcher,converged,1.407332218021e-7,21136,5.107884405020e1,general_marcher,converged,2.331788138375e-8,6496,1.611584091718e2,1.0e-6
s_l_0_2,fine,0.4700000,1.974669636420,2,0.2,0.360000000000,0.964000000000,1.366295727212e1,7.269570880144e-3,1.650132825024e0,4.139956815877e0,general_marcher,converged,9.301107207449e-8,20144,5.078022762950e1,general_marcher,converged,2.197462616059e-8,6416,1.645378878501e2,1.0e-6
s_l_0_2,measured_free,0.4738100,1.990677064750,2,0.2,0.360000000000,0.964000000000,1.392037352869e1,7.287896982316e-3,1.643173065942e0,4.235820869150e0,general_marcher,converged,1.990114098138e-7,19072,4.879654524287e1,general_marcher,converged,2.480001331627e-8,6288,1.615925681272e2,1.0e-6
s_l_0_2,measured_fixed,0.4748048,1.994856642099,2,0.2,0.360000000000,0.964000000000,1.398423654011e1,7.290685105633e-3,1.641233957914e0,4.260281257489e0,general_marcher,converged,1.943288844712e-7,20192,5.042689751631e1,general_marcher,converged,2.469237770488e-8,6288,1.622513146704e2,1.0e-6
s_l_0_2,fine,0.4750000,1.995676760212,2,0.2,0.360000000000,0.964000000000,1.399660534451e1,7.291137341435e-3,1.640847628061e0,4.265053349607e0,general_marcher,converged,3.123944858857e-7,18896,4.767170266408e1,general_marcher,converged,2.467234992680e-8,6288,1.623807340945e2,1.0e-6
s_l_0_2,fine,0.4800000,2.016683884004,2,0.2,0.360000000000,0.964000000000,1.429574933612e1,7.292630860031e-3,1.630357554016e0,4.384237464018e0,general_marcher,converged,1.897152788481e-7,19520,5.008236784947e1,general_marcher,converged,2.424395145605e-8,6288,1.657136673540e2,1.0e-6
s_l_0_2,fine,0.4850000,2.037691007795,2,0.2,0.360000000000,0.964000000000,1.456175852239e1,7.275957083334e-3,1.618819631873e0,4.497647000222e0,general_marcher,converged,3.206093951123e-7,19968,4.968058316907e1,general_marcher,converged,2.387146658442e-8,6288,1.690810292404e2,1.0e-6
s_l_0_2,fine,0.4900000,2.058698131587,2,0.2,0.360000000000,0.964000000000,1.479617833482e1,7.242978201476e-3,1.606376280326e0,4.605452195738e0,general_marcher,converged,1.355788602798e-7,20592,5.363586514092e1,general_marcher,converged,2.343070063356e-8,6288,1.724828191987e2,1.0e-6
s_l_0_2,fine,0.4950000,2.079705255379,2,0.2,0.360000000000,0.964000000000,1.500066800761e1,7.195483516568e-3,1.593155437614e0,4.707848227940e0,general_marcher,converged,1.677015178838e-7,19200,5.171182308753e1,general_marcher,converged,2.419264764300e-8,6064,1.691158753029e2,1.0e-6
s_l_0_2,measured_free,0.4965885,2.086379218607,2,0.2,0.360000000000,0.964000000000,1.505965279236e1,7.177635903523e-3,1.588811848355e0,4.739281371785e0,general_marcher,converged,1.699310405059e-7,21904,5.678038378873e1,general_marcher,converged,2.373262668774e-8,6064,1.701710551096e2,1.0e-6
s_l_0_2,measured_fixed,0.4977428,2.091228923206,2,0.2,0.360000000000,0.964000000000,1.510075872353e1,7.163884520635e-3,1.585615338326e0,4.761797631031e0,general_marcher,converged,3.150301344763e-7,19424,5.071219989574e1,general_marcher,converged,2.341878096209e-8,6064,1.709399045202e2,1.0e-6
s_l_0_2,fine,0.5000000,2.100712379170,2,0.2,0.360000000000,0.964000000000,1.517697753498e1,7.135182137585e-3,1.579274030385e0,4.805048789184e0,general_marcher,converged,1.466671135782e-7,21408,5.599075173065e1,general_marcher,converged,2.285575061931e-8,6064,1.724484554370e2,1.0e-6
s_l_0_2,fine,0.5050000,2.121719502962,2,0.2,0.360000000000,0.964000000000,1.532689336514e1,7.063682344950e-3,1.564837181285e0,4.897280544089e0,general_marcher,converged,1.836631982481e-7,19872,5.376410616917e1,general_marcher,converged,2.184617375563e-8,6064,1.758140743430e2,1.0e-6
s_l_0_2,fine,0.5100000,2.142726626754,2,0.2,0.360000000000,0.964000000000,1.545222633912e1,6.982492691575e-3,1.549941131241e0,4.984778462765e0,general_marcher,converged,2.955815516078e-7,19200,5.167271055621e1,general_marcher,converged,2.114074632371e-8,6064,1.792127311652e2,1.0e-6
s_l_0_2,fine,0.5150000,2.163733750546,2,0.2,0.360000000000,0.964000000000,1.555478227181e1,6.893015569392e-3,1.534673615378e0,5.067781877509e0,general_marcher,converged,1.332047440571e-7,21408,5.773176918591e1,general_marcher,converged,2.439322935715e-8,5936,1.761034684866e2,1.0e-6
s_l_0_2,measured_free,0.5167086,2.170912304888,2,0.2,0.360000000000,0.964000000000,1.558492103400e1,6.860772323090e-3,1.529385299537e0,5.095158505420e0,general_marcher,converged,1.857221596501e-7,18528,5.306051903035e1,general_marcher,converged,2.417040924610e-8,5936,1.772402685435e2,1.0e-6
s_l_0_2,measured_fixed,0.5192681,2.181665851557,2,0.2,0.360000000000,0.964000000000,1.562563727303e1,6.811052572852e-3,1.521406509409e0,5.135260423954e0,general_marcher,converged,1.445229891860e-7,20912,5.696141229516e1,general_marcher,converged,2.389186915200e-8,5936,1.789501550201e2,1.0e-6
s_l_0_2,fine,0.5200000,2.184740874337,2,0.2,0.360000000000,0.964000000000,1.563632673560e1,6.796539271307e-3,1.519113170294e0,5.146531226693e0,general_marcher,converged,2.502538401485e-7,18032,5.203051103127e1,general_marcher,converged,2.382329220086e-8,5936,1.794406366478e2,1.0e-6
s_l_0_2,fine,0.5250000,2.205747998129,2,0.2,0.360000000000,0.964000000000,1.569860240782e1,6.694253659367e-3,1.503333136276e0,5.221265343326e0,general_marcher,converged,1.257316231854e-7,20960,5.825610955873e1,general_marcher,converged,2.346316824962e-8,5936,1.828096076074e2,1.0e-6
s_l_0_2,fine,0.5300000,2.226755121921,2,0.2,0.360000000000,0.964000000000,1.574327660836e1,6.587235162640e-3,1.487398361346e0,5.292219292925e0,general_marcher,converged,1.385921729334e-7,19744,5.752458845613e1,general_marcher,converged,2.245556152872e-8,5856,1.862103802234e2,1.0e-6
s_l_0_2,fine,0.5350000,2.247762245712,2,0.2,0.360000000000,0.964000000000,1.577196239573e1,6.476463913071e-3,1.471368739315e0,5.359622633779e0,general_marcher,converged,2.140440512997e-7,18928,5.501049689371e1,general_marcher,converged,2.231706993542e-8,5856,1.896429532861e2,1.0e-6
s_l_0_2,fine,0.5400000,2.268769369504,2,0.2,0.360000000000,0.964000000000,1.578620188547e1,6.362824051132e-3,1.455298737652e0,5.423698061795e0,general_marcher,converged,2.070657471127e-7,19296,5.797247131159e1,general_marcher,converged,2.233582228070e-8,5872,1.931073255203e2,1.0e-6
s_l_0_2,measured_free,0.5400771,2.269093299353,2,0.2,0.360000000000,0.964000000000,1.578631611199e1,6.361053527698e-3,1.455050882831e0,5.424661191668e0,general_marcher,converged,1.956649125035e-7,19296,5.798104238303e1,general_marcher,converged,2.233325434047e-8,5872,1.931609950854e2,1.0e-6
s_l_0_2,measured_fixed,0.5429437,2.281137103565,2,0.2,0.360000000000,0.964000000000,1.578842100175e1,6.294900692507e-3,1.445838682992e0,5.459952478610e0,general_marcher,converged,1.581143218545e-7,21840,6.031784305510e1,general_marcher,converged,2.222746222491e-8,5872,1.951618112454e2,1.0e-6
s_l_0_2,fine,0.5450000,2.289776493296,2,0.2,0.360000000000,0.964000000000,1.578745182370e1,6.247105133530e-3,1.439236956144e0,5.484660380735e0,general_marcher,converged,1.697852999950e-7,19200,5.713976584519e1,general_marcher,converged,2.214431090681e-8,5872,1.966017704880e2,1.0e-6
s_l_0_2,fine,0.5500000,2.310783617088,2,0.2,0.360000000000,0.964000000000,1.577709566354e1,6.130013923397e-3,1.423227924631e0,5.542715748651e0,general_marcher,converged,3.199909721692e-7,20736,5.807535876045e1,general_marcher,converged,2.191752261076e-8,5872,2.001097252739e2,1.0e-6
s_l_0_2,measured_fixed,0.5647861,2.372906303707,2,0.2,0.360000000000,0.964000000000,1.569072254382e1,5.781422716626e-3,1.376560611836e0,5.699248695954e0,general_marcher,converged,2.927416715895e-7,20112,5.932954819245e1,general_marcher,converged,1.772881678175e-8,5808,2.116511019634e2,1.0e-6
s_l_0_2,measured_free,0.5746019,2.414146648850,2,0.2,0.360000000000,0.964000000000,1.559802136465e1,5.552584501162e-3,1.346436756274e0,5.792333465336e0,general_marcher,converged,2.368423096788e-7,19040,5.927646280933e1,general_marcher,converged,2.239921862380e-8,5664,2.096940233124e2,1.0e-6
s_l_0_2,measured_fixed,0.5881229,2.470954113007,2,0.2,0.360000000000,0.964000000000,1.543935742141e1,5.246296387376e-3,1.306451261389e0,5.908891467177e0,general_marcher,converged,1.866951580717e-7,18192,5.994406962374e1,general_marcher,converged,2.000238352299e-8,5664,2.193710152587e2,1.0e-6
s_l_0_2,measured_free,0.6008543,2.524444132176,2,0.2,0.360000000000,0.964000000000,1.526949552845e1,4.971027012942e-3,1.270677578058e0,6.008406771362e0,general_marcher,converged,1.252302862865e-7,19728,6.478266876283e1,general_marcher,converged,1.804938802473e-8,5664,2.286856518308e2,1.0e-6
s_l_0_2,measured_free,0.6284920,2.640561849219,2,0.2,0.360000000000,0.964000000000,1.487841644234e1,4.427076059435e-3,1.200113638608e0,6.198753169575e0,general_marcher,converged,6.749382695398e-8,21440,7.095534580479e1,general_marcher,converged,1.860562874466e-8,5456,2.398582165636e2,1.0e-6
s_l_0_2,measured_free,0.6570718,2.760637728528,2,0.2,0.360000000000,0.964000000000,1.449722308268e1,3.946562142524e-3,1.137912235525e0,6.370097196462e0,general_marcher,converged,2.760217199993e-7,19792,6.936003154171e1,general_marcher,converged,1.813522117955e-8,5456,2.615389033996e2,1.0e-6
s_l_0_2,measured_free,0.6852594,2.879065809046,2,0.2,0.360000000000,0.964000000000,1.418159153338e1,3.549561867613e-3,1.087019733622e0,6.523152751851e0,general_marcher,converged,3.401037613187e-7,19872,7.242444864932e1,general_marcher,converged,1.936096310340e-8,5312,2.708607731822e2,1.0e-6
s_l_0_2,measured_free,0.7186248,3.019248026678,2,0.2,0.360000000000,0.964000000000,1.390401735745e1,3.164431367211e-3,1.038933690243e0,6.691484494165e0,general_marcher,converged,3.128016250268e-7,18064,7.327430573132e1,general_marcher,converged,2.058617301744e-8,5120,2.843729893395e2,1.0e-6
s_l_0_2,measured_free,0.7510752,3.155585940656,2,0.2,0.360000000000,0.964000000000,1.373381222478e1,2.861436035171e-3,1.003013547076e0,6.846274541765e0,general_marcher,converged,2.553806299134e-7,20080,8.342450356922e1,general_marcher,converged,2.016929281083e-8,5120,3.097773784839e2,1.0e-6
s_l_0_3,measured_fixed,0.2030030,0.852901830217,2,0.3,0.540000000000,0.964000000000,3.698887332166e-1,1.054935657475e-3,1.073292044067e0,1.723150447547e-1,general_marcher,converged,5.804385475469e-7,52000,2.837577694767e1,general_marcher,converged,6.639715460098e-8,14896,7.732945088176e1,1.0e-6
s_l_0_3,measured_fixed,0.2132288,0.895864759511,2,0.3,0.540000000000,0.964000000000,1.491620256942e-1,3.855905023968e-4,5.537532920907e-1,1.346827439445e-1,general_marcher,converged,5.229260865771e-7,64480,3.388762113789e1,general_marcher,converged,7.102820563754e-8,15408,8.766653105919e1,1.0e-6
s_l_0_3,measured_fixed,0.2248106,0.944524820777,2,0.3,0.540000000000,0.964000000000,5.240925191093e-1,1.218804845908e-3,1.412097489742e0,1.855723570491e-1,general_marcher,converged,7.000234199849e-7,46160,2.910259625367e1,general_marcher,converged,6.249474703819e-8,14288,9.013044659611e1,1.0e-6
s_l_0_3,measured_fixed,0.2309617,0.970368204609,2,0.3,0.540000000000,0.964000000000,7.517851066010e-1,1.656431816664e-3,1.364773406804e0,2.754248811023e-1,general_marcher,converged,4.882285428843e-7,41840,2.904071390080e1,general_marcher,converged,5.993398882855e-8,13024,8.602880420470e1,1.0e-6
s_l_0_3,fine,0.2500000,1.050356189585,2,0.3,0.540000000000,0.964000000000,3.215471649751e-1,6.046783907095e-4,5.682534256181e-1,2.829258482915e-1,general_marcher,converged,3.181651994534e-7,56960,3.793220463843e1,general_marcher,converged,4.875508265006e-8,12864,1.004189490966e2,1.0e-6
s_l_0_3,measured_fixed,0.2515237,1.056757900490,2,0.3,0.540000000000,0.964000000000,2.884498781787e-1,5.358858810969e-4,5.316241554274e-1,2.712911699307e-1,general_marcher,converged,7.316362735206e-7,53888,3.602034963477e1,general_marcher,converged,5.084412575834e-8,12864,1.016177725195e2,1.0e-6
s_l_0_3,fine,0.2550000,1.071363313377,2,0.3,0.540000000000,0.964000000000,2.591871485608e-1,4.684819729812e-4,5.178197803410e-1,2.502677170715e-1,general_marcher,converged,4.660593664685e-7,53712,3.701541979800e1,general_marcher,converged,5.725483817172e-8,12960,1.045809066457e2,1.0e-6
s_l_0_3,fine,0.2600000,1.092370437169,2,0.3,0.540000000000,0.964000000000,3.441555982220e-1,5.983673987653e-4,7.061654355490e-1,2.436791585207e-1,general_marcher,converged,4.587871938672e-7,51104,3.678821457430e1,general_marcher,converged,5.307752670943e-8,12960,1.086256720960e2,1.0e-6
s_l_0_3,fine,0.2650000,1.113377560960,2,0.3,0.540000000000,0.964000000000,5.693968039124e-1,9.529784025353e-4,1.040661451306e0,2.735744670842e-1,general_marcher,converged,6.388811019693e-7,43056,3.380327015786e1,general_marcher,converged,5.396065856083e-8,12528,1.088098854608e2,1.0e-6
s_l_0_3,fine,0.2700000,1.134384684752,2,0.3,0.540000000000,0.964000000000,8.908483169151e-1,1.436269759604e-3,1.313460913433e0,3.391225074931e-1,general_marcher,converged,5.769185125185e-7,39312,3.280413010439e1,general_marcher,converged,5.130743659985e-8,12080,1.087732972406e2,1.0e-6
s_l_0_3,fine,0.2750000,1.155391808544,2,0.3,0.540000000000,0.964000000000,1.246350207452e0,1.937021689681e-3,1.446523534813e0,4.308088245566e-1,general_marcher,converged,4.247432509951e-7,39216,3.353812251850e1,general_marcher,converged,4.746887708462e-8,11408,1.063887427326e2,1.0e-6
s_l_0_3,fine,0.2800000,1.176398932335,2,0.3,0.540000000000,0.964000000000,1.573758876842e0,2.359293173924e-3,1.472117727462e0,5.345220859325e-1,general_marcher,converged,5.099195257557e-7,35088,3.183135945899e1,general_marcher,converged,4.670063072090e-8,10832,1.038575798693e2,1.0e-6
s_l_0_3,fine,0.2850000,1.197406056127,2,0.3,0.540000000000,0.964000000000,1.823935257174e0,2.639243614714e-3,1.434922711772e0,6.355517416412e-1,general_marcher,converged,3.889750675773e-7,35168,3.297998278541e1,general_marcher,converged,4.450869883935e-8,10384,1.029570202110e2,1.0e-6
s_l_0_3,fine,0.2900000,1.218413179919,2,0.3,0.540000000000,0.964000000000,1.967372479973e0,2.749478812621e-3,1.363249636495e0,7.215745477959e-1,general_marcher,converged,3.561868226696e-7,33216,3.255709432714e1,general_marcher,converged,3.866796453626e-8,10304,1.065030717667e2,1.0e-6
s_l_0_3,measured_fixed,0.2919292,1.226518568563,2,0.3,0.540000000000,0.964000000000,1.991676811382e0,2.746778085394e-3,1.329826986208e0,7.488480952933e-1,general_marcher,converged,3.456475133791e-7,35280,3.404032233905e1,general_marcher,converged,4.249873046976e-8,10080,1.055026090433e2,1.0e-6
s_l_0_3,fine,0.2950000,1.239420303711,2,0.3,0.540000000000,0.964000000000,1.995263659353e0,2.694734867246e-3,1.271949895020e0,7.843326483087e-1,general_marcher,converged,3.947167084797e-7,33216,3.314185746913e1,general_marcher,converged,4.368372493412e-8,9936,1.052399408899e2,1.0e-6
s_l_0_3,fine,0.3000000,1.260427427502,2,0.3,0.540000000000,0.964000000000,1.916702686425e0,2.503064398347e-3,1.168548008106e0,8.201214982735e-1,general_marcher,converged,3.365663548570e-7,36672,3.593170123456e1,general_marcher,converged,4.219563132452e-8,9712,1.062243340140e2,1.0e-6
s_l_0_3,fine,0.3050000,1.281434551294,2,0.3,0.540000000000,0.964000000000,1.753838765828e0,2.215898010809e-3,1.057285357675e0,8.294065330121e-1,general_marcher,converged,2.754186237953e-7,38640,3.778120984027e1,general_marcher,converged,3.979005805949e-8,9712,1.096999396831e2,1.0e-6
s_l_0_3,measured_fixed,0.3088614,1.297657932856,2,0.3,0.540000000000,0.964000000000,1.589081714577e0,1.957846955253e-3,9.681056135355e-1,8.207171264991e-1,general_marcher,converged,4.651130203457e-7,35392,3.572245931622e1,general_marcher,converged,4.057580005641e-8,9712,1.124230462717e2,1.0e-6
s_l_0_3,fine,0.3100000,1.302441675086,2,0.3,0.540000000000,0.964000000000,1.536476331066e0,1.879153546214e-3,9.415498435317e-1,8.159293645583e-1,general_marcher,converged,5.773983426100e-7,34896,3.537396797530e1,general_marcher,converged,4.111159889349e-8,9712,1.132324839891e2,1.0e-6
s_l_0_3,fine,0.3150000,1.323448798877,2,0.3,0.540000000000,0.964000000000,1.297130323735e0,1.536463634498e-3,8.255514078831e-1,7.856145064676e-1,general_marcher,converged,5.100917312507e-7,38256,3.778378360612e1,general_marcher,converged,3.581240681950e-8,9856,1.195974123208e2,1.0e-6
s_l_0_3,fine,0.3200000,1.344455922669,2,0.3,0.540000000000,0.964000000000,1.067080148562e0,1.224776556777e-3,7.156802356171e-1,7.455006408287e-1,general_marcher,converged,4.647876374451e-7,40960,4.028566681094e1,general_marcher,converged,3.634543729653e-8,9872,1.233326222131e2,1.0e-6
s_l_0_3,measured_fixed,0.3204674,1.346419668601,2,0.3,0.540000000000,0.964000000000,1.047065376627e0,1.198300847041e-3,7.060354544767e-1,7.415104793873e-1,general_marcher,converged,5.346188395431e-7,37456,3.846350063602e1,general_marcher,converged,3.650194818660e-8,9872,1.236847711854e2,1.0e-6
s_l_0_3,fine,0.3250000,1.365463046461,2,0.3,0.540000000000,0.964000000000,8.736238410482e-1,9.721147582650e-4,6.215033157422e-1,7.028311989011e-1,general_marcher,converged,4.887609577066e-7,43824,4.220186399743e1,general_marcher,converged,3.902113221406e-8,9872,1.271202680584e2,1.0e-6
s_l_0_3,measured_fixed,0.3251935,1.366276022152,2,0.3,0.540000000000,0.964000000000,8.671890408545e-1,9.638064964910e-4,6.183399756292e-1,7.012234976172e-1,general_marcher,converged,6.462074052533e-7,40096,4.025569446618e1,general_marcher,converged,3.915994084301e-8,9872,1.272678604268e2,1.0e-6
s_l_0_3,fine,0.3300000,1.386470170253,2,0.3,0.540000000000,0.964000000000,7.384711082755e-1,7.970130090083e-4,5.557719167911e-1,6.643652602486e-1,general_marcher,converged,7.287855852237e-7,41216,4.146960015755e1,general_marcher,converged,4.266564747512e-8,9872,1.309619637079e2,1.0e-6
s_l_0_3,measured_fixed,0.3348609,1.406892875860,2,0.3,0.540000000000,0.964000000000,6.777112214113e-1,7.103552220517e-4,5.323486962060e-1,6.365294272733e-1,general_marcher,converged,4.051429942710e-7,44048,4.479215918291e1,general_marcher,converged,3.569455961693e-8,10096,1.378896602264e2,1.0e-6
s_l_0_3,fine,0.3350000,1.407477294044,2,0.3,0.540000000000,0.964000000000,6.770977571595e-1,7.091229518953e-4,5.323786658558e-1,6.359174405224e-1,general_marcher,converged,6.155619291747e-7,44544,4.412428176667e1,general_marcher,converged,3.570674207914e-8,10096,1.380015456551e2,1.0e-6
s_l_0_3,fine,0.3400000,1.428484417836,2,0.3,0.540000000000,0.964000000000,6.988213872609e-1,7.105066302357e-4,5.616601431518e-1,6.221034159015e-1,general_marcher,converged,3.456901967602e-7,45312,4.618866800664e1,general_marcher,converged,3.659631856025e-8,10096,1.420538988591e2,1.0e-6
s_l_0_3,measured_fixed,0.3420408,1.437058685483,2,0.3,0.540000000000,0.964000000000,7.326003617919e-1,7.359885921552e-4,5.893977953289e-1,6.214821022389e-1,general_marcher,converged,2.678134827444e-7,44896,4.601467517371e1,general_marcher,converged,4.391360627367e-8,9952,1.404519202169e2,1.0e-6
s_l_0_3,fine,0.3450000,1.449491541628,2,0.3,0.540000000000,0.964000000000,8.073705107565e-1,7.972499004258e-4,6.446051604938e-1,6.262519758126e-1,general_marcher,converged,4.340341418262e-7,44704,4.607417470515e1,general_marcher,converged,4.080901923474e-8,9872,1.428358164772e2,1.0e-6
s_l_0_3,fine,0.3500000,1.470498665419,2,0.3,0.540000000000,0.964000000000,1.001737148955e0,9.611196845458e-4,7.700456757181e-1,6.504400846230e-1,general_marcher,converged,8.203458915247e-7,38272,4.200413140061e1,general_marcher,converged,4.100312508360e-8,9744,1.438643719244e2,1.0e-6
s_l_0_3,measured_fixed,0.3530467,1.483299146231,2,0.3,0.540000000000,0.964000000000,1.160345022493e0,1.094164479390e-3,8.589434923049e-1,6.754489863936e-1,general_marcher,converged,4.408701451093e-7,40192,4.433615245258e1,general_marcher,converged,3.699349741537e-8,9664,1.463222043950e2,1.0e-6
s_l_0_3,measured_fixed,0.3530513,1.483318472784,2,0.3,0.540000000000,0.964000000000,1.160606512640e0,1.094382536822e-3,8.590814864655e-1,6.754926808019e-1,general_marcher,converged,4.369184779447e-7,40192,4.433674827327e1,general_marcher,converged,3.698901032570e-8,9664,1.463259312729e2,1.0e-6
s_l_0_3,fine,0.3550000,1.491505789211,2,0.3,0.540000000000,0.964000000000,1.277156088138e0,1.191096786506e-3,9.180115034715e-1,6.956100676891e-1,general_marcher,converged,1.565315924959e-7,41024,4.560398043646e1,general_marcher,converged,3.515784470147e-8,9664,1.479090804288e2,1.0e-6
s_l_0_3,fine,0.3600000,1.512512913003,2,0.3,0.540000000000,0.964000000000,1.626083268128e0,1.474679220244e-3,1.067355939216e0,7.617343045479e-1,general_marcher,converged,3.978217678888e-7,34976,4.200435002474e1,general_marcher,converged,3.886019944935e-8,9296,1.447636474528e2,1.0e-6
s_l_0_3,measured_fixed,0.3601599,1.513184720822,2,0.3,0.540000000000,0.964000000000,1.638353535987e0,1.484487994693e-3,1.071957871332e0,7.641874647329e-1,general_marcher,converged,4.599784805115e-7,34976,4.202361936334e1,general_marcher,converged,3.868360604751e-8,9296,1.448893171642e2,1.0e-6
s_l_0_3,fine,0.3650000,1.533520036794,2,0.3,0.540000000000,0.964000000000,2.039116124081e0,1.798937234593e-3,1.202308454958e0,8.480004094090e-1,general_marcher,converged,2.988088757169e-7,34128,4.232279235917e1,general_marcher,converged,3.320933913763e-8,9216,1.487194594411e2,1.0e-6
s_l_0_3,measured_fixed,0.3684951,1.548204436467,2,0.3,0.540000000000,0.964000000000,2.360329853526e0,2.043003195483e-3,1.283446733250e0,9.195277810826e-1,general_marcher,converged,6.020041917602e-7,31008,3.976383332582e1,general_marcher,converged,3.864087878848e-8,8928,1.439281326834e2,1.0e-6
s_l_0_3,fine,0.3700000,1.554527160586,2,0.3,0.540000000000,0.964000000000,2.505784739268e0,2.151295619549e-3,1.314686179507e0,9.529972925585e-1,general_marcher,converged,3.565945485410e-7,34560,4.263159367871e1,general_marcher,converged,3.630004307672e-8,8848,1.450786263046e2,1.0e-6
s_l_0_3,fine,0.3750000,1.575534284378,2,0.3,0.540000000000,0.964000000000,3.015215276139e0,2.520087210858e-3,1.402570410304e0,1.074889094332e0,general_marcher,converged,2.149559193393e-7,31968,4.203129255816e1,general_marcher,converged,3.163137510903e-8,8768,1.489323382937e2,1.0e-6
s_l_0_3,measured_fixed,0.3761871,1.580521795708,2,0.3,0.540000000000,0.964000000000,3.141258464637e0,2.608889321751e-3,1.419991667857e0,1.106083414340e0,general_marcher,converged,5.909125419015e-7,30144,3.966696641507e1,general_marcher,converged,3.092060124622e-8,8768,1.498522906586e2,1.0e-6
s_l_0_3,fine,0.3800000,1.596541408170,2,0.3,0.540000000000,0.964000000000,3.556651315600e0,2.894902078413e-3,1.467787116816e0,1.211569196531e0,general_marcher,converged,2.743191738043e-7,30656,4.136500424369e1,general_marcher,converged,3.482878614655e-8,8400,1.447619924228e2,1.0e-6
s_l_0_3,fine,0.3850000,1.617548531961,2,0.3,0.540000000000,0.964000000000,4.119843415705e0,3.266773560846e-3,1.513768284201e0,1.360790637082e0,general_marcher,converged,3.160206637288e-7,28464,4.062829719003e1,general_marcher,converged,3.141222948367e-8,8320,1.484937577825e2,1.0e-6
s_l_0_3,measured_free,0.3853103,1.618852234064,2,0.3,0.540000000000,0.964000000000,4.155292844793e0,3.289577935778e-3,1.516073377503e0,1.370412839660e0,general_marcher,converged,3.422688197118e-7,29344,4.066214877949e1,general_marcher,converged,3.524165413160e-8,8176,1.445833604540e2,1.0e-6
s_l_0_3,measured_fixed,0.3854362,1.619381193441,2,0.3,0.540000000000,0.964000000000,4.169688884023e0,3.298818572315e-3,1.516991834685e0,1.374328057899e0,general_marcher,converged,3.426904865282e-7,29344,4.067588366502e1,general_marcher,converged,3.508030128755e-8,8176,1.446753174098e2,1.0e-6
s_l_0_3,measured_fixed,0.3870708,1.626248842351,2,0.3,0.540000000000,0.964000000000,4.357202741915e0,3.418115464598e-3,1.528064212250e0,1.425726323208e0,general_marcher,converged,3.478724496480e-7,26704,3.916299577098e1,general_marcher,converged,3.305634571098e-8,8176,1.458719221545e2,1.0e-6
s_l_0_3,fine,0.3900000,1.638555655753,2,0.3,0.540000000000,0.964000000000,4.695322294686e0,3.628239735942e-3,1.544237560375e0,1.520272014867e0,general_marcher,converged,5.210426521339e-7,26688,3.876801110710e1,general_marcher,converged,2.979288792309e-8,8176,1.480287697235e2,1.0e-6
s_l_0_3,fine,0.3950000,1.659562779545,2,0.3,0.540000000000,0.964000000000,5.274576742565e0,3.973316907644e-3,1.562578290280e0,1.687779990090e0,general_marcher,converged,2.281758189794e-7,27664,4.171912600912e1,general_marcher,converged,3.176059707234e-8,7952,1.473946786892e2,1.0e-6
s_l_0_3,measured_fixed,0.3982687,1.673295976652,2,0.3,0.540000000000,0.964000000000,5.651683811824e0,4.187793755800e-3,1.569385619824e0,1.800603924374e0,general_marcher,converged,1.444161626164e-7,28512,4.241535548752e1,general_marcher,converged,3.016193656807e-8,7728,1.453553922027e2,1.0e-6
s_l_0_3,fine,0.4000000,1.680569903336,2,0.3,0.540000000000,0.964000000000,5.850138108262e0,4.297401363787e-3,1.571611823657e0,1.861190537066e0,general_marcher,converged,3.695257661686e-7,26288,3.979627447229e1,general_marcher,converged,2.865833331241e-8,7728,1.465875319066e2,1.0e-6
s_l_0_3,fine,0.4050000,1.701577027128,2,0.3,0.540000000000,0.964000000000,6.415624207323e0,4.597149761887e-3,1.573589460485e0,2.038531767157e0,general_marcher,converged,2.717026937130e-7,24816,3.975529660728e1,general_marcher,converged,2.525021497896e-8,7728,1.501756367012e2,1.0e-6
s_l_0_3,measured_fixed,0.4091876,1.719170913446,2,0.3,0.540000000000,0.964000000000,6.877574016147e0,4.827809502625e-3,1.571102647170e0,2.188772970543e0,general_marcher,converged,1.179406972072e-7,26128,4.165957517809e1,general_marcher,converged,3.072392614518e-8,7360,1.438822996425e2,1.0e-6
s_l_0_3,measured_free,0.4092077,1.719255362084,2,0.3,0.540000000000,0.964000000000,6.879760885138e0,4.828870189472e-3,1.571083118377e0,2.189496152261e0,general_marcher,converged,1.158199483878e-7,26128,4.166168751947e1,general_marcher,converged,3.070940548575e-8,7360,1.438960447308e2,1.0e-6
s_l_0_3,fine,0.4100000,1.722584150920,2,0.3,0.540000000000,0.964000000000,6.965712267246e0,4.870321139891e-3,1.570260781764e0,2.218011284540e0,general_marcher,converged,4.502583138208e-7,25424,3.969295823234e1,general_marcher,converged,3.015405972772e-8,7360,1.444383791864e2,1.0e-6
s_l_0_3,fine,0.4150000,1.743591274711,2,0.3,0.540000000000,0.964000000000,7.496092413732e0,5.115622862905e-3,1.562968183883e0,2.398031031927e0,general_marcher,converged,4.380259895071e-7,24768,3.960865386957e1,general_marcher,converged,3.055049869768e-8,7152,1.436213926492e2,1.0e-6
s_l_0_3,fine,0.4200000,1.764598398503,2,0.3,0.540000000000,0.964000000000,8.003394525771e0,5.332556015544e-3,1.552735249517e0,2.577192257424e0,general_marcher,converged,2.309825758904e-7,25680,4.166181633492e1,general_marcher,converged,2.822874566197e-8,7168,1.470058506035e2,1.0e-6
s_l_0_3,measured_fixed,0.4249832,1.785534938359,2,0.3,0.540000000000,0.964000000000,8.483521434999e0,5.520678010406e-3,1.540384467788e0,2.753702602307e0,general_marcher,converged,4.054727103624e-7,24144,4.039204482394e1,general_marcher,converged,2.573427125977e-8,7088,1.504188088299e2,1.0e-6
s_l_0_3,fine,0.4250000,1.785605522295,2,0.3,0.540000000000,0.964000000000,8.485094928306e0,5.521265435446e-3,1.540339904383e0,2.754293031091e0,general_marcher,converged,4.042883384716e-7,24144,4.039369433709e1,general_marcher,converged,2.572974642273e-8,7088,1.504303823546e2,1.0e-6
s_l_0_3,measured_free,0.4294734,1.804400175809,2,0.3,0.540000000000,0.964000000000,8.892908975268e0,5.666711299714e-3,1.527905734193e0,2.910162838012e0,general_marcher,converged,3.683305618111e-7,24592,4.123920973610e1,general_marcher,converged,2.465704049193e-8,7088,1.535282077781e2,1.0e-6
s_l_0_3,fine,0.4300000,1.806612646087,2,0.3,0.540000000000,0.964000000000,8.939433480718e0,5.682413939329e-3,1.526375615132e0,2.928320326955e0,general_marcher,converged,2.107362194310e-7,25056,4.248935243692e1,general_marcher,converged,2.454280982426e-8,7088,1.538949880986e2,1.0e-6
s_l_0_3,fine,0.4350000,1.827619769878,2,0.3,0.540000000000,0.964000000000,9.365301730545e0,5.817053273746e-3,1.511293864960e0,3.098438347327e0,general_marcher,converged,4.844145055820e-7,23056,3.990333429245e1,general_marcher,converged,2.688273657912e-8,6944,1.521325940861e2,1.0e-6
s_l_0_3,measured_fixed,0.4397013,1.847371928095,2,0.3,0.540000000000,0.964000000000,9.739277134959e0,5.920672049357e-3,1.496405354822e0,3.254224232618e0,general_marcher,converged,2.324638606977e-7,22224,4.077956669702e1,general_marcher,converged,2.360941156752e-8,6864,1.553500385217e2,1.0e-6
s_l_0_3,fine,0.4400000,1.848626893670,2,0.3,0.540000000000,0.964000000000,9.762169065770e0,5.926533625460e-3,1.495442004258e0,3.263974476433e0,general_marcher,converged,2.659127291806e-7,23968,4.207535930771e1,general_marcher,converged,2.346885502490e-8,6864,1.555556163045e2,1.0e-6
s_l_0_3,fine,0.4450000,1.869634017462,2,0.3,0.540000000000,0.964000000000,1.012997255368e1,6.012402238131e-3,1.479085536660e0,3.424403897748e0,general_marcher,converged,2.882242095489e-7,24416,4.298794439295e1,general_marcher,converged,2.788657374260e-8,6720,1.535062274138e2,1.0e-6
s_l_0_3,fine,0.4500000,1.890641141253,2,0.3,0.540000000000,0.964000000000,1.046905111504e1,6.076340098983e-3,1.462430134817e0,3.579333762959e0,general_marcher,converged,1.231367199767e-7,26336,4.654678314177e1,general_marcher,converged,2.599275399748e-8,6640,1.568659397110e2,1.0e-6
s_l_0_3,measured_free,0.4536757,1.906084318238,2,0.3,0.540000000000,0.964000000000,1.070036812186e1,6.110369369157e-3,1.450088672950e0,3.689556480741e0,general_marcher,converged,4.350001193564e-7,23584,4.211840384283e1,general_marcher,converged,2.652822137129e-8,6496,1.536371198476e2,1.0e-6
s_l_0_3,fine,0.4550000,1.911648265045,2,0.3,0.540000000000,0.964000000000,1.078005838955e1,6.120094117294e-3,1.445634260405e0,3.728487448317e0,general_marcher,converged,2.321881658237e-7,25056,4.503886457285e1,general_marcher,converged,2.599131984529e-8,6496,1.545069486596e2,1.0e-6
s_l_0_3,measured_fixed,0.4581470,1.924870148760,2,0.3,0.540000000000,0.964000000000,1.096181258421e1,6.138078798930e-3,1.435047580382e0,3.819320256020e0,general_marcher,converged,3.455572083946e-7,21808,4.164464989246e1,general_marcher,converged,2.490150119851e-8,6496,1.565844341057e2,1.0e-6
s_l_0_3,fine,0.4600000,1.932655388837,2,0.3,0.540000000000,0.964000000000,1.106390921305e1,6.145436296610e-3,1.428821891821e0,3.871689423429e0,general_marcher,converged,2.912106155425e-7,24640,4.469779997205e1,general_marcher,converged,2.437475093216e-8,6496,1.578145942559e2,1.0e-6
s_l_0_3,fine,0.4650000,1.953662512629,2,0.3,0.540000000000,0.964000000000,1.132170998376e1,6.154119160702e-3,1.412089168635e0,4.008850940591e0,general_marcher,converged,1.916116105050e-7,22864,4.432186524320e1,general_marcher,converged,2.331788138375e-8,6496,1.611584091718e2,1.0e-6
s_l_0_3,measured_free,0.4656151,1.956246808997,2,0.3,0.540000000000,0.964000000000,1.135168298017e1,6.154119468237e-3,1.410039809726e0,4.025305846640e0,general_marcher,converged,4.443837554547e-7,21616,4.164425762850e1,general_marcher,converged,2.321916448564e-8,6496,1.615722288330e2,1.0e-6
s_l_0_3,fine,0.4700000,1.974669636420,2,0.3,0.540000000000,0.964000000000,1.155471300914e1,6.147849513590e-3,1.395511296739e0,4.139956815877e0,general_marcher,converged,1.336474615652e-7,23312,4.525754116738e1,general_marcher,converged,2.197462616059e-8,6416,1.645378878501e2,1.0e-6
s_l_0_3,fine,0.4750000,1.995676760212,2,0.3,0.540000000000,0.964000000000,1.176426928640e1,6.128264745451e-3,1.379146791620e0,4.265053349607e0,general_marcher,converged,9.537606424245e-8,23760,4.619859268401e1,general_marcher,converged,2.467234992680e-8,6288,1.623807340945e2,1.0e-6
s_l_0_3,measured_free,0.4752959,1.996919961798,2,0.3,0.540000000000,0.964000000000,1.177596522812e1,6.126721788891e-3,1.378185952552e0,4.272270083119e0,general_marcher,converged,2.699971091420e-7,22896,4.487822344188e1,general_marcher,converged,2.464262224581e-8,6288,1.625770186219e2,1.0e-6
s_l_0_3,measured_fixed,0.4756584,1.998442978273,2,0.3,0.540000000000,0.964000000000,1.179019010414e1,6.124776527976e-3,1.377010244913e0,4.281082928647e0,general_marcher,converged,1.973994546311e-7,22896,4.491346089759e1,general_marcher,converged,2.460719235171e-8,6288,1.628176464371e2,1.0e-6
s_l_0_3,fine,0.4800000,2.016683884004,2,0.3,0.540000000000,0.964000000000,1.195179427023e1,6.096918858781e-3,1.363041391841e0,4.384237464018e0,general_marcher,converged,1.658091133203e-7,23728,4.714499849985e1,general_marcher,converged,2.424395145605e-8,6288,1.657136673540e2,1.0e-6
s_l_0_3,fine,0.4850000,2.037691007795,2,0.3,0.540000000000,0.964000000000,1.211873269598e1,6.055269963773e-3,1.347230306801e0,4.497647000222e0,general_marcher,converged,2.375365226864e-7,20976,4.370401984450e1,general_marcher,converged,2.387146658442e-8,6288,1.690810292404e2,1.0e-6
s_l_0_3,fine,0.4900000,2.058698131587,2,0.3,0.540000000000,0.964000000000,1.226654666897e1,6.004680946675e-3,1.331741829859e0,4.605452195738e0,general_marcher,converged,5.064056066846e-7,22864,4.465815253991e1,general_marcher,converged,2.343070063356e-8,6288,1.724828191987e2,1.0e-6
s_l_0_3,fine,0.4950000,2.079705255379,2,0.3,0.540000000000,0.964000000000,1.239667582827e1,5.946406955828e-3,1.316596800497e0,4.707848227940e0,general_marcher,converged,3.354112760829e-7,24176,4.705741808890e1,general_marcher,converged,2.419264764300e-8,6064,1.691158753029e2,1.0e-6
s_l_0_3,measured_fixed,0.4963217,2.085258278482,2,0.3,0.540000000000,0.964000000000,1.242829461929e1,5.929864826959e-3,1.312652522949e0,4.734038293457e0,general_marcher,converged,3.821539972162e-7,21008,4.425338123032e1,general_marcher,converged,2.380763293647e-8,6064,1.699935970584e2,1.0e-6
s_l_0_3,measured_free,0.4979221,2.091982238665,2,0.3,0.540000000000,0.964000000000,1.246510161152e1,5.909255919410e-3,1.307911148822e0,4.765270799452e0,general_marcher,converged,3.123167831811e-7,23920,4.758046834446e1,general_marcher,converged,2.337159526821e-8,6064,1.710594896212e2,1.0e-6
s_l_0_3,fine,0.5000000,2.100712379170,2,0.3,0.540000000000,0.964000000000,1.251052961225e1,5.881599759591e-3,1.301810882796e0,4.805048789184e0,general_marcher,converged,3.290721926442e-7,24624,4.802183729000e1,general_marcher,converged,2.285575061931e-8,6064,1.724484554370e2,1.0e-6
s_l_0_3,fine,0.5050000,2.121719502962,2,0.3,0.540000000000,0.964000000000,1.260947591954e1,5.811310244676e-3,1.287395709315e0,4.897280544089e0,general_marcher,converged,2.596414255506e-7,21200,4.581409312687e1,general_marcher,converged,2.184617375563e-8,6064,1.758140743430e2,1.0e-6
s_l_0_3,fine,0.5100000,2.142726626754,2,0.3,0.540000000000,0.964000000000,1.269483833644e1,5.736494791075e-3,1.273360333991e0,4.984778462765e0,general_marcher,converged,2.422650782294e-7,22992,4.827994918367e1,general_marcher,converged,2.114074632371e-8,6064,1.792127311652e2,1.0e-6
s_l_0_3,fine,0.5150000,2.163733750546,2,0.3,0.540000000000,0.964000000000,1.276786875760e1,5.658010288808e-3,1.259709776999e0,5.067781877509e0,general_marcher,converged,2.592740108430e-7,23920,4.925879589928e1,general_marcher,converged,2.439322935715e-8,5936,1.761034684866e2,1.0e-6
s_l_0_3,measured_fixed,0.5190883,2.180910435385,2,0.3,0.540000000000,0.964000000000,1.281925327762e1,5.591650634298e-3,1.248836561810e0,5.132478368121e0,general_marcher,converged,2.845573169781e-7,22320,4.841104519548e1,general_marcher,converged,2.390942972807e-8,5936,1.788297665995e2,1.0e-6
s_l_0_3,measured_fixed,0.5193161,2.181867519945,2,0.3,0.540000000000,0.964000000000,1.282191014008e1,5.587903996818e-3,1.248238369971e0,5.136002244659e0,general_marcher,converged,1.519747089010e-7,21840,4.843288481817e1,general_marcher,converged,2.388722752978e-8,5936,1.789823012642e2,1.0e-6
s_l_0_3,fine,0.5200000,2.184740874337,2,0.3,0.540000000000,0.964000000000,1.282976033220e1,5.576627517044e-3,1.246447341624e0,5.146531226693e0,general_marcher,converged,1.830018937042e-7,21840,4.849845208423e1,general_marcher,converged,2.382329220086e-8,5936,1.794406366478e2,1.0e-6
s_l_0_3,fine,0.5250000,2.205747998129,2,0.3,0.540000000000,0.964000000000,1.288164150943e1,5.493035212496e-3,1.233574685674e0,5.221265343326e0,general_marcher,converged,2.392300020960e-7,22768,4.948713207695e1,general_marcher,converged,2.346316824962e-8,5936,1.828096076074e2,1.0e-6
s_l_0_3,fine,0.5300000,2.226755121921,2,0.3,0.540000000000,0.964000000000,1.292456618808e1,5.407842279211e-3,1.221091329810e0,5.292219292925e0,general_marcher,converged,4.134553227667e-7,22688,4.867618949936e1,general_marcher,converged,2.245556152872e-8,5856,1.862103802234e2,1.0e-6
s_l_0_3,measured_free,0.5303970,2.228423087550,2,0.3,0.540000000000,0.964000000000,1.292762059726e1,5.401025913475e-3,1.220116814513e0,5.297697910349e0,general_marcher,converged,3.330157248251e-7,22208,4.871366832253e1,general_marcher,converged,2.244326300853e-8,5856,1.864817643039e2,1.0e-6
s_l_0_3,fine,0.5350000,2.247762245712,2,0.3,0.540000000000,0.964000000000,1.295952793190e1,5.321589848835e-3,1.208996306029e0,5.359622633779e0,general_marcher,converged,2.260372284470e-7,24112,5.322325021251e1,general_marcher,converged,2.231706993542e-8,5856,1.896429532861e2,1.0e-6
s_l_0_3,fine,0.5400000,2.268769369504,2,0.3,0.540000000000,0.964000000000,1.298743192048e1,5.234745177185e-3,1.197285668607e0,5.423698061795e0,general_marcher,converged,6.677854046888e-7,21008,4.687362478760e1,general_marcher,converged,2.233582228070e-8,5872,1.931073255203e2,1.0e-6
s_l_0_3,measured_fixed,0.5413692,2.274521960283,2,0.3,0.540000000000,0.964000000000,1.299396206980e1,5.210918586334e-3,1.194145941361e0,5.440692640542e0,general_marcher,converged,4.215617555496e-7,21536,4.893914260262e1,general_marcher,converged,2.228820397667e-8,5872,1.940615552636e2,1.0e-6
s_l_0_3,fine,0.5450000,2.289776493296,2,0.3,0.540000000000,0.964000000000,1.300914862478e1,5.147728719253e-3,1.185957536265e0,5.484660380735e0,general_marcher,converged,4.794679407691e-7,22320,4.954973909666e1,general_marcher,converged,2.214431090681e-8,5872,1.966017704880e2,1.0e-6
s_l_0_3,fine,0.5500000,2.310783617088,2,0.3,0.540000000000,0.964000000000,1.302545558495e1,5.060894970602e-3,1.175006637145e0,5.542715748651e0,general_marcher,converged,2.621564018029e-7,22176,5.243665150670e1,general_marcher,converged,2.191752261076e-8,5872,2.001097252739e2,1.0e-6
s_l_0_3,measured_fixed,0.5526568,2.321945962385,2,0.3,0.540000000000,0.964000000000,1.303216980498e1,5.014936924723e-3,1.169339457653e0,5.572449351508e0,general_marcher,converged,2.860188508319e-7,23440,5.295990801980e1,general_marcher,converged,2.409663307395e-8,5728,1.935195773217e2,1.0e-6
s_l_0_3,measured_free,0.5625099,2.363343020672,2,0.3,0.540000000000,0.964000000000,1.304716573333e1,4.846359420637e-3,1.149225138930e0,5.676505538973e0,general_marcher,converged,3.785797927140e-7,23104,5.284660170365e1,general_marcher,converged,1.781456355187e-8,5808,2.099998439056e2,1.0e-6
s_l_0_3,measured_fixed,0.5738514,2.410993479569,2,0.3,0.540000000000,0.964000000000,1.304957919235e1,4.657548621765e-3,1.127785819092e0,5.785486468904e0,general_marcher,converged,3.249397843843e-7,23888,5.692259143817e1,general_marcher,converged,2.252484261000e-8,5664,2.091633870474e2,1.0e-6
s_l_0_3,measured_fixed,0.5857770,2.461097990667,2,0.3,0.540000000000,0.964000000000,1.304100936640e1,4.466901304486e-3,1.107133835728e0,5.889536091102e0,general_marcher,converged,2.315727249975e-7,22640,5.511916577514e1,general_marcher,converged,2.041566323841e-8,5664,2.176761492782e2,1.0e-6
s_l_0_3,measured_free,0.6087180,2.557482876048,2,0.3,0.540000000000,0.964000000000,1.301083492527e1,4.126982806145e-3,1.072483940984e0,6.065748132943e0,general_marcher,converged,1.178308609758e-7,25504,6.188146158731e1,general_marcher,converged,1.719852467574e-8,5664,2.345372059486e2,1.0e-6
s_l_0_3,measured_fixed,0.6301530,2.647540415743,2,0.3,0.540000000000,0.964000000000,1.298455542293e1,3.843216490480e-3,1.045572084501e0,6.209306663502e0,general_marcher,converged,3.768711651333e-7,20480,5.625914607754e1,general_marcher,converged,1.853026760239e-8,5456,2.410922196244e2,1.0e-6
s_l_0_3,measured_free,0.6519254,2.739015516151,2,0.3,0.540000000000,0.964000000000,1.297263279930e1,3.587501588246e-3,1.022970921051e0,6.340665473644e0,general_marcher,converged,3.572848258898e-7,21824,6.021879414195e1,general_marcher,converged,1.816724104345e-8,5456,2.575646118279e2,1.0e-6
s_l_0_3,measured_fixed,0.6744819,2.833784953713,2,0.3,0.540000000000,0.964000000000,1.298263773841e1,3.354147219169e-3,1.003904540635e0,6.466071829003e0,general_marcher,converged,4.412684822128e-7,25280,7.022105416492e1,general_marcher,converged,2.060111447155e-8,5312,2.626246664134e2,1.0e-6
s_l_0_3,measured_free,0.6984175,2.934348576159,2,0.3,0.540000000000,0.964000000000,1.302065860826e1,3.137346653536e-3,9.877776104552e-1,6.590885676312e0,general_marcher,converged,8.160344542337e-7,19648,5.994595343920e1,general_marcher,converged,1.749979401929e-8,5232,2.810908491865e2,1.0e-6
s_l_0_3,measured_fixed,0.7185501,3.018934180248,2,0.3,0.540000000000,0.964000000000,1.307408693324e1,2.976165247449e-3,9.769730953216e-1,6.691119231351e0,general_marcher,converged,1.350568421819e-7,23360,6.998214398632e1,general_marcher,converged,2.058936103046e-8,5120,2.843157825820e2,1.0e-6
s_l_0_3,measured_free,0.7406231,3.111672228939,2,0.3,0.540000000000,0.964000000000,1.315324029987e1,2.818370136496e-3,9.675468105210e-1,6.797211337399e0,general_marcher,converged,5.764363323454e-7,24000,7.080234404614e1,general_marcher,converged,2.021107640335e-8,5120,3.014742214547e2,1.0e-6
s_l_0_3,measured_free,0.7783095,3.270008802952,2,0.3,0.540000000000,0.964000000000,1.333026314398e1,2.586388977698e-3,9.561256978251e-1,6.970978384067e0,general_marcher,converged,4.782518292875e-7,23280,7.447495147896e1,general_marcher,converged,1.594255390557e-8,5056,3.338100512221e2,1.0e-6
s_l_0_4,measured_fixed,0.1947570,0.818256881660,2,0.4,0.720000000000,0.964000000000,2.020324785982e-1,6.260295317994e-4,1.069621817863e0,9.444107965272e-2,general_marcher,converged,5.460832959321e-7,142448,2.612230133218e1,general_marcher,converged,7.208202844867e-8,17216,8.316081393484e1,1.0e-6
s_l_0_4,measured_fixed,0.2094777,0.880104795100,2,0.4,0.720000000000,0.964000000000,3.016194140298e-1,8.078737171386e-4,9.486607422076e-1,1.589711688332e-1,general_marcher,converged,5.857373160839e-7,58976,2.802075308968e1,general_marcher,converged,6.406237460945e-8,15120,8.344581218875e1,1.0e-6
s_l_0_4,measured_fixed,0.2149307,0.903015164308,2,0.4,0.720000000000,0.964000000000,2.979109513966e-1,7.579653338356e-4,1.171667526023e0,1.271311804671e-1,general_marcher,converged,6.560287141509e-7,60288,2.833327646230e1,general_marcher,converged,6.275537503752e-8,15696,9.163487779303e1,1.0e-6
s_l_0_4,measured_fixed,0.2295148,0.964289163126,2,0.4,0.720000000000,0.964000000000,5.241165580328e-1,1.169408563517e-3,1.027467447950e0,2.550526340658e-1,general_marcher,converged,4.821904320484e-7,49024,2.767513025659e1,general_marcher,converged,5.617309397378e-8,13392,8.793697701380e1,1.0e-6
s_l_0_4,measured_fixed,0.2406369,1.011017829430,2,0.4,0.720000000000,0.964000000000,5.689998771439e-1,1.154908307658e-3,8.393082000693e-1,3.389695686858e-1,general_marcher,converged,7.250257130274e-7,49120,2.858240375418e1,general_marcher,converged,5.590935569217e-8,12352,8.832881764166e1,1.0e-6
s_l_0_4,fine,0.2500000,1.050356189585,2,0.4,0.720000000000,0.964000000000,4.957784692068e-1,9.323252062620e-4,8.761632636265e-1,2.829258482915e-1,general_marcher,converged,8.825266461175e-7,48240,2.929590561480e1,general_marcher,converged,4.875508265006e-8,12864,1.004189490966e2,1.0e-6
s_l_0_4,measured_fixed,0.2529700,1.062834421118,2,0.4,0.720000000000,0.964000000000,4.941074640976e-1,9.074927289765e-4,9.452587824593e-1,2.613609485923e-1,general_marcher,converged,7.231928925560e-7,50928,3.080452783547e1,general_marcher,converged,5.340461932570e-8,12864,1.027616892106e2,1.0e-6
s_l_0_4,fine,0.2550000,1.071363313377,2,0.4,0.720000000000,0.964000000000,5.051998601157e-1,9.131510899790e-4,1.009318872660e0,2.502677170715e-1,general_marcher,converged,4.812311168208e-7,52064,3.169339227307e1,general_marcher,converged,5.725483817172e-8,12960,1.045809066457e2,1.0e-6
s_l_0_4,fine,0.2600000,1.092370437169,2,0.4,0.720000000000,0.964000000000,5.807180778798e-1,1.009667625551e-3,1.191562875966e0,2.436791585207e-1,general_marcher,converged,8.588674620876e-7,51024,3.125169266850e1,general_marcher,converged,5.307752670943e-8,12960,1.086256720960e2,1.0e-6
s_l_0_4,measured_fixed,0.2633462,1.106429244695,2,0.4,0.720000000000,0.964000000000,6.685312126418e-1,1.132993341701e-3,1.288180178846e0,2.594866865754e-1,general_marcher,converged,6.075060640665e-7,47040,3.075351975583e1,general_marcher,converged,5.746121165657e-8,12608,1.074864941870e2,1.0e-6
s_l_0_4,fine,0.2650000,1.113377560960,2,0.4,0.720000000000,0.964000000000,7.213578006717e-1,1.207309910799e-3,1.318393869793e0,2.735744670842e-1,general_marcher,converged,3.487971810524e-7,48816,3.201353377241e1,general_marcher,converged,5.396065856083e-8,12528,1.088098854608e2,1.0e-6
s_l_0_4,fine,0.2700000,1.134384684752,2,0.4,0.720000000000,0.964000000000,9.076825356768e-1,1.463410720501e-3,1.338281175123e0,3.391225074931e-1,general_marcher,converged,4.515771265579e-7,45792,3.139902543079e1,general_marcher,converged,5.130743659985e-8,12080,1.087732972406e2,1.0e-6
s_l_0_4,fine,0.2750000,1.155391808544,2,0.4,0.720000000000,0.964000000000,1.110025141111e0,1.725151375245e-3,1.288303625458e0,4.308088245566e-1,general_marcher,converged,4.097811431990e-7,42288,3.068880251944e1,general_marcher,converged,4.746887708462e-8,11408,1.063887427326e2,1.0e-6
s_l_0_4,measured_fixed,0.2751376,1.155969924590,2,0.4,0.720000000000,0.964000000000,1.115515497439e0,1.731950597414e-3,1.286426369806e0,4.335714517447e-1,general_marcher,converged,5.712184920737e-7,40304,2.977107715438e1,general_marcher,converged,4.702924578517e-8,11408,1.064927543677e2,1.0e-6
s_l_0_4,fine,0.2800000,1.176398932335,2,0.4,0.720000000000,0.964000000000,1.297360088967e0,1.944931238871e-3,1.213570143415e0,5.345220859325e-1,general_marcher,converged,2.922617889541e-7,39968,3.083688197182e1,general_marcher,converged,4.670063072090e-8,10832,1.038575798693e2,1.0e-6
s_l_0_4,fine,0.2850000,1.197406056127,2,0.4,0.720000000000,0.964000000000,1.444267841331e0,2.089862928619e-3,1.136231518775e0,6.355517416412e-1,general_marcher,converged,6.912311972550e-7,38816,2.988756876225e1,general_marcher,converged,4.450869883935e-8,10384,1.029570202110e2,1.0e-6
s_l_0_4,measured_fixed,0.2856138,1.199984890644,2,0.4,0.720000000000,0.964000000000,1.458630262470e0,2.101583383429e-3,1.127001459259e0,6.471288260038e-1,general_marcher,converged,2.214118459329e-7,39344,3.104253707288e1,general_marcher,converged,4.354351014419e-8,10384,1.033890418340e2,1.0e-6
s_l_0_4,fine,0.2900000,1.218413179919,2,0.4,0.720000000000,0.964000000000,1.534948664540e0,2.145149876078e-3,1.063610592439e0,7.215745477959e-1,general_marcher,converged,7.883683428221e-7,36816,2.937086992057e1,general_marcher,converged,3.866796453626e-8,10304,1.065030717667e2,1.0e-6
s_l_0_4,fine,0.2950000,1.239420303711,2,0.4,0.720000000000,0.964000000000,1.564366873047e0,2.112780402832e-3,9.972598210852e-1,7.843326483087e-1,general_marcher,converged,2.706109303766e-7,43584,3.422885509180e1,general_marcher,converged,4.368372493412e-8,9936,1.052399408899e2,1.0e-6
s_l_0_4,measured_fixed,0.2953931,1.241071883783,2,0.4,0.720000000000,0.964000000000,1.564162251291e0,2.106885278736e-3,9.923107642566e-1,7.881413301319e-1,general_marcher,converged,3.849566285039e-7,38864,3.157156370177e1,general_marcher,converged,4.361828106899e-8,9936,1.055131444536e2,1.0e-6
s_l_0_4,fine,0.3000000,1.260427427502,2,0.4,0.720000000000,0.964000000000,1.537218880780e0,2.007488109763e-3,9.371897237276e-1,8.201214982735e-1,general_marcher,converged,5.818598527553e-7,39120,3.198419218807e1,general_marcher,converged,4.219563132452e-8,9712,1.062243340140e2,1.0e-6
s_l_0_4,fine,0.3050000,1.281434551294,2,0.4,0.720000000000,0.964000000000,1.465627714820e0,1.851756045730e-3,8.835400111316e-1,8.294065330121e-1,general_marcher,converged,2.961403094601e-7,41232,3.424068988241e1,general_marcher,converged,3.979005805949e-8,9712,1.096999396831e2,1.0e-6
s_l_0_4,measured_fixed,0.3075614,1.292196080670,2,0.4,0.720000000000,0.964000000000,1.417061034601e0,1.760697222384e-3,8.588134904139e-1,8.250109310215e-1,general_marcher,converged,3.635050686050e-7,41424,3.481572401094e1,general_marcher,converged,4.010823830885e-8,9712,1.115024784295e2,1.0e-6
s_l_0_4,fine,0.3100000,1.302441675086,2,0.4,0.720000000000,0.964000000000,1.366326584655e0,1.671055645264e-3,8.372823947788e-1,8.159293645583e-1,general_marcher,converged,5.350838988791e-7,39760,3.357460633063e1,general_marcher,converged,4.111159889349e-8,9712,1.132324839891e2,1.0e-6
s_l_0_4,fine,0.3150000,1.323448798877,2,0.4,0.720000000000,0.964000000000,1.257953054587e0,1.490057773619e-3,8.006172519925e-1,7.856145064676e-1,general_marcher,converged,8.372321124327e-7,41520,3.403348415817e1,general_marcher,converged,3.581240681950e-8,9856,1.195974123208e2,1.0e-6
s_l_0_4,measured_fixed,0.3191548,1.340904878463,2,0.4,0.720000000000,0.964000000000,1.174168307305e0,1.354838015375e-3,7.800162706241e-1,7.526562916213e-1,general_marcher,converged,5.187651802544e-7,39152,3.429415134860e1,general_marcher,converged,3.593705498985e-8,9856,1.226971251768e2,1.0e-6
s_l_0_4,fine,0.3200000,1.344455922669,2,0.4,0.720000000000,0.964000000000,1.158782174033e0,1.330030591497e-3,7.771838886315e-1,7.455006408287e-1,general_marcher,converged,2.935112891363e-7,44080,3.702871446065e1,general_marcher,converged,3.634543729653e-8,9872,1.233326222131e2,1.0e-6
s_l_0_4,fine,0.3250000,1.365463046461,2,0.4,0.720000000000,0.964000000000,1.085066722682e0,1.207395363153e-3,7.719255522370e-1,7.028311989011e-1,general_marcher,converged,6.398234574549e-7,40976,3.555404304034e1,general_marcher,converged,3.902113221406e-8,9872,1.271202680584e2,1.0e-6
s_l_0_4,measured_fixed,0.3294693,1.384240474133,2,0.4,0.720000000000,0.964000000000,1.051572604937e0,1.138594648495e-3,7.870284817180e-1,6.680651522558e-1,general_marcher,converged,2.496775309387e-7,47600,3.995137552121e1,general_marcher,converged,4.230813412970e-8,9872,1.305514486966e2,1.0e-6
s_l_0_4,fine,0.3300000,1.386470170253,2,0.4,0.720000000000,0.964000000000,1.050003150203e0,1.133241586344e-3,7.902303243626e-1,6.643652602486e-1,general_marcher,converged,2.684584411350e-7,43616,3.801202798613e1,general_marcher,converged,4.266564747512e-8,9872,1.309619637079e2,1.0e-6
s_l_0_4,fine,0.3350000,1.407477294044,2,0.4,0.720000000000,0.964000000000,1.063232243543e0,1.113520727427e-3,8.359829246619e-1,6.359174405224e-1,general_marcher,converged,8.790664631250e-7,40864,3.636460121921e1,general_marcher,converged,3.570674207914e-8,10096,1.380015456551e2,1.0e-6
s_l_0_4,measured_fixed,0.3396933,1.427195840863,2,0.4,0.720000000000,0.964000000000,1.125012886595e0,1.145891020227e-3,9.036811304046e-1,6.224612027095e-1,general_marcher,converged,7.327889067061e-7,39936,3.667411748098e1,general_marcher,converged,3.652835642205e-8,10096,1.418036138521e2,1.0e-6
s_l_0_4,fine,0.3400000,1.428484417836,2,0.4,0.720000000000,0.964000000000,1.130785776237e0,1.149694050639e-3,9.088406745033e-1,6.221034159015e-1,general_marcher,converged,9.680610176149e-7,42544,3.745340560812e1,general_marcher,converged,3.659631856025e-8,10096,1.420538988591e2,1.0e-6
s_l_0_4,fine,0.3450000,1.449491541628,2,0.4,0.720000000000,0.964000000000,1.255328943292e0,1.239593051403e-3,1.002255475253e0,6.262519758126e-1,general_marcher,converged,4.889356667314e-7,42064,3.855069827924e1,general_marcher,converged,4.080901923474e-8,9872,1.428358164772e2,1.0e-6
s_l_0_4,fine,0.3500000,1.470498665419,2,0.4,0.720000000000,0.964000000000,1.436604017272e0,1.378353993697e-3,1.104332321481e0,6.504400846230e-1,general_marcher,converged,3.972652976189e-7,38080,3.737260668788e1,general_marcher,converged,4.100312508360e-8,9744,1.438643719244e2,1.0e-6
s_l_0_4,measured_fixed,0.3523761,1.480481670788,2,0.4,0.720000000000,0.964000000000,1.541947206394e0,1.459541326256e-3,1.151960974279e0,6.692705919834e-1,general_marcher,converged,9.432168998405e-7,35648,3.554846019473e1,general_marcher,converged,3.853902224699e-8,9744,1.457794055306e2,1.0e-6
s_l_0_4,fine,0.3550000,1.491505789211,2,0.4,0.720000000000,0.964000000000,1.671971653185e0,1.559308280118e-3,1.201802368057e0,6.956100676891e-1,general_marcher,converged,6.061883086011e-7,36624,3.688536482672e1,general_marcher,converged,3.515784470147e-8,9664,1.479090804288e2,1.0e-6
s_l_0_4,fine,0.3600000,1.512512913003,2,0.4,0.720000000000,0.964000000000,1.956976461213e0,1.774763063136e-3,1.284553189694e0,7.617343045479e-1,general_marcher,converged,2.783852394857e-7,40688,4.038189803227e1,general_marcher,converged,3.886019944935e-8,9296,1.447636474528e2,1.0e-6
s_l_0_4,measured_fixed,0.3616228,1.519330985101,2,0.4,0.720000000000,0.964000000000,2.059217318448e0,1.850761062932e-3,1.307301886400e0,7.875829369908e-1,general_marcher,converged,6.747506954582e-7,35392,3.663001245852e1,general_marcher,converged,3.714020182764e-8,9296,1.460416175719e2,1.0e-6
s_l_0_4,fine,0.3650000,1.533520036794,2,0.4,0.720000000000,0.964000000000,2.285884670972e0,2.016639954946e-3,1.347808707171e0,8.480004094090e-1,general_marcher,converged,5.480411495715e-7,34016,3.648647850881e1,general_marcher,converged,3.320933913763e-8,9216,1.487194594411e2,1.0e-6
s_l_0_4,fine,0.3700000,1.554527160586,2,0.4,0.720000000000,0.964000000000,2.652182724522e0,2.276982929976e-3,1.391495414117e0,9.529972925585e-1,general_marcher,converged,6.233398542291e-7,33904,3.661934929221e1,general_marcher,converged,3.630004307672e-8,8848,1.450786263046e2,1.0e-6
s_l_0_4,measured_fixed,0.3729280,1.566828932279,2,0.4,0.720000000000,0.964000000000,2.881293912696e0,2.434990990356e-3,1.409003874482e0,1.022457767817e0,general_marcher,converged,3.026031169104e-7,33840,3.805743408904e1,general_marcher,converged,3.383444868932e-8,8848,1.473303916324e2,1.0e-6
s_l_0_4,fine,0.3750000,1.575534284378,2,0.4,0.720000000000,0.964000000000,3.048980206380e0,2.548307606778e-3,1.418276649403e0,1.074889094332e0,general_marcher,converged,5.360519021794e-7,33232,3.673769489195e1,general_marcher,converged,3.163137510903e-8,8768,1.489323382937e2,1.0e-6
s_l_0_4,fine,0.3800000,1.596541408170,2,0.4,0.720000000000,0.964000000000,3.469352042539e0,2.823845676027e-3,1.431759759357e0,1.211569196531e0,general_marcher,converged,6.016166604549e-7,31072,3.589328747824e1,general_marcher,converged,3.482878614655e-8,8400,1.447619924228e2,1.0e-6
s_l_0_4,measured_fixed,0.3849525,1.617348964285,2,0.4,0.720000000000,0.964000000000,3.902387194625e0,3.095108301627e-3,1.435417653663e0,1.359321165051e0,general_marcher,converged,3.633201011643e-7,32272,3.773917795018e1,general_marcher,converged,3.174282851184e-8,8400,1.484580788862e2,1.0e-6
s_l_0_4,fine,0.3850000,1.617548531961,2,0.4,0.720000000000,0.964000000000,3.906601595436e0,3.097686372273e-3,1.435416106262e0,1.360790637082e0,general_marcher,converged,3.208116133186e-7,35440,4.059164594319e1,general_marcher,converged,3.141222948367e-8,8320,1.484937577825e2,1.0e-6
s_l_0_4,measured_fixed,0.3885081,1.632287550156,2,0.4,0.720000000000,0.964000000000,4.220055322374e0,3.286077257745e-3,1.433689853824e0,1.471746246623e0,general_marcher,converged,4.762060124664e-7,30368,3.657858376587e1,general_marcher,converged,3.139386493910e-8,8176,1.469282336979e2,1.0e-6
s_l_0_4,fine,0.3900000,1.638555655753,2,0.4,0.720000000000,0.964000000000,4.354437423324e0,3.364826074849e-3,1.432124442449e0,1.520272014867e0,general_marcher,converged,3.875551878421e-7,30592,3.686395018027e1,general_marcher,converged,2.979288792309e-8,8176,1.480287697235e2,1.0e-6
s_l_0_4,fine,0.3950000,1.659562779545,2,0.4,0.720000000000,0.964000000000,4.807125074092e0,3.621187493569e-3,1.424097069025e0,1.687779990090e0,general_marcher,converged,3.328583196748e-7,32272,3.875041784751e1,general_marcher,converged,3.176059707234e-8,7952,1.473946786892e2,1.0e-6
s_l_0_4,fine,0.4000000,1.680569903336,2,0.4,0.720000000000,0.964000000000,5.259539357317e0,3.863558635497e-3,1.412950273648e0,1.861190537066e0,general_marcher,converged,4.583297418263e-7,27536,3.575736080188e1,general_marcher,converged,2.865833331241e-8,7728,1.465875319066e2,1.0e-6
s_l_0_4,measured_fixed,0.4014933,1.686843890928,2,0.4,0.720000000000,0.964000000000,5.393928080816e0,3.932858561481e-3,1.409198387631e0,1.913828502842e0,general_marcher,converged,3.271982161256e-7,31792,4.009782060257e1,general_marcher,converged,2.750053010031e-8,7728,1.476545372028e2,1.0e-6
s_l_0_4,fine,0.4050000,1.701577027128,2,0.4,0.720000000000,0.964000000000,5.707224967042e0,4.089542505984e-3,1.399837142347e0,2.038531767157e0,general_marcher,converged,4.465335274085e-7,28208,3.667727725789e1,general_marcher,converged,2.525021497896e-8,7728,1.501756367012e2,1.0e-6
s_l_0_4,measured_fixed,0.4059011,1.705362930978,2,0.4,0.720000000000,0.964000000000,5.787102259647e0,4.128387753464e-3,1.397331903671e0,2.070768671511e0,general_marcher,converged,4.156967502425e-7,31904,4.096450316405e1,general_marcher,converged,3.205079905720e-8,7504,1.462343762121e2,1.0e-6
s_l_0_4,fine,0.4100000,1.722584150920,2,0.4,0.720000000000,0.964000000000,6.146380302849e0,4.297456566436e-3,1.385561098289e0,2.218011284540e0,general_marcher,converged,3.153479644092e-7,26832,3.651942009287e1,general_marcher,converged,3.015405972772e-8,7360,1.444383791864e2,1.0e-6
s_l_0_4,fine,0.4150000,1.743591274711,2,0.4,0.720000000000,0.964000000000,6.573851640710e0,4.486250154674e-3,1.370676933114e0,2.398031031927e0,general_marcher,converged,5.567108122964e-7,26976,3.633577194643e1,general_marcher,converged,3.055049869768e-8,7152,1.436213926492e2,1.0e-6
s_l_0_4,measured_fixed,0.4176282,1.754633459261,2,0.4,0.720000000000,0.964000000000,6.792981431641e0,4.577628831659e-3,1.362742783672e0,2.492393103465e0,general_marcher,converged,3.220096713105e-7,27728,3.785211340180e1,general_marcher,converged,2.911985903904e-8,7152,1.453954030922e2,1.0e-6
s_l_0_4,fine,0.4200000,1.764598398503,2,0.4,0.720000000000,0.964000000000,6.987091992527e0,4.655407067080e-3,1.355562816938e0,2.577192257424e0,general_marcher,converged,4.994477304000e-7,25600,3.612539324008e1,general_marcher,converged,2.822874566197e-8,7168,1.470058506035e2,1.0e-6
s_l_0_4,measured_fixed,0.4225706,1.775398580987,2,0.4,0.720000000000,0.964000000000,7.193341068296e0,4.734693579536e-3,1.347790062518e0,2.668568818075e0,general_marcher,converged,5.479260036023e-7,28432,3.766978377977e1,general_marcher,converged,2.728219513372e-8,7168,1.487614656228e2,1.0e-6
s_l_0_4,fine,0.4250000,1.785605522295,2,0.4,0.720000000000,0.964000000000,7.384118643548e0,4.804858328909e-3,1.340474408532e0,2.754293031091e0,general_marcher,converged,4.726268212347e-7,28736,4.041586447135e1,general_marcher,converged,2.572974642273e-8,7088,1.504303823546e2,1.0e-6
s_l_0_4,fine,0.4300000,1.806612646087,2,0.4,0.720000000000,0.964000000000,7.763440863713e0,4.934885938385e-3,1.325579171147e0,2.928320326955e0,general_marcher,converged,5.677959079668e-7,25712,3.666616342934e1,general_marcher,converged,2.454280982426e-8,7088,1.538949880986e2,1.0e-6
s_l_0_4,fine,0.4350000,1.827619769878,2,0.4,0.720000000000,0.964000000000,8.124041365614e0,5.046071422105e-3,1.310989675270e0,3.098438347327e0,general_marcher,converged,2.400934702637e-7,27840,3.995666028910e1,general_marcher,converged,2.688273657912e-8,6944,1.521325940861e2,1.0e-6
s_l_0_4,fine,0.4400000,1.848626893670,2,0.4,0.720000000000,0.964000000000,8.465271031522e0,5.139197352447e-3,1.296773472441e0,3.263974476433e0,general_marcher,converged,6.652926776757e-7,25824,3.718755783203e1,general_marcher,converged,2.346885502490e-8,6864,1.555556163045e2,1.0e-6
s_l_0_4,measured_fixed,0.4405322,1.850862891926,2,0.4,0.720000000000,0.964000000000,8.500439885407e0,5.148086856500e-3,1.295284848763e0,3.281301365305e0,general_marcher,converged,3.107922239420e-7,27952,4.096680837163e1,general_marcher,converged,2.322302604462e-8,6864,1.559222406305e2,1.0e-6
s_l_0_4,measured_free,0.4414944,1.854905502829,2,0.4,0.720000000000,0.964000000000,8.563445977927e0,5.163663642588e-3,1.292603851770e0,3.312478903031e0,general_marcher,converged,5.373865059543e-7,23440,3.623228318392e1,general_marcher,converged,2.862579935802e-8,6720,1.511637236008e2,1.0e-6
s_l_0_4,fine,0.4450000,1.869634017462,2,0.4,0.720000000000,0.964000000000,8.786842333958e0,5.215219511683e-3,1.282974000195e0,3.424403897748e0,general_marcher,converged,1.976130946666e-7,27392,4.056502714016e1,general_marcher,converged,2.788657374260e-8,6720,1.535062274138e2,1.0e-6
s_l_0_4,measured_free,0.4454240,1.871415421559,2,0.4,0.720000000000,0.964000000000,8.813204591286e0,5.220912392918e-3,1.281823724017e0,3.437759976726e0,general_marcher,converged,2.168925885697e-7,27952,4.060462005995e1,general_marcher,converged,2.780395908993e-8,6720,1.537896939093e2,1.0e-6
s_l_0_4,fine,0.4500000,1.890641141253,2,0.4,0.720000000000,0.964000000000,9.088732130658e0,5.275189402322e-3,1.269612270405e0,3.579333762959e0,general_marcher,converged,4.694720596750e-7,28032,4.017843227264e1,general_marcher,converged,2.599275399748e-8,6640,1.568659397110e2,1.0e-6
s_l_0_4,measured_free,0.4518731,1.898510829968,2,0.4,0.720000000000,0.964000000000,9.196798914392e0,5.293750818484e-3,1.264721864665e0,3.635897809370e0,general_marcher,converged,2.703962793132e-7,26016,4.052260234753e1,general_marcher,converged,2.733488100137e-8,6496,1.524571519903e2,1.0e-6
s_l_0_4,measured_fixed,0.4537070,1.906215822833,2,0.4,0.720000000000,0.964000000000,9.299975671366e0,5.309952472725e-3,1.259994917377e0,3.690481423022e0,general_marcher,converged,4.292948818567e-7,27840,4.086389083742e1,general_marcher,converged,2.651498696942e-8,6496,1.536576495079e2,1.0e-6
s_l_0_4,fine,0.4550000,1.911648265045,2,0.4,0.720000000000,0.964000000000,9.371168002959e0,5.320233721802e-3,1.256698343881e0,3.728487448317e0,general_marcher,converged,2.594360264064e-7,25792,3.975469553735e1,general_marcher,converged,2.599131984529e-8,6496,1.545069486596e2,1.0e-6
s_l_0_4,measured_free,0.4563511,1.917324810036,2,0.4,0.720000000000,0.964000000000,9.444201094335e0,5.329995023888e-3,1.253286073621e0,3.767775487621e0,general_marcher,converged,2.431311919096e-7,26464,4.128093834010e1,general_marcher,converged,2.549179578524e-8,6496,1.553969575518e2,1.0e-6
s_l_0_4,measured_fixed,0.4582269,1.925205842598,2,0.4,0.720000000000,0.964000000000,9.543308449475e0,5.341922470713e-3,1.248602648945e0,3.821595468158e0,general_marcher,converged,3.407035299710e-7,28368,4.162784271509e1,general_marcher,converged,2.487710550028e-8,6496,1.566373766574e2,1.0e-6
s_l_0_4,measured_free,0.4593347,1.929860180945,2,0.4,0.720000000000,0.964000000000,9.600599891941e0,5.348101509129e-3,1.245866098179e0,3.852982237007e0,general_marcher,converged,2.517758862669e-7,26240,4.050093220251e1,general_marcher,converged,2.455462713813e-8,6496,1.573723546808e2,1.0e-6
s_l_0_4,fine,0.4600000,1.932655388837,2,0.4,0.720000000000,0.964000000000,9.634566143588e0,5.351509248742e-3,1.244232825764e0,3.871689423429e0,general_marcher,converged,3.563217350902e-7,23184,3.798213010361e1,general_marcher,converged,2.437475093216e-8,6496,1.578145942559e2,1.0e-6
s_l_0_4,fine,0.4650000,1.953662512629,2,0.4,0.720000000000,0.964000000000,9.879504279021e0,5.370182301875e-3,1.232211477233e0,4.008850940591e0,general_marcher,converged,3.536650996714e-7,23632,3.878837736258e1,general_marcher,converged,2.331788138375e-8,6496,1.611584091718e2,1.0e-6
s_l_0_4,measured_free,0.4657424,1.956781650369,2,0.4,0.720000000000,0.964000000000,9.914342553425e0,5.371952300534e-3,1.230464277171e0,4.028699872627e0,general_marcher,converged,1.923877142587e-7,26352,4.161871221067e1,general_marcher,converged,2.319946445047e-8,6496,1.616579396226e2,1.0e-6
s_l_0_4,fine,0.4700000,1.974669636420,2,0.4,0.720000000000,0.964000000000,1.010667486385e1,5.377400208606e-3,1.220625638543e0,4.139956815877e0,general_marcher,converged,3.724421435042e-7,26256,4.236715522060e1,general_marcher,converged,2.197462616059e-8,6416,1.645378878501e2,1.0e-6
s_l_0_4,measured_free,0.4735475,1.989574190750,2,0.4,0.720000000000,0.964000000000,1.025749613403e1,5.376183042295e-3,1.212662853202e0,4.229327263941e0,general_marcher,converged,6.972341076548e-7,26224,4.028826942538e1,general_marcher,converged,2.171019689103e-8,6416,1.669572559088e2,1.0e-6
s_l_0_4,measured_fixed,0.4737294,1.990338429914,2,0.4,0.720000000000,0.964000000000,1.026500467800e1,5.375987574918e-3,1.212260255006e0,4.233828765568e0,general_marcher,converged,6.502148451988e-7,26224,4.030412557138e1,general_marcher,converged,2.480916886060e-8,6288,1.615392553033e2,1.0e-6
s_l_0_4,measured_free,0.4744873,1.993522689738,2,0.4,0.720000000000,0.964000000000,1.029605693561e1,5.375037903580e-3,1.210588706198e0,4.252499995623e0,general_marcher,converged,1.766392089835e-7,23984,4.037019190623e1,general_marcher,converged,2.472569094678e-8,6288,1.620409212925e2,1.0e-6
s_l_0_4,fine,0.4750000,1.995676760212,2,0.4,0.720000000000,0.964000000000,1.031685292337e1,5.374273957446e-3,1.209463525740e0,4.265053349607e0,general_marcher,converged,9.945045060502e-8,25696,4.191613549668e1,general_marcher,converged,2.467234992680e-8,6288,1.623807340945e2,1.0e-6
s_l_0_4,fine,0.4800000,2.016683884004,2,0.4,0.720000000000,0.964000000000,1.051088504240e1,5.361873856641e-3,1.198713017790e0,4.384237464018e0,general_marcher,converged,7.122394517206e-7,22976,3.846697463697e1,general_marcher,converged,2.424395145605e-8,6288,1.657136673540e2,1.0e-6
s_l_0_4,measured_free,0.4844910,2.035552482593,2,0.4,0.720000000000,0.964000000000,1.067214270661e1,5.343674268055e-3,1.189398512966e0,4.486361211260e0,general_marcher,converged,3.558812622209e-7,23872,4.065363782715e1,general_marcher,converged,2.391080770965e-8,6288,1.687366577947e2,1.0e-6
s_l_0_4,fine,0.4850000,2.037691007795,2,0.4,0.720000000000,0.964000000000,1.068966965744e1,5.341221497593e-3,1.188362454513e0,4.497647000222e0,general_marcher,converged,5.662225603076e-7,22864,3.928925455317e1,general_marcher,converged,2.387146658442e-8,6288,1.690810292404e2,1.0e-6
s_l_0_4,measured_fixed,0.4852180,2.038606918393,2,0.4,0.720000000000,0.964000000000,1.069713171763e1,5.340148298293e-3,1.187920050813e0,4.502462817389e0,general_marcher,converged,9.055443161498e-7,24624,3.930735757432e1,general_marcher,converged,2.385439021091e-8,6288,1.692286294781e2,1.0e-6
s_l_0_4,fine,0.4900000,2.058698131587,2,0.4,0.720000000000,0.964000000000,1.085411628677e1,5.313272514183e-3,1.178398539975e0,4.605452195738e0,general_marcher,converged,1.223280782430e-7,25472,4.308088543204e1,general_marcher,converged,2.343070063356e-8,6288,1.724828191987e2,1.0e-6
s_l_0_4,measured_free,0.4944590,2.077432284584,2,0.4,0.720000000000,0.964000000000,1.098941358581e1,5.282916263788e-3,1.169827382067e0,4.697023575563e0,general_marcher,converged,3.458638984454e-7,24768,4.230984397597e1,general_marcher,converged,2.435659193560e-8,6064,1.687572709599e2,1.0e-6
s_l_0_4,fine,0.4950000,2.079705255379,2,0.4,0.720000000000,0.964000000000,1.100513600192e1,5.278916556198e-3,1.168807432726e0,4.707848227940e0,general_marcher,converged,3.723111993059e-7,25360,4.391516251630e1,general_marcher,converged,2.419264764300e-8,6064,1.691158753029e2,1.0e-6
s_l_0_4,measured_fixed,0.4963154,2.085231809506,2,0.4,0.720000000000,0.964000000000,1.104274921345e1,5.268918589995e-3,1.166344433805e0,4.733914310982e0,general_marcher,converged,4.321841893496e-7,25552,4.267058267416e1,general_marcher,converged,2.380941747736e-8,6064,1.699894078440e2,1.0e-6
s_l_0_4,measured_free,0.4963971,2.085575065909,2,0.4,0.720000000000,0.964000000000,1.104505731543e1,5.268285273902e-3,1.166192285466e0,4.735521514369e0,general_marcher,converged,4.244407760105e-7,25552,4.267776476578e1,general_marcher,converged,2.378634232775e-8,6064,1.700437387105e2,1.0e-6
s_l_0_4,fine,0.5000000,2.100712379170,2,0.4,0.720000000000,0.964000000000,1.114364849013e1,5.238985263766e-3,1.159577038553e0,4.805048789184e0,general_marcher,converged,3.984203451034e-7,27104,4.644811502609e1,general_marcher,converged,2.285575061931e-8,6064,1.724484554370e2,1.0e-6
s_l_0_4,fine,0.5050000,2.121719502962,2,0.4,0.720000000000,0.964000000000,1.127054213166e1,5.194237839124e-3,1.150693944343e0,4.897280544089e0,general_marcher,converged,5.753453338950e-7,22944,4.094925129364e1,general_marcher,converged,2.184617375563e-8,6064,1.758140743430e2,1.0e-6
s_l_0_4,fine,0.5100000,2.142726626754,2,0.4,0.720000000000,0.964000000000,1.138671408416e1,5.145384628001e-3,1.142148459477e0,4.984778462765e0,general_marcher,converged,1.889835445908e-7,25696,4.507774079008e1,general_marcher,converged,2.114074632371e-8,6064,1.792127311652e2,1.0e-6
s_l_0_4,measured_free,0.5100466,2.142922413148,2,0.4,0.720000000000,0.964000000000,1.138774453886e1,5.144910015874e-3,1.142069912543e0,4.985572430284e0,general_marcher,converged,5.790217071148e-7,23392,4.179639423547e1,general_marcher,converged,2.113545255887e-8,6064,1.792445620354e2,1.0e-6
s_l_0_4,fine,0.5150000,2.163733750546,2,0.4,0.720000000000,0.964000000000,1.149299387499e1,5.093056549100e-3,1.133927441313e0,5.067781877509e0,general_marcher,converged,3.843690864779e-7,27344,4.592763596490e1,general_marcher,converged,2.439322935715e-8,5936,1.761034684866e2,1.0e-6
s_l_0_4,measured_free,0.5174169,2.173888174044,2,0.4,0.720000000000,0.964000000000,1.154106299563e1,5.066690467913e-3,1.130066596599e0,5.106364098523e0,general_marcher,converged,6.555511241223e-7,57600,4.461352064107e1,general_marcher,converged,2.408698024944e-8,5936,1.777126178056e2,1.0e-6
s_l_0_4,measured_fixed,0.5176408,2.174828873047,2,0.4,0.720000000000,0.964000000000,1.154540977949e1,5.064214979477e-3,1.129712389248e0,5.109888981203e0,general_marcher,converged,5.647784498395e-7,24064,4.307728566768e1,general_marcher,converged,2.406164910398e-8,5936,1.778620644152e2,1.0e-6
s_l_0_4,measured_fixed,0.5190513,2.180754982669,2,0.4,0.720000000000,0.964000000000,1.157241581915e1,5.048510282846e-3,1.127497034336e0,5.131905214262e0,general_marcher,converged,3.496224390554e-7,25952,4.669483463579e1,general_marcher,converged,2.391308172170e-8,5936,1.788049976663e2,1.0e-6
s_l_0_4,fine,0.5200000,2.184740874337,2,0.4,0.720000000000,0.964000000000,1.159019628819e1,5.037834369085e-3,1.126020204451e0,5.146531226693e0,general_marcher,converged,6.336098464690e-7,26720,4.516589719513e1,general_marcher,converged,2.382329220086e-8,5936,1.794406366478e2,1.0e-6
s_l_0_4,fine,0.5250000,2.205747998129,2,0.4,0.720000000000,0.964000000000,1.167909990803e1,4.980243162188e-3,1.118416623181e0,5.221265343326e0,general_marcher,converged,1.622969147111e-7,25248,4.602279757505e1,general_marcher,converged,2.346316824962e-8,5936,1.828096076074e2,1.0e-6
s_l_0_4,fine,0.5300000,2.226755121921,2,0.4,0.720000000000,0.964000000000,1.176043779815e1,4.920752605645e-3,1.111106432595e0,5.292219292925e0,general_marcher,converged,1.236815450924e-7,25696,4.688404206871e1,general_marcher,converged,2.245556152872e-8,5856,1.862103802234e2,1.0e-6
s_l_0_4,fine,0.5350000,2.247762245712,2,0.4,0.720000000000,0.964000000000,1.183490399097e1,4.859783880342e-3,1.104079969770e0,5.359622633779e0,general_marcher,converged,2.929937526807e-7,25504,4.774961798370e1,general_marcher,converged,2.231706993542e-8,5856,1.896429532861e2,1.0e-6
s_l_0_4,fine,0.5400000,2.268769369504,2,0.4,0.720000000000,0.964000000000,1.190314296984e1,4.797709095706e-3,1.097327214220e0,5.423698061795e0,general_marcher,converged,6.396317127659e-7,22352,4.316463136032e1,general_marcher,converged,2.233582228070e-8,5872,1.931073255203e2,1.0e-6
s_l_0_4,fine,0.5450000,2.289776493296,2,0.4,0.720000000000,0.964000000000,1.196578512082e1,4.734869090319e-3,1.090841026625e0,5.484660380735e0,general_marcher,converged,1.456052056628e-7,23312,4.585254192937e1,general_marcher,converged,2.214431090681e-8,5872,1.966017704880e2,1.0e-6
s_l_0_4,fine,0.5500000,2.310783617088,2,0.4,0.720000000000,0.964000000000,1.202339235487e1,4.671554518881e-3,1.084612029563e0,5.542715748651e0,general_marcher,converged,7.825536264234e-8,29568,5.240013064452e1,general_marcher,converged,2.191752261076e-8,5872,2.001097252739e2,1.0e-6
s_l_0_4,measured_fixed,0.5524290,2.320988877826,2,0.4,0.720000000000,0.964000000000,1.204971663339e1,4.640701954433e-3,1.081675926126e0,5.569929191521e0,general_marcher,converged,7.886913077408e-8,29792,5.283553910236e1,general_marcher,converged,2.414637846598e-8,5728,1.933652793903e2,1.0e-6
s_l_0_4,measured_fixed,0.5832748,2.450585185636,2,0.4,0.720000000000,0.964000000000,1.231347278808e1,4.253964968740e-3,1.049114431828e0,5.868507959911e0,general_marcher,converged,6.251257703484e-7,23792,4.820803948317e1,general_marcher,converged,2.086437286952e-8,5664,2.158757188199e2,1.0e-6
s_l_0_4,measured_fixed,0.5866941,2.464951117313,2,0.4,0.720000000000,0.964000000000,1.233685814690e1,4.212509667303e-3,1.046002882686e0,5.897143474033e0,general_marcher,converged,1.492376814059e-7,24672,5.088017052164e1,general_marcher,converged,2.025298288895e-8,5664,2.183379408187e2,1.0e-6
s_l_0_4,measured_fixed,0.6179738,2.596370423326,2,0.4,0.720000000000,0.964000000000,1.252336720110e1,3.854257890695e-3,1.021512890358e0,6.129813592813e0,general_marcher,converged,9.455165771559e-7,25120,5.164507589227e1,general_marcher,converged,1.935939740967e-8,5456,2.321185377067e2,1.0e-6
s_l_0_4,measured_fixed,0.6271319,2.634847491405,2,0.4,0.720000000000,0.964000000000,1.257284164185e1,3.757296274378e-3,1.015569117656e0,6.190047247042e0,general_marcher,converged,4.864024865039e-7,24272,5.319466430649e1,general_marcher,converged,1.867535423514e-8,5456,2.388501528636e2,1.0e-6
s_l_0_4,measured_free,0.6294909,2.644758652410,2,0.4,0.720000000000,0.964000000000,1.258544252926e1,3.732925816159e-3,1.014119198023e0,6.205110086562e0,general_marcher,converged,1.289930360950e-7,23776,5.365361849494e1,general_marcher,converged,1.855905727779e-8,5456,2.405999420605e2,1.0e-6
s_l_0_4,measured_free,0.6498356,2.730235378691,2,0.4,0.720000000000,0.964000000000,1.269368655626e1,3.532974899172e-3,1.002889577562e0,6.328556423487e0,general_marcher,converged,6.165363319040e-7,21664,5.189297698148e1,general_marcher,converged,1.817800103754e-8,5456,2.559595761779e2,1.0e-6
s_l_0_4,measured_fixed,0.6514835,2.737158906551,2,0.4,0.720000000000,0.964000000000,1.270252435824e1,3.517571838418e-3,1.002074656021e0,6.338112775290e0,general_marcher,converged,7.330285639926e-7,24624,5.476637551732e1,general_marcher,converged,1.816952841656e-8,5456,2.572247939395e2,1.0e-6
s_l_0_4,measured_fixed,0.6725678,2.825743006583,2,0.4,0.720000000000,0.964000000000,1.281801800213e1,3.330492929986e-3,9.927578169725e-1,6.455762816966e0,general_marcher,converged,3.203205969499e-7,28560,6.408694955050e1,general_marcher,converged,2.084881725452e-8,5312,2.611753983080e2,1.0e-6
s_l_0_4,measured_fixed,0.6848819,2.877479771200,2,0.4,0.720000000000,0.964000000000,1.288829686384e1,3.229415565771e-3,9.881875698563e-1,6.521179408133e0,general_marcher,converged,5.083156222977e-7,23904,5.762505372995e1,general_marcher,converged,1.939952804368e-8,5312,2.705701117142e2,1.0e-6
s_l_0_4,measured_fixed,0.7176638,3.015210457485,2,0.4,0.720000000000,0.964000000000,1.308793994009e1,2.986682063248e-3,9.786426388642e-1,6.686781987796e0,general_marcher,converged,7.520678191170e-7,21296,5.679033578815e1,general_marcher,converged,2.062865736265e-8,5120,2.836374826000e2,1.0e-6
s_l_0_4,measured_free,0.7184684,3.018590923846,2,0.4,0.720000000000,0.964000000000,1.309308857412e1,2.981168638345e-3,9.784514360063e-1,6.690719688430e0,general_marcher,converged,1.060684435674e-7,25264,6.338234937922e1,general_marcher,converged,2.059287225581e-8,5120,2.842532217801e2,1.0e-6
s_l_0_4,measured_fixed,0.7190310,3.020954645415,2,0.4,0.720000000000,0.964000000000,1.309667983531e1,2.977321696874e-3,9.783176747779e-1,6.693469909091e0,general_marcher,converged,9.361716942189e-7,24560,6.025305399392e1,general_marcher,converged,2.056914044206e-8,5120,2.846841678066e2,1.0e-6
s_l_0_4,measured_fixed,0.7513398,3.156697637647,2,0.4,0.720000000000,0.964000000000,1.331176678439e1,2.771549832652e-3,9.720154863172e-1,6.847507561234e0,general_marcher,converged,5.243641067863e-7,25712,6.573482921560e1,general_marcher,converged,2.016741838711e-8,5120,3.099890639080e2,1.0e-6
s_l_0_4,measured_fixed,0.7617438,3.200409260833,2,0.4,0.720000000000,0.964000000000,1.338422467832e1,2.711035117885e-3,9.704833310964e-1,6.895648925364e0,general_marcher,converged,6.649355965980e-7,23792,6.392423553728e1,general_marcher,converged,1.928579530832e-8,5040,3.183706915376e2,1.0e-6
s_l_0_4,measured_free,0.7624675,3.203449831930,2,0.4,0.720000000000,0.964000000000,1.338932260338e1,2.706921822483e-3,9.703851539036e-1,6.898973335237e0,general_marcher,converged,1.443028087291e-7,124992,6.777275226971e1,general_marcher,converged,1.927179178050e-8,5040,3.189579397731e2,1.0e-6
s_l_0_4,measured_fixed,0.8052400,3.383155272406,2,0.4,0.720000000000,0.964000000000,1.369936272754e1,2.483187227099e-3,9.660912806141e-1,7.090097489977e0,general_marcher,converged,7.559938269582e-7,23648,6.729726739423e1,general_marcher,converged,1.518063140928e-8,5056,3.566322793952e2,1.0e-6
s_l_0_4,measured_free,0.8055068,3.384276212532,2,0.4,0.720000000000,0.964000000000,1.370134859541e1,2.481902262642e-3,9.660733276460e-1,7.091257052297e0,general_marcher,converged,1.152400528883e-7,25520,7.153008549005e1,general_marcher,converged,1.517775446802e-8,5056,3.568622106849e2,1.0e-6
s_l_0_4,measured_fixed,0.8061191,3.386848744911,2,0.4,0.720000000000,0.964000000000,1.370588883382e1,2.478954544593e-3,9.660311385300e-1,7.093916690240e0,general_marcher,converged,9.067123210456e-8,25520,7.158522049565e1,general_marcher,converged,1.517136183652e-8,5056,3.573901821415e2,1.0e-6
s_l_0_4,measured_free,0.8063524,3.387828937308,2,0.4,0.720000000000,0.964000000000,1.370761929139e1,2.477833095242e-3,9.660151853172e-1,7.094929510291e0,general_marcher,converged,9.726503809697e-8,25520,7.160622822304e1,general_marcher,converged,1.516899703442e-8,5056,3.575914552838e2,1.0e-6
s_l_0_4,measured_free,0.8406752,3.532033599003,2,0.4,0.720000000000,0.964000000000,1.396431594548e1,2.322324883254e-3,9.643200012037e-1,7.240498967176e0,general_marcher,converged,8.290873032325e-7,23744,7.337245184234e1,general_marcher,converged,1.852414921441e-8,4912,3.683175561457e2,1.0e-6
s_l_0_4,measured_free,0.8438397,3.545329007651,2,0.4,0.720000000000,0.964000000000,1.398807818112e1,2.308861726648e-3,9.642204547924e-1,7.253568471605e0,general_marcher,converged,1.749839882684e-7,53584,6.954276046640e1,general_marcher,converged,1.824641883607e-8,4912,3.710210397970e2,1.0e-6
s_l_0_4,measured_free,0.8739597,3.671875921372,2,0.4,0.720000000000,0.964000000000,1.421371459132e1,2.187180160695e-3,9.636627202015e-1,7.374838879495e0,general_marcher,converged,7.888751403635e-7,124464,7.939175456101e1,general_marcher,converged,1.739148193109e-8,4928,3.995972344526e2,1.0e-6
s_l_0_4,measured_free,0.8960724,3.764780766626,2,0.4,0.720000000000,0.964000000000,1.437732407947e1,2.104513140393e-3,9.636139635153e-1,7.460105718590e0,general_marcher,converged,7.338531031967e-7,25744,7.827499231676e1,general_marcher,converged,1.837277102722e-8,4704,3.974157982844e2,1.0e-6
s_l_0_4,measured_free,0.9070913,3.811075845896,2,0.4,0.720000000000,0.964000000000,1.445778205368e1,2.065187327702e-3,9.636791525458e-1,7.501346280807e0,general_marcher,converged,1.966061269669e-7,53136,7.520905708967e1,general_marcher,converged,1.772813338386e-8,4704,4.069985312520e2,1.0e-6
s_l_0_4,measured_free,0.9290371,3.903279473357,2,0.4,0.720000000000,0.964000000000,1.461532398732e1,1.990224707308e-3,9.639553165127e-1,7.580913625849e0,general_marcher,converged,1.338117748577e-7,26416,8.409581244575e1,general_marcher,converged,1.696193830551e-8,4720,4.264296264439e2,1.0e-6
s_l_0_4,measured_free,0.9418661,3.957179551582,2,0.4,0.720000000000,0.964000000000,1.470544493506e1,1.948316993719e-3,9.641906271408e-1,7.625797493319e0,general_marcher,converged,8.158089306380e-7,29392,9.189131886343e1,general_marcher,converged,1.661059001804e-8,4720,4.380018678569e2,1.0e-6
s_l_0_5,measured_fixed,0.1725123,0.724797448338,2,0.5,0.900000000000,0.964000000000,9.175826133920e-2,3.623805052222e-4,9.768589651677e-1,4.696597186035e-2,general_marcher,converged,8.747305699311e-7,375200,2.310437513817e1,general_marcher,converged,9.195237133382e-8,20352,7.733912591116e1,1.0e-6
s_l_0_5,measured_fixed,0.1859282,0.781163342754,2,0.5,0.900000000000,0.964000000000,1.842144816994e-1,6.263152983667e-4,1.027597950432e0,8.963353888647e-2,general_marcher,converged,7.989847204766e-7,65584,2.315421245287e1,general_marcher,converged,8.074915002408e-8,17376,7.595201400986e1,1.0e-6
s_l_0_5,measured_fixed,0.1993240,0.837444788532,2,0.5,0.900000000000,0.964000000000,2.796177463004e-1,8.271900927130e-4,9.691455950741e-1,1.442599273637e-1,general_marcher,converged,3.486277744619e-7,63056,2.460489385847e1,general_marcher,converged,6.384742985776e-8,15712,7.908152169937e1,1.0e-6
s_l_0_5,measured_fixed,0.2077766,0.872957751444,2,0.5,0.900000000000,0.964000000000,3.436747404076e-1,9.356515120214e-4,1.017988884452e0,1.688008315497e-1,general_marcher,converged,6.921374365371e-7,125008,2.294648810987e1,general_marcher,converged,5.994311515758e-8,15040,8.212792985946e1,1.0e-6
s_l_0_5,measured_fixed,0.2225159,0.934883811385,2,0.5,0.900000000000,0.964000000000,3.200419944577e-1,7.597044160838e-4,1.020238428197e0,1.568466672165e-1,general_marcher,converged,3.956729747788e-7,62112,2.725110813825e1,general_marcher,converged,6.806574494783e-8,14736,9.112110036969e1,1.0e-6
s_l_0_5,measured_fixed,0.2379788,0.999850022280,2,0.5,0.900000000000,0.964000000000,6.401178626013e-1,1.328443802157e-3,9.505810400522e-1,3.366982064812e-1,general_marcher,converged,8.665320072485e-7,50880,2.582263361160e1,general_marcher,converged,4.865126552489e-8,12640,8.961260520545e1,1.0e-6
s_l_0_5,fine,0.2500000,1.050356189585,2,0.5,0.900000000000,0.964000000000,5.778852068090e-1,1.086729210923e-3,1.021266190945e0,2.829258482915e-1,general_marcher,converged,5.032024260884e-7,51504,2.771954122236e1,general_marcher,converged,4.875508265006e-8,12864,1.004189490966e2,1.0e-6
s_l_0_5,fine,0.2550000,1.071363313377,2,0.5,0.900000000000,0.964000000000,5.433692375726e-1,9.821424167395e-4,1.085575966271e0,2.502677170715e-1,general_marcher,converged,9.548402417298e-7,53472,2.841523540508e1,general_marcher,converged,5.725483817172e-8,12960,1.045809066457e2,1.0e-6
s_l_0_5,measured_fixed,0.2577119,1.082757157179,2,0.5,0.900000000000,0.964000000000,5.434755710790e-1,9.617691956441e-4,1.120465780737e0,2.425221637387e-1,general_marcher,converged,5.653254892563e-7,53072,2.903994635434e1,general_marcher,converged,5.519326907874e-8,12960,1.067648686490e2,1.0e-6
s_l_0_5,fine,0.2600000,1.092370437169,2,0.5,0.900000000000,0.964000000000,5.572436360256e-1,9.688537007383e-4,1.143396175956e0,2.436791585207e-1,general_marcher,converged,3.654842267366e-7,116496,2.827062611040e1,general_marcher,converged,5.307752670943e-8,12960,1.086256720960e2,1.0e-6
s_l_0_5,fine,0.2650000,1.113377560960,2,0.5,0.900000000000,0.964000000000,6.338781504547e-1,1.060898450907e-3,1.158511167381e0,2.735744670842e-1,general_marcher,converged,8.277423001882e-7,49472,2.849706114399e1,general_marcher,converged,5.396065856083e-8,12528,1.088098854608e2,1.0e-6
s_l_0_5,fine,0.2700000,1.134384684752,2,0.5,0.900000000000,0.964000000000,7.676453898469e-1,1.237635901199e-3,1.131811326122e0,3.391225074931e-1,general_marcher,converged,3.311743459628e-7,47760,2.911847684564e1,general_marcher,converged,5.130743659985e-8,12080,1.087732972406e2,1.0e-6
s_l_0_5,measured_fixed,0.2738212,1.150439169039,2,0.5,0.900000000000,0.964000000000,8.962313871625e-1,1.404901226645e-3,1.099537844222e0,4.075491316064e-1,general_marcher,converged,4.020004286069e-7,47056,2.947267570109e1,general_marcher,converged,4.988042215426e-8,11632,1.076006740982e2,1.0e-6
s_l_0_5,fine,0.2750000,1.155391808544,2,0.5,0.900000000000,0.964000000000,9.384677904453e-1,1.458524621964e-3,1.089192858818e0,4.308088245566e-1,general_marcher,converged,4.956692979270e-7,47456,2.925203965728e1,general_marcher,converged,4.746887708462e-8,11408,1.063887427326e2,1.0e-6
s_l_0_5,fine,0.2800000,1.176398932335,2,0.5,0.900000000000,0.964000000000,1.119740795309e0,1.678654115196e-3,1.047422384199e0,5.345220859325e-1,general_marcher,converged,5.544533415657e-7,44608,2.884096678767e1,general_marcher,converged,4.670063072090e-8,10832,1.038575798693e2,1.0e-6
s_l_0_5,measured_fixed,0.2844435,1.195067963249,2,0.5,0.900000000000,0.964000000000,1.268643155831e0,1.842923186828e-3,1.015150217401e0,6.248548904804e-1,general_marcher,converged,4.658690904580e-7,45952,2.976034343408e1,general_marcher,converged,4.549110814175e-8,10384,1.025661253236e2,1.0e-6
s_l_0_5,fine,0.2850000,1.197406056127,2,0.5,0.900000000000,0.964000000000,1.285663796396e0,1.860362067108e-3,1.011454860525e0,6.355517416412e-1,general_marcher,converged,9.688908083377e-7,40384,2.733834254770e1,general_marcher,converged,4.450869883935e-8,10384,1.029570202110e2,1.0e-6
s_l_0_5,fine,0.2900000,1.218413179919,2,0.5,0.900000000000,0.964000000000,1.416387306392e0,1.979455811765e-3,9.814559775690e-1,7.215745477959e-1,general_marcher,converged,8.231008774572e-7,41248,2.832185794259e1,general_marcher,converged,3.866796453626e-8,10304,1.065030717667e2,1.0e-6
s_l_0_5,measured_fixed,0.2940685,1.235506676548,2,0.5,0.900000000000,0.964000000000,1.488638909456e0,2.023262045893e-3,9.608650315996e-1,7.746347616471e-1,general_marcher,converged,5.488919015304e-7,39840,2.856558504806e1,general_marcher,converged,4.387217794862e-8,9936,1.045939901825e2,1.0e-6
s_l_0_5,fine,0.2950000,1.239420303711,2,0.5,0.900000000000,0.964000000000,1.500563523754e0,2.026609781130e-3,9.565861672276e-1,7.843326483087e-1,general_marcher,converged,5.634862319794e-7,40064,2.874133826962e1,general_marcher,converged,4.368372493412e-8,9936,1.052399408899e2,1.0e-6
s_l_0_5,fine,0.3000000,1.260427427502,2,0.5,0.900000000000,0.964000000000,1.535666827387e0,2.005461248935e-3,9.362434899096e-1,8.201214982735e-1,general_marcher,converged,4.790955620135e-7,39360,2.915783450768e1,general_marcher,converged,4.219563132452e-8,9712,1.062243340140e2,1.0e-6
s_l_0_5,fine,0.3050000,1.281434551294,2,0.5,0.900000000000,0.964000000000,1.526760136714e0,1.928994167448e-3,9.203931220370e-1,8.294065330121e-1,general_marcher,converged,3.091845097355e-7,40128,3.015771007676e1,general_marcher,converged,3.979005805949e-8,9712,1.096999396831e2,1.0e-6
s_l_0_5,measured_fixed,0.3089969,1.298227225911,2,0.5,0.900000000000,0.964000000000,1.494971266199e0,1.840282014761e-3,9.113500637197e-1,8.201959519800e-1,general_marcher,converged,2.254301845183e-7,44224,3.214703572074e1,general_marcher,converged,4.063402701172e-8,9712,1.125192192695e2,1.0e-6
s_l_0_5,fine,0.3100000,1.302441675086,2,0.5,0.900000000000,0.964000000000,1.484437595020e0,1.815508715895e-3,9.096606026818e-1,8.159293645583e-1,general_marcher,converged,5.655831380896e-7,44000,3.176058440691e1,general_marcher,converged,4.111159889349e-8,9712,1.132324839891e2,1.0e-6
s_l_0_5,fine,0.3150000,1.323448798877,2,0.5,0.900000000000,0.964000000000,1.422538040184e0,1.685010308863e-3,9.053664542045e-1,7.856145064676e-1,general_marcher,converged,7.348806421222e-7,41056,3.091022527285e1,general_marcher,converged,3.581240681950e-8,9856,1.195974123208e2,1.0e-6
s_l_0_5,fine,0.3200000,1.344455922669,2,0.5,0.900000000000,0.964000000000,1.356043185931e0,1.556443446487e-3,9.094849230605e-1,7.455006408287e-1,general_marcher,converged,5.328301917849e-7,43296,3.315139517248e1,general_marcher,converged,3.634543729653e-8,9872,1.233326222131e2,1.0e-6
s_l_0_5,measured_fixed,0.3244980,1.363353931232,2,0.5,0.900000000000,0.964000000000,1.304238390746e0,1.455769820855e-3,9.223345518891e-1,7.070310811161e-1,general_marcher,converged,6.399128994608e-7,45088,3.345653011155e1,general_marcher,converged,3.866808422721e-8,9872,1.267377870235e2,1.0e-6
s_l_0_5,fine,0.3250000,1.365463046461,2,0.5,0.900000000000,0.964000000000,1.299371880035e0,1.445860932024e-3,9.243840356451e-1,7.028311989011e-1,general_marcher,converged,6.389393580059e-7,42960,3.289899787621e1,general_marcher,converged,3.902113221406e-8,9872,1.271202680584e2,1.0e-6
s_l_0_5,fine,0.3300000,1.386470170253,2,0.5,0.900000000000,0.964000000000,1.265179718854e0,1.365476161978e-3,9.521717905452e-1,6.643652602486e-1,general_marcher,converged,4.880382434672e-7,94720,3.254563863682e1,general_marcher,converged,4.266564747512e-8,9872,1.309619637079e2,1.0e-6
s_l_0_5,fine,0.3350000,1.407477294044,2,0.5,0.900000000000,0.964000000000,1.263627257996e0,1.323393973486e-3,9.935466284415e-1,6.359174405224e-1,general_marcher,converged,7.023913425984e-7,98496,3.425487319058e1,general_marcher,converged,3.570674207914e-8,10096,1.380015456551e2,1.0e-6
s_l_0_5,measured_fixed,0.3368573,1.415280600248,2,0.5,0.900000000000,0.964000000000,1.272933835048e0,1.318480420077e-3,1.012076981336e0,6.288720416149e-1,general_marcher,converged,6.678104455168e-7,99488,3.461958545261e1,general_marcher,converged,3.595214478344e-8,10096,1.394998838319e2,1.0e-6
s_l_0_5,fine,0.3400000,1.428484417836,2,0.5,0.900000000000,0.964000000000,1.302058059739e0,1.323830239401e-3,1.046496471854e0,6.221034159015e-1,general_marcher,converged,6.789358804832e-7,43248,3.454676753716e1,general_marcher,converged,3.659631856025e-8,10096,1.420538988591e2,1.0e-6
s_l_0_5,fine,0.3450000,1.449491541628,2,0.5,0.900000000000,0.964000000000,1.385000035660e0,1.367638681136e-3,1.105784962884e0,6.262519758126e-1,general_marcher,converged,3.385508574193e-7,47456,3.706232259357e1,general_marcher,converged,4.080901923474e-8,9872,1.428358164772e2,1.0e-6
s_l_0_5,fine,0.3500000,1.470498665419,2,0.5,0.900000000000,0.964000000000,1.514377286756e0,1.452973788232e-3,1.164117435685e0,6.504400846230e-1,general_marcher,converged,3.578079484122e-7,42704,3.585886161820e1,general_marcher,converged,4.100312508360e-8,9744,1.438643719244e2,1.0e-6
s_l_0_5,measured_fixed,0.3514020,1.476389062931,2,0.5,0.900000000000,0.964000000000,1.558994876304e0,1.483870534512e-3,1.179316891018e0,6.609736908620e-1,general_marcher,converged,4.532357001585e-7,40064,3.456397225180e1,general_marcher,converged,3.953753700077e-8,9744,1.449927694887e2,1.0e-6
s_l_0_5,fine,0.3550000,1.491505789211,2,0.5,0.900000000000,0.964000000000,1.689870238603e0,1.576000795444e-3,1.214667755038e0,6.956100676891e-1,general_marcher,converged,5.195525858550e-7,41472,3.609585184973e1,general_marcher,converged,3.515784470147e-8,9664,1.479090804288e2,1.0e-6
s_l_0_5,fine,0.3600000,1.512512913003,2,0.5,0.900000000000,0.964000000000,1.909330064203e0,1.731553005590e-3,1.253278244661e0,7.617343045479e-1,general_marcher,converged,4.818529495180e-7,41952,3.709903367514e1,general_marcher,converged,3.886019944935e-8,9296,1.447636474528e2,1.0e-6
s_l_0_5,measured_fixed,0.3639194,1.528979977201,2,0.5,0.900000000000,0.964000000000,2.109838835743e0,1.872400065316e-3,1.274497671517e0,8.277138840242e-1,general_marcher,converged,4.608435063962e-7,37456,3.458393341154e1,general_marcher,converged,3.497389933844e-8,9296,1.478599480902e2,1.0e-6
s_l_0_5,fine,0.3650000,1.533520036794,2,0.5,0.900000000000,0.964000000000,2.169212815147e0,1.913710385024e-3,1.279016372562e0,8.480004094090e-1,general_marcher,converged,7.063095565119e-7,36528,3.394330126402e1,general_marcher,converged,3.320933913763e-8,9216,1.487194594411e2,1.0e-6
s_l_0_5,fine,0.3700000,1.554527160586,2,0.5,0.900000000000,0.964000000000,2.465002100663e0,2.116282431700e-3,1.293289141486e0,9.529972925585e-1,general_marcher,converged,3.407994109366e-7,41024,3.745458398398e1,general_marcher,converged,3.630004307672e-8,8848,1.450786263046e2,1.0e-6
s_l_0_5,fine,0.3750000,1.575534284378,2,0.5,0.900000000000,0.964000000000,2.791560893387e0,2.333159082015e-3,1.298534382806e0,1.074889094332e0,general_marcher,converged,5.421332923146e-7,37856,3.672897404342e1,general_marcher,converged,3.163137510903e-8,8768,1.489323382937e2,1.0e-6
s_l_0_5,measured_fixed,0.3754989,1.577630375190,2,0.5,0.900000000000,0.964000000000,2.825624482087e0,2.355357788829e-3,1.298661043031e0,1.087899147068e0,general_marcher,converged,8.301044782077e-7,35600,3.415856938753e1,general_marcher,converged,3.132751221412e-8,8768,1.493186140731e2,1.0e-6
s_l_0_5,fine,0.3800000,1.596541408170,2,0.5,0.900000000000,0.964000000000,3.143464560204e0,2.558592698935e-3,1.297269924493e0,1.211569196531e0,general_marcher,converged,1.620732286708e-7,38160,3.680039194940e1,general_marcher,converged,3.482878614655e-8,8400,1.447619924228e2,1.0e-6
s_l_0_5,fine,0.3850000,1.617548531961,2,0.5,0.900000000000,0.964000000000,3.515246397718e0,2.787366614019e-3,1.291619115360e0,1.360790637082e0,general_marcher,converged,3.276337057977e-7,36704,3.685552060876e1,general_marcher,converged,3.141222948367e-8,8320,1.484937577825e2,1.0e-6
s_l_0_5,measured_fixed,0.3877943,1.629288573163,2,0.5,0.900000000000,0.964000000000,3.729696088670e0,2.914945126151e-3,1.287168533135e0,1.448798658706e0,general_marcher,converged,2.027959571137e-7,36000,3.645466309082e1,general_marcher,converged,3.220517091362e-8,8176,1.464031581119e2,1.0e-6
s_l_0_5,fine,0.3900000,1.638555655753,2,0.5,0.900000000000,0.964000000000,3.901598280095e0,3.014901432761e-3,1.283190850697e0,1.520272014867e0,general_marcher,converged,4.117050522160e-7,33360,3.491556940468e1,general_marcher,converged,2.979288792309e-8,8176,1.480287697235e2,1.0e-6
s_l_0_5,fine,0.3950000,1.659562779545,2,0.5,0.900000000000,0.964000000000,4.297521014491e0,3.237304857096e-3,1.273128322330e0,1.687779990090e0,general_marcher,converged,5.989818488063e-7,31312,3.388976564035e1,general_marcher,converged,3.176059707234e-8,7952,1.473946786892e2,1.0e-6
s_l_0_5,measured_fixed,0.3987883,1.675479036957,2,0.5,0.900000000000,0.964000000000,4.601042593650e0,3.400409482279e-3,1.264903090903e0,1.818733240017e0,general_marcher,converged,3.995158325965e-7,34848,3.656628781979e1,general_marcher,converged,2.969211691266e-8,7728,1.457246283334e2,1.0e-6
s_l_0_5,fine,0.4000000,1.680569903336,2,0.5,0.900000000000,0.964000000000,4.698424397110e0,3.451374145044e-3,1.262209404018e0,1.861190537066e0,general_marcher,converged,4.489920955927e-7,35024,3.774390970831e1,general_marcher,converged,2.865833331241e-8,7728,1.465875319066e2,1.0e-6
s_l_0_5,fine,0.4050000,1.701577027128,2,0.5,0.900000000000,0.964000000000,5.100175484382e0,3.654557959746e-3,1.250943342299e0,2.038531767157e0,general_marcher,converged,4.139108099844e-7,32848,3.667297584012e1,general_marcher,converged,2.525021497896e-8,7728,1.501756367012e2,1.0e-6
s_l_0_5,fine,0.4100000,1.722584150920,2,0.5,0.900000000000,0.964000000000,5.499150355428e0,3.844923132042e-3,1.239657884916e0,2.218011284540e0,general_marcher,converged,8.432651946054e-7,28912,3.333739313276e1,general_marcher,converged,3.015405972772e-8,7360,1.444383791864e2,1.0e-6
s_l_0_5,measured_fixed,0.4102275,1.723539975052,2,0.5,0.900000000000,0.964000000000,5.517186763524e0,3.853256555686e-3,1.239147956917e0,2.226201775473e0,general_marcher,converged,5.725359247170e-7,30064,3.444521929261e1,general_marcher,converged,3.000064830442e-8,7360,1.445942960851e2,1.0e-6
s_l_0_5,fine,0.4150000,1.743591274711,2,0.5,0.900000000000,0.964000000000,5.892240782731e0,4.021092590409e-3,1.228558076247e0,2.398031031927e0,general_marcher,converged,3.584457560071e-7,30688,3.631680494428e1,general_marcher,converged,3.055049869768e-8,7152,1.436213926492e2,1.0e-6
s_l_0_5,fine,0.4200000,1.764598398503,2,0.5,0.900000000000,0.964000000000,6.276811278976e0,4.182156413302e-3,1.217761550558e0,2.577192257424e0,general_marcher,converged,6.235104133082e-7,27904,3.388488615308e1,general_marcher,converged,2.822874566197e-8,7168,1.470058506035e2,1.0e-6
s_l_0_5,measured_free,0.4233775,1.778788710624,2,0.5,0.900000000000,0.964000000000,6.530667540413e0,4.282149331006e-3,1.210676338071e0,2.697115378838e0,general_marcher,converged,8.763362954985e-7,27200,3.328942704472e1,general_marcher,converged,2.619098394851e-8,7088,1.493147297041e2,1.0e-6
s_l_0_5,fine,0.4250000,1.785605522295,2,0.5,0.900000000000,0.964000000000,6.650723201740e0,4.327636690544e-3,1.207337622879e0,2.754293031091e0,general_marcher,converged,6.688638620333e-7,33440,3.694297973667e1,general_marcher,converged,2.572974642273e-8,7088,1.504303823546e2,1.0e-6
s_l_0_5,measured_free,0.4254178,1.787360877559,2,0.5,0.900000000000,0.964000000000,6.681424673054e0,4.339078856365e-3,1.206484076742e0,2.768965128448e0,general_marcher,converged,6.393942204179e-7,28576,3.476303676148e1,general_marcher,converged,2.561871551450e-8,7088,1.507183504211e2,1.0e-6
s_l_0_5,fine,0.4300000,1.806612646087,2,0.5,0.900000000000,0.964000000000,7.012252997804e0,4.457388073503e-3,1.197316586792e0,2.928320326955e0,general_marcher,converged,3.307748071848e-7,30912,3.779271146747e1,general_marcher,converged,2.454280982426e-8,7088,1.538949880986e2,1.0e-6
s_l_0_5,measured_fixed,0.4305268,1.808825956649,2,0.5,0.900000000000,0.964000000000,7.049563128819e0,4.470144917519e-3,1.196284384436e0,2.946441172574e0,general_marcher,converged,7.649610100458e-7,64304,3.554721713726e1,general_marcher,converged,2.962099863715e-8,6944,1.491030058346e2,1.0e-6
s_l_0_5,fine,0.4350000,1.827619769878,2,0.5,0.900000000000,0.964000000000,7.360083438859e0,4.571555588372e-3,1.187708550859e0,3.098438347327e0,general_marcher,converged,4.093461493239e-7,27344,3.512265098425e1,general_marcher,converged,2.688273657912e-8,6944,1.521325940861e2,1.0e-6
s_l_0_5,fine,0.4400000,1.848626893670,2,0.5,0.900000000000,0.964000000000,7.693264021345e0,4.670518160960e-3,1.178511669882e0,3.263974476433e0,general_marcher,converged,8.776518097425e-7,29936,3.598130930745e1,general_marcher,converged,2.346885502490e-8,6864,1.555556163045e2,1.0e-6
s_l_0_5,measured_free,0.4409349,1.852554805677,2,0.5,0.900000000000,0.964000000000,7.753882002075e0,4.687378455456e-3,1.176837205512e0,3.294373242858e0,general_marcher,converged,4.413748577179e-7,30464,3.849702222307e1,general_marcher,converged,2.874645099537e-8,6720,1.507912010340e2,1.0e-6
s_l_0_5,measured_free,0.4420348,1.857175952768,2,0.5,0.900000000000,0.964000000000,7.824502113569e0,4.706559686949e-3,1.174884001691e0,3.329904102153e0,general_marcher,converged,8.141427577553e-7,30160,3.629949603972e1,general_marcher,converged,2.850957086909e-8,6720,1.515239724593e2,1.0e-6
s_l_0_5,measured_fixed,0.4436918,1.864137713593,2,0.5,0.900000000000,0.964000000000,7.929478312022e0,4.734145394061e-3,1.171978057337e0,3.382946575825e0,general_marcher,converged,1.908369432920e-7,27824,3.658664991021e1,general_marcher,converged,2.815264115479e-8,6720,1.526313002502e2,1.0e-6
s_l_0_5,fine,0.4450000,1.869634017462,2,0.5,0.900000000000,0.964000000000,8.011147577082e0,4.754824494063e-3,1.169714177459e0,3.424403897748e0,general_marcher,converged,3.010870804742e-7,30400,3.800865862743e1,general_marcher,converged,2.788657374260e-8,6720,1.535062274138e2,1.0e-6
s_l_0_5,fine,0.4500000,1.890641141253,2,0.5,0.900000000000,0.964000000000,8.313358222560e0,4.825154769984e-3,1.161299668194e0,3.579333762959e0,general_marcher,converged,2.484957083010e-7,28496,3.756530293904e1,general_marcher,converged,2.599275399748e-8,6640,1.568659397110e2,1.0e-6
s_l_0_5,fine,0.4550000,1.911648265045,2,0.5,0.900000000000,0.964000000000,8.599759303761e0,4.882286757937e-3,1.153250402874e0,3.728487448317e0,general_marcher,converged,9.748130703338e-7,28000,3.583339257948e1,general_marcher,converged,2.599131984529e-8,6496,1.545069486596e2,1.0e-6
s_l_0_5,measured_free,0.4572375,1.921048952942,2,0.5,0.900000000000,0.964000000000,8.722815340215e0,4.903800309264e-3,1.149762066150e0,3.793313241505e0,general_marcher,converged,8.237240750185e-7,27584,3.617235783578e1,general_marcher,converged,2.519025413711e-8,6496,1.559824320197e2,1.0e-6
s_l_0_5,measured_fixed,0.4578278,1.923529053977,2,0.5,0.900000000000,0.964000000000,8.754758048406e0,4.909074341039e-3,1.148853411746e0,3.810215454338e0,general_marcher,converged,1.885300276587e-7,27600,3.762414200063e1,general_marcher,converged,2.500051890563e-8,6496,1.563730198098e2,1.0e-6
s_l_0_5,measured_free,0.4596063,1.931001287909,2,0.5,0.900000000000,0.964000000000,8.849674024751e0,4.923966717649e-3,1.146143136797e0,3.860632123786e0,general_marcher,converged,1.526679688050e-7,27824,3.792672990717e1,general_marcher,converged,2.447996857842e-8,6496,1.575528169173e2,1.0e-6
s_l_0_5,fine,0.4600000,1.932655388837,2,0.5,0.900000000000,0.964000000000,8.870418673659e0,4.927064370604e-3,1.145548842319e0,3.871689423429e0,general_marcher,converged,1.057822832698e-7,27824,3.795986958434e1,general_marcher,converged,2.437475093216e-8,6496,1.578145942559e2,1.0e-6
s_l_0_5,measured_fixed,0.4614077,1.938569734469,2,0.5,0.900000000000,0.964000000000,8.943801159483e0,4.937558348513e-3,1.143439921015e0,3.910918709024e0,general_marcher,converged,8.687990816403e-7,26240,3.553533372739e1,general_marcher,converged,2.402665784566e-8,6496,1.587524049432e2,1.0e-6
s_l_0_5,fine,0.4650000,1.953662512629,2,0.5,0.900000000000,0.964000000000,9.125549056674e0,4.960356375684e-3,1.138175151921e0,4.008850940591e0,general_marcher,converged,6.801219586109e-7,28480,3.743961312932e1,general_marcher,converged,2.331788138375e-8,6496,1.611584091718e2,1.0e-6
s_l_0_5,fine,0.4700000,1.974669636420,2,0.5,0.900000000000,0.964000000000,9.365509972344e0,4.983052879157e-3,1.131112036776e0,4.139956815877e0,general_marcher,converged,4.065628730727e-7,25856,3.687522383477e1,general_marcher,converged,2.197462616059e-8,6416,1.645378878501e2,1.0e-6
s_l_0_5,measured_free,0.4724451,1.984942540097,2,0.5,0.900000000000,0.964000000000,9.477470023438e0,4.990562541040e-3,1.127766133104e0,4.201877386297e0,general_marcher,converged,4.460650745941e-7,26080,3.723610482051e1,general_marcher,converged,2.178445806496e-8,6416,1.662035048888e2,1.0e-6
s_l_0_5,fine,0.4750000,1.995676760212,2,0.5,0.900000000000,0.964000000000,9.590765607769e0,4.996039220552e-3,1.124342982562e0,4.265053349607e0,general_marcher,converged,4.560451739048e-7,26304,3.760687154298e1,general_marcher,converged,2.467234992680e-8,6288,1.623807340945e2,1.0e-6
s_l_0_5,measured_free,0.4765612,2.002236024545,2,0.5,0.900000000000,0.964000000000,9.658170279214e0,4.998241979374e-3,1.122287081379e0,4.302896486763e0,general_marcher,converged,1.779283382923e-7,25888,3.789811706752e1,general_marcher,converged,2.452326344302e-8,6288,1.634177124368e2,1.0e-6
s_l_0_5,fine,0.4800000,2.016683884004,2,0.5,0.900000000000,0.964000000000,9.801854205971e0,5.000178919434e-3,1.117851654526e0,4.384237464018e0,general_marcher,converged,8.517450767210e-7,26320,3.699747875275e1,general_marcher,converged,2.424395145605e-8,6288,1.657136673540e2,1.0e-6
s_l_0_5,fine,0.4850000,2.037691007795,2,0.5,0.900000000000,0.964000000000,9.999385792888e0,4.996312895650e-3,1.111624121724e0,4.497647000222e0,general_marcher,converged,6.986224863893e-7,26128,3.773506719519e1,general_marcher,converged,2.387146658442e-8,6288,1.690810292404e2,1.0e-6
s_l_0_5,fine,0.4900000,2.058698131587,2,0.5,0.900000000000,0.964000000000,1.018401015514e1,4.985244289984e-3,1.105647146284e0,4.605452195738e0,general_marcher,converged,1.983756005887e-7,29312,4.161402330703e1,general_marcher,converged,2.343070063356e-8,6288,1.724828191987e2,1.0e-6
s_l_0_5,fine,0.4950000,2.079705255379,2,0.5,0.900000000000,0.964000000000,1.035639123948e1,4.967728264968e-3,1.099907084729e0,4.707848227940e0,general_marcher,converged,1.869750694540e-7,27824,4.090679554536e1,general_marcher,converged,2.419264764300e-8,6064,1.691158753029e2,1.0e-6
s_l_0_5,measured_free,0.4967098,2.086888851431,2,0.5,0.900000000000,0.964000000000,1.041265538028e1,4.960389949984e-3,1.097996769863e0,4.741660297224e0,general_marcher,converged,4.415137333172e-7,28688,4.121609203172e1,general_marcher,converged,2.369883007493e-8,6064,1.702517671077e2,1.0e-6
s_l_0_5,measured_fixed,0.4971179,2.088603452874,2,0.5,0.900000000000,0.964000000000,1.042588815155e1,4.958542500538e-3,1.097544673619e0,4.749641815112e0,general_marcher,converged,1.174983219974e-7,28048,4.125059923821e1,general_marcher,converged,2.358652820487e-8,6064,1.705234561713e2,1.0e-6
s_l_0_5,fine,0.5000000,2.100712379170,2,0.5,0.900000000000,0.964000000000,1.051722365944e1,4.944482932708e-3,1.094393014605e0,4.805048789184e0,general_marcher,converged,7.099257695066e-7,25680,3.857084142041e1,general_marcher,converged,2.285575061931e-8,6064,1.724484554370e2,1.0e-6
s_l_0_5,fine,0.5050000,2.121719502962,2,0.5,0.900000000000,0.964000000000,1.066721206420e1,4.916182016319e-3,1.089095465143e0,4.897280544089e0,general_marcher,converged,4.744998002710e-7,25488,3.932283537446e1,general_marcher,converged,2.184617375563e-8,6064,1.758140743430e2,1.0e-6
s_l_0_5,measured_free,0.5051799,2.122475339276,2,0.5,0.900000000000,0.964000000000,1.067242068714e1,4.915080009961e-3,1.088909318753e0,4.900509391986e0,general_marcher,converged,3.402595207701e-7,28224,4.259838345329e1,general_marcher,converged,2.181576310000e-8,6064,1.759357850534e2,1.0e-6
s_l_0_5,fine,0.5100000,2.142726626754,2,0.5,0.900000000000,0.964000000000,1.080704742751e1,4.883447085488e-3,1.084004786595e0,4.984778462765e0,general_marcher,converged,3.538601090514e-7,28672,4.334480266462e1,general_marcher,converged,2.114074632371e-8,6064,1.792127311652e2,1.0e-6
s_l_0_5,fine,0.5150000,2.163733750546,2,0.5,0.900000000000,0.964000000000,1.093739651526e1,4.846846657888e-3,1.079110820041e0,5.067781877509e0,general_marcher,converged,1.391164883937e-7,27824,4.259139405022e1,general_marcher,converged,2.439322935715e-8,5936,1.761034684866e2,1.0e-6
s_l_0_5,measured_fixed,0.5170166,2.172206343713,2,0.5,0.900000000000,0.964000000000,1.098743567512e1,4.831112512625e-3,1.077190823782e0,5.100041437661e0,general_marcher,converged,4.843161201006e-7,26608,4.118100199658e1,general_marcher,converged,2.413350653335e-8,5936,1.774455883601e2,1.0e-6
s_l_0_5,measured_free,0.5180087,2.176374577216,2,0.5,0.900000000000,0.964000000000,1.101154438154e1,4.823184853012e-3,1.076257816060e0,5.115662909588e0,general_marcher,converged,4.103548888598e-7,28768,4.301727333030e1,general_marcher,converged,2.402108781567e-8,5936,1.781077652405e2,1.0e-6
s_l_0_5,fine,0.5200000,2.184740874337,2,0.5,0.900000000000,0.964000000000,1.105893263332e1,4.806913491387e-3,1.074406444477e0,5.146531226693e0,general_marcher,converged,2.089767432021e-7,28272,4.335810857701e1,general_marcher,converged,2.382329220086e-8,5936,1.794406366478e2,1.0e-6
s_l_0_5,fine,0.5250000,2.205747998129,2,0.5,0.900000000000,0.964000000000,1.117229231332e1,4.764128472014e-3,1.069883598963e0,5.221265343326e0,general_marcher,converged,4.122651154316e-7,27424,4.254957105377e1,general_marcher,converged,2.346316824962e-8,5936,1.828096076074e2,1.0e-6
s_l_0_5,measured_fixed,0.5286407,2.221044125247,2,0.5,0.900000000000,0.964000000000,1.125004425195e1,4.731434356140e-3,1.066700557736e0,5.273290695483e0,general_marcher,converged,1.857646250900e-7,25008,4.138669303169e1,general_marcher,converged,2.250075489612e-8,5856,1.852826986448e2,1.0e-6
s_l_0_5,fine,0.5300000,2.226755121921,2,0.5,0.900000000000,0.964000000000,1.127809824767e1,4.718934132513e-3,1.065535801091e0,5.292219292925e0,general_marcher,converged,9.874324602139e-8,27168,4.332150211392e1,general_marcher,converged,2.245556152872e-8,5856,1.862103802234e2,1.0e-6
s_l_0_5,fine,0.5350000,2.247762245712,2,0.5,0.900000000000,0.964000000000,1.137693441712e1,4.671727166543e-3,1.061355919484e0,5.359622633779e0,general_marcher,converged,1.193071180263e-7,126144,4.236132305486e1,general_marcher,converged,2.231706993542e-8,5856,1.896429532861e2,1.0e-6
s_l_0_5,fine,0.5400000,2.268769369504,2,0.5,0.900000000000,0.964000000000,1.146937212935e1,4.622872389792e-3,1.057338738134e0,5.423698061795e0,general_marcher,converged,7.195000787436e-7,63760,4.495173474499e1,general_marcher,converged,2.233582228070e-8,5872,1.931073255203e2,1.0e-6
s_l_0_5,measured_free,0.5437680,2.284600337994,2,0.5,0.900000000000,0.964000000000,1.153511904538e1,4.585160783337e-3,1.054414457783e0,5.469916957337e0,general_marcher,converged,4.731172736843e-7,25632,4.372627303735e1,general_marcher,converged,2.219277120776e-8,5872,1.957390871350e2,1.0e-6
s_l_0_5,fine,0.5450000,2.289776493296,2,0.5,0.900000000000,0.964000000000,1.155592629190e1,4.572687680503e-3,1.053476923793e0,5.484660380735e0,general_marcher,converged,5.355466135128e-7,25056,4.211112332151e1,general_marcher,converged,2.214431090681e-8,5872,1.966017704880e2,1.0e-6
s_l_0_5,fine,0.5500000,2.310783617088,2,0.5,0.900000000000,0.964000000000,1.163711625995e1,4.521471265877e-3,1.049766647584e0,5.542715748651e0,general_marcher,converged,5.315796551988e-7,25504,4.289506473278e1,general_marcher,converged,2.191752261076e-8,5872,2.001097252739e2,1.0e-6
s_l_0_5,measured_fixed,0.5534824,2.325414658666,2,0.5,0.900000000000,0.964000000000,1.169074178647e1,4.485328115668e-3,1.047268897663e0,5.581537756235e0,general_marcher,converged,7.699370126324e-7,26528,4.336674101964e1,general_marcher,converged,2.391998082116e-8,5728,1.940793135560e2,1.0e-6
s_l_0_5,measured_free,0.5566701,2.338807540368,2,0.5,0.900000000000,0.964000000000,1.173788158899e1,4.451985233072e-3,1.045043662343e0,5.615976639039e0,general_marcher,converged,1.507637282285e-7,29776,4.774318171489e1,general_marcher,converged,2.329365150870e-8,5728,1.962482142405e2,1.0e-6
s_l_0_5,measured_free,0.5760988,2.420435761570,2,0.5,0.900000000000,0.964000000000,1.199092941030e1,4.246378342647e-3,1.032656747206e0,5.805864069909e0,general_marcher,converged,8.232848243290e-7,26304,4.496663934958e1,general_marcher,converged,2.214358180518e-8,5664,2.107544376159e2,1.0e-6
s_l_0_5,measured_fixed,0.5860426,2.462213889082,2,0.5,0.900000000000,0.964000000000,1.210220842701e1,4.141579824763e-3,1.027047935961e0,5.891744680680e0,general_marcher,converged,2.082067309552e-7,27840,4.857381706199e1,general_marcher,converged,2.036842468022e-8,5664,2.178677047926e2,1.0e-6
s_l_0_5,measured_free,0.5933644,2.492975880878,2,0.5,0.900000000000,0.964000000000,1.217811569456e1,4.065340286662e-3,1.023208252160e0,5.950946773962e0,general_marcher,converged,6.267958716628e-7,24688,4.549023494477e1,general_marcher,converged,1.912661331373e-8,5664,2.231820210200e2,1.0e-6
s_l_0_5,measured_free,0.6096742,2.561500278402,2,0.5,0.900000000000,0.964000000000,1.233307668023e1,3.899739331450e-3,1.015480925143e0,6.072529958403e0,general_marcher,converged,1.438552895055e-7,55024,4.563404163523e1,general_marcher,converged,1.711565917918e-8,5664,2.352538526322e2,1.0e-6
s_l_0_5,measured_fixed,0.6303780,2.648485736313,2,0.5,0.900000000000,0.964000000000,1.251035577201e1,3.700218289909e-3,1.007156672251e0,6.210729728896e0,general_marcher,converged,7.960772101268e-7,55504,4.632304915490e1,general_marcher,converged,1.852085015997e-8,5456,2.412596254491e2,1.0e-6
s_l_0_5,measured_free,0.6310205,2.651185151721,2,0.5,0.900000000000,0.964000000000,1.251562394200e1,3.694242068941e-3,1.006923335246e0,6.214784931442e0,general_marcher,converged,6.238300768631e-7,25216,4.887939452475e1,general_marcher,converged,1.849495970221e-8,5456,2.417379866037e2,1.0e-6
s_l_0_5,measured_free,0.6429830,2.701444695392,2,0.5,0.900000000000,0.964000000000,1.261171384383e1,3.585377658598e-3,1.002814442975e0,6.288159256269e0,general_marcher,converged,1.418506622056e-7,55104,4.816834225240e1,general_marcher,converged,1.822612067594e-8,5456,2.507322351289e2,1.0e-6
s_l_0_5,measured_free,0.6691433,2.811355227498,2,0.5,0.900000000000,0.964000000000,1.281413212952e1,3.363649315993e-3,9.953220265579e-1,6.437179017244e0,general_marcher,converged,8.387579135718e-7,251024,4.931879333703e1,general_marcher,converged,2.130886068385e-8,5312,2.585926668359e2,1.0e-6
s_l_0_5,measured_fixed,0.6748598,2.835372672129,2,0.5,0.900000000000,0.964000000000,1.285768673501e1,3.318146094912e-3,9.939306252671e-1,6.468100694428e0,general_marcher,converged,7.527980949607e-7,63984,5.597211884988e1,general_marcher,converged,2.055308706562e-8,5312,2.629112753282e2,1.0e-6
s_l_0_5,measured_free,0.6767957,2.843506210319,2,0.5,0.900000000000,0.964000000000,1.287240800283e1,3.302968228699e-3,9.934772237661e-1,6.478461556487e0,general_marcher,converged,1.014114738686e-7,27856,5.624199543848e1,general_marcher,converged,2.031183184979e-8,5312,2.643819957149e2,1.0e-6
s_l_0_5,measured_free,0.7040653,2.958077382909,2,0.5,0.900000000000,0.964000000000,1.307968938551e1,3.101211105530e-3,9.879836197672e-1,6.619385748818e0,general_marcher,converged,7.910574257213e-7,25312,5.465279067772e1,general_marcher,converged,1.718926123220e-8,5232,2.855130865683e2,1.0e-6
s_l_0_5,measured_free,0.7107936,2.986345829110,2,0.5,0.900000000000,0.964000000000,1.313105910204e1,3.054727816547e-3,9.868617188164e-1,6.652937717449e0,general_marcher,converged,7.554446550709e-7,25760,5.568778286507e1,general_marcher,converged,2.087057930198e-8,5104,2.784075280764e2,1.0e-6
s_l_0_5,measured_fixed,0.7192422,3.021841986324,2,0.5,0.900000000000,0.964000000000,1.319577843396e1,2.998088678191e-3,9.855683862747e-1,6.694501679299e0,general_marcher,converged,1.678721520522e-7,55840,5.373381718287e1,general_marcher,converged,2.056050134519e-8,5120,2.848460305543e2,1.0e-6
s_l_0_5,measured_free,0.7423144,3.118778098633,2,0.5,0.900000000000,0.964000000000,1.337400232801e1,2.852629733970e-3,9.826313037261e-1,6.805198591425e0,general_marcher,converged,1.986328335552e-7,26960,6.076375479233e1,general_marcher,converged,2.020615047591e-8,5120,3.028100222950e2,1.0e-6
s_l_0_5,measured_fixed,0.7619387,3.201228118518,2,0.5,0.900000000000,0.964000000000,1.352715240947e1,2.738584205677e-3,9.807195726916e-1,6.896544530228e0,general_marcher,converged,1.814742908388e-7,54464,5.670091781952e1,general_marcher,converged,1.928210831109e-8,5040,3.185287895830e2,1.0e-6
s_l_0_5,measured_free,0.7864865,3.304363853201,2,0.5,0.900000000000,0.964000000000,1.372018758805e1,2.606977515948e-3,9.789532079711e-1,7.007580891677e0,general_marcher,converged,1.892447936303e-7,23760,6.029369569125e1,general_marcher,converged,1.558617187088e-8,5056,3.406586759714e2,1.0e-6
s_l_0_5,measured_free,0.7959040,3.343930770863,2,0.5,0.900000000000,0.964000000000,1.379445581136e1,2.559428364757e-3,9.784319062566e-1,7.049267160623e0,general_marcher,converged,1.051844436966e-7,27408,6.574519664495e1,general_marcher,converged,1.532424368269e-8,5056,3.486337581014e2,1.0e-6
s_l_0_5,measured_fixed,0.8064483,3.388231853942,2,0.5,0.900000000000,0.964000000000,1.387757819953e1,2.507958829218e-3,9.779353036914e-1,7.095345748919e0,general_marcher,converged,9.372715498698e-7,60368,6.338801136203e1,general_marcher,converged,1.516803707205e-8,5056,3.576742070403e2,1.0e-6
s_l_0_5,measured_free,0.8310503,3.491595305847,2,0.5,0.900000000000,0.964000000000,1.407090945211e1,2.394568847451e-3,9.770953834352e-1,7.200376590995e0,general_marcher,converged,8.184470323239e-7,28688,7.169469235084e1,general_marcher,converged,1.939143884039e-8,4912,3.601565295158e2,1.0e-6
s_l_0_5,measured_fixed,0.8519742,3.579505497348,2,0.5,0.900000000000,0.964000000000,1.423374930335e1,2.304762646557e-3,9.766693107785e-1,7.286882646087e0,general_marcher,converged,9.863866441438e-8,27664,7.074876454273e1,general_marcher,converged,1.756170176975e-8,4912,3.780165396501e2,1.0e-6
s_l_0_5,measured_free,0.8657635,3.637440203768,2,0.5,0.900000000000,0.964000000000,1.433982736641e1,2.248563514559e-3,9.765067654510e-1,7.342410658969e0,general_marcher,converged,8.311697854953e-8,59856,6.839509557306e1,general_marcher,converged,1.760314491214e-8,4928,3.923245415585e2,1.0e-6
s_l_0_5,measured_free,0.9179468,3.856684412360,2,0.5,0.900000000000,0.964000000000,1.472822857925e1,2.054353954458e-3,9.765256113216e-1,7.541137891569e0,general_marcher,converged,1.580290783544e-7,58464,7.165992488420e1,general_marcher,converged,1.736861854986e-8,4720,4.165525954219e2,1.0e-6
