# geometry: C2 Wigley L=1.8m B=0.18m T=0.1125m; exact biquadratic library constructor
# fluid: rho=1000kg/m3 nu=1.141e-6m2/s g=9.80665m/s2; model scale
# solver: multihull_wave_resistance_with rel_tol=1e-6 max_refinements=8; all outcomes required converged
configuration,grid_source,fn,speed_m_s,member_count,separation_over_length,separation_m,wetted_surface_m2,rw_n,cw,interference,solo_rw_n,method,outcome,est_rel_error,evaluations,max_lambda,solo_method,solo_outcome,solo_est_rel_error,solo_evaluations,solo_max_lambda,rel_tol
s_l_0_2,theory,0.2000000,0.840284951668,2,0.2,0.360000000000,0.964000000000,3.896626079318e-1,1.144955275759e-3,1.289781202589e0,1.510576395243e-1,general_marcher,converged,3.645888237922e-7,44352,3.133005691643e1,general_marcher,converged,6.896594554043e-8,15344,7.735932152118e1,1.0e-6
s_l_0_2,theory,0.2050000,0.861292075460,2,0.2,0.360000000000,0.964000000000,4.237691817254e-1,1.185172125984e-3,1.201972918481e0,1.762806695599e-1,general_marcher,converged,3.121362756494e-7,45408,3.292709838059e1,general_marcher,converged,6.727030614035e-8,14896,7.881961061158e1,1.0e-6
s_l_0_2,theory,0.2100000,0.882299199252,2,0.2,0.360000000000,0.964000000000,2.892358325485e-1,7.708560530416e-4,9.298405274904e-1,1.555298053792e-1,general_marcher,converged,5.126127009454e-7,47360,3.370434730701e1,general_marcher,converged,6.578300973287e-8,15120,8.385259287470e1,1.0e-6
s_l_0_2,theory,0.2150000,0.903306323043,2,0.2,0.360000000000,0.964000000000,1.673449654187e-1,4.254960300215e-4,6.593035371884e-1,1.269104107437e-1,general_marcher,converged,4.068694682792e-7,55440,3.823959453010e1,general_marcher,converged,6.285195648290e-8,15696,9.169269713940e1,1.0e-6
s_l_0_2,theory,0.2200000,0.924313446835,2,0.2,0.360000000000,0.964000000000,2.185669073653e-1,5.307607836684e-4,8.119430878828e-1,1.345949676936e-1,general_marcher,converged,5.385308331890e-7,51120,3.698854082605e1,general_marcher,converged,7.020069026805e-8,15328,9.319444046141e1,1.0e-6
s_l_0_2,theory,0.2250000,0.945320570627,2,0.2,0.360000000000,0.964000000000,4.390362258152e-1,1.019283751512e-3,1.166388173781e0,1.882033081628e-1,general_marcher,converged,3.685527669093e-7,46448,3.614821945780e1,general_marcher,converged,6.044945495898e-8,14208,9.027873791576e1,1.0e-6
s_l_0_2,theory,0.2300000,0.966327694418,2,0.2,0.360000000000,0.964000000000,6.964185803230e-1,1.547299761318e-3,1.328764409035e0,2.620549495409e-1,general_marcher,converged,4.618269208844e-7,38912,3.311972429492e1,general_marcher,converged,5.382549229909e-8,13312,8.829998261078e1,1.0e-6
s_l_0_2,theory,0.2350000,0.987334818210,2,0.2,0.360000000000,0.964000000000,8.503968543074e-1,1.809862999792e-3,1.328829487662e0,3.199796746698e-1,general_marcher,converged,2.838440317288e-7,37472,3.388434369772e1,general_marcher,converged,5.662179086155e-8,12720,8.743769576851e1,1.0e-6
s_l_0_2,theory,0.2400000,1.008341942002,2,0.2,0.360000000000,0.964000000000,8.404174553711e-1,1.714874576001e-3,1.237848801719e0,3.394669260914e-1,general_marcher,converged,2.737028410668e-7,37904,3.497611173006e1,general_marcher,converged,5.638245461489e-8,12352,8.787348727304e1,1.0e-6
s_l_0_2,theory,0.2450000,1.029349065794,2,0.2,0.360000000000,0.964000000000,6.991428634591e-1,1.368968771574e-3,1.089123364935e0,3.209658730905e-1,general_marcher,converged,3.317943612971e-7,39040,3.606676911516e1,general_marcher,converged,5.123806728606e-8,12640,9.484660509208e1,1.0e-6
s_l_0_2,theory,0.2500000,1.050356189585,2,0.2,0.360000000000,0.964000000000,5.145842399755e-1,9.676899814586e-4,9.093977151307e-1,2.829258482915e-1,general_marcher,converged,2.933874337032e-7,43104,3.913410622734e1,general_marcher,converged,4.875508265006e-8,12864,1.004189490966e2,1.0e-6
s_l_0_2,theory,0.2550000,1.071363313377,2,0.2,0.360000000000,0.964000000000,3.807178064383e-1,6.881492006825e-4,7.606210878761e-1,2.502677170715e-1,general_marcher,converged,6.007414525054e-7,46672,4.070907213335e1,general_marcher,converged,5.725483817172e-8,12960,1.045809066457e2,1.0e-6
s_l_0_2,theory,0.2600000,1.092370437169,2,0.2,0.360000000000,0.964000000000,3.626766950631e-1,6.305691720223e-4,7.441684739572e-1,2.436791585207e-1,general_marcher,converged,4.568274940985e-7,46480,4.230082856357e1,general_marcher,converged,5.307752670943e-8,12960,1.086256720960e2,1.0e-6
s_l_0_2,theory,0.2650000,1.113377560960,2,0.2,0.360000000000,0.964000000000,4.835659101658e-1,8.093264054590e-4,8.837921084515e-1,2.735744670842e-1,general_marcher,converged,3.942420233108e-7,44240,4.260884485082e1,general_marcher,converged,5.396065856083e-8,12528,1.088098854608e2,1.0e-6
s_l_0_2,theory,0.2700000,1.134384684752,2,0.2,0.360000000000,0.964000000000,7.281893270128e-1,1.174022883353e-3,1.073637565958e0,3.391225074931e-1,general_marcher,converged,3.138204642074e-7,37280,3.922631917549e1,general_marcher,converged,5.130743659985e-8,12080,1.087732972406e2,1.0e-6
s_l_0_2,theory,0.2750000,1.155391808544,2,0.2,0.360000000000,0.964000000000,1.055528790450e0,1.640455587008e-3,1.225054746193e0,4.308088245566e-1,general_marcher,converged,2.144566742566e-7,36032,3.973956615861e1,general_marcher,converged,4.746887708462e-8,11408,1.063887427326e2,1.0e-6
s_l_0_2,theory,0.2800000,1.176398932335,2,0.2,0.360000000000,0.964000000000,1.413154629412e0,2.118524076294e-3,1.321886098445e0,5.345220859325e-1,general_marcher,converged,2.705856010784e-7,33408,3.823860439166e1,general_marcher,converged,4.670063072090e-8,10832,1.038575798693e2,1.0e-6
s_l_0_2,theory,0.2850000,1.197406056127,2,0.2,0.360000000000,0.964000000000,1.749516704456e0,2.531559589579e-3,1.376376296238e0,6.355517416412e-1,general_marcher,converged,2.009796579025e-7,32832,3.909626247213e1,general_marcher,converged,4.450869883935e-8,10384,1.029570202110e2,1.0e-6
s_l_0_2,theory,0.2900000,1.218413179919,2,0.2,0.360000000000,0.964000000000,2.022456207489e0,2.826460443332e-3,1.401418754075e0,7.215745477959e-1,general_marcher,converged,2.762476236669e-7,32272,3.839174127904e1,general_marcher,converged,3.866796453626e-8,10304,1.065030717667e2,1.0e-6
s_l_0_2,theory,0.2950000,1.239420303711,2,0.2,0.360000000000,0.964000000000,2.203811190956e0,2.976392031828e-3,1.404895738886e0,7.843326483087e-1,general_marcher,converged,3.070498089508e-7,30800,3.864380557809e1,general_marcher,converged,4.368372493412e-8,9936,1.052399408899e2,1.0e-6
s_l_0_2,theory,0.3000000,1.260427427502,2,0.2,0.360000000000,0.964000000000,2.280741048427e0,2.978470140727e-3,1.390489734282e0,8.201214982735e-1,general_marcher,converged,3.301815798828e-7,30112,3.825716154223e1,general_marcher,converged,4.219563132452e-8,9712,1.062243340140e2,1.0e-6
s_l_0_2,theory,0.3050000,1.281434551294,2,0.2,0.360000000000,0.964000000000,2.254666908274e0,2.848672303536e-3,1.359204936623e0,8.294065330121e-1,general_marcher,converged,2.977163155695e-7,29312,3.892915352022e1,general_marcher,converged,3.979005805949e-8,9712,1.096999396831e2,1.0e-6
s_l_0_2,theory,0.3100000,1.302441675086,2,0.2,0.360000000000,0.964000000000,2.138715836168e0,2.615709312680e-3,1.310601094328e0,8.159293645583e-1,general_marcher,converged,2.716343103128e-7,29648,4.024075442393e1,general_marcher,converged,4.111159889349e-8,9712,1.132324839891e2,1.0e-6
s_l_0_2,theory,0.3150000,1.323448798877,2,0.2,0.360000000000,0.964000000000,1.954433624781e0,2.315045863602e-3,1.243888452091e0,7.856145064676e-1,general_marcher,converged,3.218746592585e-7,31376,4.281739743664e1,general_marcher,converged,3.581240681950e-8,9856,1.195974123208e2,1.0e-6
s_l_0_2,theory,0.3200000,1.344455922669,2,0.2,0.360000000000,0.964000000000,1.728354540540e0,1.983776125819e-3,1.159190512981e0,7.455006408287e-1,general_marcher,converged,2.496276616755e-7,32256,4.352996296668e1,general_marcher,converged,3.634543729653e-8,9872,1.233326222131e2,1.0e-6
s_l_0_2,theory,0.3250000,1.365463046461,2,0.2,0.360000000000,0.964000000000,1.488842384028e0,1.656692029498e-3,1.059174938702e0,7.028311989011e-1,general_marcher,converged,5.066173206186e-7,34816,4.424261772802e1,general_marcher,converged,3.902113221406e-8,9872,1.271202680584e2,1.0e-6
s_l_0_2,theory,0.3300000,1.386470170253,2,0.2,0.360000000000,0.964000000000,1.263452289375e0,1.363611791455e-3,9.508717304864e-1,6.643652602486e-1,general_marcher,converged,4.369956288634e-7,34752,4.559891900831e1,general_marcher,converged,4.266564747512e-8,9872,1.309619637079e2,1.0e-6
s_l_0_2,theory,0.3350000,1.407477294044,2,0.2,0.360000000000,0.964000000000,1.076933723176e0,1.127870256103e-3,8.467559265962e-1,6.359174405224e-1,general_marcher,converged,4.265182602998e-7,35328,4.696638777181e1,general_marcher,converged,3.570674207914e-8,10096,1.380015456551e2,1.0e-6
s_l_0_2,theory,0.3400000,1.428484417836,2,0.2,0.360000000000,0.964000000000,9.498915933825e-1,9.657750712936e-4,7.634515171453e-1,6.221034159015e-1,general_marcher,converged,2.772212970878e-7,37920,5.054442650095e1,general_marcher,converged,3.659631856025e-8,10096,1.420538988591e2,1.0e-6
s_l_0_2,theory,0.3450000,1.449491541628,2,0.2,0.360000000000,0.964000000000,8.980514683740e-1,8.867941474201e-4,7.170048982350e-1,6.262519758126e-1,general_marcher,converged,3.918284564185e-7,37200,5.053276938470e1,general_marcher,converged,4.080901923474e-8,9872,1.428358164772e2,1.0e-6
s_l_0_2,theory,0.3500000,1.470498665419,2,0.2,0.360000000000,0.964000000000,9.320371967684e-1,8.942458582843e-4,7.164666037676e-1,6.504400846230e-1,general_marcher,converged,3.181316068856e-7,36112,5.050439850361e1,general_marcher,converged,4.100312508360e-8,9744,1.438643719244e2,1.0e-6
s_l_0_2,theory,0.3550000,1.491505789211,2,0.2,0.360000000000,0.964000000000,1.057544198258e0,9.862831237555e-4,7.601559029839e-1,6.956100676891e-1,general_marcher,converged,3.336023191666e-7,33952,4.957526199062e1,general_marcher,converged,3.515784470147e-8,9664,1.479090804288e2,1.0e-6
s_l_0_2,theory,0.3600000,1.512512913003,2,0.2,0.360000000000,0.964000000000,1.275796845316e0,1.157007844503e-3,8.374290337845e-1,7.617343045479e-1,general_marcher,converged,4.806974176053e-7,32832,4.854174979268e1,general_marcher,converged,3.886019944935e-8,9296,1.447636474528e2,1.0e-6
s_l_0_2,theory,0.3650000,1.533520036794,2,0.2,0.360000000000,0.964000000000,1.584183246047e0,1.397588981852e-3,9.340698592062e-1,8.480004094090e-1,general_marcher,converged,4.493879514243e-7,30272,4.739473480336e1,general_marcher,converged,3.320933913763e-8,9216,1.487194594411e2,1.0e-6
s_l_0_2,theory,0.3700000,1.554527160586,2,0.2,0.360000000000,0.964000000000,1.976979787434e0,1.697299807918e-3,1.037243129058e0,9.529972925585e-1,general_marcher,converged,2.871535445967e-7,31024,4.957838419026e1,general_marcher,converged,3.630004307672e-8,8848,1.450786263046e2,1.0e-6
s_l_0_2,theory,0.3750000,1.575534284378,2,0.2,0.360000000000,0.964000000000,2.446092745895e0,2.044420209159e-3,1.137834944457e0,1.074889094332e0,general_marcher,converged,4.295362816531e-7,29104,4.737634280601e1,general_marcher,converged,3.163137510903e-8,8768,1.489323382937e2,1.0e-6
s_l_0_2,theory,0.3800000,1.596541408170,2,0.2,0.360000000000,0.964000000000,2.981772556900e0,2.426985050366e-3,1.230541584186e0,1.211569196531e0,general_marcher,converged,1.723994449805e-7,28096,4.863706203811e1,general_marcher,converged,3.482878614655e-8,8400,1.447619924228e2,1.0e-6
s_l_0_2,theory,0.3850000,1.617548531961,2,0.2,0.360000000000,0.964000000000,3.573255333647e0,2.833364007382e-3,1.312933538883e0,1.360790637082e0,general_marcher,converged,2.889616155431e-7,27792,4.807857030967e1,general_marcher,converged,3.141222948367e-8,8320,1.484937577825e2,1.0e-6
s_l_0_2,theory,0.3900000,1.638555655753,2,0.2,0.360000000000,0.964000000000,4.209324091164e0,3.252691928370e-3,1.384398334641e0,1.520272014867e0,general_marcher,converged,1.742116016270e-7,27104,4.935474359319e1,general_marcher,converged,2.979288792309e-8,8176,1.480287697235e2,1.0e-6
s_l_0_2,theory,0.3950000,1.659562779545,2,0.2,0.360000000000,0.964000000000,4.878769544314e0,3.675156977524e-3,1.445321538637e0,1.687779990090e0,general_marcher,converged,2.620196427762e-7,26080,4.765533777326e1,general_marcher,converged,3.176059707234e-8,7952,1.473946786892e2,1.0e-6
s_l_0_2,theory,0.4000000,1.680569903336,2,0.2,0.360000000000,0.964000000000,5.570760327250e0,4.092175703313e-3,1.496558309401e0,1.861190537066e0,general_marcher,converged,2.350968527275e-7,25312,4.783841492162e1,general_marcher,converged,2.865833331241e-8,7728,1.465875319066e2,1.0e-6
s_l_0_2,theory,0.4050000,1.701577027128,2,0.2,0.360000000000,0.964000000000,6.275116854728e0,4.496468468586e-3,1.539126580175e0,2.038531767157e0,general_marcher,converged,2.918694905341e-7,22352,4.493474993270e1,general_marcher,converged,2.525021497896e-8,7728,1.501756367012e2,1.0e-6
s_l_0_2,theory,0.4100000,1.722584150920,2,0.2,0.360000000000,0.964000000000,6.982511284533e0,4.882066759848e-3,1.574047736637e0,2.218011284540e0,general_marcher,converged,2.627033093107e-7,21904,4.501853174222e1,general_marcher,converged,3.015405972772e-8,7360,1.444383791864e2,1.0e-6
s_l_0_2,theory,0.4150000,1.743591274711,2,0.2,0.360000000000,0.964000000000,7.684588432952e0,5.244259823639e-3,1.602270431583e0,2.398031031927e0,general_marcher,converged,2.032554922515e-7,22032,4.609520395899e1,general_marcher,converged,3.055049869768e-8,7152,1.436213926492e2,1.0e-6
s_l_0_2,theory,0.4200000,1.764598398503,2,0.2,0.360000000000,0.964000000000,8.374033789807e0,5.579508059538e-3,1.624642819271e0,2.577192257424e0,general_marcher,converged,1.908676142443e-7,22160,4.717858518894e1,general_marcher,converged,2.822874566197e-8,7168,1.470058506035e2,1.0e-6
s_l_0_2,theory,0.4250000,1.785605522295,2,0.2,0.360000000000,0.964000000000,9.044592614813e0,5.885331514119e-3,1.641908197987e0,2.754293031091e0,general_marcher,converged,2.169622104694e-7,22704,4.953565667084e1,general_marcher,converged,2.572974642273e-8,7088,1.504303823546e2,1.0e-6
s_l_0_2,theory,0.4300000,1.806612646087,2,0.2,0.360000000000,0.964000000000,9.691048625740e0,6.160183407193e-3,1.654711155835e0,2.928320326955e0,general_marcher,converged,2.117993459149e-7,20560,4.601709087236e1,general_marcher,converged,2.454280982426e-8,7088,1.538949880986e2,1.0e-6
s_l_0_2,theory,0.4350000,1.827619769878,2,0.2,0.360000000000,0.964000000000,1.030918494517e1,6.403325782806e-3,1.663609823649e0,3.098438347327e0,general_marcher,converged,2.482533633148e-7,21328,4.711643112631e1,general_marcher,converged,2.688273657912e-8,6944,1.521325940861e2,1.0e-6
s_l_0_2,theory,0.4400000,1.848626893670,2,0.2,0.360000000000,0.964000000000,1.089570916205e1,6.614696619889e-3,1.669086146464e0,3.263974476433e0,general_marcher,converged,2.597665868106e-7,21776,4.822252786416e1,general_marcher,converged,2.346885502490e-8,6864,1.555556163045e2,1.0e-6
s_l_0_2,theory,0.4450000,1.869634017462,2,0.2,0.360000000000,0.964000000000,1.144817977982e1,6.794792519520e-3,1.671558046548e0,3.424403897748e0,general_marcher,converged,2.058963997452e-7,19568,4.685113162899e1,general_marcher,converged,2.788657374260e-8,6720,1.535062274138e2,1.0e-6
s_l_0_2,theory,0.4500000,1.890641141253,2,0.2,0.360000000000,0.964000000000,1.196492336644e1,6.944559046838e-3,1.671389727644e0,3.579333762959e0,general_marcher,converged,1.432655815490e-7,20912,4.908876290257e1,general_marcher,converged,2.599275399748e-8,6640,1.568659397110e2,1.0e-6
s_l_0_2,theory,0.4550000,1.911648265045,2,0.2,0.360000000000,0.964000000000,1.244493895853e1,7.065286193998e-3,1.668899135513e0,3.728487448317e0,general_marcher,converged,1.398634717499e-7,21680,5.021383545013e1,general_marcher,converged,2.599131984529e-8,6496,1.545069486596e2,1.0e-6
s_l_0_2,theory,0.4600000,1.932655388837,2,0.2,0.360000000000,0.964000000000,1.288781517499e1,7.158522872452e-3,1.664365831747e0,3.871689423429e0,general_marcher,converged,2.221184870347e-7,19072,4.731490071580e1,general_marcher,converged,2.437475093216e-8,6496,1.578145942559e2,1.0e-6
s_l_0_2,theory,0.4650000,1.953662512629,2,0.2,0.360000000000,0.964000000000,1.329365001917e1,7.226002645887e-3,1.658037454644e0,4.008850940591e0,general_marcher,converged,1.407332218021e-7,21136,5.107884405020e1,general_marcher,converged,2.331788138375e-8,6496,1.611584091718e2,1.0e-6
s_l_0_2,theory,0.4700000,1.974669636420,2,0.2,0.360000000000,0.964000000000,1.366295727212e1,7.269570880144e-3,1.650132825024e0,4.139956815877e0,general_marcher,converged,9.301107207449e-8,20144,5.078022762950e1,general_marcher,converged,2.197462616059e-8,6416,1.645378878501e2,1.0e-6
s_l_0_2,theory,0.4750000,1.995676760212,2,0.2,0.360000000000,0.964000000000,1.399660534451e1,7.291137341435e-3,1.640847628061e0,4.265053349607e0,general_marcher,converged,3.123944858857e-7,18896,4.767170266408e1,general_marcher,converged,2.467234992680e-8,6288,1.623807340945e2,1.0e-6
s_l_0_2,theory,0.4800000,2.016683884004,2,0.2,0.360000000000,0.964000000000,1.429574933612e1,7.292630860031e-3,1.630357554016e0,4.384237464018e0,general_marcher,converged,1.897152788481e-7,19520,5.008236784947e1,general_marcher,converged,2.424395145605e-8,6288,1.657136673540e2,1.0e-6
s_l_0_2,theory,0.4850000,2.037691007795,2,0.2,0.360000000000,0.964000000000,1.456175852239e1,7.275957083334e-3,1.618819631873e0,4.497647000222e0,general_marcher,converged,3.206093951123e-7,19968,4.968058316907e1,general_marcher,converged,2.387146658442e-8,6288,1.690810292404e2,1.0e-6
s_l_0_2,theory,0.4900000,2.058698131587,2,0.2,0.360000000000,0.964000000000,1.479617833482e1,7.242978201476e-3,1.606376280326e0,4.605452195738e0,general_marcher,converged,1.355788602798e-7,20592,5.363586514092e1,general_marcher,converged,2.343070063356e-8,6288,1.724828191987e2,1.0e-6
s_l_0_2,theory,0.4950000,2.079705255379,2,0.2,0.360000000000,0.964000000000,1.500066800761e1,7.195483516568e-3,1.593155437614e0,4.707848227940e0,general_marcher,converged,1.677015178838e-7,19200,5.171182308753e1,general_marcher,converged,2.419264764300e-8,6064,1.691158753029e2,1.0e-6
s_l_0_2,theory,0.5000000,2.100712379170,2,0.2,0.360000000000,0.964000000000,1.517697753498e1,7.135182137585e-3,1.579274030385e0,4.805048789184e0,general_marcher,converged,1.466671135782e-7,21408,5.599075173065e1,general_marcher,converged,2.285575061931e-8,6064,1.724484554370e2,1.0e-6
s_l_0_2,theory,0.5050000,2.121719502962,2,0.2,0.360000000000,0.964000000000,1.532689336514e1,7.063682344950e-3,1.564837181285e0,4.897280544089e0,general_marcher,converged,1.836631982481e-7,19872,5.376410616917e1,general_marcher,converged,2.184617375563e-8,6064,1.758140743430e2,1.0e-6
s_l_0_2,theory,0.5100000,2.142726626754,2,0.2,0.360000000000,0.964000000000,1.545222633912e1,6.982492691575e-3,1.549941131241e0,4.984778462765e0,general_marcher,converged,2.955815516078e-7,19200,5.167271055621e1,general_marcher,converged,2.114074632371e-8,6064,1.792127311652e2,1.0e-6
s_l_0_2,theory,0.5150000,2.163733750546,2,0.2,0.360000000000,0.964000000000,1.555478227181e1,6.893015569392e-3,1.534673615378e0,5.067781877509e0,general_marcher,converged,1.332047440571e-7,21408,5.773176918591e1,general_marcher,converged,2.439322935715e-8,5936,1.761034684866e2,1.0e-6
s_l_0_2,theory,0.5200000,2.184740874337,2,0.2,0.360000000000,0.964000000000,1.563632673560e1,6.796539271307e-3,1.519113170294e0,5.146531226693e0,general_marcher,converged,2.502538401485e-7,18032,5.203051103127e1,general_marcher,converged,2.382329220086e-8,5936,1.794406366478e2,1.0e-6
s_l_0_2,theory,0.5250000,2.205747998129,2,0.2,0.360000000000,0.964000000000,1.569860240782e1,6.694253659367e-3,1.503333136276e0,5.221265343326e0,general_marcher,converged,1.257316231854e-7,20960,5.825610955873e1,general_marcher,converged,2.346316824962e-8,5936,1.828096076074e2,1.0e-6
s_l_0_2,theory,0.5300000,2.226755121921,2,0.2,0.360000000000,0.964000000000,1.574327660836e1,6.587235162640e-3,1.487398361346e0,5.292219292925e0,general_marcher,converged,1.385921729334e-7,19744,5.752458845613e1,general_marcher,converged,2.245556152872e-8,5856,1.862103802234e2,1.0e-6
s_l_0_2,theory,0.5350000,2.247762245712,2,0.2,0.360000000000,0.964000000000,1.577196239573e1,6.476463913071e-3,1.471368739315e0,5.359622633779e0,general_marcher,converged,2.140440512997e-7,18928,5.501049689371e1,general_marcher,converged,2.231706993542e-8,5856,1.896429532861e2,1.0e-6
s_l_0_2,theory,0.5400000,2.268769369504,2,0.2,0.360000000000,0.964000000000,1.578620188547e1,6.362824051132e-3,1.455298737652e0,5.423698061795e0,general_marcher,converged,2.070657471127e-7,19296,5.797247131159e1,general_marcher,converged,2.233582228070e-8,5872,1.931073255203e2,1.0e-6
s_l_0_2,theory,0.5450000,2.289776493296,2,0.2,0.360000000000,0.964000000000,1.578745182370e1,6.247105133530e-3,1.439236956144e0,5.484660380735e0,general_marcher,converged,1.697852999950e-7,19200,5.713976584519e1,general_marcher,converged,2.214431090681e-8,5872,1.966017704880e2,1.0e-6
s_l_0_2,theory,0.5500000,2.310783617088,2,0.2,0.360000000000,0.964000000000,1.577709566354e1,6.130013923397e-3,1.423227924631e0,5.542715748651e0,general_marcher,converged,3.199909721692e-7,20736,5.807535876045e1,general_marcher,converged,2.191752261076e-8,5872,2.001097252739e2,1.0e-6
s_l_0_2,theory,0.5550000,2.331790740879,2,0.2,0.360000000000,0.964000000000,1.575642907705e1,6.012175005741e-3,1.407311268032e0,5.598061152130e0,general_marcher,converged,3.840315825615e-7,18720,5.533606202582e1,general_marcher,converged,2.361052810724e-8,5728,1.951103542773e2,1.0e-6
s_l_0_2,theory,0.5600000,2.352797864671,2,0.2,0.360000000000,0.964000000000,1.572667497903e1,5.894142595879e-3,1.391523404749e0,5.650884104917e0,general_marcher,converged,1.783777249554e-7,19328,6.023538625278e1,general_marcher,converged,1.794745034505e-8,5808,2.081866680371e2,1.0e-6
s_l_0_2,theory,0.5650000,2.373804988463,2,0.2,0.360000000000,0.964000000000,1.568896060265e1,5.776397320640e-3,1.375895743158e0,5.701362432680e0,general_marcher,converged,2.841780411929e-7,20112,5.935280327635e1,general_marcher,converged,1.772227922653e-8,5808,2.118066124759e2,1.0e-6
s_l_0_2,theory,0.5700000,2.394812112254,2,0.2,0.360000000000,0.964000000000,1.564434560759e1,5.659361960467e-3,1.360457309144e0,5.749664286577e0,general_marcher,converged,1.206469990276e-7,20800,6.241587366021e1,general_marcher,converged,2.313563462855e-8,5664,2.064510299915e2,1.0e-6
s_l_0_2,theory,0.5750000,2.415819236046,2,0.2,0.360000000000,0.964000000000,1.559380170047e1,5.543398486120e-3,1.345233009161e0,5.795948209075e0,general_marcher,converged,2.753793491605e-7,19040,5.931896923812e1,general_marcher,converged,2.233185854524e-8,5664,2.099757747600e2,1.0e-6
s_l_0_2,theory,0.5800000,2.436826359838,2,0.2,0.360000000000,0.964000000000,1.553823397840e1,5.428820107029e-3,1.330245504196e0,5.840363274819e0,general_marcher,converged,1.969456919571e-7,17744,5.831241961209e1,general_marcher,converged,2.145444650186e-8,5664,2.135308491101e2,1.0e-6
s_l_0_2,theory,0.5850000,2.457833483629,2,0.2,0.360000000000,0.964000000000,1.547847328634e1,5.315892267482e-3,1.315514489494e0,5.883049335434e0,general_marcher,converged,1.565045423974e-7,18832,6.152753446556e1,general_marcher,converged,2.055437629375e-8,5664,2.171162542952e2,1.0e-6
s_l_0_2,theory,0.5900000,2.478840607421,2,0.2,0.360000000000,0.964000000000,1.541527577916e1,5.204836079629e-3,1.301056593504e0,5.924137295842e0,general_marcher,converged,2.425306506946e-7,19936,6.245033306910e1,general_marcher,converged,1.967985765196e-8,5664,2.207319915394e2,1.0e-6
s_l_0_2,theory,0.5950000,2.499847731213,2,0.2,0.360000000000,0.964000000000,1.534933923580e1,5.095837074473e-3,1.286886664686e0,5.963749433809e0,general_marcher,converged,2.218303208351e-7,21632,6.813293969088e1,general_marcher,converged,1.887159095364e-8,5664,2.243780620378e2,1.0e-6
s_l_0_2,theory,0.6000000,2.520854855005,2,0.2,0.360000000000,0.964000000000,1.528128929139e1,4.989043352555e-3,1.273016489002e0,6.001999747608e0,general_marcher,converged,2.800619892235e-7,19264,6.238119404619e1,general_marcher,converged,1.815982743958e-8,5664,2.280544669559e2,1.0e-6
s_l_0_2,theory,0.6050000,2.541861978796,2,0.2,0.360000000000,0.964000000000,1.521170954246e1,4.884578078139e-3,1.259457181918e0,6.038994322657e0,general_marcher,converged,1.528432250356e-7,19952,6.562354544778e1,general_marcher,converged,1.756310861927e-8,5664,2.317612074296e2,1.0e-6
s_l_0_2,theory,0.6100000,2.562869102588,2,0.2,0.360000000000,0.964000000000,1.514111493545e1,4.782532910180e-3,1.246216822076e0,6.074831709550e0,general_marcher,converged,8.660172377461e-8,21664,6.917427660947e1,general_marcher,converged,1.708842906497e-8,5664,2.354982845661e2,1.0e-6
s_l_0_2,theory,0.6150000,2.583876226380,2,0.2,0.360000000000,0.964000000000,1.506996946063e1,4.682975888863e-3,1.233301795768e0,6.109603307292e0,general_marcher,converged,2.227784794606e-7,18416,6.318389269349e1,general_marcher,converged,1.686448864713e-8,5584,2.392656994437e2,1.0e-6
s_l_0_2,theory,0.6200000,2.604883350171,2,0.2,0.360000000000,0.964000000000,1.499870301733e1,4.585958370098e-3,1.220718030286e0,6.143393742539e0,general_marcher,converged,2.305980580961e-7,19984,6.651987232317e1,general_marcher,converged,1.917355721436e-8,5456,2.335994725479e2,1.0e-6
s_l_0_2,theory,0.6250000,2.625890473963,2,0.2,0.360000000000,0.964000000000,1.492768653552e1,4.491508782303e-3,1.208468809413e0,6.176281265700e0,general_marcher,converged,1.019669915584e-7,21216,7.017150171860e1,general_marcher,converged,1.880013431409e-8,5456,2.372743895036e2,1.0e-6
s_l_0_2,theory,0.6300000,2.646897597755,2,0.2,0.360000000000,0.964000000000,1.485725292952e1,4.399640579100e-3,1.196556364541e0,6.208338098315e0,general_marcher,converged,1.728173340342e-7,19696,6.881300896729e1,general_marcher,converged,1.853677673265e-8,5456,2.409784173367e2,1.0e-6
s_l_0_2,theory,0.6350000,2.667904721546,2,0.2,0.360000000000,0.964000000000,1.478770104145e1,4.310354527983e-3,1.184982051486e0,6.239630812511e0,general_marcher,converged,3.593756180401e-7,20496,6.736938810829e1,general_marcher,converged,1.836504466268e-8,5456,2.447115570176e2,1.0e-6
s_l_0_2,theory,0.6400000,2.688911845338,2,0.2,0.360000000000,0.964000000000,1.471929243188e1,4.223638760220e-3,1.173745964265e0,6.270220678074e0,general_marcher,converged,3.013580797679e-7,18896,6.583451621659e1,general_marcher,converged,1.826315319657e-8,5456,2.484738094926e2,1.0e-6
s_l_0_2,theory,0.6450000,2.709918969130,2,0.2,0.360000000000,0.964000000000,1.465226089968e1,4.139472435181e-3,1.162847578084e0,6.300164000783e0,general_marcher,converged,2.488964290990e-7,22512,7.209081090393e1,general_marcher,converged,1.820804217764e-8,5456,2.522651756863e2,1.0e-6
s_l_0_2,theory,0.6500000,2.730926092922,2,0.2,0.360000000000,0.964000000000,1.458679980908e1,4.057822916454e-3,1.152284629468e0,6.329512446859e0,general_marcher,converged,1.317268564779e-7,23264,7.577335696461e1,general_marcher,converged,1.817714841961e-8,5456,2.560856565030e2,1.0e-6
s_l_0_2,theory,0.6550000,2.751933216713,2,0.2,0.360000000000,0.964000000000,1.452307988646e1,3.978651568636e-3,1.142054431770e0,6.358313352870e0,general_marcher,converged,2.285156241313e-7,21136,7.162554154550e1,general_marcher,converged,1.814980933474e-8,5456,2.599352528278e2,1.0e-6
s_l_0_2,theory,0.6600000,2.772940340505,2,0.2,0.360000000000,0.964000000000,1.446125512790e1,3.901915841513e-3,1.132154232129e0,6.386610020749e0,general_marcher,converged,1.539268422689e-7,21408,7.540948642041e1,general_marcher,converged,1.810828532392e-8,5456,2.638139655300e2,1.0e-6
s_l_0_2,theory,0.6650000,2.793947464297,2,0.2,0.360000000000,0.964000000000,1.440144275871e1,3.827564280697e-3,1.122579545008e0,6.414441997787e0,general_marcher,converged,9.121575744399e-8,19280,7.107443699345e1,general_marcher,converged,1.803839860024e-8,5456,2.677217954643e2,1.0e-6
s_l_0_2,theory,0.6700000,2.814954588088,2,0.2,0.360000000000,0.964000000000,1.434375299624e1,3.755545029650e-3,1.113326403160e0,6.441845336427e0,general_marcher,converged,2.612418098206e-7,19984,7.205026637453e1,general_marcher,converged,2.119190492198e-8,5312,2.592375630430e2,1.0e-6
s_l_0_2,theory,0.6750000,2.835961711880,2,0.2,0.360000000000,0.964000000000,1.428826951133e1,3.685800875689e-3,1.104389743316e0,6.468852865485e0,general_marcher,converged,2.354050532781e-7,21776,7.595166599220e1,general_marcher,converged,2.053534372971e-8,5312,2.630176468484e2,1.0e-6
s_l_0_2,theory,0.6800000,2.856968835672,2,0.2,0.360000000000,0.964000000000,1.423505433817e1,3.618270946413e-3,1.095763730485e0,6.495494394519e0,general_marcher,converged,4.275251777429e-7,20128,7.141278536222e1,general_marcher,converged,1.993115985680e-8,5312,2.668254680551e2,1.0e-6
s_l_0_2,theory,0.6850000,2.877975959464,2,0.2,0.360000000000,0.964000000000,1.418416733411e1,3.552895911195e-3,1.087443186941e0,6.521796956586e0,general_marcher,converged,3.224714795522e-7,19872,7.239624325728e1,general_marcher,converged,1.938742401398e-8,5312,2.706610274849e2,1.0e-6
s_l_0_2,theory,0.6900000,2.898983083255,2,0.2,0.360000000000,0.964000000000,1.413564388971e1,3.489612431153e-3,1.079421809474e0,6.547785011219e0,general_marcher,converged,3.330867211925e-7,20112,7.343276613840e1,general_marcher,converged,1.890868668141e-8,5312,2.745243259594e2,1.0e-6
s_l_0_2,theory,0.6950000,2.919990207047,2,0.2,0.360000000000,0.964000000000,1.408951148018e1,3.428357535298e-3,1.071693388376e0,6.573480639613e0,general_marcher,converged,2.621860871614e-7,21344,7.746388288906e1,general_marcher,converged,1.773530705851e-8,5232,2.784153643030e2,1.0e-6
s_l_0_2,theory,0.7000000,2.940997330839,2,0.2,0.360000000000,0.964000000000,1.404578282626e1,3.369067018541e-3,1.064251230710e0,6.598903727314e0,general_marcher,converged,1.461492995281e-7,22240,8.181040035687e1,general_marcher,converged,1.740097507825e-8,5232,2.823301732470e2,1.0e-6
s_l_0_2,theory,0.7050000,2.962004454630,2,0.2,0.360000000000,0.964000000000,1.400446022503e1,3.311676616363e-3,1.057088444963e0,6.624072135006e0,general_marcher,converged,7.904261177845e-8,21456,7.989538360284e1,general_marcher,converged,1.714905555314e-8,5232,2.862474697134e2,1.0e-6
s_l_0_2,theory,0.7100000,2.983011578422,2,0.2,0.360000000000,0.964000000000,1.396553970986e1,3.256123042579e-3,1.050198210687e0,6.649001858765e0,general_marcher,converged,3.939979281663e-7,19664,7.470680021123e1,general_marcher,converged,1.863016735970e-8,5248,2.917412256827e2,1.0e-6
s_l_0_2,theory,0.7150000,3.004018702214,2,0.2,0.360000000000,0.964000000000,1.392901436863e1,3.202344746898e-3,1.043573984772e0,6.673707169728e0,general_marcher,converged,4.361071107722e-7,20448,7.571000900560e1,general_marcher,converged,2.060592507444e-8,5104,2.816037879918e2,1.0e-6
s_l_0_2,theory,0.7200000,3.025025826005,2,0.2,0.360000000000,0.964000000000,1.389486127209e1,3.150278892192e-3,1.037208477817e0,6.698200780879e0,general_marcher,converged,2.634814064230e-7,19632,7.671702233872e1,general_marcher,converged,2.053068394494e-8,5120,2.854271899314e2,1.0e-6
s_l_0_2,theory,0.7250000,3.046032949797,2,0.2,0.360000000000,0.964000000000,1.386305466758e1,3.099864451677e-3,1.031094620267e0,6.722493937555e0,general_marcher,converged,2.934636832656e-7,19856,7.772782914726e1,general_marcher,converged,2.037669955901e-8,5120,2.892767939089e2,1.0e-6
s_l_0_2,theory,0.7300000,3.067040073589,2,0.2,0.360000000000,0.964000000000,1.383356511488e1,3.051041953720e-3,1.025225459112e0,6.746596561726e0,general_marcher,converged,1.699366626150e-7,21232,8.236260581886e1,general_marcher,converged,2.028454197225e-8,5120,2.931526029801e2,1.0e-6
s_l_0_2,theory,0.7350000,3.088047197381,2,0.2,0.360000000000,0.964000000000,1.380635302996e1,3.003752028246e-3,1.019593651483e0,6.770517357520e0,general_marcher,converged,6.313617073275e-8,21456,8.338625146521e1,general_marcher,converged,2.023605709769e-8,5120,2.970546202175e2,1.0e-6
s_l_0_2,theory,0.7400000,3.109054321172,2,0.2,0.360000000000,0.964000000000,1.378138009949e1,2.957937904120e-3,1.014192285770e0,6.794263914671e0,general_marcher,converged,1.325368727763e-7,21680,8.441370130043e1,general_marcher,converged,2.021303458340e-8,5120,3.009828487103e2,1.0e-6
s_l_0_2,theory,0.7450000,3.130061444964,2,0.2,0.360000000000,0.964000000000,1.375860094465e1,2.913543523516e-3,1.009014239488e0,6.817842804495e0,general_marcher,converged,4.711459017442e-7,22096,8.227178318474e1,general_marcher,converged,2.019824403796e-8,5120,3.049372915644e2,1.0e-6
s_l_0_2,theory,0.7500000,3.151068568756,2,0.2,0.360000000000,0.964000000000,1.373797222381e1,2.870515446966e-3,1.004052827168e0,6.841259668853e0,general_marcher,converged,2.961235326200e-7,21760,8.330199209193e1,general_marcher,converged,2.017626629750e-8,5120,3.089179519016e2,1.0e-6
s_l_0_2,theory,0.7550000,3.172075692547,2,0.2,0.360000000000,0.964000000000,1.371944296668e1,2.828800736711e-3,9.993010698891e-1,6.864519302578e0,general_marcher,converged,2.376857002900e-7,21424,8.433593513832e1,general_marcher,converged,2.013405371501e-8,5120,3.129248328609e2,1.0e-6
s_l_0_2,theory,0.7600000,3.193082816339,2,0.2,0.360000000000,0.964000000000,1.370296176687e1,2.788348433633e-3,9.947522052221e-1,6.887625729770e0,general_marcher,converged,2.565074037124e-7,21648,8.537299118999e1,general_marcher,converged,1.931601468749e-8,5040,3.169579375979e2,1.0e-6
s_l_0_2,theory,0.7650000,3.214089940131,2,0.2,0.360000000000,0.964000000000,1.368847841293e1,2.749109801165e-3,9.903997861110e-1,6.910582274397e0,general_marcher,converged,1.479512348532e-7,24320,9.398470944399e1,general_marcher,converged,1.921579423171e-8,5040,3.210172692860e2,1.0e-6
s_l_0_2,theory,0.7700000,3.235097063923,2,0.2,0.360000000000,0.964000000000,1.367592767577e1,2.711035010514e-3,9.862364924956e-1,6.933391625554e0,general_marcher,converged,3.040873803793e-7,20528,8.414276464826e1,general_marcher,converged,1.907194749764e-8,5040,3.251028311157e2,1.0e-6
s_l_0_2,theory,0.7750000,3.256104187714,2,0.2,0.360000000000,0.964000000000,1.366526666258e1,2.674080561061e-3,9.822568178711e-1,6.956055897989e0,general_marcher,converged,2.364938145505e-7,20752,8.518675180523e1,general_marcher,converged,1.612616428031e-8,5056,3.310582546911e2,1.0e-6
s_l_0_2,theory,0.7800000,3.277111311506,2,0.2,0.360000000000,0.964000000000,1.365642872688e1,2.638200013129e-3,9.784537262737e-1,6.978576686959e0,general_marcher,converged,6.759735455533e-7,18816,7.865922213506e1,general_marcher,converged,1.585780374381e-8,5056,3.352201365592e2,1.0e-6
s_l_0_2,theory,0.7850000,3.298118435298,2,0.2,0.360000000000,0.964000000000,1.364937318971e1,2.603353693236e-3,9.748222174039e-1,7.000955120853e0,general_marcher,converged,2.295637711277e-7,21200,8.728566807771e1,general_marcher,converged,1.564122507449e-8,5056,3.394084115757e2,1.0e-6
s_l_0_2,theory,0.7900000,3.319125559089,2,0.2,0.360000000000,0.964000000000,1.364402667595e1,2.569497256644e-3,9.713551085570e-1,7.023191907758e0,general_marcher,converged,2.963593288321e-7,21424,8.834057489915e1,general_marcher,converged,1.547177304146e-8,5056,3.436230830117e2,1.0e-6
s_l_0_2,theory,0.7950000,3.340132682881,2,0.2,0.360000000000,0.964000000000,1.364033917129e1,2.536592436101e-3,9.680470388803e-1,7.045287379355e0,general_marcher,converged,1.067404243202e-7,22944,9.366611274973e1,general_marcher,converged,1.534354156215e-8,5056,3.478641541610e2,1.0e-6
s_l_0_2,theory,0.8000000,3.361139806673,2,0.2,0.360000000000,0.964000000000,1.363824977876e1,2.504600409184e-3,9.648920104582e-1,7.067241531147e0,general_marcher,converged,2.041025603244e-7,22608,9.473379067315e1,general_marcher,converged,1.524977713332e-8,5056,3.521316283419e2,1.0e-6
s_l_0_2,theory,0.8050000,3.382146930464,2,0.2,0.360000000000,0.964000000000,1.363770167125e1,2.473484574149e-3,9.618844458514e-1,7.089054059492e0,general_marcher,converged,3.024840921157e-7,22256,9.201182650346e1,general_marcher,converged,1.518326471983e-8,5056,3.564255088976e2,1.0e-6
s_l_0_2,theory,0.8100000,3.403154054256,2,0.2,0.360000000000,0.964000000000,1.363863332567e1,2.443208872568e-3,9.590185589251e-1,7.110724395657e0,general_marcher,converged,6.096104072382e-7,17824,8.065717030527e1,general_marcher,converged,1.513664502901e-8,5056,3.607457991988e2,1.0e-6
s_l_0_2,theory,0.8150000,3.424161178048,2,0.2,0.360000000000,0.964000000000,1.364101268727e1,2.413743828932e-3,9.562907473002e-1,7.132251737130e0,general_marcher,converged,2.232063963240e-7,21504,9.415512889875e1,general_marcher,converged,1.510274805285e-8,5056,3.650925026450e2,1.0e-6
s_l_0_2,theory,0.8200000,3.445168301840,2,0.2,0.360000000000,0.964000000000,1.364475862667e1,2.385052448286e-3,9.536940646972e-1,7.153635076363e0,general_marcher,converged,2.467594946618e-7,21728,9.523214746529e1,general_marcher,converged,1.507479095885e-8,5056,3.694656226668e2,1.0e-6
s_l_0_2,theory,0.8250000,3.466175425631,2,0.2,0.360000000000,0.964000000000,1.364982295038e1,2.357104854112e-3,9.512239811232e-1,7.174873227156e0,general_marcher,converged,1.726898122117e-7,20800,9.234627298823e1,general_marcher,converged,1.504661426586e-8,5056,3.738651627275e2,1.0e-6
s_l_0_2,theory,0.8300000,3.487182549423,2,0.2,0.360000000000,0.964000000000,1.365615608816e1,2.329872033595e-3,9.488759593270e-1,7.195964843418e0,general_marcher,converged,1.686786035015e-7,21024,9.342647341081e1,general_marcher,converged,1.948697913798e-8,4912,3.592715895405e2,1.0e-6
s_l_0_2,theory,0.8350000,3.508189673215,2,0.2,0.360000000000,0.964000000000,1.366370291913e1,2.303325103870e-3,9.466451590111e-1,7.216908463044e0,general_marcher,converged,9.129012846229e-8,21248,9.451016234145e1,general_marcher,converged,1.903285872478e-8,4912,3.634942795245e2,1.0e-6
s_l_0_2,theory,0.8400000,3.529196797006,2,0.2,0.360000000000,0.964000000000,1.367241142772e1,2.277436766709e-3,9.445270398983e-1,7.237702495626e0,general_marcher,converged,1.015346370923e-7,21472,9.559733228159e1,general_marcher,converged,1.858404655853e-8,4912,3.677420210384e2,1.0e-6
s_l_0_2,theory,0.8450000,3.550203920798,2,0.2,0.360000000000,0.964000000000,1.368223057084e1,2.252180884186e-3,9.425172043799e-1,7.258345262696e0,general_marcher,converged,2.482518353492e-7,21056,9.668797569565e1,general_marcher,converged,1.814597863408e-8,4912,3.720148176965e2,1.0e-6
s_l_0_2,theory,0.8500000,3.571211044590,2,0.2,0.360000000000,0.964000000000,1.369310456985e1,2.227531500951e-3,9.406110011059e-1,7.278835009237e0,general_marcher,converged,3.720411735804e-7,18832,8.873644740323e1,general_marcher,converged,1.772339241867e-8,4912,3.763126731596e2,1.0e-6
s_l_0_2,theory,0.8550000,3.592218168381,2,0.2,0.360000000000,0.964000000000,1.370499612457e1,2.203466583780e-3,9.388051159529e-1,7.299169919126e0,general_marcher,converged,3.733632945051e-7,19056,8.983060002680e1,general_marcher,converged,1.732026048794e-8,4912,3.806355911368e2,1.0e-6
s_l_0_2,theory,0.8600000,3.613225292173,2,0.2,0.360000000000,0.964000000000,1.371785718237e1,2.179963166541e-3,9.370955541549e-1,7.319348129202e0,general_marcher,converged,2.680073965706e-7,21744,1.000372212939e2,general_marcher,converged,1.693975118813e-8,4912,3.849835753903e2,1.0e-6
s_l_0_2,theory,0.8650000,3.634232415965,2,0.2,0.360000000000,0.964000000000,1.373162722132e1,2.156997149000e-3,9.354775303580e-1,7.339367743051e0,general_marcher,converged,3.975886013534e-7,20032,9.645265771671e1,general_marcher,converged,1.762012995687e-8,4928,3.916505207331e2,1.0e-6
s_l_0_2,theory,0.8700000,3.655239539757,2,0.2,0.360000000000,0.964000000000,1.374627372532e1,2.134549662049e-3,9.339482276208e-1,7.359226838697e0,general_marcher,converged,1.965260359027e-7,22832,1.022496818601e2,general_marcher,converged,1.750051478064e-8,4928,3.960752286502e2,1.0e-6
s_l_0_2,theory,0.8750000,3.676246663548,2,0.2,0.360000000000,0.964000000000,1.376174490591e1,2.112599527580e-3,9.325035646358e-1,7.378923485018e0,general_marcher,converged,1.763724310706e-7,23200,1.038700504852e2,general_marcher,converged,1.736071465188e-8,4928,4.005251676259e2,1.0e-6
s_l_0_2,theory,0.8800000,3.697253787340,2,0.2,0.360000000000,0.964000000000,1.377799058715e1,2.091126571254e-3,9.311396227523e-1,7.398455747392e0,general_marcher,converged,8.067157744400e-7,19536,9.025690799070e1,general_marcher,converged,1.720056347086e-8,4928,4.050003416679e2,1.0e-6
s_l_0_2,theory,0.8850000,3.718260911132,2,0.2,0.360000000000,0.964000000000,1.379499658519e1,2.070116738563e-3,9.298549593241e-1,7.417821697279e0,general_marcher,converged,6.427806278069e-8,23648,1.061040455760e2,general_marcher,converged,1.658021235554e-8,4848,4.095007548550e2,1.0e-6
s_l_0_2,theory,0.8900000,3.739268034923,2,0.2,0.360000000000,0.964000000000,1.381269398460e1,2.049548303006e-3,9.286444746588e-1,7.437019419984e0,general_marcher,converged,6.063902163735e-8,23872,1.072261644744e2,general_marcher,converged,1.637971810949e-8,4848,4.140264113415e2,1.0e-6
s_l_0_2,theory,0.8950000,3.760275158715,2,0.2,0.360000000000,0.964000000000,1.383105226253e1,2.029405966219e-3,9.275057033633e-1,7.456047015332e0,general_marcher,converged,4.436514282189e-7,22736,1.083516870530e2,general_marcher,converged,1.844280617466e-8,4704,3.964893637977e2,1.0e-6
s_l_0_2,theory,0.9000000,3.781282282507,2,0.2,0.360000000000,0.964000000000,1.385002756917e1,2.009673010614e-3,9.264353166975e-1,7.474902629220e0,general_marcher,converged,1.705995234428e-7,20224,9.932548012301e1,general_marcher,converged,1.812739624741e-8,4704,4.008181860246e2,1.0e-6
s_l_0_2,theory,0.9050000,3.802289406299,2,0.2,0.360000000000,0.964000000000,1.386959559193e1,1.990336103053e-3,9.254313298169e-1,7.493584421156e0,general_marcher,converged,3.599267625976e-7,21888,1.059180205858e2,general_marcher,converged,1.784010214835e-8,4704,4.051708870093e2,1.0e-6
s_l_0_2,theory,0.9100000,3.823296530090,2,0.2,0.360000000000,0.964000000000,1.388970606196e1,1.971378662549e-3,9.244900528645e-1,7.512090594663e0,general_marcher,converged,3.269395147137e-7,21312,1.015812393521e2,general_marcher,converged,1.773143823868e-8,4720,4.095474712507e2,1.0e-6
s_l_0_2,theory,0.9150000,3.844303653882,2,0.2,0.360000000000,0.964000000000,1.391032864789e1,1.952787487978e-3,9.236091589101e-1,7.530419395313e0,general_marcher,converged,5.603096370089e-7,20240,9.753594801891e1,general_marcher,converged,1.749572595697e-8,4720,4.139479433486e2,1.0e-6
s_l_0_2,theory,0.9200000,3.865310777674,2,0.2,0.360000000000,0.964000000000,1.393143351858e1,1.934549885584e-3,9.227863789171e-1,7.548569114624e0,general_marcher,converged,5.881408977938e-7,20464,9.867224650873e1,general_marcher,converged,1.728501162370e-8,4720,4.183723080094e2,1.0e-6
s_l_0_2,theory,0.9250000,3.886317901465,2,0.2,0.360000000000,0.964000000000,1.395298385080e1,1.916652620154e-3,9.220190051549e-1,7.566538093462e0,general_marcher,converged,1.147109109015e-7,19328,9.981157631234e1,general_marcher,converged,1.709758756693e-8,4720,4.228205700515e2,1.0e-6
s_l_0_2,theory,0.9300000,3.907325025257,2,0.2,0.360000000000,0.964000000000,1.397495103910e1,1.899084018292e-3,9.213048983117e-1,7.584324725020e0,general_marcher,converged,8.872426373989e-8,21488,1.061310717211e2,general_marcher,converged,1.693152336616e-8,4720,4.272927344130e2,1.0e-6
s_l_0_2,theory,0.9350000,3.928332149049,2,0.2,0.360000000000,0.964000000000,1.399729699785e1,1.881831513336e-3,9.206413160558e-1,7.601927457382e0,general_marcher,converged,1.040340863808e-7,21712,1.072764968969e2,general_marcher,converged,1.678473920359e-8,4720,4.317888061563e2,1.0e-6
s_l_0_2,theory,0.9400000,3.949339272840,2,0.2,0.360000000000,0.964000000000,1.401999521977e1,1.864884500469e-3,9.200263011877e-1,7.619344795725e0,general_marcher,converged,8.567137658997e-8,21936,1.084251031012e2,general_marcher,converged,1.665505684738e-8,4720,4.363087904768e2,1.0e-6
s_l_0_2,theory,0.9450000,3.970346396632,2,0.2,0.360000000000,0.964000000000,1.404301666639e1,1.848232383246e-3,9.194577482078e-1,7.636575304175e0,general_marcher,converged,3.361536484522e-7,21440,1.095768871684e2,general_marcher,converged,1.654025440721e-8,4720,4.408526927081e2,1.0e-6
s_l_0_2,theory,0.9500000,3.991353520424,2,0.2,0.360000000000,0.964000000000,1.406632552688e1,1.831864026694e-3,9.189331273455e-1,7.653617607359e0,general_marcher,converged,4.652479990686e-7,18928,9.949397366125e1,general_marcher,converged,1.643810065969e-8,4720,4.454205183305e2,1.0e-6
s_l_0_3,theory,0.2000000,0.840284951668,2,0.3,0.540000000000,0.964000000000,3.847096100082e-1,1.130401759491e-3,1.273386805260e0,1.510576395243e-1,general_marcher,converged,4.975815587391e-7,49200,2.729252470464e1,general_marcher,converged,6.896594554043e-8,15344,7.735932152118e1,1.0e-6
s_l_0_3,theory,0.2050000,0.861292075460,2,0.3,0.540000000000,0.964000000000,3.284133593874e-1,9.184867048662e-4,9.315070115381e-1,1.762806695599e-1,general_marcher,converged,3.859141292523e-7,55664,3.000852910541e1,general_marcher,converged,6.727030614035e-8,14896,7.881961061158e1,1.0e-6
s_l_0_3,theory,0.2100000,0.882299199252,2,0.3,0.540000000000,0.964000000000,1.924836121034e-1,5.129971490524e-4,6.187997587796e-1,1.555298053792e-1,general_marcher,converged,4.988259910390e-7,59072,3.202327741649e1,general_marcher,converged,6.578300973287e-8,15120,8.385259287470e1,1.0e-6
s_l_0_3,theory,0.2150000,0.903306323043,2,0.3,0.540000000000,0.964000000000,1.558191652127e-1,3.961902052647e-4,6.138943381381e-1,1.269104107437e-1,general_marcher,converged,5.212230672749e-7,62000,3.356843260976e1,general_marcher,converged,6.285195648290e-8,15696,9.169269713940e1,1.0e-6
s_l_0_3,theory,0.2200000,0.924313446835,2,0.3,0.540000000000,0.964000000000,2.945540491677e-1,7.152854924542e-4,1.094223856267e0,1.345949676936e-1,general_marcher,converged,6.803787706858e-7,53552,3.120010844449e1,general_marcher,converged,7.020069026805e-8,15328,9.319444046141e1,1.0e-6
s_l_0_3,theory,0.2250000,0.945320570627,2,0.3,0.540000000000,0.964000000000,5.332415975191e-1,1.237994643773e-3,1.416663720539e0,1.882033081628e-1,general_marcher,converged,4.448003398248e-7,47648,3.041690364158e1,general_marcher,converged,6.044945495898e-8,14208,9.027873791576e1,1.0e-6
s_l_0_3,theory,0.2300000,0.966327694418,2,0.3,0.540000000000,0.964000000000,7.290923763963e-1,1.619894258786e-3,1.391105906745e0,2.620549495409e-1,general_marcher,converged,4.879200662525e-7,44864,2.979707309754e1,general_marcher,converged,5.382549229909e-8,13312,8.829998261078e1,1.0e-6
s_l_0_3,theory,0.2350000,0.987334818210,2,0.3,0.540000000000,0.964000000000,7.798277890707e-1,1.659673897545e-3,1.218558319174e0,3.199796746698e-1,general_marcher,converged,3.809719455883e-7,43424,3.039365252224e1,general_marcher,converged,5.662179086155e-8,12720,8.743769576851e1,1.0e-6
s_l_0_3,theory,0.2400000,1.008341942002,2,0.3,0.540000000000,0.964000000000,6.762980295262e-1,1.379988348911e-3,9.961177032958e-1,3.394669260914e-1,general_marcher,converged,6.925062226704e-7,43024,2.989835996588e1,general_marcher,converged,5.638245461489e-8,12352,8.787348727304e1,1.0e-6
s_l_0_3,theory,0.2450000,1.029349065794,2,0.3,0.540000000000,0.964000000000,4.893349386055e-1,9.581507368560e-4,7.622849960556e-1,3.209658730905e-1,general_marcher,converged,6.558906141894e-7,45232,3.191435975894e1,general_marcher,converged,5.123806728606e-8,12640,9.484660509208e1,1.0e-6
s_l_0_3,theory,0.2500000,1.050356189585,2,0.3,0.540000000000,0.964000000000,3.215471649751e-1,6.046783907095e-4,5.682534256181e-1,2.829258482915e-1,general_marcher,converged,3.181651994534e-7,56960,3.793220463843e1,general_marcher,converged,4.875508265006e-8,12864,1.004189490966e2,1.0e-6
s_l_0_3,theory,0.2550000,1.071363313377,2,0.3,0.540000000000,0.964000000000,2.591871485608e-1,4.684819729812e-4,5.178197803410e-1,2.502677170715e-1,general_marcher,converged,4.660593664685e-7,53712,3.701541979800e1,general_marcher,converged,5.725483817172e-8,12960,1.045809066457e2,1.0e-6
s_l_0_3,theory,0.2600000,1.092370437169,2,0.3,0.540000000000,0.964000000000,3.441555982220e-1,5.983673987653e-4,7.061654355490e-1,2.436791585207e-1,general_marcher,converged,4.587871938672e-7,51104,3.678821457430e1,general_marcher,converged,5.307752670943e-8,12960,1.086256720960e2,1.0e-6
s_l_0_3,theory,0.2650000,1.113377560960,2,0.3,0.540000000000,0.964000000000,5.693968039124e-1,9.529784025353e-4,1.040661451306e0,2.735744670842e-1,general_marcher,converged,6.388811019693e-7,43056,3.380327015786e1,general_marcher,converged,5.396065856083e-8,12528,1.088098854608e2,1.0e-6
s_l_0_3,theory,0.2700000,1.134384684752,2,0.3,0.540000000000,0.964000000000,8.908483169151e-1,1.436269759604e-3,1.313460913433e0,3.391225074931e-1,general_marcher,converged,5.769185125185e-7,39312,3.280413010439e1,general_marcher,converged,5.130743659985e-8,12080,1.087732972406e2,1.0e-6
s_l_0_3,theory,0.2750000,1.155391808544,2,0.3,0.540000000000,0.964000000000,1.246350207452e0,1.937021689681e-3,1.446523534813e0,4.308088245566e-1,general_marcher,converged,4.247432509951e-7,39216,3.353812251850e1,general_marcher,converged,4.746887708462e-8,11408,1.063887427326e2,1.0e-6
s_l_0_3,theory,0.2800000,1.176398932335,2,0.3,0.540000000000,0.964000000000,1.573758876842e0,2.359293173924e-3,1.472117727462e0,5.345220859325e-1,general_marcher,converged,5.099195257557e-7,35088,3.183135945899e1,general_marcher,converged,4.670063072090e-8,10832,1.038575798693e2,1.0e-6
s_l_0_3,theory,0.2850000,1.197406056127,2,0.3,0.540000000000,0.964000000000,1.823935257174e0,2.639243614714e-3,1.434922711772e0,6.355517416412e-1,general_marcher,converged,3.889750675773e-7,35168,3.297998278541e1,general_marcher,converged,4.450869883935e-8,10384,1.029570202110e2,1.0e-6
s_l_0_3,theory,0.2900000,1.218413179919,2,0.3,0.540000000000,0.964000000000,1.967372479973e0,2.749478812621e-3,1.363249636495e0,7.215745477959e-1,general_marcher,converged,3.561868226696e-7,33216,3.255709432714e1,general_marcher,converged,3.866796453626e-8,10304,1.065030717667e2,1.0e-6
s_l_0_3,theory,0.2950000,1.239420303711,2,0.3,0.540000000000,0.964000000000,1.995263659353e0,2.694734867246e-3,1.271949895020e0,7.843326483087e-1,general_marcher,converged,3.947167084797e-7,33216,3.314185746913e1,general_marcher,converged,4.368372493412e-8,9936,1.052399408899e2,1.0e-6
s_l_0_3,theory,0.3000000,1.260427427502,2,0.3,0.540000000000,0.964000000000,1.916702686425e0,2.503064398347e-3,1.168548008106e0,8.201214982735e-1,general_marcher,converged,3.365663548570e-7,36672,3.593170123456e1,general_marcher,converged,4.219563132452e-8,9712,1.062243340140e2,1.0e-6
s_l_0_3,theory,0.3050000,1.281434551294,2,0.3,0.540000000000,0.964000000000,1.753838765828e0,2.215898010809e-3,1.057285357675e0,8.294065330121e-1,general_marcher,converged,2.754186237953e-7,38640,3.778120984027e1,general_marcher,converged,3.979005805949e-8,9712,1.096999396831e2,1.0e-6
s_l_0_3,theory,0.3100000,1.302441675086,2,0.3,0.540000000000,0.964000000000,1.536476331066e0,1.879153546214e-3,9.415498435317e-1,8.159293645583e-1,general_marcher,converged,5.773983426100e-7,34896,3.537396797530e1,general_marcher,converged,4.111159889349e-8,9712,1.132324839891e2,1.0e-6
s_l_0_3,theory,0.3150000,1.323448798877,2,0.3,0.540000000000,0.964000000000,1.297130323735e0,1.536463634498e-3,8.255514078831e-1,7.856145064676e-1,general_marcher,converged,5.100917312507e-7,38256,3.778378360612e1,general_marcher,converged,3.581240681950e-8,9856,1.195974123208e2,1.0e-6
s_l_0_3,theory,0.3200000,1.344455922669,2,0.3,0.540000000000,0.964000000000,1.067080148562e0,1.224776556777e-3,7.156802356171e-1,7.455006408287e-1,general_marcher,converged,4.647876374451e-7,40960,4.028566681094e1,general_marcher,converged,3.634543729653e-8,9872,1.233326222131e2,1.0e-6
s_l_0_3,theory,0.3250000,1.365463046461,2,0.3,0.540000000000,0.964000000000,8.736238410482e-1,9.721147582650e-4,6.215033157422e-1,7.028311989011e-1,general_marcher,converged,4.887609577066e-7,43824,4.220186399743e1,general_marcher,converged,3.902113221406e-8,9872,1.271202680584e2,1.0e-6
s_l_0_3,theory,0.3300000,1.386470170253,2,0.3,0.540000000000,0.964000000000,7.384711082755e-1,7.970130090083e-4,5.557719167911e-1,6.643652602486e-1,general_marcher,converged,7.287855852237e-7,41216,4.146960015755e1,general_marcher,converged,4.266564747512e-8,9872,1.309619637079e2,1.0e-6
s_l_0_3,theory,0.3350000,1.407477294044,2,0.3,0.540000000000,0.964000000000,6.770977571595e-1,7.091229518953e-4,5.323786658558e-1,6.359174405224e-1,general_marcher,converged,6.155619291747e-7,44544,4.412428176667e1,general_marcher,converged,3.570674207914e-8,10096,1.380015456551e2,1.0e-6
s_l_0_3,theory,0.3400000,1.428484417836,2,0.3,0.540000000000,0.964000000000,6.988213872609e-1,7.105066302357e-4,5.616601431518e-1,6.221034159015e-1,general_marcher,converged,3.456901967602e-7,45312,4.618866800664e1,general_marcher,converged,3.659631856025e-8,10096,1.420538988591e2,1.0e-6
s_l_0_3,theory,0.3450000,1.449491541628,2,0.3,0.540000000000,0.964000000000,8.073705107565e-1,7.972499004258e-4,6.446051604938e-1,6.262519758126e-1,general_marcher,converged,4.340341418262e-7,44704,4.607417470515e1,general_marcher,converged,4.080901923474e-8,9872,1.428358164772e2,1.0e-6
s_l_0_3,theory,0.3500000,1.470498665419,2,0.3,0.540000000000,0.964000000000,1.001737148955e0,9.611196845458e-4,7.700456757181e-1,6.504400846230e-1,general_marcher,converged,8.203458915247e-7,38272,4.200413140061e1,general_marcher,converged,4.100312508360e-8,9744,1.438643719244e2,1.0e-6
s_l_0_3,theory,0.3550000,1.491505789211,2,0.3,0.540000000000,0.964000000000,1.277156088138e0,1.191096786506e-3,9.180115034715e-1,6.956100676891e-1,general_marcher,converged,1.565315924959e-7,41024,4.560398043646e1,general_marcher,converged,3.515784470147e-8,9664,1.479090804288e2,1.0e-6
s_l_0_3,theory,0.3600000,1.512512913003,2,0.3,0.540000000000,0.964000000000,1.626083268128e0,1.474679220244e-3,1.067355939216e0,7.617343045479e-1,general_marcher,converged,3.978217678888e-7,34976,4.200435002474e1,general_marcher,converged,3.886019944935e-8,9296,1.447636474528e2,1.0e-6
s_l_0_3,theory,0.3650000,1.533520036794,2,0.3,0.540000000000,0.964000000000,2.039116124081e0,1.798937234593e-3,1.202308454958e0,8.480004094090e-1,general_marcher,converged,2.988088757169e-7,34128,4.232279235917e1,general_marcher,converged,3.320933913763e-8,9216,1.487194594411e2,1.0e-6
s_l_0_3,theory,0.3700000,1.554527160586,2,0.3,0.540000000000,0.964000000000,2.505784739268e0,2.151295619549e-3,1.314686179507e0,9.529972925585e-1,general_marcher,converged,3.565945485410e-7,34560,4.263159367871e1,general_marcher,converged,3.630004307672e-8,8848,1.450786263046e2,1.0e-6
s_l_0_3,theory,0.3750000,1.575534284378,2,0.3,0.540000000000,0.964000000000,3.015215276139e0,2.520087210858e-3,1.402570410304e0,1.074889094332e0,general_marcher,converged,2.149559193393e-7,31968,4.203129255816e1,general_marcher,converged,3.163137510903e-8,8768,1.489323382937e2,1.0e-6
s_l_0_3,theory,0.3800000,1.596541408170,2,0.3,0.540000000000,0.964000000000,3.556651315600e0,2.894902078413e-3,1.467787116816e0,1.211569196531e0,general_marcher,converged,2.743191738043e-7,30656,4.136500424369e1,general_marcher,converged,3.482878614655e-8,8400,1.447619924228e2,1.0e-6
s_l_0_3,theory,0.3850000,1.617548531961,2,0.3,0.540000000000,0.964000000000,4.119843415705e0,3.266773560846e-3,1.513768284201e0,1.360790637082e0,general_marcher,converged,3.160206637288e-7,28464,4.062829719003e1,general_marcher,converged,3.141222948367e-8,8320,1.484937577825e2,1.0e-6
s_l_0_3,theory,0.3900000,1.638555655753,2,0.3,0.540000000000,0.964000000000,4.695322294686e0,3.628239735942e-3,1.544237560375e0,1.520272014867e0,general_marcher,converged,5.210426521339e-7,26688,3.876801110710e1,general_marcher,converged,2.979288792309e-8,8176,1.480287697235e2,1.0e-6
s_l_0_3,theory,0.3950000,1.659562779545,2,0.3,0.540000000000,0.964000000000,5.274576742565e0,3.973316907644e-3,1.562578290280e0,1.687779990090e0,general_marcher,converged,2.281758189794e-7,27664,4.171912600912e1,general_marcher,converged,3.176059707234e-8,7952,1.473946786892e2,1.0e-6
s_l_0_3,theory,0.4000000,1.680569903336,2,0.3,0.540000000000,0.964000000000,5.850138108262e0,4.297401363787e-3,1.571611823657e0,1.861190537066e0,general_marcher,converged,3.695257661686e-7,26288,3.979627447229e1,general_marcher,converged,2.865833331241e-8,7728,1.465875319066e2,1.0e-6
s_l_0_3,theory,0.4050000,1.701577027128,2,0.3,0.540000000000,0.964000000000,6.415624207323e0,4.597149761887e-3,1.573589460485e0,2.038531767157e0,general_marcher,converged,2.717026937130e-7,24816,3.975529660728e1,general_marcher,converged,2.525021497896e-8,7728,1.501756367012e2,1.0e-6
s_l_0_3,theory,0.4100000,1.722584150920,2,0.3,0.540000000000,0.964000000000,6.965712267246e0,4.870321139891e-3,1.570260781764e0,2.218011284540e0,general_marcher,converged,4.502583138208e-7,25424,3.969295823234e1,general_marcher,converged,3.015405972772e-8,7360,1.444383791864e2,1.0e-6
s_l_0_3,theory,0.4150000,1.743591274711,2,0.3,0.540000000000,0.964000000000,7.496092413732e0,5.115622862905e-3,1.562968183883e0,2.398031031927e0,general_marcher,converged,4.380259895071e-7,24768,3.960865386957e1,general_marcher,converged,3.055049869768e-8,7152,1.436213926492e2,1.0e-6
s_l_0_3,theory,0.4200000,1.764598398503,2,0.3,0.540000000000,0.964000000000,8.003394525771e0,5.332556015544e-3,1.552735249517e0,2.577192257424e0,general_marcher,converged,2.309825758904e-7,25680,4.166181633492e1,general_marcher,converged,2.822874566197e-8,7168,1.470058506035e2,1.0e-6
s_l_0_3,theory,0.4250000,1.785605522295,2,0.3,0.540000000000,0.964000000000,8.485094928306e0,5.521265435446e-3,1.540339904383e0,2.754293031091e0,general_marcher,converged,4.042883384716e-7,24144,4.039369433709e1,general_marcher,converged,2.572974642273e-8,7088,1.504303823546e2,1.0e-6
s_l_0_3,theory,0.4300000,1.806612646087,2,0.3,0.540000000000,0.964000000000,8.939433480718e0,5.682413939329e-3,1.526375615132e0,2.928320326955e0,general_marcher,converged,2.107362194310e-7,25056,4.248935243692e1,general_marcher,converged,2.454280982426e-8,7088,1.538949880986e2,1.0e-6
s_l_0_3,theory,0.4350000,1.827619769878,2,0.3,0.540000000000,0.964000000000,9.365301730545e0,5.817053273746e-3,1.511293864960e0,3.098438347327e0,general_marcher,converged,4.844145055820e-7,23056,3.990333429245e1,general_marcher,converged,2.688273657912e-8,6944,1.521325940861e2,1.0e-6
s_l_0_3,theory,0.4400000,1.848626893670,2,0.3,0.540000000000,0.964000000000,9.762169065770e0,5.926533625460e-3,1.495442004258e0,3.263974476433e0,general_marcher,converged,2.659127291806e-7,23968,4.207535930771e1,general_marcher,converged,2.346885502490e-8,6864,1.555556163045e2,1.0e-6
s_l_0_3,theory,0.4450000,1.869634017462,2,0.3,0.540000000000,0.964000000000,1.012997255368e1,6.012402238131e-3,1.479085536660e0,3.424403897748e0,general_marcher,converged,2.882242095489e-7,24416,4.298794439295e1,general_marcher,converged,2.788657374260e-8,6720,1.535062274138e2,1.0e-6
s_l_0_3,theory,0.4500000,1.890641141253,2,0.3,0.540000000000,0.964000000000,1.046905111504e1,6.076340098983e-3,1.462430134817e0,3.579333762959e0,general_marcher,converged,1.231367199767e-7,26336,4.654678314177e1,general_marcher,converged,2.599275399748e-8,6640,1.568659397110e2,1.0e-6
s_l_0_3,theory,0.4550000,1.911648265045,2,0.3,0.540000000000,0.964000000000,1.078005838955e1,6.120094117294e-3,1.445634260405e0,3.728487448317e0,general_marcher,converged,2.321881658237e-7,25056,4.503886457285e1,general_marcher,converged,2.599131984529e-8,6496,1.545069486596e2,1.0e-6
s_l_0_3,theory,0.4600000,1.932655388837,2,0.3,0.540000000000,0.964000000000,1.106390921305e1,6.145436296610e-3,1.428821891821e0,3.871689423429e0,general_marcher,converged,2.912106155425e-7,24640,4.469779997205e1,general_marcher,converged,2.437475093216e-8,6496,1.578145942559e2,1.0e-6
s_l_0_3,theory,0.4650000,1.953662512629,2,0.3,0.540000000000,0.964000000000,1.132170998376e1,6.154119160702e-3,1.412089168635e0,4.008850940591e0,general_marcher,converged,1.916116105050e-7,22864,4.432186524320e1,general_marcher,converged,2.331788138375e-8,6496,1.611584091718e2,1.0e-6
s_l_0_3,theory,0.4700000,1.974669636420,2,0.3,0.540000000000,0.964000000000,1.155471300914e1,6.147849513590e-3,1.395511296739e0,4.139956815877e0,general_marcher,converged,1.336474615652e-7,23312,4.525754116738e1,general_marcher,converged,2.197462616059e-8,6416,1.645378878501e2,1.0e-6
s_l_0_3,theory,0.4750000,1.995676760212,2,0.3,0.540000000000,0.964000000000,1.176426928640e1,6.128264745451e-3,1.379146791620e0,4.265053349607e0,general_marcher,converged,9.537606424245e-8,23760,4.619859268401e1,general_marcher,converged,2.467234992680e-8,6288,1.623807340945e2,1.0e-6
s_l_0_3,theory,0.4800000,2.016683884004,2,0.3,0.540000000000,0.964000000000,1.195179427023e1,6.096918858781e-3,1.363041391841e0,4.384237464018e0,general_marcher,converged,1.658091133203e-7,23728,4.714499849985e1,general_marcher,converged,2.424395145605e-8,6288,1.657136673540e2,1.0e-6
s_l_0_3,theory,0.4850000,2.037691007795,2,0.3,0.540000000000,0.964000000000,1.211873269598e1,6.055269963773e-3,1.347230306801e0,4.497647000222e0,general_marcher,converged,2.375365226864e-7,20976,4.370401984450e1,general_marcher,converged,2.387146658442e-8,6288,1.690810292404e2,1.0e-6
s_l_0_3,theory,0.4900000,2.058698131587,2,0.3,0.540000000000,0.964000000000,1.226654666897e1,6.004680946675e-3,1.331741829859e0,4.605452195738e0,general_marcher,converged,5.064056066846e-7,22864,4.465815253991e1,general_marcher,converged,2.343070063356e-8,6288,1.724828191987e2,1.0e-6
s_l_0_3,theory,0.4950000,2.079705255379,2,0.3,0.540000000000,0.964000000000,1.239667582827e1,5.946406955828e-3,1.316596800497e0,4.707848227940e0,general_marcher,converged,3.354112760829e-7,24176,4.705741808890e1,general_marcher,converged,2.419264764300e-8,6064,1.691158753029e2,1.0e-6
s_l_0_3,theory,0.5000000,2.100712379170,2,0.3,0.540000000000,0.964000000000,1.251052961225e1,5.881599759591e-3,1.301810882796e0,4.805048789184e0,general_marcher,converged,3.290721926442e-7,24624,4.802183729000e1,general_marcher,converged,2.285575061931e-8,6064,1.724484554370e2,1.0e-6
s_l_0_3,theory,0.5050000,2.121719502962,2,0.3,0.540000000000,0.964000000000,1.260947591954e1,5.811310244676e-3,1.287395709315e0,4.897280544089e0,general_marcher,converged,2.596414255506e-7,21200,4.581409312687e1,general_marcher,converged,2.184617375563e-8,6064,1.758140743430e2,1.0e-6
s_l_0_3,theory,0.5100000,2.142726626754,2,0.3,0.540000000000,0.964000000000,1.269483833644e1,5.736494791075e-3,1.273360333991e0,4.984778462765e0,general_marcher,converged,2.422650782294e-7,22992,4.827994918367e1,general_marcher,converged,2.114074632371e-8,6064,1.792127311652e2,1.0e-6
s_l_0_3,theory,0.5150000,2.163733750546,2,0.3,0.540000000000,0.964000000000,1.276786875760e1,5.658010288808e-3,1.259709776999e0,5.067781877509e0,general_marcher,converged,2.592740108430e-7,23920,4.925879589928e1,general_marcher,converged,2.439322935715e-8,5936,1.761034684866e2,1.0e-6
s_l_0_3,theory,0.5200000,2.184740874337,2,0.3,0.540000000000,0.964000000000,1.282976033220e1,5.576627517044e-3,1.246447341624e0,5.146531226693e0,general_marcher,converged,1.830018937042e-7,21840,4.849845208423e1,general_marcher,converged,2.382329220086e-8,5936,1.794406366478e2,1.0e-6
s_l_0_3,theory,0.5250000,2.205747998129,2,0.3,0.540000000000,0.964000000000,1.288164150943e1,5.493035212496e-3,1.233574685674e0,5.221265343326e0,general_marcher,converged,2.392300020960e-7,22768,4.948713207695e1,general_marcher,converged,2.346316824962e-8,5936,1.828096076074e2,1.0e-6
s_l_0_3,theory,0.5300000,2.226755121921,2,0.3,0.540000000000,0.964000000000,1.292456618808e1,5.407842279211e-3,1.221091329810e0,5.292219292925e0,general_marcher,converged,4.134553227667e-7,22688,4.867618949936e1,general_marcher,converged,2.245556152872e-8,5856,1.862103802234e2,1.0e-6
s_l_0_3,theory,0.5350000,2.247762245712,2,0.3,0.540000000000,0.964000000000,1.295952793190e1,5.321589848835e-3,1.208996306029e0,5.359622633779e0,general_marcher,converged,2.260372284470e-7,24112,5.322325021251e1,general_marcher,converged,2.231706993542e-8,5856,1.896429532861e2,1.0e-6
s_l_0_3,theory,0.5400000,2.268769369504,2,0.3,0.540000000000,0.964000000000,1.298743192048e1,5.234745177185e-3,1.197285668607e0,5.423698061795e0,general_marcher,converged,6.677854046888e-7,21008,4.687362478760e1,general_marcher,converged,2.233582228070e-8,5872,1.931073255203e2,1.0e-6
s_l_0_3,theory,0.5450000,2.289776493296,2,0.3,0.540000000000,0.964000000000,1.300914862478e1,5.147728719253e-3,1.185957536265e0,5.484660380735e0,general_marcher,converged,4.794679407691e-7,22320,4.954973909666e1,general_marcher,converged,2.214431090681e-8,5872,1.966017704880e2,1.0e-6
s_l_0_3,theory,0.5500000,2.310783617088,2,0.3,0.540000000000,0.964000000000,1.302545558495e1,5.060894970602e-3,1.175006637145e0,5.542715748651e0,general_marcher,converged,2.621564018029e-7,22176,5.243665150670e1,general_marcher,converged,2.191752261076e-8,5872,2.001097252739e2,1.0e-6
s_l_0_3,theory,0.5550000,2.331790740879,2,0.3,0.540000000000,0.964000000000,1.303707712909e1,4.974552855863e-3,1.164427895194e0,5.598061152130e0,general_marcher,converged,2.007820942228e-7,24112,5.526362236990e1,general_marcher,converged,2.361052810724e-8,5728,1.951103542773e2,1.0e-6
s_l_0_3,theory,0.5600000,2.352797864671,2,0.3,0.540000000000,0.964000000000,1.304467150997e1,4.888964393213e-3,1.154215098715e0,5.650884104917e0,general_marcher,converged,2.965732663006e-7,20832,5.038589319241e1,general_marcher,converged,1.794745034505e-8,5808,2.081866680371e2,1.0e-6
s_l_0_3,theory,0.5650000,2.373804988463,2,0.3,0.540000000000,0.964000000000,1.304885984062e1,4.804358996736e-3,1.144363298659e0,5.701362432680e0,general_marcher,converged,3.102642498126e-7,22768,5.335989413573e1,general_marcher,converged,1.772227922653e-8,5808,2.118066124759e2,1.0e-6
s_l_0_3,theory,0.5700000,2.394812112254,2,0.3,0.540000000000,0.964000000000,1.305018237851e1,4.720920106383e-3,1.134864726709e0,5.749664286577e0,general_marcher,converged,4.982003007254e-7,20496,5.014284361478e1,general_marcher,converged,2.313563462855e-8,5664,2.064510299915e2,1.0e-6
s_l_0_3,theory,0.5750000,2.415819236046,2,0.3,0.540000000000,0.964000000000,1.304915715077e1,4.638809661952e-3,1.125713746918e0,5.795948209075e0,general_marcher,converged,4.360317019794e-7,24640,5.515480509156e1,general_marcher,converged,2.233185854524e-8,5664,2.099757747600e2,1.0e-6
s_l_0_3,theory,0.5800000,2.436826359838,2,0.3,0.540000000000,0.964000000000,1.304622275883e1,4.558149692709e-3,1.116901650200e0,5.840363274819e0,general_marcher,converged,4.499093778470e-7,21168,5.193807667531e1,general_marcher,converged,2.145444650186e-8,5664,2.135308491101e2,1.0e-6
s_l_0_3,theory,0.5850000,2.457833483629,2,0.3,0.540000000000,0.964000000000,1.304180547482e1,4.479048520812e-3,1.108422242550e0,5.883049335434e0,general_marcher,converged,4.435374997934e-7,23200,5.504427519548e1,general_marcher,converged,2.055437629375e-8,5664,2.171162542952e2,1.0e-6
s_l_0_3,theory,0.5900000,2.478840607421,2,0.3,0.540000000000,0.964000000000,1.303626445660e1,4.401583245047e-3,1.100266908547e0,5.924137295842e0,general_marcher,converged,3.320680836840e-7,21296,5.378242517895e1,general_marcher,converged,1.967985765196e-8,5664,2.207319915394e2,1.0e-6
s_l_0_3,theory,0.5950000,2.499847731213,2,0.3,0.540000000000,0.964000000000,1.302993563144e1,4.325816769615e-3,1.092428159169e0,5.963749433809e0,general_marcher,converged,7.575218421667e-7,21712,5.243400612230e1,general_marcher,converged,1.887159095364e-8,5664,2.243780620378e2,1.0e-6
s_l_0_3,theory,0.6000000,2.520854855005,2,0.3,0.540000000000,0.964000000000,1.302312507250e1,4.251796712537e-3,1.084898835400e0,6.001999747608e0,general_marcher,converged,4.634306955795e-7,23712,6.015918505936e1,general_marcher,converged,1.815982743958e-8,5664,2.280544669559e2,1.0e-6
s_l_0_3,theory,0.6050000,2.541861978796,2,0.3,0.540000000000,0.964000000000,1.301607900875e1,4.179546947830e-3,1.077669419221e0,6.038994322657e0,general_marcher,converged,2.767055194813e-7,23984,5.870783630802e1,general_marcher,converged,1.756310861927e-8,5664,2.317612074296e2,1.0e-6
s_l_0_3,theory,0.6100000,2.562869102588,2,0.3,0.540000000000,0.964000000000,1.300903663826e1,4.109086161585e-3,1.070732265538e0,6.074831709550e0,general_marcher,converged,5.104261375109e-7,21488,5.503724834317e1,general_marcher,converged,1.708842906497e-8,5664,2.354982845661e2,1.0e-6
s_l_0_3,theory,0.6150000,2.583876226380,2,0.3,0.540000000000,0.964000000000,1.300220843337e1,4.040421498831e-3,1.064079595630e0,6.109603307292e0,general_marcher,converged,8.619458073709e-7,21344,5.360158648497e1,general_marcher,converged,1.686448864713e-8,5584,2.392656994437e2,1.0e-6
s_l_0_3,theory,0.6200000,2.604883350171,2,0.3,0.540000000000,0.964000000000,1.299577969135e1,3.973550551848e-3,1.057703627343e0,6.143393742539e0,general_marcher,converged,4.893532506794e-7,22160,5.689494005056e1,general_marcher,converged,1.917355721436e-8,5456,2.335994725479e2,1.0e-6
s_l_0_3,theory,0.6250000,2.625890473963,2,0.3,0.540000000000,0.964000000000,1.298990312474e1,3.908459882730e-3,1.051595820035e0,6.176281265700e0,general_marcher,converged,2.173869702473e-7,24272,6.272323212839e1,general_marcher,converged,1.880013431409e-8,5456,2.372743895036e2,1.0e-6
s_l_0_3,theory,0.6300000,2.646897597755,2,0.3,0.540000000000,0.964000000000,1.298470221129e1,3.845126890368e-3,1.045747026472e0,6.208338098315e0,general_marcher,converged,3.691460709540e-7,20480,5.624515741625e1,general_marcher,converged,1.853677673265e-8,5456,2.409784173367e2,1.0e-6
s_l_0_3,theory,0.6350000,2.667904721546,2,0.3,0.540000000000,0.964000000000,1.298031840213e1,3.783534306139e-3,1.040151155746e0,6.239630812511e0,general_marcher,converged,1.736589197576e-7,23792,6.228295685154e1,general_marcher,converged,1.836504466268e-8,5456,2.447115570176e2,1.0e-6
s_l_0_3,theory,0.6400000,2.688911845338,2,0.3,0.540000000000,0.964000000000,1.297683122094e1,3.723646879308e-3,1.034798604961e0,6.270220678074e0,general_marcher,converged,4.275381503302e-7,23504,6.065697325460e1,general_marcher,converged,1.826315319657e-8,5456,2.484738094926e2,1.0e-6
s_l_0_3,theory,0.6450000,2.709918969130,2,0.3,0.540000000000,0.964000000000,1.297433166772e1,3.665433523956e-3,1.029682057968e0,6.300164000783e0,general_marcher,converged,3.817657672188e-7,21376,5.892213510539e1,general_marcher,converged,1.820804217764e-8,5456,2.522651756863e2,1.0e-6
s_l_0_3,theory,0.6500000,2.730926092922,2,0.3,0.540000000000,0.964000000000,1.297289531055e1,3.608859556099e-3,1.024794201723e0,6.329512446859e0,general_marcher,converged,3.053409270403e-7,23536,6.256122939036e1,general_marcher,converged,1.817714841961e-8,5456,2.560856565030e2,1.0e-6
s_l_0_3,theory,0.6550000,2.751933216713,2,0.3,0.540000000000,0.964000000000,1.297256756553e1,3.553882970923e-3,1.020126474238e0,6.358313352870e0,general_marcher,converged,1.136899484381e-7,21408,6.083293064529e1,general_marcher,converged,1.814980933474e-8,5456,2.599352528278e2,1.0e-6
s_l_0_3,theory,0.6600000,2.772940340505,2,0.3,0.540000000000,0.964000000000,1.297339822645e1,3.500464351840e-3,1.015671708802e0,6.386610020749e0,general_marcher,converged,4.296957496688e-7,20496,5.898851602250e1,general_marcher,converged,1.810828532392e-8,5456,2.638139655300e2,1.0e-6
s_l_0_3,theory,0.6650000,2.793947464297,2,0.3,0.540000000000,0.964000000000,1.297543368269e1,3.448564655813e-3,1.011423416656e0,6.414441997787e0,general_marcher,converged,3.277412112233e-7,26608,6.832895892708e1,general_marcher,converged,1.803839860024e-8,5456,2.677217954643e2,1.0e-6
s_l_0_3,theory,0.6700000,2.814954588088,2,0.3,0.540000000000,0.964000000000,1.297867456358e1,3.398134139752e-3,1.007372413165e0,6.441845336427e0,general_marcher,converged,4.734034325820e-7,23600,6.356462647291e1,general_marcher,converged,2.119190492198e-8,5312,2.592375630430e2,1.0e-6
s_l_0_3,theory,0.6750000,2.835961711880,2,0.3,0.540000000000,0.964000000000,1.298315185894e1,3.349132829061e-3,1.003512688332e0,6.468852865485e0,general_marcher,converged,4.151161460194e-7,21392,6.172554100062e1,general_marcher,converged,2.053534372971e-8,5312,2.630176468484e2,1.0e-6
s_l_0_3,theory,0.6800000,2.856968835672,2,0.3,0.540000000000,0.964000000000,1.298887226099e1,3.301515962787e-3,9.998370772168e-1,6.495494394519e0,general_marcher,converged,1.766580959330e-7,47568,5.969562931568e1,general_marcher,converged,1.993115985680e-8,5312,2.668254680551e2,1.0e-6
s_l_0_3,theory,0.6850000,2.877975959464,2,0.3,0.540000000000,0.964000000000,1.299585238261e1,3.255242955406e-3,9.963398484433e-1,6.521796956586e0,general_marcher,converged,1.239947198000e-7,25296,6.949993472860e1,general_marcher,converged,1.938742401398e-8,5312,2.706610274849e2,1.0e-6
s_l_0_3,theory,0.6900000,2.898983083255,2,0.3,0.540000000000,0.964000000000,1.300405998908e1,3.210262634471e-3,9.930121382113e-1,6.547785011219e0,general_marcher,converged,3.792567670983e-7,22288,6.449397562742e1,general_marcher,converged,1.890868668141e-8,5312,2.745243259594e2,1.0e-6
s_l_0_3,theory,0.6950000,2.919990207047,2,0.3,0.540000000000,0.964000000000,1.301351241653e1,3.166537989388e-3,9.898494519103e-1,6.573480639613e0,general_marcher,converged,4.797475063221e-7,24608,7.147224054556e1,general_marcher,converged,1.773530705851e-8,5232,2.784153643030e2,1.0e-6
s_l_0_3,theory,0.7000000,2.940997330839,2,0.3,0.540000000000,0.964000000000,1.302417741179e1,3.124021430806e-3,9.868440236426e-1,6.598903727314e0,general_marcher,converged,2.693151353522e-7,24896,6.944898979084e1,general_marcher,converged,1.740097507825e-8,5232,2.823301732470e2,1.0e-6
s_l_0_3,theory,0.7050000,2.962004454630,2,0.3,0.540000000000,0.964000000000,1.303604122648e1,3.082671677879e-3,9.839899808452e-1,6.624072135006e0,general_marcher,converged,6.261603703313e-7,21888,6.417335450691e1,general_marcher,converged,1.714905555314e-8,5232,2.862474697134e2,1.0e-6
s_l_0_3,theory,0.7100000,2.983011578422,2,0.3,0.540000000000,0.964000000000,1.304910040648e1,3.042451448436e-3,9.812826559278e-1,6.649001858765e0,general_marcher,converged,2.690562518891e-7,25568,7.143999945683e1,general_marcher,converged,1.863016735970e-8,5248,2.917412256827e2,1.0e-6
s_l_0_3,theory,0.7150000,3.004018702214,2,0.3,0.540000000000,0.964000000000,1.306330832659e1,3.003314928800e-3,9.787145280996e-1,6.673707169728e0,general_marcher,converged,1.663085644820e-7,23136,6.929166454005e1,general_marcher,converged,2.060592507444e-8,5104,2.816037879918e2,1.0e-6
s_l_0_3,theory,0.7200000,3.025025826005,2,0.3,0.540000000000,0.964000000000,1.307864725821e1,2.965224739502e-3,9.762806226667e-1,6.698200780879e0,general_marcher,converged,6.644153750437e-7,22784,6.700191565875e1,general_marcher,converged,2.053068394494e-8,5120,2.854271899314e2,1.0e-6
s_l_0_3,theory,0.7250000,3.046032949797,2,0.3,0.540000000000,0.964000000000,1.309508824917e1,2.928142428098e-3,9.739754599121e-1,6.722493937555e0,general_marcher,converged,4.860535773714e-7,20352,6.455533203560e1,general_marcher,converged,2.037669955901e-8,5120,2.892767939089e2,1.0e-6
s_l_0_3,theory,0.7300000,3.067040073589,2,0.3,0.540000000000,0.964000000000,1.311261394682e1,2.892033611182e-3,9.717947284124e-1,6.746596561726e0,general_marcher,converged,9.986395090317e-8,24032,7.214476001934e1,general_marcher,converged,2.028454197225e-8,5120,2.931526029801e2,1.0e-6
s_l_0_3,theory,0.7350000,3.088047197381,2,0.3,0.540000000000,0.964000000000,1.313117189086e1,2.856857572367e-3,9.697317942976e-1,6.770517357520e0,general_marcher,converged,1.920273223149e-7,24272,7.302720638635e1,general_marcher,converged,2.023605709769e-8,5120,2.970546202175e2,1.0e-6
s_l_0_3,theory,0.7400000,3.109054321172,2,0.3,0.540000000000,0.964000000000,1.315073328794e1,2.822580335101e-3,9.677820477025e-1,6.794263914671e0,general_marcher,converged,6.008408162170e-7,24000,7.074163114226e1,general_marcher,converged,2.021303458340e-8,5120,3.009828487103e2,1.0e-6
s_l_0_3,theory,0.7450000,3.130061444964,2,0.3,0.540000000000,0.964000000000,1.317127044936e1,2.789169470688e-3,9.659411948214e-1,6.817842804495e0,general_marcher,converged,5.748694015258e-7,24224,7.158602678189e1,general_marcher,converged,2.019824403796e-8,5120,3.049372915644e2,1.0e-6
s_l_0_3,theory,0.7500000,3.151068568756,2,0.3,0.540000000000,0.964000000000,1.319274065042e1,2.756590653111e-3,9.642040566362e-1,6.841259668853e0,general_marcher,converged,4.576318251798e-7,21712,6.914787451541e1,general_marcher,converged,2.017626629750e-8,5120,3.089179519016e2,1.0e-6
s_l_0_3,theory,0.7550000,3.172075692547,2,0.3,0.540000000000,0.964000000000,1.321511648259e1,2.724814070985e-3,9.625667799952e-1,6.864519302578e0,general_marcher,converged,4.565966423971e-7,21936,6.999293622676e1,general_marcher,converged,2.013405371501e-8,5120,3.129248328609e2,1.0e-6
s_l_0_3,theory,0.7600000,3.193082816339,2,0.3,0.540000000000,0.964000000000,1.323836163682e1,2.693809233502e-3,9.610250437683e-1,6.887625729770e0,general_marcher,converged,5.315701778398e-7,25120,7.449527691807e1,general_marcher,converged,1.931601468749e-8,5040,3.169579375979e2,1.0e-6
s_l_0_3,theory,0.7650000,3.214089940131,2,0.3,0.540000000000,0.964000000000,1.326243156093e1,2.663545172194e-3,9.595741020310e-1,6.910582274397e0,general_marcher,converged,7.705747935148e-7,53904,7.551906346568e1,general_marcher,converged,1.921579423171e-8,5040,3.210172692860e2,1.0e-6
s_l_0_3,theory,0.7700000,3.235097063923,2,0.3,0.540000000000,0.964000000000,1.328728993039e1,2.633993762628e-3,9.582099676451e-1,6.933391625554e0,general_marcher,converged,5.682690340823e-7,228880,7.270412567396e1,general_marcher,converged,1.907194749764e-8,5040,3.251028311157e2,1.0e-6
s_l_0_3,theory,0.7750000,3.256104187714,2,0.3,0.540000000000,0.964000000000,1.331290323267e1,2.605128507536e-3,9.569290002774e-1,6.956055897989e0,general_marcher,converged,8.273122617283e-7,21616,6.993766464216e1,general_marcher,converged,1.612616428031e-8,5056,3.310582546911e2,1.0e-6
s_l_0_3,theory,0.7800000,3.277111311506,2,0.3,0.540000000000,0.964000000000,1.333924631444e1,2.576925527581e-3,9.557282890771e-1,6.978576686959e0,general_marcher,converged,4.590770365076e-7,23280,7.463971864613e1,general_marcher,converged,1.585780374381e-8,5056,3.352201365592e2,1.0e-6
s_l_0_3,theory,0.7850000,3.298118435298,2,0.3,0.540000000000,0.964000000000,1.336627183019e1,2.549357589559e-3,9.546034504904e-1,7.000955120853e0,general_marcher,converged,3.643179463108e-7,24368,7.952988429784e1,general_marcher,converged,1.564122507449e-8,5056,3.394084115757e2,1.0e-6
s_l_0_3,theory,0.7900000,3.319125559089,2,0.3,0.540000000000,0.964000000000,1.339393774498e1,2.522399516562e-3,9.535506021262e-1,7.023191907758e0,general_marcher,converged,1.769459471515e-7,23152,7.674555049424e1,general_marcher,converged,1.547177304146e-8,5056,3.436230830117e2,1.0e-6
s_l_0_3,theory,0.7950000,3.340132682881,2,0.3,0.540000000000,0.964000000000,1.342222018391e1,2.496030470110e-3,9.525672595869e-1,7.045287379355e0,general_marcher,converged,1.030253857416e-7,23376,7.761593376613e1,general_marcher,converged,1.534354156215e-8,5056,3.478641541610e2,1.0e-6
s_l_0_3,theory,0.8000000,3.361139806673,2,0.3,0.540000000000,0.964000000000,1.345106966152e1,2.470225661261e-3,9.516492115229e-1,7.067241531147e0,general_marcher,converged,6.017684674050e-7,20000,7.059108617432e1,general_marcher,converged,1.524977713332e-8,5056,3.521316283419e2,1.0e-6
s_l_0_3,theory,0.8050000,3.382146930464,2,0.3,0.540000000000,0.964000000000,1.348048006859e1,2.444969123505e-3,9.507954062320e-1,7.089054059492e0,general_marcher,converged,1.342288882019e-7,21664,7.551304995807e1,general_marcher,converged,1.518326471983e-8,5056,3.564255088976e2,1.0e-6
s_l_0_3,theory,0.8100000,3.403154054256,2,0.3,0.540000000000,0.964000000000,1.351038831355e1,2.420235210618e-3,9.500008411098e-1,7.110724395657e0,general_marcher,converged,5.679439308563e-7,20448,7.232912854244e1,general_marcher,converged,1.513664502901e-8,5056,3.607457991988e2,1.0e-6
s_l_0_3,theory,0.8150000,3.424161178048,2,0.3,0.540000000000,0.964000000000,1.354079030811e1,2.396009724085e-3,9.492647488602e-1,7.132251737130e0,general_marcher,converged,4.230026935553e-7,23696,8.150370337106e1,general_marcher,converged,1.510274805285e-8,5056,3.650925026450e2,1.0e-6
s_l_0_3,theory,0.8200000,3.445168301840,2,0.3,0.540000000000,0.964000000000,1.357161597347e1,2.372267387819e-3,9.485817929344e-1,7.153635076363e0,general_marcher,converged,5.625410029864e-7,20896,7.407855786573e1,general_marcher,converged,1.507479095885e-8,5056,3.694656226668e2,1.0e-6
s_l_0_3,theory,0.8250000,3.466175425631,2,0.3,0.540000000000,0.964000000000,1.360287556876e1,2.348997796497e-3,9.479523287795e-1,7.174873227156e0,general_marcher,converged,4.422961756323e-7,24288,8.365435525222e1,general_marcher,converged,1.504661426586e-8,5056,3.738651627275e2,1.0e-6
s_l_0_3,theory,0.8300000,3.487182549423,2,0.3,0.540000000000,0.964000000000,1.363449675901e1,2.326176742993e-3,9.473709958075e-1,7.195964843418e0,general_marcher,converged,9.247503444128e-7,22144,7.583933282199e1,general_marcher,converged,1.948697913798e-8,4912,3.592715895405e2,1.0e-6
s_l_0_3,theory,0.8350000,3.508189673215,2,0.3,0.540000000000,0.964000000000,1.366648592930e1,2.303794242962e-3,9.468379708073e-1,7.216908463044e0,general_marcher,converged,6.555242703345e-7,24832,8.119721693148e1,general_marcher,converged,1.903285872478e-8,4912,3.634942795245e2,1.0e-6
s_l_0_3,theory,0.8400000,3.529196797006,2,0.3,0.540000000000,0.964000000000,1.369878626374e1,2.281830067890e-3,9.463490846730e-1,7.237702495626e0,general_marcher,converged,6.675846431103e-7,49456,7.773482331836e1,general_marcher,converged,1.858404655853e-8,4912,3.677420210384e2,1.0e-6
s_l_0_3,theory,0.8450000,3.550203920798,2,0.3,0.540000000000,0.964000000000,1.373139598387e1,2.260273819238e-3,9.459040240508e-1,7.258345262696e0,general_marcher,converged,7.637988224459e-8,26208,8.761786352355e1,general_marcher,converged,1.814597863408e-8,4912,3.720148176965e2,1.0e-6
s_l_0_3,theory,0.8500000,3.571211044590,2,0.3,0.540000000000,0.964000000000,1.376425208791e1,2.239105453146e-3,9.454982885614e-1,7.278835009237e0,general_marcher,converged,6.555565307313e-7,221344,7.966378079709e1,general_marcher,converged,1.772339241867e-8,4912,3.763126731596e2,1.0e-6
s_l_0_3,theory,0.8550000,3.592218168381,2,0.3,0.540000000000,0.964000000000,1.379736227716e1,2.218317060851e-3,9.451322842206e-1,7.299169919126e0,general_marcher,converged,3.704541524932e-7,25072,8.517715716344e1,general_marcher,converged,1.732026048794e-8,4912,3.806355911368e2,1.0e-6
s_l_0_3,theory,0.8600000,3.613225292173,2,0.3,0.540000000000,0.964000000000,1.383067412161e1,2.197891387314e-3,9.448023155524e-1,7.319348129202e0,general_marcher,converged,7.032522520286e-7,50912,8.161235908844e1,general_marcher,converged,1.693975118813e-8,4912,3.849835753903e2,1.0e-6
s_l_0_3,theory,0.8650000,3.634232415965,2,0.3,0.540000000000,0.964000000000,1.386417831308e1,2.177818594442e-3,9.445076741253e-1,7.339367743051e0,general_marcher,converged,6.290591476835e-7,51408,8.249024559074e1,general_marcher,converged,1.762012995687e-8,4928,3.916505207331e2,1.0e-6
s_l_0_3,theory,0.8700000,3.655239539757,2,0.3,0.540000000000,0.964000000000,1.389784462732e1,2.158085903513e-3,9.442462456952e-1,7.359226838697e0,general_marcher,converged,5.824641945609e-7,51904,8.337088461019e1,general_marcher,converged,1.750051478064e-8,4928,3.960752286502e2,1.0e-6
s_l_0_3,theory,0.8750000,3.676246663548,2,0.3,0.540000000000,0.964000000000,1.393164212433e1,2.138680870159e-3,9.440158955856e-1,7.378923485018e0,general_marcher,converged,9.960630184244e-7,22000,7.958117872643e1,general_marcher,converged,1.736071465188e-8,4928,4.005251676259e2,1.0e-6
s_l_0_3,theory,0.8800000,3.697253787340,2,0.3,0.540000000000,0.964000000000,1.396556139991e1,2.119594750853e-3,9.438159716526e-1,7.398455747392e0,general_marcher,converged,9.941264804941e-7,22224,8.048779842278e1,general_marcher,converged,1.720056347086e-8,4928,4.050003416679e2,1.0e-6
s_l_0_3,theory,0.8850000,3.718260911132,2,0.3,0.540000000000,0.964000000000,1.399957969699e1,2.100817066869e-3,9.436449316463e-1,7.417821697279e0,general_marcher,converged,6.935634957837e-7,54640,8.644812603636e1,general_marcher,converged,1.658021235554e-8,4848,4.095007548550e2,1.0e-6
s_l_0_3,theory,0.8900000,3.739268034923,2,0.3,0.540000000000,0.964000000000,1.403366162540e1,2.082335813807e-3,9.435004020351e-1,7.437019419984e0,general_marcher,converged,5.682863143834e-7,55136,8.734020652658e1,general_marcher,converged,1.637971810949e-8,4848,4.140264113415e2,1.0e-6
s_l_0_3,theory,0.8950000,3.760275158715,2,0.3,0.540000000000,0.964000000000,1.406778637346e1,2.064141545841e-3,9.433810130577e-1,7.456047015332e0,general_marcher,converged,9.204219754733e-7,22976,8.322381766659e1,general_marcher,converged,1.844280617466e-8,4704,3.964893637977e2,1.0e-6
s_l_0_3,theory,0.9000000,3.781282282507,2,0.3,0.540000000000,0.964000000000,1.410193803246e1,2.046225837433e-3,9.432857344079e-1,7.474902629220e0,general_marcher,converged,7.787456014879e-7,19856,7.911164223836e1,general_marcher,converged,1.812739624741e-8,4704,4.008181860246e2,1.0e-6
s_l_0_3,theory,0.9050000,3.802289406299,2,0.3,0.540000000000,0.964000000000,1.413611680568e1,2.028582841427e-3,9.432146227494e-1,7.493584421156e0,general_marcher,converged,9.790334706390e-8,21664,8.506126209699e1,general_marcher,converged,1.784010214835e-8,4704,4.051708870093e2,1.0e-6
s_l_0_3,theory,0.9100000,3.823296530090,2,0.3,0.540000000000,0.964000000000,1.417027724116e1,2.011200386171e-3,9.431646931435e-1,7.512090594663e0,general_marcher,converged,1.478419504943e-7,21888,8.598400271462e1,general_marcher,converged,1.773143823868e-8,4720,4.095474712507e2,1.0e-6
s_l_0_3,theory,0.9150000,3.844303653882,2,0.3,0.540000000000,0.964000000000,1.420440991580e1,1.994071790813e-3,9.431353799925e-1,7.530419395313e0,general_marcher,converged,1.155553297252e-7,22112,8.690941713596e1,general_marcher,converged,1.749572595697e-8,4720,4.139479433486e2,1.0e-6
s_l_0_3,theory,0.9200000,3.865310777674,2,0.3,0.540000000000,0.964000000000,1.423849724158e1,1.977189438033e-3,9.431255795221e-1,7.548569114624e0,general_marcher,converged,1.835325055714e-7,22336,8.783750141268e1,general_marcher,converged,1.728501162370e-8,4720,4.183723080094e2,1.0e-6
s_l_0_3,theory,0.9250000,3.886317901465,2,0.3,0.540000000000,0.964000000000,1.427252227828e1,1.960546038996e-3,9.431342380083e-1,7.566538093462e0,general_marcher,converged,1.594243310336e-7,22560,8.876825152286e1,general_marcher,converged,1.709758756693e-8,4720,4.228205700515e2,1.0e-6
s_l_0_3,theory,0.9300000,3.907325025257,2,0.3,0.540000000000,0.964000000000,1.430647484409e1,1.944135450528e-3,9.431607534481e-1,7.584324725020e0,general_marcher,converged,6.421654729145e-8,25536,9.531722880980e1,general_marcher,converged,1.693152336616e-8,4720,4.272927344130e2,1.0e-6
s_l_0_3,theory,0.9350000,3.928332149049,2,0.3,0.540000000000,0.964000000000,1.434031273284e1,1.927947404123e-3,9.432024189415e-1,7.601927457382e0,general_marcher,converged,1.694868217577e-7,106416,8.543385542737e1,general_marcher,converged,1.678473920359e-8,4720,4.317888061563e2,1.0e-6
s_l_0_3,theory,0.9400000,3.949339272840,2,0.3,0.540000000000,0.964000000000,1.437406975690e1,1.911982099716e-3,9.432615364096e-1,7.619344795725e0,general_marcher,converged,1.235485986002e-7,25984,9.720137753252e1,general_marcher,converged,1.665505684738e-8,4720,4.363087904768e2,1.0e-6
s_l_0_3,theory,0.9450000,3.970346396632,2,0.3,0.540000000000,0.964000000000,1.440768876512e1,1.896227682130e-3,9.433344261824e-1,7.636575304175e0,general_marcher,converged,2.128628848651e-7,26352,9.856753565388e1,general_marcher,converged,1.654025440721e-8,4720,4.408526927081e2,1.0e-6
s_l_0_3,theory,0.9500000,3.991353520424,2,0.3,0.540000000000,0.964000000000,1.444116421121e1,1.880679440524e-3,9.434208077842e-1,7.653617607359e0,general_marcher,converged,5.892568398253e-7,24704,9.390702092399e1,general_marcher,converged,1.643810065969e-8,4720,4.454205183305e2,1.0e-6
s_l_0_4,theory,0.2000000,0.840284951668,2,0.4,0.720000000000,0.964000000000,2.700460422029e-1,7.934829630152e-4,8.938509930819e-1,1.510576395243e-1,general_marcher,converged,7.739039444952e-7,58736,2.578729387693e1,general_marcher,converged,6.896594554043e-8,15344,7.735932152118e1,1.0e-6
s_l_0_4,theory,0.2050000,0.861292075460,2,0.4,0.720000000000,0.964000000000,3.068938937229e-1,8.583023593038e-4,8.704695032332e-1,1.762806695599e-1,general_marcher,converged,4.758885676512e-7,57008,2.655850204898e1,general_marcher,converged,6.727030614035e-8,14896,7.881961061158e1,1.0e-6
s_l_0_4,theory,0.2100000,0.882299199252,2,0.4,0.720000000000,0.964000000000,3.000696211677e-1,7.997296938380e-4,9.646691849068e-1,1.555298053792e-1,general_marcher,converged,4.700259285590e-7,58480,2.788012757655e1,general_marcher,converged,6.578300973287e-8,15120,8.385259287470e1,1.0e-6
s_l_0_4,theory,0.2150000,0.903306323043,2,0.4,0.720000000000,0.964000000000,2.981723461623e-1,7.581414190552e-4,1.174735565093e0,1.269104107437e-1,general_marcher,converged,7.759501724105e-7,61968,2.834274714365e1,general_marcher,converged,6.285195648290e-8,15696,9.169269713940e1,1.0e-6
s_l_0_4,theory,0.2200000,0.924313446835,2,0.4,0.720000000000,0.964000000000,3.462587924403e-1,8.408436128009e-4,1.286299177353e0,1.345949676936e-1,general_marcher,converged,5.400408051552e-7,55488,2.816688243526e1,general_marcher,converged,7.020069026805e-8,15328,9.319444046141e1,1.0e-6
s_l_0_4,theory,0.2250000,0.945320570627,2,0.4,0.720000000000,0.964000000000,4.389961967686e-1,1.019190818504e-3,1.166281828556e0,1.882033081628e-1,general_marcher,converged,4.451708577164e-7,50912,2.754848139445e1,general_marcher,converged,6.044945495898e-8,14208,9.027873791576e1,1.0e-6
s_l_0_4,theory,0.2300000,0.966327694418,2,0.4,0.720000000000,0.964000000000,5.317188148999e-1,1.181370541552e-3,1.014517786883e0,2.620549495409e-1,general_marcher,converged,5.626272071462e-7,51488,2.811990552107e1,general_marcher,converged,5.382549229909e-8,13312,8.829998261078e1,1.0e-6
s_l_0_4,theory,0.2350000,0.987334818210,2,0.4,0.720000000000,0.964000000000,5.806883494556e-1,1.235854004829e-3,9.073831799705e-1,3.199796746698e-1,general_marcher,converged,7.497208523690e-7,48944,2.762011317773e1,general_marcher,converged,5.662179086155e-8,12720,8.743769576851e1,1.0e-6
s_l_0_4,theory,0.2400000,1.008341942002,2,0.4,0.720000000000,0.964000000000,5.731861051032e-1,1.169588128705e-3,8.442444035754e-1,3.394669260914e-1,general_marcher,converged,8.319891857713e-7,48576,2.809109035302e1,general_marcher,converged,5.638245461489e-8,12352,8.787348727304e1,1.0e-6
s_l_0_4,theory,0.2450000,1.029349065794,2,0.4,0.720000000000,0.964000000000,5.312727539547e-1,1.040267801281e-3,8.276156415623e-1,3.209658730905e-1,general_marcher,converged,6.719286663640e-7,49168,2.925836232146e1,general_marcher,converged,5.123806728606e-8,12640,9.484660509208e1,1.0e-6
s_l_0_4,theory,0.2500000,1.050356189585,2,0.4,0.720000000000,0.964000000000,4.957784692068e-1,9.323252062620e-4,8.761632636265e-1,2.829258482915e-1,general_marcher,converged,8.825266461175e-7,48240,2.929590561480e1,general_marcher,converged,4.875508265006e-8,12864,1.004189490966e2,1.0e-6
s_l_0_4,theory,0.2550000,1.071363313377,2,0.4,0.720000000000,0.964000000000,5.051998601157e-1,9.131510899790e-4,1.009318872660e0,2.502677170715e-1,general_marcher,converged,4.812311168208e-7,52064,3.169339227307e1,general_marcher,converged,5.725483817172e-8,12960,1.045809066457e2,1.0e-6
s_l_0_4,theory,0.2600000,1.092370437169,2,0.4,0.720000000000,0.964000000000,5.807180778798e-1,1.009667625551e-3,1.191562875966e0,2.436791585207e-1,general_marcher,converged,8.588674620876e-7,51024,3.125169266850e1,general_marcher,converged,5.307752670943e-8,12960,1.086256720960e2,1.0e-6
s_l_0_4,theory,0.2650000,1.113377560960,2,0.4,0.720000000000,0.964000000000,7.213578006717e-1,1.207309910799e-3,1.318393869793e0,2.735744670842e-1,general_marcher,converged,3.487971810524e-7,48816,3.201353377241e1,general_marcher,converged,5.396065856083e-8,12528,1.088098854608e2,1.0e-6
s_l_0_4,theory,0.2700000,1.134384684752,2,0.4,0.720000000000,0.964000000000,9.076825356768e-1,1.463410720501e-3,1.338281175123e0,3.391225074931e-1,general_marcher,converged,4.515771265579e-7,45792,3.139902543079e1,general_marcher,converged,5.130743659985e-8,12080,1.087732972406e2,1.0e-6
s_l_0_4,theory,0.2750000,1.155391808544,2,0.4,0.720000000000,0.964000000000,1.110025141111e0,1.725151375245e-3,1.288303625458e0,4.308088245566e-1,general_marcher,converged,4.097811431990e-7,42288,3.068880251944e1,general_marcher,converged,4.746887708462e-8,11408,1.063887427326e2,1.0e-6
s_l_0_4,theory,0.2800000,1.176398932335,2,0.4,0.720000000000,0.964000000000,1.297360088967e0,1.944931238871e-3,1.213570143415e0,5.345220859325e-1,general_marcher,converged,2.922617889541e-7,39968,3.083688197182e1,general_marcher,converged,4.670063072090e-8,10832,1.038575798693e2,1.0e-6
s_l_0_4,theory,0.2850000,1.197406056127,2,0.4,0.720000000000,0.964000000000,1.444267841331e0,2.089862928619e-3,1.136231518775e0,6.355517416412e-1,general_marcher,converged,6.912311972550e-7,38816,2.988756876225e1,general_marcher,converged,4.450869883935e-8,10384,1.029570202110e2,1.0e-6
s_l_0_4,theory,0.2900000,1.218413179919,2,0.4,0.720000000000,0.964000000000,1.534948664540e0,2.145149876078e-3,1.063610592439e0,7.215745477959e-1,general_marcher,converged,7.883683428221e-7,36816,2.937086992057e1,general_marcher,converged,3.866796453626e-8,10304,1.065030717667e2,1.0e-6
s_l_0_4,theory,0.2950000,1.239420303711,2,0.4,0.720000000000,0.964000000000,1.564366873047e0,2.112780402832e-3,9.972598210852e-1,7.843326483087e-1,general_marcher,converged,2.706109303766e-7,43584,3.422885509180e1,general_marcher,converged,4.368372493412e-8,9936,1.052399408899e2,1.0e-6
s_l_0_4,theory,0.3000000,1.260427427502,2,0.4,0.720000000000,0.964000000000,1.537218880780e0,2.007488109763e-3,9.371897237276e-1,8.201214982735e-1,general_marcher,converged,5.818598527553e-7,39120,3.198419218807e1,general_marcher,converged,4.219563132452e-8,9712,1.062243340140e2,1.0e-6
s_l_0_4,theory,0.3050000,1.281434551294,2,0.4,0.720000000000,0.964000000000,1.465627714820e0,1.851756045730e-3,8.835400111316e-1,8.294065330121e-1,general_marcher,converged,2.961403094601e-7,41232,3.424068988241e1,general_marcher,converged,3.979005805949e-8,9712,1.096999396831e2,1.0e-6
s_l_0_4,theory,0.3100000,1.302441675086,2,0.4,0.720000000000,0.964000000000,1.366326584655e0,1.671055645264e-3,8.372823947788e-1,8.159293645583e-1,general_marcher,converged,5.350838988791e-7,39760,3.357460633063e1,general_marcher,converged,4.111159889349e-8,9712,1.132324839891e2,1.0e-6
s_l_0_4,theory,0.3150000,1.323448798877,2,0.4,0.720000000000,0.964000000000,1.257953054587e0,1.490057773619e-3,8.006172519925e-1,7.856145064676e-1,general_marcher,converged,8.372321124327e-7,41520,3.403348415817e1,general_marcher,converged,3.581240681950e-8,9856,1.195974123208e2,1.0e-6
s_l_0_4,theory,0.3200000,1.344455922669,2,0.4,0.720000000000,0.964000000000,1.158782174033e0,1.330030591497e-3,7.771838886315e-1,7.455006408287e-1,general_marcher,converged,2.935112891363e-7,44080,3.702871446065e1,general_marcher,converged,3.634543729653e-8,9872,1.233326222131e2,1.0e-6
s_l_0_4,theory,0.3250000,1.365463046461,2,0.4,0.720000000000,0.964000000000,1.085066722682e0,1.207395363153e-3,7.719255522370e-1,7.028311989011e-1,general_marcher,converged,6.398234574549e-7,40976,3.555404304034e1,general_marcher,converged,3.902113221406e-8,9872,1.271202680584e2,1.0e-6
s_l_0_4,theory,0.3300000,1.386470170253,2,0.4,0.720000000000,0.964000000000,1.050003150203e0,1.133241586344e-3,7.902303243626e-1,6.643652602486e-1,general_marcher,converged,2.684584411350e-7,43616,3.801202798613e1,general_marcher,converged,4.266564747512e-8,9872,1.309619637079e2,1.0e-6
s_l_0_4,theory,0.3350000,1.407477294044,2,0.4,0.720000000000,0.964000000000,1.063232243543e0,1.113520727427e-3,8.359829246619e-1,6.359174405224e-1,general_marcher,converged,8.790664631250e-7,40864,3.636460121921e1,general_marcher,converged,3.570674207914e-8,10096,1.380015456551e2,1.0e-6
s_l_0_4,theory,0.3400000,1.428484417836,2,0.4,0.720000000000,0.964000000000,1.130785776237e0,1.149694050639e-3,9.088406745033e-1,6.221034159015e-1,general_marcher,converged,9.680610176149e-7,42544,3.745340560812e1,general_marcher,converged,3.659631856025e-8,10096,1.420538988591e2,1.0e-6
s_l_0_4,theory,0.3450000,1.449491541628,2,0.4,0.720000000000,0.964000000000,1.255328943292e0,1.239593051403e-3,1.002255475253e0,6.262519758126e-1,general_marcher,converged,4.889356667314e-7,42064,3.855069827924e1,general_marcher,converged,4.080901923474e-8,9872,1.428358164772e2,1.0e-6
s_l_0_4,theory,0.3500000,1.470498665419,2,0.4,0.720000000000,0.964000000000,1.436604017272e0,1.378353993697e-3,1.104332321481e0,6.504400846230e-1,general_marcher,converged,3.972652976189e-7,38080,3.737260668788e1,general_marcher,converged,4.100312508360e-8,9744,1.438643719244e2,1.0e-6
s_l_0_4,theory,0.3550000,1.491505789211,2,0.4,0.720000000000,0.964000000000,1.671971653185e0,1.559308280118e-3,1.201802368057e0,6.956100676891e-1,general_marcher,converged,6.061883086011e-7,36624,3.688536482672e1,general_marcher,converged,3.515784470147e-8,9664,1.479090804288e2,1.0e-6
s_l_0_4,theory,0.3600000,1.512512913003,2,0.4,0.720000000000,0.964000000000,1.956976461213e0,1.774763063136e-3,1.284553189694e0,7.617343045479e-1,general_marcher,converged,2.783852394857e-7,40688,4.038189803227e1,general_marcher,converged,3.886019944935e-8,9296,1.447636474528e2,1.0e-6
s_l_0_4,theory,0.3650000,1.533520036794,2,0.4,0.720000000000,0.964000000000,2.285884670972e0,2.016639954946e-3,1.347808707171e0,8.480004094090e-1,general_marcher,converged,5.480411495715e-7,34016,3.648647850881e1,general_marcher,converged,3.320933913763e-8,9216,1.487194594411e2,1.0e-6
s_l_0_4,theory,0.3700000,1.554527160586,2,0.4,0.720000000000,0.964000000000,2.652182724522e0,2.276982929976e-3,1.391495414117e0,9.529972925585e-1,general_marcher,converged,6.233398542291e-7,33904,3.661934929221e1,general_marcher,converged,3.630004307672e-8,8848,1.450786263046e2,1.0e-6
s_l_0_4,theory,0.3750000,1.575534284378,2,0.4,0.720000000000,0.964000000000,3.048980206380e0,2.548307606778e-3,1.418276649403e0,1.074889094332e0,general_marcher,converged,5.360519021794e-7,33232,3.673769489195e1,general_marcher,converged,3.163137510903e-8,8768,1.489323382937e2,1.0e-6
s_l_0_4,theory,0.3800000,1.596541408170,2,0.4,0.720000000000,0.964000000000,3.469352042539e0,2.823845676027e-3,1.431759759357e0,1.211569196531e0,general_marcher,converged,6.016166604549e-7,31072,3.589328747824e1,general_marcher,converged,3.482878614655e-8,8400,1.447619924228e2,1.0e-6
s_l_0_4,theory,0.3850000,1.617548531961,2,0.4,0.720000000000,0.964000000000,3.906601595436e0,3.097686372273e-3,1.435416106262e0,1.360790637082e0,general_marcher,converged,3.208116133186e-7,35440,4.059164594319e1,general_marcher,converged,3.141222948367e-8,8320,1.484937577825e2,1.0e-6
s_l_0_4,theory,0.3900000,1.638555655753,2,0.4,0.720000000000,0.964000000000,4.354437423324e0,3.364826074849e-3,1.432124442449e0,1.520272014867e0,general_marcher,converged,3.875551878421e-7,30592,3.686395018027e1,general_marcher,converged,2.979288792309e-8,8176,1.480287697235e2,1.0e-6
s_l_0_4,theory,0.3950000,1.659562779545,2,0.4,0.720000000000,0.964000000000,4.807125074092e0,3.621187493569e-3,1.424097069025e0,1.687779990090e0,general_marcher,converged,3.328583196748e-7,32272,3.875041784751e1,general_marcher,converged,3.176059707234e-8,7952,1.473946786892e2,1.0e-6
s_l_0_4,theory,0.4000000,1.680569903336,2,0.4,0.720000000000,0.964000000000,5.259539357317e0,3.863558635497e-3,1.412950273648e0,1.861190537066e0,general_marcher,converged,4.583297418263e-7,27536,3.575736080188e1,general_marcher,converged,2.865833331241e-8,7728,1.465875319066e2,1.0e-6
s_l_0_4,theory,0.4050000,1.701577027128,2,0.4,0.720000000000,0.964000000000,5.707224967042e0,4.089542505984e-3,1.399837142347e0,2.038531767157e0,general_marcher,converged,4.465335274085e-7,28208,3.667727725789e1,general_marcher,converged,2.525021497896e-8,7728,1.501756367012e2,1.0e-6
s_l_0_4,theory,0.4100000,1.722584150920,2,0.4,0.720000000000,0.964000000000,6.146380302849e0,4.297456566436e-3,1.385561098289e0,2.218011284540e0,general_marcher,converged,3.153479644092e-7,26832,3.651942009287e1,general_marcher,converged,3.015405972772e-8,7360,1.444383791864e2,1.0e-6
s_l_0_4,theory,0.4150000,1.743591274711,2,0.4,0.720000000000,0.964000000000,6.573851640710e0,4.486250154674e-3,1.370676933114e0,2.398031031927e0,general_marcher,converged,5.567108122964e-7,26976,3.633577194643e1,general_marcher,converged,3.055049869768e-8,7152,1.436213926492e2,1.0e-6
s_l_0_4,theory,0.4200000,1.764598398503,2,0.4,0.720000000000,0.964000000000,6.987091992527e0,4.655407067080e-3,1.355562816938e0,2.577192257424e0,general_marcher,converged,4.994477304000e-7,25600,3.612539324008e1,general_marcher,converged,2.822874566197e-8,7168,1.470058506035e2,1.0e-6
s_l_0_4,theory,0.4250000,1.785605522295,2,0.4,0.720000000000,0.964000000000,7.384118643548e0,4.804858328909e-3,1.340474408532e0,2.754293031091e0,general_marcher,converged,4.726268212347e-7,28736,4.041586447135e1,general_marcher,converged,2.572974642273e-8,7088,1.504303823546e2,1.0e-6
s_l_0_4,theory,0.4300000,1.806612646087,2,0.4,0.720000000000,0.964000000000,7.763440863713e0,4.934885938385e-3,1.325579171147e0,2.928320326955e0,general_marcher,converged,5.677959079668e-7,25712,3.666616342934e1,general_marcher,converged,2.454280982426e-8,7088,1.538949880986e2,1.0e-6
s_l_0_4,theory,0.4350000,1.827619769878,2,0.4,0.720000000000,0.964000000000,8.124041365614e0,5.046071422105e-3,1.310989675270e0,3.098438347327e0,general_marcher,converged,2.400934702637e-7,27840,3.995666028910e1,general_marcher,converged,2.688273657912e-8,6944,1.521325940861e2,1.0e-6
s_l_0_4,theory,0.4400000,1.848626893670,2,0.4,0.720000000000,0.964000000000,8.465271031522e0,5.139197352447e-3,1.296773472441e0,3.263974476433e0,general_marcher,converged,6.652926776757e-7,25824,3.718755783203e1,general_marcher,converged,2.346885502490e-8,6864,1.555556163045e2,1.0e-6
s_l_0_4,theory,0.4450000,1.869634017462,2,0.4,0.720000000000,0.964000000000,8.786842333958e0,5.215219511683e-3,1.282974000195e0,3.424403897748e0,general_marcher,converged,1.976130946666e-7,27392,4.056502714016e1,general_marcher,converged,2.788657374260e-8,6720,1.535062274138e2,1.0e-6
s_l_0_4,theory,0.4500000,1.890641141253,2,0.4,0.720000000000,0.964000000000,9.088732130658e0,5.275189402322e-3,1.269612270405e0,3.579333762959e0,general_marcher,converged,4.694720596750e-7,28032,4.017843227264e1,general_marcher,converged,2.599275399748e-8,6640,1.568659397110e2,1.0e-6
s_l_0_4,theory,0.4550000,1.911648265045,2,0.4,0.720000000000,0.964000000000,9.371168002959e0,5.320233721802e-3,1.256698343881e0,3.728487448317e0,general_marcher,converged,2.594360264064e-7,25792,3.975469553735e1,general_marcher,converged,2.599131984529e-8,6496,1.545069486596e2,1.0e-6
s_l_0_4,theory,0.4600000,1.932655388837,2,0.4,0.720000000000,0.964000000000,9.634566143588e0,5.351509248742e-3,1.244232825764e0,3.871689423429e0,general_marcher,converged,3.563217350902e-7,23184,3.798213010361e1,general_marcher,converged,2.437475093216e-8,6496,1.578145942559e2,1.0e-6
s_l_0_4,theory,0.4650000,1.953662512629,2,0.4,0.720000000000,0.964000000000,9.879504279021e0,5.370182301875e-3,1.232211477233e0,4.008850940591e0,general_marcher,converged,3.536650996714e-7,23632,3.878837736258e1,general_marcher,converged,2.331788138375e-8,6496,1.611584091718e2,1.0e-6
s_l_0_4,theory,0.4700000,1.974669636420,2,0.4,0.720000000000,0.964000000000,1.010667486385e1,5.377400208606e-3,1.220625638543e0,4.139956815877e0,general_marcher,converged,3.724421435042e-7,26256,4.236715522060e1,general_marcher,converged,2.197462616059e-8,6416,1.645378878501e2,1.0e-6
s_l_0_4,theory,0.4750000,1.995676760212,2,0.4,0.720000000000,0.964000000000,1.031685292337e1,5.374273957446e-3,1.209463525740e0,4.265053349607e0,general_marcher,converged,9.945045060502e-8,25696,4.191613549668e1,general_marcher,converged,2.467234992680e-8,6288,1.623807340945e2,1.0e-6
s_l_0_4,theory,0.4800000,2.016683884004,2,0.4,0.720000000000,0.964000000000,1.051088504240e1,5.361873856641e-3,1.198713017790e0,4.384237464018e0,general_marcher,converged,7.122394517206e-7,22976,3.846697463697e1,general_marcher,converged,2.424395145605e-8,6288,1.657136673540e2,1.0e-6
s_l_0_4,theory,0.4850000,2.037691007795,2,0.4,0.720000000000,0.964000000000,1.068966965744e1,5.341221497593e-3,1.188362454513e0,4.497647000222e0,general_marcher,converged,5.662225603076e-7,22864,3.928925455317e1,general_marcher,converged,2.387146658442e-8,6288,1.690810292404e2,1.0e-6
s_l_0_4,theory,0.4900000,2.058698131587,2,0.4,0.720000000000,0.964000000000,1.085411628677e1,5.313272514183e-3,1.178398539975e0,4.605452195738e0,general_marcher,converged,1.223280782430e-7,25472,4.308088543204e1,general_marcher,converged,2.343070063356e-8,6288,1.724828191987e2,1.0e-6
s_l_0_4,theory,0.4950000,2.079705255379,2,0.4,0.720000000000,0.964000000000,1.100513600192e1,5.278916556198e-3,1.168807432726e0,4.707848227940e0,general_marcher,converged,3.723111993059e-7,25360,4.391516251630e1,general_marcher,converged,2.419264764300e-8,6064,1.691158753029e2,1.0e-6
s_l_0_4,theory,0.5000000,2.100712379170,2,0.4,0.720000000000,0.964000000000,1.114364849013e1,5.238985263766e-3,1.159577038553e0,4.805048789184e0,general_marcher,converged,3.984203451034e-7,27104,4.644811502609e1,general_marcher,converged,2.285575061931e-8,6064,1.724484554370e2,1.0e-6
s_l_0_4,theory,0.5050000,2.121719502962,2,0.4,0.720000000000,0.964000000000,1.127054213166e1,5.194237839124e-3,1.150693944343e0,4.897280544089e0,general_marcher,converged,5.753453338950e-7,22944,4.094925129364e1,general_marcher,converged,2.184617375563e-8,6064,1.758140743430e2,1.0e-6
s_l_0_4,theory,0.5100000,2.142726626754,2,0.4,0.720000000000,0.964000000000,1.138671408416e1,5.145384628001e-3,1.142148459477e0,4.984778462765e0,general_marcher,converged,1.889835445908e-7,25696,4.507774079008e1,general_marcher,converged,2.114074632371e-8,6064,1.792127311652e2,1.0e-6
s_l_0_4,theory,0.5150000,2.163733750546,2,0.4,0.720000000000,0.964000000000,1.149299387499e1,5.093056549100e-3,1.133927441313e0,5.067781877509e0,general_marcher,converged,3.843690864779e-7,27344,4.592763596490e1,general_marcher,converged,2.439322935715e-8,5936,1.761034684866e2,1.0e-6
s_l_0_4,theory,0.5200000,2.184740874337,2,0.4,0.720000000000,0.964000000000,1.159019628819e1,5.037834369085e-3,1.126020204451e0,5.146531226693e0,general_marcher,converged,6.336098464690e-7,26720,4.516589719513e1,general_marcher,converged,2.382329220086e-8,5936,1.794406366478e2,1.0e-6
s_l_0_4,theory,0.5250000,2.205747998129,2,0.4,0.720000000000,0.964000000000,1.167909990803e1,4.980243162188e-3,1.118416623181e0,5.221265343326e0,general_marcher,converged,1.622969147111e-7,25248,4.602279757505e1,general_marcher,converged,2.346316824962e-8,5936,1.828096076074e2,1.0e-6
s_l_0_4,theory,0.5300000,2.226755121921,2,0.4,0.720000000000,0.964000000000,1.176043779815e1,4.920752605645e-3,1.111106432595e0,5.292219292925e0,general_marcher,converged,1.236815450924e-7,25696,4.688404206871e1,general_marcher,converged,2.245556152872e-8,5856,1.862103802234e2,1.0e-6
s_l_0_4,theory,0.5350000,2.247762245712,2,0.4,0.720000000000,0.964000000000,1.183490399097e1,4.859783880342e-3,1.104079969770e0,5.359622633779e0,general_marcher,converged,2.929937526807e-7,25504,4.774961798370e1,general_marcher,converged,2.231706993542e-8,5856,1.896429532861e2,1.0e-6
s_l_0_4,theory,0.5400000,2.268769369504,2,0.4,0.720000000000,0.964000000000,1.190314296984e1,4.797709095706e-3,1.097327214220e0,5.423698061795e0,general_marcher,converged,6.396317127659e-7,22352,4.316463136032e1,general_marcher,converged,2.233582228070e-8,5872,1.931073255203e2,1.0e-6
s_l_0_4,theory,0.5450000,2.289776493296,2,0.4,0.720000000000,0.964000000000,1.196578512082e1,4.734869090319e-3,1.090841026625e0,5.484660380735e0,general_marcher,converged,1.456052056628e-7,23312,4.585254192937e1,general_marcher,converged,2.214431090681e-8,5872,1.966017704880e2,1.0e-6
s_l_0_4,theory,0.5500000,2.310783617088,2,0.4,0.720000000000,0.964000000000,1.202339235487e1,4.671554518881e-3,1.084612029563e0,5.542715748651e0,general_marcher,converged,7.825536264234e-8,29568,5.240013064452e1,general_marcher,converged,2.191752261076e-8,5872,2.001097252739e2,1.0e-6
s_l_0_4,theory,0.5550000,2.331790740879,2,0.4,0.720000000000,0.964000000000,1.207647599681e1,4.608016625494e-3,1.078630231845e0,5.598061152130e0,general_marcher,converged,9.643838547469e-7,24832,4.556569462037e1,general_marcher,converged,2.361052810724e-8,5728,1.951103542773e2,1.0e-6
s_l_0_4,theory,0.5600000,2.352797864671,2,0.4,0.720000000000,0.964000000000,1.212555272081e1,4.544491247235e-3,1.072889878441e0,5.650884104917e0,general_marcher,converged,4.306502240431e-7,23280,4.645113042354e1,general_marcher,converged,1.794745034505e-8,5808,2.081866680371e2,1.0e-6
s_l_0_4,theory,0.5650000,2.373804988463,2,0.4,0.720000000000,0.964000000000,1.217107459332e1,4.481174021070e-3,1.067382992841e0,5.701362432680e0,general_marcher,converged,2.462675959198e-7,28256,5.324042826773e1,general_marcher,converged,1.772227922653e-8,5808,2.118066124759e2,1.0e-6
s_l_0_4,theory,0.5700000,2.394812112254,2,0.4,0.720000000000,0.964000000000,1.221344115046e1,4.418227900808e-3,1.062100371580e0,5.749664286577e0,general_marcher,converged,3.841553722407e-7,25968,5.005311737949e1,general_marcher,converged,2.313563462855e-8,5664,2.064510299915e2,1.0e-6
s_l_0_4,theory,0.5750000,2.415819236046,2,0.4,0.720000000000,0.964000000000,1.225305037368e1,4.355803812087e-3,1.057035875036e0,5.795948209075e0,general_marcher,converged,1.646980620896e-7,23760,4.889861079673e1,general_marcher,converged,2.233185854524e-8,5664,2.099757747600e2,1.0e-6
s_l_0_4,theory,0.5800000,2.436826359838,2,0.4,0.720000000000,0.964000000000,1.229025275115e1,4.294025392374e-3,1.052182216485e0,5.840363274819e0,general_marcher,converged,6.435924199459e-7,23552,4.766295293647e1,general_marcher,converged,2.145444650186e-8,5664,2.135308491101e2,1.0e-6
s_l_0_4,theory,0.5850000,2.457833483629,2,0.4,0.720000000000,0.964000000000,1.232537807011e1,4.233000294320e-3,1.047533121631e0,5.883049335434e0,general_marcher,converged,8.045916753641e-7,55504,5.058204968936e1,general_marcher,converged,2.055437629375e-8,5664,2.171162542952e2,1.0e-6
s_l_0_4,theory,0.5900000,2.478840607421,2,0.4,0.720000000000,0.964000000000,1.235871249625e1,4.172813618116e-3,1.043081201454e0,5.924137295842e0,general_marcher,converged,3.143970191803e-7,26336,5.368914586105e1,general_marcher,converged,1.967985765196e-8,5664,2.207319915394e2,1.0e-6
s_l_0_4,theory,0.5950000,2.499847731213,2,0.4,0.720000000000,0.964000000000,1.239051525584e1,4.113535184973e-3,1.038819235563e0,5.963749433809e0,general_marcher,converged,5.895727186939e-7,24688,5.017740744722e1,general_marcher,converged,1.887159095364e-8,5664,2.243780620378e2,1.0e-6
s_l_0_4,theory,0.6000000,2.520854855005,2,0.4,0.720000000000,0.964000000000,1.242104657663e1,4.055229809032e-3,1.034742344131e0,6.001999747608e0,general_marcher,converged,1.296597729514e-7,25712,5.323445323265e1,general_marcher,converged,1.815982743958e-8,5664,2.280544669559e2,1.0e-6
s_l_0_4,theory,0.6050000,2.541861978796,2,0.4,0.720000000000,0.964000000000,1.245050579786e1,3.997937740806e-3,1.030842648018e0,6.038994322657e0,general_marcher,converged,7.191603497401e-7,23424,4.953373743091e1,general_marcher,converged,1.756310861927e-8,5664,2.317612074296e2,1.0e-6
s_l_0_4,theory,0.6100000,2.562869102588,2,0.4,0.720000000000,0.964000000000,1.247911203171e1,3.941702063284e-3,1.027115863316e0,6.074831709550e0,general_marcher,converged,5.880629551113e-7,25888,5.269717763580e1,general_marcher,converged,1.708842906497e-8,5664,2.354982845661e2,1.0e-6
s_l_0_4,theory,0.6150000,2.583876226380,2,0.4,0.720000000000,0.964000000000,1.250702763353e1,3.886544627857e-3,1.023554804172e0,6.109603307292e0,general_marcher,converged,5.876054050822e-7,26336,5.362556384144e1,general_marcher,converged,1.686448864713e-8,5584,2.392656994437e2,1.0e-6
s_l_0_4,theory,0.6200000,2.604883350171,2,0.4,0.720000000000,0.964000000000,1.253441180100e1,3.832484091901e-3,1.020153707080e0,6.143393742539e0,general_marcher,converged,4.572940753720e-7,23824,5.207247064452e1,general_marcher,converged,1.917355721436e-8,5456,2.335994725479e2,1.0e-6
s_l_0_4,theory,0.6250000,2.625890473963,2,0.4,0.720000000000,0.964000000000,1.256142082303e1,3.779536220202e-3,1.016908094259e0,6.176281265700e0,general_marcher,converged,1.738343609403e-7,27872,5.787241361682e1,general_marcher,converged,1.880013431409e-8,5456,2.372743895036e2,1.0e-6
s_l_0_4,theory,0.6300000,2.646897597755,2,0.4,0.720000000000,0.964000000000,1.258815696206e1,3.727698952767e-3,1.013810520845e0,6.208338098315e0,general_marcher,converged,1.485106690047e-7,23776,5.369780241076e1,general_marcher,converged,1.853677673265e-8,5456,2.409784173367e2,1.0e-6
s_l_0_4,theory,0.6350000,2.667904721546,2,0.4,0.720000000000,0.964000000000,1.261474756631e1,3.676976843080e-3,1.010856887640e0,6.239630812511e0,general_marcher,converged,8.068101014505e-7,23504,5.203765504158e1,general_marcher,converged,1.836504466268e-8,5456,2.447115570176e2,1.0e-6
s_l_0_4,theory,0.6400000,2.688911845338,2,0.4,0.720000000000,0.964000000000,1.264130163784e1,3.627368083372e-3,1.008042801591e0,6.270220678074e0,general_marcher,converged,4.516297638330e-7,26032,5.807965901872e1,general_marcher,converged,1.826315319657e-8,5456,2.484738094926e2,1.0e-6
s_l_0_4,theory,0.6450000,2.709918969130,2,0.4,0.720000000000,0.964000000000,1.266787678197e1,3.578855653082e-3,1.005360874764e0,6.300164000783e0,general_marcher,converged,7.696024200835e-7,24176,5.367981859787e1,general_marcher,converged,1.820804217764e-8,5456,2.522651756863e2,1.0e-6
s_l_0_4,theory,0.6500000,2.730926092922,2,0.4,0.720000000000,0.964000000000,1.269456679796e1,3.531432853089e-3,1.002807633648e0,6.329512446859e0,general_marcher,converged,6.057876397406e-7,21664,5.190635133258e1,general_marcher,converged,1.817714841961e-8,5456,2.560856565030e2,1.0e-6
s_l_0_4,theory,0.6550000,2.751933216713,2,0.4,0.720000000000,0.964000000000,1.272144534168e1,3.485087106847e-3,1.000378924070e0,6.358313352870e0,general_marcher,converged,7.964879355862e-7,24848,5.533539832924e1,general_marcher,converged,1.814980933474e-8,5456,2.599352528278e2,1.0e-6
s_l_0_4,theory,0.6600000,2.772940340505,2,0.4,0.720000000000,0.964000000000,1.274855582083e1,3.439797685178e-3,9.980690678944e-1,6.386610020749e0,general_marcher,converged,1.498867712527e-7,25936,5.891278628412e1,general_marcher,converged,1.810828532392e-8,5456,2.638139655300e2,1.0e-6
s_l_0_4,theory,0.6650000,2.793947464297,2,0.4,0.720000000000,0.964000000000,1.277593323443e1,3.395542135602e-3,9.958725356656e-1,6.414441997787e0,general_marcher,converged,5.956808464233e-7,22560,5.426215488146e1,general_marcher,converged,1.803839860024e-8,5456,2.677217954643e2,1.0e-6
s_l_0_4,theory,0.6700000,2.814954588088,2,0.4,0.720000000000,0.964000000000,1.280364587821e1,3.352307353028e-3,9.937871222868e-1,6.441845336427e0,general_marcher,converged,4.301396671958e-7,25168,5.797764666549e1,general_marcher,converged,2.119190492198e-8,5312,2.592375630430e2,1.0e-6
s_l_0_4,theory,0.6750000,2.835961711880,2,0.4,0.720000000000,0.964000000000,1.283170130718e1,3.310064656680e-3,9.918065516408e-1,6.468852865485e0,general_marcher,converged,5.730748238059e-7,23232,5.594226244465e1,general_marcher,converged,2.053534372971e-8,5312,2.630176468484e2,1.0e-6
s_l_0_4,theory,0.6800000,2.856968835672,2,0.4,0.720000000000,0.964000000000,1.286014680468e1,3.268796482583e-3,9.899282505372e-1,6.495494394519e0,general_marcher,converged,6.725187460519e-7,26720,5.966673826075e1,general_marcher,converged,1.993115985680e-8,5312,2.668254680551e2,1.0e-6
s_l_0_4,theory,0.6850000,2.877975959464,2,0.4,0.720000000000,0.964000000000,1.288898283891e1,3.228473927948e-3,9.881465894067e-1,6.521796956586e0,general_marcher,converged,4.991068103946e-7,23904,5.763516384663e1,general_marcher,converged,1.938742401398e-8,5312,2.706610274849e2,1.0e-6
s_l_0_4,theory,0.6900000,2.898983083255,2,0.4,0.720000000000,0.964000000000,1.291824530899e1,3.189077892076e-3,9.864591832853e-1,6.547785011219e0,general_marcher,converged,6.956084626420e-7,27392,6.136906878308e1,general_marcher,converged,1.890868668141e-8,5312,2.745243259594e2,1.0e-6
s_l_0_4,theory,0.6950000,2.919990207047,2,0.4,0.720000000000,0.964000000000,1.294792559855e1,3.150578950500e-3,9.848607083840e-1,6.573480639613e0,general_marcher,converged,1.489288061949e-7,23776,5.934083650412e1,general_marcher,converged,1.773530705851e-8,5232,2.784153643030e2,1.0e-6
s_l_0_4,theory,0.7000000,2.940997330839,2,0.4,0.720000000000,0.964000000000,1.297805406277e1,3.112958134734e-3,9.833492500464e-1,6.598903727314e0,general_marcher,converged,4.099530009386e-7,28112,6.623252586373e1,general_marcher,converged,1.740097507825e-8,5232,2.823301732470e2,1.0e-6
s_l_0_4,theory,0.7050000,2.962004454630,2,0.4,0.720000000000,0.964000000000,1.300859753344e1,3.076181985662e-3,9.819184686027e-1,6.624072135006e0,general_marcher,converged,1.255636905875e-7,53216,5.792445817771e1,general_marcher,converged,1.714905555314e-8,5232,2.862474697134e2,1.0e-6
s_l_0_4,theory,0.7100000,2.983011578422,2,0.4,0.720000000000,0.964000000000,1.303960463753e1,3.040237470838e-3,9.805685811579e-1,6.649001858765e0,general_marcher,converged,4.235459061181e-7,127568,6.503775783426e1,general_marcher,converged,1.863016735970e-8,5248,2.917412256827e2,1.0e-6
s_l_0_4,theory,0.7150000,3.004018702214,2,0.4,0.720000000000,0.964000000000,1.307102592437e1,3.005089240180e-3,9.792927373005e-1,6.673707169728e0,general_marcher,converged,9.957935718095e-7,24336,5.961399479216e1,general_marcher,converged,2.060592507444e-8,5104,2.816037879918e2,1.0e-6
s_l_0_4,theory,0.7200000,3.025025826005,2,0.4,0.720000000000,0.964000000000,1.310288796684e1,2.970720655671e-3,9.780901166954e-1,6.698200780879e0,general_marcher,converged,9.849123298536e-7,24560,6.033563018671e1,general_marcher,converged,2.053068394494e-8,5120,2.854271899314e2,1.0e-6
s_l_0_4,theory,0.7250000,3.046032949797,2,0.4,0.720000000000,0.964000000000,1.313517825694e1,2.937106800879e-3,9.769572407910e-1,6.722493937555e0,general_marcher,converged,1.035355397043e-7,25712,6.453394163982e1,general_marcher,converged,2.037669955901e-8,5120,2.892767939089e2,1.0e-6
s_l_0_4,theory,0.7300000,3.067040073589,2,0.4,0.720000000000,0.964000000000,1.316786239198e1,2.904218852128e-3,9.758892703534e-1,6.746596561726e0,general_marcher,converged,7.423491123923e-7,21968,5.873048823019e1,general_marcher,converged,2.028454197225e-8,5120,2.931526029801e2,1.0e-6
s_l_0_4,theory,0.7350000,3.088047197381,2,0.4,0.720000000000,0.964000000000,1.320097422896e1,2.872043980697e-3,9.748866690595e-1,6.770517357520e0,general_marcher,converged,7.501351566979e-8,26384,6.628936755769e1,general_marcher,converged,2.023605709769e-8,5120,2.970546202175e2,1.0e-6
s_l_0_4,theory,0.7400000,3.109054321172,2,0.4,0.720000000000,0.964000000000,1.323445593249e1,2.840549971084e-3,9.739433218005e-1,6.794263914671e0,general_marcher,converged,5.552862403808e-7,25024,6.384378053454e1,general_marcher,converged,2.021303458340e-8,5120,3.009828487103e2,1.0e-6
s_l_0_4,theory,0.7450000,3.130061444964,2,0.4,0.720000000000,0.964000000000,1.326831754716e1,2.809720320620e-3,9.730583358724e-1,6.817842804495e0,general_marcher,converged,7.386211687432e-7,57456,6.471846805116e1,general_marcher,converged,2.019824403796e-8,5120,3.049372915644e2,1.0e-6
s_l_0_4,theory,0.7500000,3.151068568756,2,0.4,0.720000000000,0.964000000000,1.330253106379e1,2.779531089470e-3,9.722281939062e-1,6.841259668853e0,general_marcher,converged,7.026155528981e-7,23104,6.195471202844e1,general_marcher,converged,2.017626629750e-8,5120,3.089179519016e2,1.0e-6
s_l_0_4,theory,0.7550000,3.172075692547,2,0.4,0.720000000000,0.964000000000,1.333710140736e1,2.749966042962e-3,9.714519560276e-1,6.864519302578e0,general_marcher,converged,1.162142734228e-7,25072,6.639094501127e1,general_marcher,converged,2.013405371501e-8,5120,3.129248328609e2,1.0e-6
s_l_0_4,theory,0.7600000,3.193082816339,2,0.4,0.720000000000,0.964000000000,1.337199556564e1,2.721001745780e-3,9.707260593330e-1,6.887625729770e0,general_marcher,converged,7.896706032187e-8,28128,7.090589999515e1,general_marcher,converged,1.931601468749e-8,5040,3.169579375979e2,1.0e-6
s_l_0_4,theory,0.7650000,3.214089940131,2,0.4,0.720000000000,0.964000000000,1.340718037188e1,2.692615632977e-3,9.700470842777e-1,6.910582274397e0,general_marcher,converged,1.092404491893e-7,23136,6.451625483792e1,general_marcher,converged,1.921579423171e-8,5040,3.210172692860e2,1.0e-6
s_l_0_4,theory,0.7700000,3.235097063923,2,0.4,0.720000000000,0.964000000000,1.344267878491e1,2.664797130037e-3,9.694158004407e-1,6.933391625554e0,general_marcher,converged,4.665779514580e-7,27840,7.270557693449e1,general_marcher,converged,1.907194749764e-8,5040,3.251028311157e2,1.0e-6
s_l_0_4,theory,0.7750000,3.256104187714,2,0.4,0.720000000000,0.964000000000,1.347843125617e1,2.637519772256e-3,9.688271237197e-1,6.956055897989e0,general_marcher,converged,4.808775334389e-7,27296,6.998342530195e1,general_marcher,converged,1.612616428031e-8,5056,3.310582546911e2,1.0e-6
s_l_0_4,theory,0.7800000,3.277111311506,2,0.4,0.720000000000,0.964000000000,1.351442573443e1,2.610767343576e-3,9.682795174902e-1,6.978576686959e0,general_marcher,converged,1.478802633690e-7,51920,6.325453429123e1,general_marcher,converged,1.585780374381e-8,5056,3.352201365592e2,1.0e-6
s_l_0_4,theory,0.7850000,3.298118435298,2,0.4,0.720000000000,0.964000000000,1.355067716670e1,2.584529337535e-3,9.677734632476e-1,7.000955120853e0,general_marcher,converged,1.982778705425e-7,24256,6.782033179438e1,general_marcher,converged,1.564122507449e-8,5056,3.394084115757e2,1.0e-6
s_l_0_4,theory,0.7900000,3.319125559089,2,0.4,0.720000000000,0.964000000000,1.358713998207e1,2.558784128669e-3,9.673051911809e-1,7.023191907758e0,general_marcher,converged,6.754408435545e-7,26352,7.256036273005e1,general_marcher,converged,1.547177304146e-8,5056,3.436230830117e2,1.0e-6
s_l_0_4,theory,0.7950000,3.340132682881,2,0.4,0.720000000000,0.964000000000,1.362378446104e1,2.533513879747e-3,9.668721605990e-1,7.045287379355e0,general_marcher,converged,5.503212498650e-7,25808,6.964670376646e1,general_marcher,converged,1.534354156215e-8,5056,3.478641541610e2,1.0e-6
s_l_0_4,theory,0.8000000,3.361139806673,2,0.4,0.720000000000,0.964000000000,1.366060212527e1,2.508705312461e-3,9.664734157640e-1,7.067241531147e0,general_marcher,converged,1.373802824901e-7,54416,6.651156249641e1,general_marcher,converged,1.524977713332e-8,5056,3.521316283419e2,1.0e-6
s_l_0_4,theory,0.8050000,3.382146930464,2,0.4,0.720000000000,0.964000000000,1.369758400598e1,2.484345497403e-3,9.661080230894e-1,7.089054059492e0,general_marcher,converged,7.285801221840e-7,23648,6.727691551625e1,general_marcher,converged,1.518326471983e-8,5056,3.564255088976e2,1.0e-6
s_l_0_4,theory,0.8100000,3.403154054256,2,0.4,0.720000000000,0.964000000000,1.373471071283e1,2.460420063687e-3,9.657743676032e-1,7.110724395657e0,general_marcher,converged,9.070696954078e-8,25744,7.225029429889e1,general_marcher,converged,1.513664502901e-8,5056,3.607457991988e2,1.0e-6
s_l_0_4,theory,0.8150000,3.424161178048,2,0.4,0.720000000000,0.964000000000,1.377195308086e1,2.436913411297e-3,9.654702041128e-1,7.132251737130e0,general_marcher,converged,5.539314633191e-8,29024,7.731258812027e1,general_marcher,converged,1.510274805285e-8,5056,3.650925026450e2,1.0e-6
s_l_0_4,theory,0.8200000,3.445168301840,2,0.4,0.720000000000,0.964000000000,1.380927477297e1,2.413809251411e-3,9.651928443065e-1,7.153635076363e0,general_marcher,converged,1.318062227992e-7,23584,6.989521368991e1,general_marcher,converged,1.507479095885e-8,5056,3.694656226668e2,1.0e-6
s_l_0_4,theory,0.8250000,3.466175425631,2,0.4,0.720000000000,0.964000000000,1.384669107479e1,2.391100812401e-3,9.649432565850e-1,7.174873227156e0,general_marcher,converged,1.348734655899e-7,23808,7.066215016436e1,general_marcher,converged,1.504661426586e-8,5056,3.738651627275e2,1.0e-6
s_l_0_4,theory,0.8300000,3.487182549423,2,0.4,0.720000000000,0.964000000000,1.388415950827e1,2.368771617683e-3,9.647184088850e-1,7.195964843418e0,general_marcher,converged,9.356969204357e-7,22304,6.730245321817e1,general_marcher,converged,1.948697913798e-8,4912,3.592715895405e2,1.0e-6
s_l_0_4,theory,0.8350000,3.508189673215,2,0.4,0.720000000000,0.964000000000,1.392169336999e1,2.346815209409e-3,9.645191872169e-1,7.216908463044e0,general_marcher,converged,8.764245404634e-7,57088,7.235969664909e1,general_marcher,converged,1.903285872478e-8,4912,3.634942795245e2,1.0e-6
s_l_0_4,theory,0.8400000,3.529196797006,2,0.4,0.720000000000,0.964000000000,1.395923382312e1,2.325213259705e-3,9.643415041970e-1,7.237702495626e0,general_marcher,converged,1.119972543321e-7,109952,6.884353730290e1,general_marcher,converged,1.858404655853e-8,4912,3.677420210384e2,1.0e-6
s_l_0_4,theory,0.8450000,3.550203920798,2,0.4,0.720000000000,0.964000000000,1.399680453326e1,2.303961729507e-3,9.641870169224e-1,7.258345262696e0,general_marcher,converged,6.859608051133e-7,25888,7.409022382310e1,general_marcher,converged,1.814597863408e-8,4912,3.720148176965e2,1.0e-6
s_l_0_4,theory,0.8500000,3.571211044590,2,0.4,0.720000000000,0.964000000000,1.403433463788e1,2.283041244686e-3,9.640508831476e-1,7.278835009237e0,general_marcher,converged,1.551428000113e-7,861056,6.593794879214e1,general_marcher,converged,1.772339241867e-8,4912,3.763126731596e2,1.0e-6
s_l_0_4,theory,0.8550000,3.592218168381,2,0.4,0.720000000000,0.964000000000,1.407188870859e1,2.262454965928e-3,9.639376028031e-1,7.299169919126e0,general_marcher,converged,7.962183479137e-7,24560,7.598740017565e1,general_marcher,converged,1.732026048794e-8,4912,3.806355911368e2,1.0e-6
s_l_0_4,theory,0.8600000,3.613225292173,2,0.4,0.720000000000,0.964000000000,1.410937019442e1,2.242180168376e-3,9.638406279741e-1,7.319348129202e0,general_marcher,converged,1.047074080024e-7,112944,7.216196464872e1,general_marcher,converged,1.693975118813e-8,4912,3.849835753903e2,1.0e-6
s_l_0_4,theory,0.8650000,3.634232415965,2,0.4,0.720000000000,0.964000000000,1.414680658960e1,2.222214526319e-3,9.637619400520e-1,7.339367743051e0,general_marcher,converged,1.764611217516e-7,23136,7.307948675927e1,general_marcher,converged,1.762012995687e-8,4928,3.916505207331e2,1.0e-6
s_l_0_4,theory,0.8700000,3.655239539757,2,0.4,0.720000000000,0.964000000000,1.418418234231e1,2.202549012933e-3,9.637005797758e-1,7.359226838697e0,general_marcher,converged,8.884862275955e-7,123440,7.872221649020e1,general_marcher,converged,1.750051478064e-8,4928,3.960752286502e2,1.0e-6
s_l_0_4,theory,0.8750000,3.676246663548,2,0.4,0.720000000000,0.964000000000,1.422145427388e1,2.183170650664e-3,9.636537296232e-1,7.378923485018e0,general_marcher,converged,7.668682678856e-7,120624,7.475097926334e1,general_marcher,converged,1.736071465188e-8,4928,4.005251676259e2,1.0e-6
s_l_0_4,theory,0.8800000,3.697253787340,2,0.4,0.720000000000,0.964000000000,1.425864567132e1,2.164077021594e-3,9.636230963702e-1,7.398455747392e0,general_marcher,converged,2.104760925142e-7,26864,8.027562029721e1,general_marcher,converged,1.720056347086e-8,4928,4.050003416679e2,1.0e-6
s_l_0_4,theory,0.8850000,3.718260911132,2,0.4,0.720000000000,0.964000000000,1.429571453755e1,2.145255910078e-3,9.636059695797e-1,7.417821697279e0,general_marcher,converged,9.167741444673e-8,27232,8.140903370879e1,general_marcher,converged,1.658021235554e-8,4848,4.095007548550e2,1.0e-6
s_l_0_4,theory,0.8900000,3.739268034923,2,0.4,0.720000000000,0.964000000000,1.433264766191e1,2.126699811478e-3,9.636016025046e-1,7.437019419984e0,general_marcher,converged,8.324315777856e-7,25440,7.738295602844e1,general_marcher,converged,1.637971810949e-8,4848,4.140264113415e2,1.0e-6
s_l_0_4,theory,0.8950000,3.760275158715,2,0.4,0.720000000000,0.964000000000,1.436943776589e1,2.108402323972e-3,9.636096537709e-1,7.456047015332e0,general_marcher,converged,9.940837945281e-7,55824,7.312521900784e1,general_marcher,converged,1.844280617466e-8,4704,3.964893637977e2,1.0e-6
s_l_0_4,theory,0.9000000,3.781282282507,2,0.4,0.720000000000,0.964000000000,1.440610012710e1,2.090360504270e-3,9.636312900440e-1,7.474902629220e0,general_marcher,converged,7.479110446156e-7,25968,7.897959988200e1,general_marcher,converged,1.812739624741e-8,4704,4.008181860246e2,1.0e-6
s_l_0_4,theory,0.9050000,3.802289406299,2,0.4,0.720000000000,0.964000000000,1.444257334374e1,2.072560440316e-3,9.636625499915e-1,7.493584421156e0,general_marcher,converged,9.413515627831e-7,240160,7.477720938672e1,general_marcher,converged,1.784010214835e-8,4704,4.051708870093e2,1.0e-6
s_l_0_4,theory,0.9100000,3.823296530090,2,0.4,0.720000000000,0.964000000000,1.447889418346e1,2.055002670557e-3,9.637060416810e-1,7.512090594663e0,general_marcher,converged,7.692236175865e-7,60576,8.066922547428e1,general_marcher,converged,1.773143823868e-8,4720,4.095474712507e2,1.0e-6
s_l_0_4,theory,0.9150000,3.844303653882,2,0.4,0.720000000000,0.964000000000,1.451501499318e1,2.037675772010e-3,9.637587384718e-1,7.530419395313e0,general_marcher,converged,9.453707624203e-7,24704,8.174922863245e1,general_marcher,converged,1.749572595697e-8,4720,4.139479433486e2,1.0e-6
s_l_0_4,theory,0.9200000,3.865310777674,2,0.4,0.720000000000,0.964000000000,1.455093682426e1,2.020575494329e-3,9.638208648096e-1,7.548569114624e0,general_marcher,converged,8.686380266693e-7,24928,8.255876042029e1,general_marcher,converged,1.728501162370e-8,4720,4.183723080094e2,1.0e-6
s_l_0_4,theory,0.9250000,3.886317901465,2,0.4,0.720000000000,0.964000000000,1.458664908976e1,2.003696090822e-3,9.638918690148e-1,7.566538093462e0,general_marcher,converged,9.627896354678e-7,25152,8.337021600033e1,general_marcher,converged,1.709758756693e-8,4720,4.228205700515e2,1.0e-6
s_l_0_4,theory,0.9300000,3.907325025257,2,0.4,0.720000000000,0.964000000000,1.462213013511e1,1.987030478696e-3,9.639704697029e-1,7.584324725020e0,general_marcher,converged,1.705542977525e-7,114880,7.882641282338e1,general_marcher,converged,1.693152336616e-8,4720,4.272927344130e2,1.0e-6
s_l_0_4,theory,0.9350000,3.928332149049,2,0.4,0.720000000000,0.964000000000,1.465739316064e1,1.970576487538e-3,9.640576842394e-1,7.601927457382e0,general_marcher,converged,1.387034169124e-7,23584,7.983945767083e1,general_marcher,converged,1.678473920359e-8,4720,4.317888061563e2,1.0e-6
s_l_0_4,theory,0.9400000,3.949339272840,2,0.4,0.720000000000,0.964000000000,1.469241715592e1,1.954327415879e-3,9.641522696389e-1,7.619344795725e0,general_marcher,converged,1.490613240500e-7,117456,8.073602361219e1,general_marcher,converged,1.665505684738e-8,4720,4.363087904768e2,1.0e-6
s_l_0_4,theory,0.9450000,3.970346396632,2,0.4,0.720000000000,0.964000000000,1.472719306582e1,1.938278347536e-3,9.642537707816e-1,7.636575304175e0,general_marcher,converged,1.332401079024e-7,24032,8.146867903789e1,general_marcher,converged,1.654025440721e-8,4720,4.408526927081e2,1.0e-6
s_l_0_4,theory,0.9500000,3.991353520424,2,0.4,0.720000000000,0.964000000000,1.476171222583e1,1.922424555527e-3,9.643617556508e-1,7.653617607359e0,general_marcher,converged,1.147397312034e-7,119776,8.230636925691e1,general_marcher,converged,1.643810065969e-8,4720,4.454205183305e2,1.0e-6
s_l_0_5,theory,0.2000000,0.840284951668,2,0.5,0.900000000000,0.964000000000,2.934913690404e-1,8.623729465756e-4,9.714549027927e-1,1.510576395243e-1,general_marcher,converged,6.018312242460e-7,131536,2.301793037277e1,general_marcher,converged,6.896594554043e-8,15344,7.735932152118e1,1.0e-6
s_l_0_5,theory,0.2050000,0.861292075460,2,0.5,0.900000000000,0.964000000000,3.516831669263e-1,9.835663011686e-4,9.975091648002e-1,1.762806695599e-1,general_marcher,converged,6.631466542364e-7,60144,2.445236200151e1,general_marcher,converged,6.727030614035e-8,14896,7.881961061158e1,1.0e-6
s_l_0_5,theory,0.2100000,0.882299199252,2,0.5,0.900000000000,0.964000000000,3.225631943254e-1,8.596783760962e-4,1.036981926194e0,1.555298053792e-1,general_marcher,converged,6.927212061959e-7,59088,2.482855683426e1,general_marcher,converged,6.578300973287e-8,15120,8.385259287470e1,1.0e-6
s_l_0_5,theory,0.2150000,0.903306323043,2,0.5,0.900000000000,0.964000000000,2.721984884123e-1,6.920995555948e-4,1.072404095209e0,1.269104107437e-1,general_marcher,converged,6.581105578457e-7,58672,2.543345143402e1,general_marcher,converged,6.285195648290e-8,15696,9.169269713940e1,1.0e-6
s_l_0_5,theory,0.2200000,0.924313446835,2,0.5,0.900000000000,0.964000000000,2.824727173841e-1,6.859475784830e-4,1.049343531279e0,1.345949676936e-1,general_marcher,converged,7.072180354068e-7,61728,2.663841880179e1,general_marcher,converged,7.020069026805e-8,15328,9.319444046141e1,1.0e-6
s_l_0_5,theory,0.2250000,0.945320570627,2,0.5,0.900000000000,0.964000000000,3.740644311067e-1,8.684426801858e-4,9.937775131541e-1,1.882033081628e-1,general_marcher,converged,5.755385107909e-7,59760,2.690599073778e1,general_marcher,converged,6.044945495898e-8,14208,9.027873791576e1,1.0e-6
s_l_0_5,theory,0.2300000,0.966327694418,2,0.5,0.900000000000,0.964000000000,5.034057671762e-1,1.118464735729e-3,9.604965829840e-1,2.620549495409e-1,general_marcher,converged,8.041534896338e-7,52832,2.544996347443e1,general_marcher,converged,5.382549229909e-8,13312,8.829998261078e1,1.0e-6
s_l_0_5,theory,0.2350000,0.987334818210,2,0.5,0.900000000000,0.964000000000,6.075747171371e-1,1.293075103213e-3,9.493957979739e-1,3.199796746698e-1,general_marcher,converged,5.656292544674e-7,54976,2.692915027504e1,general_marcher,converged,5.662179086155e-8,12720,8.743769576851e1,1.0e-6
s_l_0_5,theory,0.2400000,1.008341942002,2,0.5,0.900000000000,0.964000000000,6.480688665283e-1,1.322386649164e-3,9.545390385893e-1,3.394669260914e-1,general_marcher,converged,3.276672340568e-7,52128,2.699471146757e1,general_marcher,converged,5.638245461489e-8,12352,8.787348727304e1,1.0e-6
s_l_0_5,theory,0.2450000,1.029349065794,2,0.5,0.900000000000,0.964000000000,6.271057107346e-1,1.227915179201e-3,9.769040314106e-1,3.209658730905e-1,general_marcher,converged,5.535360901625e-7,54160,2.775150747565e1,general_marcher,converged,5.123806728606e-8,12640,9.484660509208e1,1.0e-6
s_l_0_5,theory,0.2500000,1.050356189585,2,0.5,0.900000000000,0.964000000000,5.778852068090e-1,1.086729210923e-3,1.021266190945e0,2.829258482915e-1,general_marcher,converged,5.032024260884e-7,51504,2.771954122236e1,general_marcher,converged,4.875508265006e-8,12864,1.004189490966e2,1.0e-6
s_l_0_5,theory,0.2550000,1.071363313377,2,0.5,0.900000000000,0.964000000000,5.433692375726e-1,9.821424167395e-4,1.085575966271e0,2.502677170715e-1,general_marcher,converged,9.548402417298e-7,53472,2.841523540508e1,general_marcher,converged,5.725483817172e-8,12960,1.045809066457e2,1.0e-6
s_l_0_5,theory,0.2600000,1.092370437169,2,0.5,0.900000000000,0.964000000000,5.572436360256e-1,9.688537007383e-4,1.143396175956e0,2.436791585207e-1,general_marcher,converged,3.654842267366e-7,116496,2.827062611040e1,general_marcher,converged,5.307752670943e-8,12960,1.086256720960e2,1.0e-6
s_l_0_5,theory,0.2650000,1.113377560960,2,0.5,0.900000000000,0.964000000000,6.338781504547e-1,1.060898450907e-3,1.158511167381e0,2.735744670842e-1,general_marcher,converged,8.277423001882e-7,49472,2.849706114399e1,general_marcher,converged,5.396065856083e-8,12528,1.088098854608e2,1.0e-6
s_l_0_5,theory,0.2700000,1.134384684752,2,0.5,0.900000000000,0.964000000000,7.676453898469e-1,1.237635901199e-3,1.131811326122e0,3.391225074931e-1,general_marcher,converged,3.311743459628e-7,47760,2.911847684564e1,general_marcher,converged,5.130743659985e-8,12080,1.087732972406e2,1.0e-6
s_l_0_5,theory,0.2750000,1.155391808544,2,0.5,0.900000000000,0.964000000000,9.384677904453e-1,1.458524621964e-3,1.089192858818e0,4.308088245566e-1,general_marcher,converged,4.956692979270e-7,47456,2.925203965728e1,general_marcher,converged,4.746887708462e-8,11408,1.063887427326e2,1.0e-6
s_l_0_5,theory,0.2800000,1.176398932335,2,0.5,0.900000000000,0.964000000000,1.119740795309e0,1.678654115196e-3,1.047422384199e0,5.345220859325e-1,general_marcher,converged,5.544533415657e-7,44608,2.884096678767e1,general_marcher,converged,4.670063072090e-8,10832,1.038575798693e2,1.0e-6
s_l_0_5,theory,0.2850000,1.197406056127,2,0.5,0.900000000000,0.964000000000,1.285663796396e0,1.860362067108e-3,1.011454860525e0,6.355517416412e-1,general_marcher,converged,9.688908083377e-7,40384,2.733834254770e1,general_marcher,converged,4.450869883935e-8,10384,1.029570202110e2,1.0e-6
s_l_0_5,theory,0.2900000,1.218413179919,2,0.5,0.900000000000,0.964000000000,1.416387306392e0,1.979455811765e-3,9.814559775690e-1,7.215745477959e-1,general_marcher,converged,8.231008774572e-7,41248,2.832185794259e1,general_marcher,converged,3.866796453626e-8,10304,1.065030717667e2,1.0e-6
s_l_0_5,theory,0.2950000,1.239420303711,2,0.5,0.900000000000,0.964000000000,1.500563523754e0,2.026609781130e-3,9.565861672276e-1,7.843326483087e-1,general_marcher,converged,5.634862319794e-7,40064,2.874133826962e1,general_marcher,converged,4.368372493412e-8,9936,1.052399408899e2,1.0e-6
s_l_0_5,theory,0.3000000,1.260427427502,2,0.5,0.900000000000,0.964000000000,1.535666827387e0,2.005461248935e-3,9.362434899096e-1,8.201214982735e-1,general_marcher,converged,4.790955620135e-7,39360,2.915783450768e1,general_marcher,converged,4.219563132452e-8,9712,1.062243340140e2,1.0e-6
s_l_0_5,theory,0.3050000,1.281434551294,2,0.5,0.900000000000,0.964000000000,1.526760136714e0,1.928994167448e-3,9.203931220370e-1,8.294065330121e-1,general_marcher,converged,3.091845097355e-7,40128,3.015771007676e1,general_marcher,converged,3.979005805949e-8,9712,1.096999396831e2,1.0e-6
s_l_0_5,theory,0.3100000,1.302441675086,2,0.5,0.900000000000,0.964000000000,1.484437595020e0,1.815508715895e-3,9.096606026818e-1,8.159293645583e-1,general_marcher,converged,5.655831380896e-7,44000,3.176058440691e1,general_marcher,converged,4.111159889349e-8,9712,1.132324839891e2,1.0e-6
s_l_0_5,theory,0.3150000,1.323448798877,2,0.5,0.900000000000,0.964000000000,1.422538040184e0,1.685010308863e-3,9.053664542045e-1,7.856145064676e-1,general_marcher,converged,7.348806421222e-7,41056,3.091022527285e1,general_marcher,converged,3.581240681950e-8,9856,1.195974123208e2,1.0e-6
s_l_0_5,theory,0.3200000,1.344455922669,2,0.5,0.900000000000,0.964000000000,1.356043185931e0,1.556443446487e-3,9.094849230605e-1,7.455006408287e-1,general_marcher,converged,5.328301917849e-7,43296,3.315139517248e1,general_marcher,converged,3.634543729653e-8,9872,1.233326222131e2,1.0e-6
s_l_0_5,theory,0.3250000,1.365463046461,2,0.5,0.900000000000,0.964000000000,1.299371880035e0,1.445860932024e-3,9.243840356451e-1,7.028311989011e-1,general_marcher,converged,6.389393580059e-7,42960,3.289899787621e1,general_marcher,converged,3.902113221406e-8,9872,1.271202680584e2,1.0e-6
s_l_0_5,theory,0.3300000,1.386470170253,2,0.5,0.900000000000,0.964000000000,1.265179718854e0,1.365476161978e-3,9.521717905452e-1,6.643652602486e-1,general_marcher,converged,4.880382434672e-7,94720,3.254563863682e1,general_marcher,converged,4.266564747512e-8,9872,1.309619637079e2,1.0e-6
s_l_0_5,theory,0.3350000,1.407477294044,2,0.5,0.900000000000,0.964000000000,1.263627257996e0,1.323393973486e-3,9.935466284415e-1,6.359174405224e-1,general_marcher,converged,7.023913425984e-7,98496,3.425487319058e1,general_marcher,converged,3.570674207914e-8,10096,1.380015456551e2,1.0e-6
s_l_0_5,theory,0.3400000,1.428484417836,2,0.5,0.900000000000,0.964000000000,1.302058059739e0,1.323830239401e-3,1.046496471854e0,6.221034159015e-1,general_marcher,converged,6.789358804832e-7,43248,3.454676753716e1,general_marcher,converged,3.659631856025e-8,10096,1.420538988591e2,1.0e-6
s_l_0_5,theory,0.3450000,1.449491541628,2,0.5,0.900000000000,0.964000000000,1.385000035660e0,1.367638681136e-3,1.105784962884e0,6.262519758126e-1,general_marcher,converged,3.385508574193e-7,47456,3.706232259357e1,general_marcher,converged,4.080901923474e-8,9872,1.428358164772e2,1.0e-6
s_l_0_5,theory,0.3500000,1.470498665419,2,0.5,0.900000000000,0.964000000000,1.514377286756e0,1.452973788232e-3,1.164117435685e0,6.504400846230e-1,general_marcher,converged,3.578079484122e-7,42704,3.585886161820e1,general_marcher,converged,4.100312508360e-8,9744,1.438643719244e2,1.0e-6
s_l_0_5,theory,0.3550000,1.491505789211,2,0.5,0.900000000000,0.964000000000,1.689870238603e0,1.576000795444e-3,1.214667755038e0,6.956100676891e-1,general_marcher,converged,5.195525858550e-7,41472,3.609585184973e1,general_marcher,converged,3.515784470147e-8,9664,1.479090804288e2,1.0e-6
s_l_0_5,theory,0.3600000,1.512512913003,2,0.5,0.900000000000,0.964000000000,1.909330064203e0,1.731553005590e-3,1.253278244661e0,7.617343045479e-1,general_marcher,converged,4.818529495180e-7,41952,3.709903367514e1,general_marcher,converged,3.886019944935e-8,9296,1.447636474528e2,1.0e-6
s_l_0_5,theory,0.3650000,1.533520036794,2,0.5,0.900000000000,0.964000000000,2.169212815147e0,1.913710385024e-3,1.279016372562e0,8.480004094090e-1,general_marcher,converged,7.063095565119e-7,36528,3.394330126402e1,general_marcher,converged,3.320933913763e-8,9216,1.487194594411e2,1.0e-6
s_l_0_5,theory,0.3700000,1.554527160586,2,0.5,0.900000000000,0.964000000000,2.465002100663e0,2.116282431700e-3,1.293289141486e0,9.529972925585e-1,general_marcher,converged,3.407994109366e-7,41024,3.745458398398e1,general_marcher,converged,3.630004307672e-8,8848,1.450786263046e2,1.0e-6
s_l_0_5,theory,0.3750000,1.575534284378,2,0.5,0.900000000000,0.964000000000,2.791560893387e0,2.333159082015e-3,1.298534382806e0,1.074889094332e0,general_marcher,converged,5.421332923146e-7,37856,3.672897404342e1,general_marcher,converged,3.163137510903e-8,8768,1.489323382937e2,1.0e-6
s_l_0_5,theory,0.3800000,1.596541408170,2,0.5,0.900000000000,0.964000000000,3.143464560204e0,2.558592698935e-3,1.297269924493e0,1.211569196531e0,general_marcher,converged,1.620732286708e-7,38160,3.680039194940e1,general_marcher,converged,3.482878614655e-8,8400,1.447619924228e2,1.0e-6
s_l_0_5,theory,0.3850000,1.617548531961,2,0.5,0.900000000000,0.964000000000,3.515246397718e0,2.787366614019e-3,1.291619115360e0,1.360790637082e0,general_marcher,converged,3.276337057977e-7,36704,3.685552060876e1,general_marcher,converged,3.141222948367e-8,8320,1.484937577825e2,1.0e-6
s_l_0_5,theory,0.3900000,1.638555655753,2,0.5,0.900000000000,0.964000000000,3.901598280095e0,3.014901432761e-3,1.283190850697e0,1.520272014867e0,general_marcher,converged,4.117050522160e-7,33360,3.491556940468e1,general_marcher,converged,2.979288792309e-8,8176,1.480287697235e2,1.0e-6
s_l_0_5,theory,0.3950000,1.659562779545,2,0.5,0.900000000000,0.964000000000,4.297521014491e0,3.237304857096e-3,1.273128322330e0,1.687779990090e0,general_marcher,converged,5.989818488063e-7,31312,3.388976564035e1,general_marcher,converged,3.176059707234e-8,7952,1.473946786892e2,1.0e-6
s_l_0_5,theory,0.4000000,1.680569903336,2,0.5,0.900000000000,0.964000000000,4.698424397110e0,3.451374145044e-3,1.262209404018e0,1.861190537066e0,general_marcher,converged,4.489920955927e-7,35024,3.774390970831e1,general_marcher,converged,2.865833331241e-8,7728,1.465875319066e2,1.0e-6
s_l_0_5,theory,0.4050000,1.701577027128,2,0.5,0.900000000000,0.964000000000,5.100175484382e0,3.654557959746e-3,1.250943342299e0,2.038531767157e0,general_marcher,converged,4.139108099844e-7,32848,3.667297584012e1,general_marcher,converged,2.525021497896e-8,7728,1.501756367012e2,1.0e-6
s_l_0_5,theory,0.4100000,1.722584150920,2,0.5,0.900000000000,0.964000000000,5.499150355428e0,3.844923132042e-3,1.239657884916e0,2.218011284540e0,general_marcher,converged,8.432651946054e-7,28912,3.333739313276e1,general_marcher,converged,3.015405972772e-8,7360,1.444383791864e2,1.0e-6
s_l_0_5,theory,0.4150000,1.743591274711,2,0.5,0.900000000000,0.964000000000,5.892240782731e0,4.021092590409e-3,1.228558076247e0,2.398031031927e0,general_marcher,converged,3.584457560071e-7,30688,3.631680494428e1,general_marcher,converged,3.055049869768e-8,7152,1.436213926492e2,1.0e-6
s_l_0_5,theory,0.4200000,1.764598398503,2,0.5,0.900000000000,0.964000000000,6.276811278976e0,4.182156413302e-3,1.217761550558e0,2.577192257424e0,general_marcher,converged,6.235104133082e-7,27904,3.388488615308e1,general_marcher,converged,2.822874566197e-8,7168,1.470058506035e2,1.0e-6
s_l_0_5,theory,0.4250000,1.785605522295,2,0.5,0.900000000000,0.964000000000,6.650723201740e0,4.327636690544e-3,1.207337622879e0,2.754293031091e0,general_marcher,converged,6.688638620333e-7,33440,3.694297973667e1,general_marcher,converged,2.572974642273e-8,7088,1.504303823546e2,1.0e-6
s_l_0_5,theory,0.4300000,1.806612646087,2,0.5,0.900000000000,0.964000000000,7.012252997804e0,4.457388073503e-3,1.197316586792e0,2.928320326955e0,general_marcher,converged,3.307748071848e-7,30912,3.779271146747e1,general_marcher,converged,2.454280982426e-8,7088,1.538949880986e2,1.0e-6
s_l_0_5,theory,0.4350000,1.827619769878,2,0.5,0.900000000000,0.964000000000,7.360083438859e0,4.571555588372e-3,1.187708550859e0,3.098438347327e0,general_marcher,converged,4.093461493239e-7,27344,3.512265098425e1,general_marcher,converged,2.688273657912e-8,6944,1.521325940861e2,1.0e-6
s_l_0_5,theory,0.4400000,1.848626893670,2,0.5,0.900000000000,0.964000000000,7.693264021345e0,4.670518160960e-3,1.178511669882e0,3.263974476433e0,general_marcher,converged,8.776518097425e-7,29936,3.598130930745e1,general_marcher,converged,2.346885502490e-8,6864,1.555556163045e2,1.0e-6
s_l_0_5,theory,0.4450000,1.869634017462,2,0.5,0.900000000000,0.964000000000,8.011147577082e0,4.754824494063e-3,1.169714177459e0,3.424403897748e0,general_marcher,converged,3.010870804742e-7,30400,3.800865862743e1,general_marcher,converged,2.788657374260e-8,6720,1.535062274138e2,1.0e-6
s_l_0_5,theory,0.4500000,1.890641141253,2,0.5,0.900000000000,0.964000000000,8.313358222560e0,4.825154769984e-3,1.161299668194e0,3.579333762959e0,general_marcher,converged,2.484957083010e-7,28496,3.756530293904e1,general_marcher,converged,2.599275399748e-8,6640,1.568659397110e2,1.0e-6
s_l_0_5,theory,0.4550000,1.911648265045,2,0.5,0.900000000000,0.964000000000,8.599759303761e0,4.882286757937e-3,1.153250402874e0,3.728487448317e0,general_marcher,converged,9.748130703338e-7,28000,3.583339257948e1,general_marcher,converged,2.599131984529e-8,6496,1.545069486596e2,1.0e-6
s_l_0_5,theory,0.4600000,1.932655388837,2,0.5,0.900000000000,0.964000000000,8.870418673659e0,4.927064370604e-3,1.145548842319e0,3.871689423429e0,general_marcher,converged,1.057822832698e-7,27824,3.795986958434e1,general_marcher,converged,2.437475093216e-8,6496,1.578145942559e2,1.0e-6
s_l_0_5,theory,0.4650000,1.953662512629,2,0.5,0.900000000000,0.964000000000,9.125549056674e0,4.960356375684e-3,1.138175151921e0,4.008850940591e0,general_marcher,converged,6.801219586109e-7,28480,3.743961312932e1,general_marcher,converged,2.331788138375e-8,6496,1.611584091718e2,1.0e-6
s_l_0_5,theory,0.4700000,1.974669636420,2,0.5,0.900000000000,0.964000000000,9.365509972344e0,4.983052879157e-3,1.131112036776e0,4.139956815877e0,general_marcher,converged,4.065628730727e-7,25856,3.687522383477e1,general_marcher,converged,2.197462616059e-8,6416,1.645378878501e2,1.0e-6
s_l_0_5,theory,0.4750000,1.995676760212,2,0.5,0.900000000000,0.964000000000,9.590765607769e0,4.996039220552e-3,1.124342982562e0,4.265053349607e0,general_marcher,converged,4.560451739048e-7,26304,3.760687154298e1,general_marcher,converged,2.467234992680e-8,6288,1.623807340945e2,1.0e-6
s_l_0_5,theory,0.4800000,2.016683884004,2,0.5,0.900000000000,0.964000000000,9.801854205971e0,5.000178919434e-3,1.117851654526e0,4.384237464018e0,general_marcher,converged,8.517450767210e-7,26320,3.699747875275e1,general_marcher,converged,2.424395145605e-8,6288,1.657136673540e2,1.0e-6
s_l_0_5,theory,0.4850000,2.037691007795,2,0.5,0.900000000000,0.964000000000,9.999385792888e0,4.996312895650e-3,1.111624121724e0,4.497647000222e0,general_marcher,converged,6.986224863893e-7,26128,3.773506719519e1,general_marcher,converged,2.387146658442e-8,6288,1.690810292404e2,1.0e-6
s_l_0_5,theory,0.4900000,2.058698131587,2,0.5,0.900000000000,0.964000000000,1.018401015514e1,4.985244289984e-3,1.105647146284e0,4.605452195738e0,general_marcher,converged,1.983756005887e-7,29312,4.161402330703e1,general_marcher,converged,2.343070063356e-8,6288,1.724828191987e2,1.0e-6
s_l_0_5,theory,0.4950000,2.079705255379,2,0.5,0.900000000000,0.964000000000,1.035639123948e1,4.967728264968e-3,1.099907084729e0,4.707848227940e0,general_marcher,converged,1.869750694540e-7,27824,4.090679554536e1,general_marcher,converged,2.419264764300e-8,6064,1.691158753029e2,1.0e-6
s_l_0_5,theory,0.5000000,2.100712379170,2,0.5,0.900000000000,0.964000000000,1.051722365944e1,4.944482932708e-3,1.094393014605e0,4.805048789184e0,general_marcher,converged,7.099257695066e-7,25680,3.857084142041e1,general_marcher,converged,2.285575061931e-8,6064,1.724484554370e2,1.0e-6
s_l_0_5,theory,0.5050000,2.121719502962,2,0.5,0.900000000000,0.964000000000,1.066721206420e1,4.916182016319e-3,1.089095465143e0,4.897280544089e0,general_marcher,converged,4.744998002710e-7,25488,3.932283537446e1,general_marcher,converged,2.184617375563e-8,6064,1.758140743430e2,1.0e-6
s_l_0_5,theory,0.5100000,2.142726626754,2,0.5,0.900000000000,0.964000000000,1.080704742751e1,4.883447085488e-3,1.084004786595e0,4.984778462765e0,general_marcher,converged,3.538601090514e-7,28672,4.334480266462e1,general_marcher,converged,2.114074632371e-8,6064,1.792127311652e2,1.0e-6
s_l_0_5,theory,0.5150000,2.163733750546,2,0.5,0.900000000000,0.964000000000,1.093739651526e1,4.846846657888e-3,1.079110820041e0,5.067781877509e0,general_marcher,converged,1.391164883937e-7,27824,4.259139405022e1,general_marcher,converged,2.439322935715e-8,5936,1.761034684866e2,1.0e-6
s_l_0_5,theory,0.5200000,2.184740874337,2,0.5,0.900000000000,0.964000000000,1.105893263332e1,4.806913491387e-3,1.074406444477e0,5.146531226693e0,general_marcher,converged,2.089767432021e-7,28272,4.335810857701e1,general_marcher,converged,2.382329220086e-8,5936,1.794406366478e2,1.0e-6
s_l_0_5,theory,0.5250000,2.205747998129,2,0.5,0.900000000000,0.964000000000,1.117229231332e1,4.764128472014e-3,1.069883598963e0,5.221265343326e0,general_marcher,converged,4.122651154316e-7,27424,4.254957105377e1,general_marcher,converged,2.346316824962e-8,5936,1.828096076074e2,1.0e-6
s_l_0_5,theory,0.5300000,2.226755121921,2,0.5,0.900000000000,0.964000000000,1.127809824767e1,4.718934132513e-3,1.065535801091e0,5.292219292925e0,general_marcher,converged,9.874324602139e-8,27168,4.332150211392e1,general_marcher,converged,2.245556152872e-8,5856,1.862103802234e2,1.0e-6
s_l_0_5,theory,0.5350000,2.247762245712,2,0.5,0.900000000000,0.964000000000,1.137693441712e1,4.671727166543e-3,1.061355919484e0,5.359622633779e0,general_marcher,converged,1.193071180263e-7,126144,4.236132305486e1,general_marcher,converged,2.231706993542e-8,5856,1.896429532861e2,1.0e-6
s_l_0_5,theory,0.5400000,2.268769369504,2,0.5,0.900000000000,0.964000000000,1.146937212935e1,4.622872389792e-3,1.057338738134e0,5.423698061795e0,general_marcher,converged,7.195000787436e-7,63760,4.495173474499e1,general_marcher,converged,2.233582228070e-8,5872,1.931073255203e2,1.0e-6
s_l_0_5,theory,0.5450000,2.289776493296,2,0.5,0.900000000000,0.964000000000,1.155592629190e1,4.572687680503e-3,1.053476923793e0,5.484660380735e0,general_marcher,converged,5.355466135128e-7,25056,4.211112332151e1,general_marcher,converged,2.214431090681e-8,5872,1.966017704880e2,1.0e-6
s_l_0_5,theory,0.5500000,2.310783617088,2,0.5,0.900000000000,0.964000000000,1.163711625995e1,4.521471265877e-3,1.049766647584e0,5.542715748651e0,general_marcher,converged,5.315796551988e-7,25504,4.289506473278e1,general_marcher,converged,2.191752261076e-8,5872,2.001097252739e2,1.0e-6
s_l_0_5,theory,0.5550000,2.331790740879,2,0.5,0.900000000000,0.964000000000,1.171340178448e1,4.469478528194e-3,1.046201663948e0,5.598061152130e0,general_marcher,converged,5.924781849016e-7,23792,4.169295763455e1,general_marcher,converged,2.361052810724e-8,5728,1.951103542773e2,1.0e-6
s_l_0_5,theory,0.5600000,2.352797864671,2,0.5,0.900000000000,0.964000000000,1.178523434555e1,4.416944576723e-3,1.042777919945e0,5.650884104917e0,general_marcher,converged,8.899083095594e-7,24960,4.248425940703e1,general_marcher,converged,1.794745034505e-8,5808,2.081866680371e2,1.0e-6
s_l_0_5,theory,0.5650000,2.373804988463,2,0.5,0.900000000000,0.964000000000,1.185302644894e1,4.364074329410e-3,1.039490699714e0,5.701362432680e0,general_marcher,converged,4.902967068044e-7,26848,4.526908911954e1,general_marcher,converged,1.772227922653e-8,5808,2.118066124759e2,1.0e-6
s_l_0_5,theory,0.5700000,2.394812112254,2,0.5,0.900000000000,0.964000000000,1.191715333519e1,4.311045406046e-3,1.036334709403e0,5.749664286577e0,general_marcher,converged,4.639457047709e-7,27296,4.606780917329e1,general_marcher,converged,2.313563462855e-8,5664,2.064510299915e2,1.0e-6
s_l_0_5,theory,0.5750000,2.415819236046,2,0.5,0.900000000000,0.964000000000,1.197797670821e1,4.258018617042e-3,1.033306050721e0,5.795948209075e0,general_marcher,converged,1.399850981512e-7,26944,4.687020673382e1,general_marcher,converged,2.233185854524e-8,5664,2.099757747600e2,1.0e-6
s_l_0_5,theory,0.5800000,2.436826359838,2,0.5,0.900000000000,0.964000000000,1.203582736443e1,4.205133073137e-3,1.030400575964e0,5.840363274819e0,general_marcher,converged,1.149574023454e-7,27392,4.767627417579e1,general_marcher,converged,2.145444650186e-8,5664,2.135308491101e2,1.0e-6
s_l_0_5,theory,0.5850000,2.457833483629,2,0.5,0.900000000000,0.964000000000,1.209100676032e1,4.152508335559e-3,1.027613918474e0,5.883049335434e0,general_marcher,converged,1.949602319503e-7,25456,4.629006711551e1,general_marcher,converged,2.055437629375e-8,5664,2.171162542952e2,1.0e-6
s_l_0_5,theory,0.5900000,2.478840607421,2,0.5,0.900000000000,0.964000000000,1.214380532812e1,4.100252050064e-3,1.024942934446e0,5.924137295842e0,general_marcher,converged,1.469164477551e-7,25904,4.710259677632e1,general_marcher,converged,1.967985765196e-8,5664,2.207319915394e2,1.0e-6
s_l_0_5,theory,0.5950000,2.499847731213,2,0.5,0.900000000000,0.964000000000,1.219447799947e1,4.048452649262e-3,1.022383496726e0,5.963749433809e0,general_marcher,converged,5.485967474228e-7,25552,4.791864636621e1,general_marcher,converged,1.887159095364e-8,5664,2.243780620378e2,1.0e-6
s_l_0_5,theory,0.6000000,2.520854855005,2,0.5,0.900000000000,0.964000000000,1.224326270772e1,3.997186838152e-3,1.019931957894e0,6.001999747608e0,general_marcher,converged,5.072890789167e-7,62560,4.871039762397e1,general_marcher,converged,1.815982743958e-8,5664,2.280544669559e2,1.0e-6
s_l_0_5,theory,0.6050000,2.541861978796,2,0.5,0.900000000000,0.964000000000,1.229037231650e1,3.946517846780e-3,1.017584357580e0,6.038994322657e0,general_marcher,converged,5.468208247879e-7,25584,4.726137941094e1,general_marcher,converged,1.756310861927e-8,5664,2.317612074296e2,1.0e-6
s_l_0_5,theory,0.6100000,2.562869102588,2,0.5,0.900000000000,0.964000000000,1.233602091001e1,3.896504731276e-3,1.015338490004e0,6.074831709550e0,general_marcher,converged,1.070473442889e-7,27616,5.038788449767e1,general_marcher,converged,1.708842906497e-8,5664,2.354982845661e2,1.0e-6
s_l_0_5,theory,0.6150000,2.583876226380,2,0.5,0.900000000000,0.964000000000,1.238037488230e1,3.847187429304e-3,1.013189748959e0,6.109603307292e0,general_marcher,converged,4.114755109165e-7,28864,5.121798100650e1,general_marcher,converged,1.686448864713e-8,5584,2.392656994437e2,1.0e-6
s_l_0_5,theory,0.6200000,2.604883350171,2,0.5,0.900000000000,0.964000000000,1.242360423761e1,3.798603904245e-3,1.011135274594e0,6.143393742539e0,general_marcher,converged,4.773810071910e-7,27632,5.205157860961e1,general_marcher,converged,1.917355721436e-8,5456,2.335994725479e2,1.0e-6
s_l_0_5,theory,0.6250000,2.625890473963,2,0.5,0.900000000000,0.964000000000,1.246585394678e1,3.750781633018e-3,1.009171490943e0,6.176281265700e0,general_marcher,converged,6.172980566941e-7,60768,5.036855577439e1,general_marcher,converged,1.880013431409e-8,5456,2.372743895036e2,1.0e-6
s_l_0_5,theory,0.6300000,2.646897597755,2,0.5,0.900000000000,0.964000000000,1.250726892638e1,3.703745784179e-3,1.007296053172e0,6.208338098315e0,general_marcher,converged,4.559697270325e-7,27600,5.121489394530e1,general_marcher,converged,1.853677673265e-8,5456,2.409784173367e2,1.0e-6
s_l_0_5,theory,0.6350000,2.667904721546,2,0.5,0.900000000000,0.964000000000,1.254796662097e1,3.657511373138e-3,1.005505533742e0,6.239630812511e0,general_marcher,converged,9.327786501544e-8,27168,5.205824158858e1,general_marcher,converged,1.836504466268e-8,5456,2.447115570176e2,1.0e-6
s_l_0_5,theory,0.6400000,2.688911845338,2,0.5,0.900000000000,0.964000000000,1.258804390327e1,3.612086001503e-3,1.003795922789e0,6.270220678074e0,general_marcher,converged,1.668618325190e-7,54608,4.771797161529e1,general_marcher,converged,1.826315319657e-8,5456,2.484738094926e2,1.0e-6
s_l_0_5,theory,0.6450000,2.709918969130,2,0.5,0.900000000000,0.964000000000,1.262763317280e1,3.567486260193e-3,1.002167020670e0,6.300164000783e0,general_marcher,converged,1.490823535006e-7,25456,5.111759150466e1,general_marcher,converged,1.820804217764e-8,5456,2.522651756863e2,1.0e-6
s_l_0_5,theory,0.6500000,2.730926092922,2,0.5,0.900000000000,0.964000000000,1.266679466296e1,3.523707073115e-3,1.000613773123e0,6.329512446859e0,general_marcher,converged,5.326415944401e-7,131936,5.185038323250e1,general_marcher,converged,1.817714841961e-8,5456,2.560856565030e2,1.0e-6
s_l_0_5,theory,0.6550000,2.751933216713,2,0.5,0.900000000000,0.964000000000,1.270561440036e1,3.480750161790e-3,9.991340230681e-1,6.358313352870e0,general_marcher,converged,1.173008854821e-7,26144,5.262889661001e1,general_marcher,converged,1.814980933474e-8,5456,2.599352528278e2,1.0e-6
s_l_0_5,theory,0.6600000,2.772940340505,2,0.5,0.900000000000,0.964000000000,1.274415519756e1,3.438610315099e-3,9.977245484034e-1,6.386610020749e0,general_marcher,converged,1.339459570176e-7,23984,5.071127076825e1,general_marcher,converged,1.810828532392e-8,5456,2.638139655300e2,1.0e-6
s_l_0_5,theory,0.6650000,2.793947464297,2,0.5,0.900000000000,0.964000000000,1.278249956260e1,3.397287310969e-3,9.963843750560e-1,6.414441997787e0,general_marcher,converged,2.115893509205e-7,26960,5.435347370266e1,general_marcher,converged,1.803839860024e-8,5456,2.677217954643e2,1.0e-6
s_l_0_5,theory,0.6700000,2.814954588088,2,0.5,0.900000000000,0.964000000000,1.282068599784e1,3.356768872729e-3,9.951097339564e-1,6.441845336427e0,general_marcher,converged,5.244178071021e-7,29136,5.786326506997e1,general_marcher,converged,2.119190492198e-8,5312,2.592375630430e2,1.0e-6
s_l_0_5,theory,0.6750000,2.835961711880,2,0.5,0.900000000000,0.964000000000,1.285875318173e1,3.317042956106e-3,9.938974845403e-1,6.468852865485e0,general_marcher,converged,7.138598733516e-7,63984,5.598390889116e1,general_marcher,converged,2.053534372971e-8,5312,2.630176468484e2,1.0e-6
s_l_0_5,theory,0.6800000,2.856968835672,2,0.5,0.900000000000,0.964000000000,1.289675783340e1,3.278102286297e-3,9.927464369978e-1,6.495494394519e0,general_marcher,converged,8.947864260116e-8,28080,5.673846369999e1,general_marcher,converged,1.993115985680e-8,5312,2.668254680551e2,1.0e-6
s_l_0_5,theory,0.6850000,2.877975959464,2,0.5,0.900000000000,0.964000000000,1.293471522625e1,3.239929123601e-3,9.916527080151e-1,6.521796956586e0,general_marcher,converged,8.256655880092e-7,23968,5.166445497005e1,general_marcher,converged,1.938742401398e-8,5312,2.706610274849e2,1.0e-6
s_l_0_5,theory,0.6900000,2.898983083255,2,0.5,0.900000000000,0.964000000000,1.297269394347e1,3.202519418561e-3,9.906169736210e-1,6.547785011219e0,general_marcher,converged,6.363317864583e-7,27024,5.548204002910e1,general_marcher,converged,1.890868668141e-8,5312,2.745243259594e2,1.0e-6
s_l_0_5,theory,0.6950000,2.919990207047,2,0.5,0.900000000000,0.964000000000,1.301067925274e1,3.165848604348e-3,9.896339523946e-1,6.573480639613e0,general_marcher,converged,1.849872542515e-7,23760,5.318970825193e1,general_marcher,converged,1.773530705851e-8,5232,2.784153643030e2,1.0e-6
s_l_0_5,theory,0.7000000,2.940997330839,2,0.5,0.900000000000,0.964000000000,1.304872544669e1,3.129909602067e-3,9.887040322078e-1,6.598903727314e0,general_marcher,converged,9.694856856065e-7,28736,5.701701660422e1,general_marcher,converged,1.740097507825e-8,5232,2.823301732470e2,1.0e-6
s_l_0_5,theory,0.7050000,2.962004454630,2,0.5,0.900000000000,0.964000000000,1.308681711684e1,3.094678804614e-3,9.878226603002e-1,6.624072135006e0,general_marcher,converged,9.648301949059e-7,249504,5.479962449056e1,general_marcher,converged,1.714905555314e-8,5232,2.862474697134e2,1.0e-6
s_l_0_5,theory,0.7100000,2.983011578422,2,0.5,0.900000000000,0.964000000000,1.312499227261e1,3.060145949271e-3,9.869896678780e-1,6.649001858765e0,general_marcher,converged,1.585661136997e-7,127984,5.557332382966e1,general_marcher,converged,1.863016735970e-8,5248,2.917412256827e2,1.0e-6
s_l_0_5,theory,0.7150000,3.004018702214,2,0.5,0.900000000000,0.964000000000,1.316325332205e1,3.026292744941e-3,9.862024949009e-1,6.673707169728e0,general_marcher,converged,7.461918086527e-7,25984,5.627441672375e1,general_marcher,converged,2.060592507444e-8,5104,2.816037879918e2,1.0e-6
s_l_0_5,theory,0.7200000,3.025025826005,2,0.5,0.900000000000,0.964000000000,1.320160792516e1,2.993102699999e-3,9.854592566740e-1,6.698200780879e0,general_marcher,converged,1.892238378015e-7,25472,5.717857812364e1,general_marcher,converged,2.053068394494e-8,5120,2.854271899314e2,1.0e-6
s_l_0_5,theory,0.7250000,3.046032949797,2,0.5,0.900000000000,0.964000000000,1.324006865045e1,2.960560939234e-3,9.847586902599e-1,6.722493937555e0,general_marcher,converged,6.013133713095e-7,29712,6.126439430026e1,general_marcher,converged,2.037669955901e-8,5120,2.892767939089e2,1.0e-6
s_l_0_5,theory,0.7300000,3.067040073589,2,0.5,0.900000000000,0.964000000000,1.327860563358e1,2.928643667667e-3,9.840966116832e-1,6.746596561726e0,general_marcher,converged,1.868360351606e-7,56368,5.531017671682e1,general_marcher,converged,2.028454197225e-8,5120,2.931526029801e2,1.0e-6
s_l_0_5,theory,0.7350000,3.088047197381,2,0.5,0.900000000000,0.964000000000,1.331727930810e1,2.897347666368e-3,9.834757526547e-1,6.770517357520e0,general_marcher,converged,6.533522957494e-7,28384,6.284120408619e1,general_marcher,converged,2.023605709769e-8,5120,2.970546202175e2,1.0e-6
s_l_0_5,theory,0.7400000,3.109054321172,2,0.5,0.900000000000,0.964000000000,1.335602907140e1,2.866643569339e-3,9.828900701490e-1,6.794263914671e0,general_marcher,converged,6.192908617249e-7,27776,6.032025657419e1,general_marcher,converged,2.021303458340e-8,5120,3.009828487103e2,1.0e-6
s_l_0_5,theory,0.7450000,3.130061444964,2,0.5,0.900000000000,0.964000000000,1.339487449449e1,2.836520223875e-3,9.823396401613e-1,6.817842804495e0,general_marcher,converged,8.598088217661e-7,25168,5.760910844567e1,general_marcher,converged,2.019824403796e-8,5120,3.049372915644e2,1.0e-6
s_l_0_5,theory,0.7500000,3.151068568756,2,0.5,0.900000000000,0.964000000000,1.343383247530e1,2.806966195890e-3,9.818244830304e-1,6.841259668853e0,general_marcher,converged,8.484631667891e-7,26448,6.190801646918e1,general_marcher,converged,2.017626629750e-8,5120,3.089179519016e2,1.0e-6
s_l_0_5,theory,0.7550000,3.172075692547,2,0.5,0.900000000000,0.964000000000,1.347284697046e1,2.777955309716e-3,9.813394337315e-1,6.864519302578e0,general_marcher,converged,1.879090059195e-7,53472,5.564403456519e1,general_marcher,converged,2.013405371501e-8,5120,3.129248328609e2,1.0e-6
s_l_0_5,theory,0.7600000,3.193082816339,2,0.5,0.900000000000,0.964000000000,1.351198625274e1,2.749487763602e-3,9.808885371297e-1,6.887625729770e0,general_marcher,converged,2.403374467475e-7,28080,6.350700011627e1,general_marcher,converged,1.931601468749e-8,5040,3.169579375979e2,1.0e-6
s_l_0_5,theory,0.7650000,3.214089940131,2,0.5,0.900000000000,0.964000000000,1.355116803874e1,2.721533230264e-3,9.804649956161e-1,6.910582274397e0,general_marcher,converged,9.708756017628e-8,25472,6.080184769186e1,general_marcher,converged,1.921579423171e-8,5040,3.210172692860e2,1.0e-6
s_l_0_5,theory,0.7700000,3.235097063923,2,0.5,0.900000000000,0.964000000000,1.359041165673e1,2.694082820718e-3,9.800695237404e-1,6.933391625554e0,general_marcher,converged,1.461339937948e-7,55472,5.786391274105e1,general_marcher,converged,1.907194749764e-8,5040,3.251028311157e2,1.0e-6
s_l_0_5,theory,0.7750000,3.256104187714,2,0.5,0.900000000000,0.964000000000,1.362973485678e1,2.667127538223e-3,9.797027983000e-1,6.956055897989e0,general_marcher,converged,7.804215388626e-7,27184,6.241429643051e1,general_marcher,converged,1.612616428031e-8,5056,3.310582546911e2,1.0e-6
s_l_0_5,theory,0.7800000,3.277111311506,2,0.5,0.900000000000,0.964000000000,1.366909141759e1,2.640646239111e-3,9.793609808093e-1,6.978576686959e0,general_marcher,converged,2.247235625939e-7,26368,6.309041411164e1,general_marcher,converged,1.585780374381e-8,5056,3.352201365592e2,1.0e-6
s_l_0_5,theory,0.7850000,3.298118435298,2,0.5,0.900000000000,0.964000000000,1.370847131262e1,2.614625516081e-3,9.790429359981e-1,7.000955120853e0,general_marcher,converged,1.479431185668e-7,57536,6.009030052776e1,general_marcher,converged,1.564122507449e-8,5056,3.394084115757e2,1.0e-6
s_l_0_5,theory,0.7900000,3.319125559089,2,0.5,0.900000000000,0.964000000000,1.374788699051e1,2.589056643302e-3,9.787492048542e-1,7.023191907758e0,general_marcher,converged,1.996992192709e-7,23984,6.085172783468e1,general_marcher,converged,1.547177304146e-8,5056,3.436230830117e2,1.0e-6
s_l_0_5,theory,0.7950000,3.340132682881,2,0.5,0.900000000000,0.964000000000,1.378732672381e1,2.563926618135e-3,9.784786610842e-1,7.045287379355e0,general_marcher,converged,9.205334351216e-7,26368,6.566966648477e1,general_marcher,converged,1.534354156215e-8,5056,3.478641541610e2,1.0e-6
s_l_0_5,theory,0.8000000,3.361139806673,2,0.5,0.900000000000,0.964000000000,1.382672946336e1,2.539213816536e-3,9.782267524341e-1,7.067241531147e0,general_marcher,converged,1.470230402405e-7,113712,5.843921202840e1,general_marcher,converged,1.524977713332e-8,5056,3.521316283419e2,1.0e-6
s_l_0_5,theory,0.8050000,3.382146930464,2,0.5,0.900000000000,0.964000000000,1.386616381324e1,2.514920997793e-3,9.779981713267e-1,7.089054059492e0,general_marcher,converged,9.772495913650e-7,25920,6.317142126609e1,general_marcher,converged,1.518326471983e-8,5056,3.564255088976e2,1.0e-6
s_l_0_5,theory,0.8100000,3.403154054256,2,0.5,0.900000000000,0.964000000000,1.390557908585e1,2.491029224813e-3,9.777892034704e-1,7.110724395657e0,general_marcher,converged,6.707286853569e-7,30608,7.217401819147e1,general_marcher,converged,1.513664502901e-8,5056,3.607457991988e2,1.0e-6
s_l_0_5,theory,0.8150000,3.424161178048,2,0.5,0.900000000000,0.964000000000,1.394492177239e1,2.467519798179e-3,9.775960164018e-1,7.132251737130e0,general_marcher,converged,8.973648993749e-7,26528,6.482544866777e1,general_marcher,converged,1.510274805285e-8,5056,3.650925026450e2,1.0e-6
s_l_0_5,theory,0.8200000,3.445168301840,2,0.5,0.900000000000,0.964000000000,1.398422197657e1,2.444389364088e-3,9.774206978196e-1,7.153635076363e0,general_marcher,converged,1.400022294781e-7,54032,6.138329688656e1,general_marcher,converged,1.507479095885e-8,5056,3.694656226668e2,1.0e-6
s_l_0_5,theory,0.8250000,3.466175425631,2,0.5,0.900000000000,0.964000000000,1.402349278428e1,2.421631623618e-3,9.772641508980e-1,7.174873227156e0,general_marcher,converged,1.866122429222e-7,129616,6.630938628842e1,general_marcher,converged,1.504661426586e-8,5056,3.738651627275e2,1.0e-6
s_l_0_5,theory,0.8300000,3.487182549423,2,0.5,0.900000000000,0.964000000000,1.406267797538e1,2.399228591176e-3,9.771224763723e-1,7.195964843418e0,general_marcher,converged,1.036996535076e-7,63856,6.717314455234e1,general_marcher,converged,1.948697913798e-8,4912,3.592715895405e2,1.0e-6
s_l_0_5,theory,0.8350000,3.508189673215,2,0.5,0.900000000000,0.964000000000,1.410179053701e1,2.377174646261e-3,9.769966329226e-1,7.216908463044e0,general_marcher,converged,8.371961625566e-7,28928,7.233796806638e1,general_marcher,converged,1.903285872478e-8,4912,3.634942795245e2,1.0e-6
s_l_0_5,theory,0.8400000,3.529196797006,2,0.5,0.900000000000,0.964000000000,1.414077372426e1,2.355452669020e-3,9.768827699682e-1,7.237702495626e0,general_marcher,converged,1.770633460790e-7,56528,6.435318131871e1,general_marcher,converged,1.858404655853e-8,4912,3.677420210384e2,1.0e-6
s_l_0_5,theory,0.8450000,3.550203920798,2,0.5,0.900000000000,0.964000000000,1.417968867708e1,2.334065605523e-3,9.767852150792e-1,7.258345262696e0,general_marcher,converged,1.684144032709e-7,2289248,6.973281078179e1,general_marcher,converged,1.814597863408e-8,4912,3.720148176965e2,1.0e-6
s_l_0_5,theory,0.8500000,3.571211044590,2,0.5,0.900000000000,0.964000000000,1.421845770589e1,2.312993541623e-3,9.766987222441e-1,7.278835009237e0,general_marcher,converged,1.401563207257e-7,58992,6.599598124286e1,general_marcher,converged,1.772339241867e-8,4912,3.763126731596e2,1.0e-6
s_l_0_5,theory,0.8550000,3.592218168381,2,0.5,0.900000000000,0.964000000000,1.425709182446e1,2.292231616233e-3,9.766241903142e-1,7.299169919126e0,general_marcher,converged,1.623164351941e-7,1888688,6.209968986289e1,general_marcher,converged,1.732026048794e-8,4912,3.806355911368e2,1.0e-6
s_l_0_5,theory,0.8600000,3.613225292173,2,0.5,0.900000000000,0.964000000000,1.429560442732e1,2.271775444276e-3,9.765626784635e-1,7.319348129202e0,general_marcher,converged,1.643194524668e-7,51648,6.289090616508e1,general_marcher,converged,1.693975118813e-8,4912,3.849835753903e2,1.0e-6
s_l_0_5,theory,0.8650000,3.634232415965,2,0.5,0.900000000000,0.964000000000,1.433398378184e1,2.251616771481e-3,9.765135283903e-1,7.339367743051e0,general_marcher,converged,8.850368832211e-8,25056,6.827585644697e1,general_marcher,converged,1.762012995687e-8,4928,3.916505207331e2,1.0e-6
s_l_0_5,theory,0.8700000,3.655239539757,2,0.5,0.900000000000,0.964000000000,1.437219457203e1,2.231743938732e-3,9.764744916176e-1,7.359226838697e0,general_marcher,converged,2.458972883120e-7,28784,7.370618937290e1,general_marcher,converged,1.750051478064e-8,4928,3.960752286502e2,1.0e-6
s_l_0_5,theory,0.8750000,3.676246663548,2,0.5,0.900000000000,0.964000000000,1.441021882968e1,2.212148364909e-3,9.764445219507e-1,7.378923485018e0,general_marcher,converged,8.509864652234e-8,29152,7.470748636716e1,general_marcher,converged,1.736071465188e-8,4928,4.005251676259e2,1.0e-6
s_l_0_5,theory,0.8800000,3.697253787340,2,0.5,0.900000000000,0.964000000000,1.444804666523e1,2.192822973224e-3,9.764231319704e-1,7.398455747392e0,general_marcher,converged,9.792238079908e-8,63056,7.070996659418e1,general_marcher,converged,1.720056347086e-8,4928,4.050003416679e2,1.0e-6
s_l_0_5,theory,0.8850000,3.718260911132,2,0.5,0.900000000000,0.964000000000,1.448569371050e1,2.173764729451e-3,9.764115600011e-1,7.417821697279e0,general_marcher,converged,1.621915404911e-7,26176,7.141521534199e1,general_marcher,converged,1.658021235554e-8,4848,4.095007548550e2,1.0e-6
s_l_0_5,theory,0.8900000,3.739268034923,2,0.5,0.900000000000,0.964000000000,1.452311958196e1,2.154962321379e-3,9.764072649139e-1,7.437019419984e0,general_marcher,converged,1.672851345840e-7,121456,6.723993678076e1,general_marcher,converged,1.637971810949e-8,4848,4.140264113415e2,1.0e-6
s_l_0_5,theory,0.8950000,3.760275158715,2,0.5,0.900000000000,0.964000000000,1.456035025350e1,2.136414577417e-3,9.764121808487e-1,7.456047015332e0,general_marcher,converged,1.187279574479e-7,23344,6.810137569910e1,general_marcher,converged,1.844280617466e-8,4704,3.964893637977e2,1.0e-6
s_l_0_5,theory,0.9000000,3.781282282507,2,0.5,0.900000000000,0.964000000000,1.459735859123e1,2.118112577073e-3,9.764246649965e-1,7.474902629220e0,general_marcher,converged,1.639924837193e-7,23568,6.881435370978e1,general_marcher,converged,1.812739624741e-8,4704,4.008181860246e2,1.0e-6
s_l_0_5,theory,0.9050000,3.802289406299,2,0.5,0.900000000000,0.964000000000,1.463413561634e1,2.100050305080e-3,9.764443018103e-1,7.493584421156e0,general_marcher,converged,1.621503047661e-7,23792,6.952946278125e1,general_marcher,converged,1.784010214835e-8,4704,4.051708870093e2,1.0e-6
s_l_0_5,theory,0.9100000,3.823296530090,2,0.5,0.900000000000,0.964000000000,1.467067262764e1,2.082221960231e-3,9.764706936619e-1,7.512090594663e0,general_marcher,converged,1.699727416542e-7,118480,7.029462581631e1,general_marcher,converged,1.773143823868e-8,4720,4.095474712507e2,1.0e-6
s_l_0_5,theory,0.9150000,3.844303653882,2,0.5,0.900000000000,0.964000000000,1.470693698218e1,2.064618547287e-3,9.765018526946e-1,7.530419395313e0,general_marcher,converged,1.483702175539e-7,1859968,6.589010076782e1,general_marcher,converged,1.749572595697e-8,4720,4.139479433486e2,1.0e-6
s_l_0_5,theory,0.9200000,3.865310777674,2,0.5,0.900000000000,0.964000000000,1.474299319863e1,2.047244870209e-3,9.765422409704e-1,7.548569114624e0,general_marcher,converged,1.817361324752e-7,121056,7.198060435605e1,general_marcher,converged,1.728501162370e-8,4720,4.183723080094e2,1.0e-6
s_l_0_5,theory,0.9250000,3.886317901465,2,0.5,0.900000000000,0.964000000000,1.477876074563e1,2.030085522110e-3,9.765866875369e-1,7.566538093462e0,general_marcher,converged,1.375222054811e-7,24832,7.273932850503e1,general_marcher,converged,1.709758756693e-8,4720,4.228205700515e2,1.0e-6
s_l_0_5,theory,0.9300000,3.907325025257,2,0.5,0.900000000000,0.964000000000,1.481423283574e1,2.013135698501e-3,9.766349261702e-1,7.584324725020e0,general_marcher,converged,1.549736758982e-7,53024,6.808974735293e1,general_marcher,converged,1.693152336616e-8,4720,4.272927344130e2,1.0e-6
s_l_0_5,theory,0.9350000,3.928332149049,2,0.5,0.900000000000,0.964000000000,1.484944930415e1,1.996396994399e-3,9.766897531840e-1,7.601927457382e0,general_marcher,converged,1.265206049619e-7,114384,6.877003042827e1,general_marcher,converged,1.678473920359e-8,4720,4.317888061563e2,1.0e-6
s_l_0_5,theory,0.9400000,3.949339272840,2,0.5,0.900000000000,0.964000000000,1.488437944465e1,1.979861482854e-3,9.767493034966e-1,7.619344795725e0,general_marcher,converged,1.660628487746e-7,54016,6.950080313082e1,general_marcher,converged,1.665505684738e-8,4720,4.363087904768e2,1.0e-6
s_l_0_5,theory,0.9450000,3.970346396632,2,0.5,0.900000000000,0.964000000000,1.491905487892e1,1.963529703744e-3,9.768158032019e-1,7.636575304175e0,general_marcher,converged,8.938968914490e-7,30960,8.136296340347e1,general_marcher,converged,1.654025440721e-8,4720,4.408526927081e2,1.0e-6
s_l_0_5,theory,0.9500000,3.991353520424,2,0.5,0.900000000000,0.964000000000,1.495335404076e1,1.947382157008e-3,9.768814440365e-1,7.653617607359e0,general_marcher,converged,1.165886240300e-7,1979360,7.101157524242e1,general_marcher,converged,1.643810065969e-8,4720,4.454205183305e2,1.0e-6
