# source: Mustafa Insel, 1990 PhD thesis, Figures 347--350
# source_location: printed pages 352--353; PDF pages 362--363
# principal-hump window only; source-only two-pass trace
figure,source_printed_page,source_pdf_page,separation_over_length,model,hull,line_style,relative_position_pass_a,relative_position_pass_b,fn_anchor,fn_a,tau_a,fn_b,tau_b,fn_pass_difference,tau_pass_difference,pass_a_x_px,pass_a_y_px,pass_b_x_px,pass_b_y_px,fn,tau,fn_digitization_uncertainty,tau_digitization_uncertainty,pass_count,adjudication
347,352,362,0.2,C2,Wigley hull,solid,deep trough near Fn 0.38; solid broad crest below dashed C3,solid trough then second-highest close-spacing crest,0.350,0.3499999,1.5222778,0.3500000,1.5207242,0.0000000,0.0015536,1423.722,1071.460,1424.611,1072.949,0.3499999,1.5215010,0.0030000,0.0200000,2,two-pass source-only match; ordinate averaged
347,352,362,0.2,C2,Wigley hull,solid,deep trough near Fn 0.38; solid broad crest below dashed C3,solid trough then second-highest close-spacing crest,0.355,0.3550001,1.3993526,0.3549999,1.4011799,0.0000002,0.0018274,1437.617,1155.000,1438.483,1154.000,0.3550000,1.4002663,0.0030000,0.0200000,2,two-pass source-only match; ordinate averaged
347,352,362,0.2,C2,Wigley hull,solid,deep trough near Fn 0.38; solid broad crest below dashed C3,solid trough then second-highest close-spacing crest,0.360,0.3600000,1.2665391,0.3600002,1.2870103,0.0000002,0.0204712,1451.511,1245.260,1452.356,1231.407,0.3600001,1.2767747,0.0030000,0.0200000,2,two-pass source-only match; ordinate averaged
347,352,362,0.2,C2,Wigley hull,solid,deep trough near Fn 0.38; solid broad crest below dashed C3,solid trough then second-highest close-spacing crest,0.365,0.3650002,1.1639200,0.3650001,1.1644041,0.0000001,0.0004842,1465.406,1315.000,1466.228,1314.534,0.3650001,1.1641620,0.0030000,0.0200000,2,two-pass source-only match; ordinate averaged
347,352,362,0.2,C2,Wigley hull,solid,deep trough near Fn 0.38; solid broad crest below dashed C3,solid trough then second-highest close-spacing crest,0.370,0.3700000,0.9991171,0.3700000,0.9970501,0.0000000,0.0020670,1479.300,1427.000,1480.100,1428.000,0.3700000,0.9980836,0.0030000,0.0200000,2,two-pass source-only match; ordinate averaged
347,352,362,0.2,C2,Wigley hull,solid,deep trough near Fn 0.38; solid broad crest below dashed C3,solid trough then second-highest close-spacing crest,0.375,0.3749998,0.8956636,0.3749999,0.8957920,0.0000001,0.0001284,1493.194,1497.307,1493.972,1496.653,0.3749999,0.8957278,0.0030000,0.0200000,2,two-pass source-only match; ordinate averaged
347,352,362,0.2,C2,Wigley hull,solid,deep trough near Fn 0.38; solid broad crest below dashed C3,solid trough then second-highest close-spacing crest,0.380,0.3800000,0.9320012,0.3799998,0.9542773,0.0000002,0.0222761,1507.089,1472.612,1507.844,1457.000,0.3799999,0.9431392,0.0030000,0.0200000,2,two-pass source-only match; ordinate averaged
347,352,362,0.2,C2,Wigley hull,solid,deep trough near Fn 0.38; solid broad crest below dashed C3,solid trough then second-highest close-spacing crest,0.385,0.3849999,1.0037919,0.3850001,1.0031947,0.0000002,0.0005972,1520.983,1423.823,1521.717,1423.834,0.3850000,1.0034933,0.0030000,0.0200000,2,two-pass source-only match; ordinate averaged
347,352,362,0.2,C2,Wigley hull,solid,deep trough near Fn 0.38; solid broad crest below dashed C3,solid trough then second-highest close-spacing crest,0.390,0.3900001,1.0077237,0.3900000,1.0083068,0.0000000,0.0005831,1534.878,1421.151,1535.589,1420.368,0.3900001,1.0080152,0.0030000,0.0200000,2,two-pass source-only match; ordinate averaged
347,352,362,0.2,C2,Wigley hull,solid,deep trough near Fn 0.38; solid broad crest below dashed C3,solid trough then second-highest close-spacing crest,0.395,0.3949999,1.0571454,0.3950000,1.0636563,0.0000000,0.0065110,1548.772,1387.564,1549.461,1382.841,0.3949999,1.0604009,0.0030000,0.0200000,2,two-pass source-only match; ordinate averaged
347,352,362,0.2,C2,Wigley hull,solid,deep trough near Fn 0.38; solid broad crest below dashed C3,solid trough then second-highest close-spacing crest,0.400,0.4000001,1.1453370,0.3999999,1.1639794,0.0000002,0.0186424,1562.667,1327.629,1563.333,1314.822,0.4000000,1.1546582,0.0030000,0.0200000,2,two-pass source-only match; ordinate averaged
347,352,362,0.2,C2,Wigley hull,solid,deep trough near Fn 0.38; solid broad crest below dashed C3,solid trough then second-highest close-spacing crest,0.405,0.4050000,1.1653708,0.4050002,1.1660059,0.0000002,0.0006351,1576.561,1314.014,1577.206,1313.448,0.4050001,1.1656884,0.0030000,0.0200000,2,two-pass source-only match; ordinate averaged
347,352,362,0.2,C2,Wigley hull,solid,deep trough near Fn 0.38; solid broad crest below dashed C3,solid trough then second-highest close-spacing crest,0.410,0.4100002,1.2397969,0.4100001,1.2408599,0.0000001,0.0010629,1590.456,1263.434,1591.078,1262.697,0.4100001,1.2403284,0.0030000,0.0200000,2,two-pass source-only match; ordinate averaged
347,352,362,0.2,C2,Wigley hull,solid,deep trough near Fn 0.38; solid broad crest below dashed C3,solid trough then second-highest close-spacing crest,0.415,0.4150000,1.3041583,0.4150000,1.3400177,0.0000000,0.0358594,1604.350,1219.694,1604.950,1195.468,0.4150000,1.3220880,0.0030000,0.0200000,2,two-pass source-only match; ordinate averaged
347,352,362,0.2,C2,Wigley hull,solid,deep trough near Fn 0.38; solid broad crest below dashed C3,solid trough then second-highest close-spacing crest,0.420,0.4199998,1.3581680,0.4199999,1.3638732,0.0000001,0.0057051,1618.244,1182.989,1618.822,1179.294,0.4199999,1.3610206,0.0030000,0.0200000,2,two-pass source-only match; ordinate averaged
347,352,362,0.2,C2,Wigley hull,solid,deep trough near Fn 0.38; solid broad crest below dashed C3,solid trough then second-highest close-spacing crest,0.425,0.4250000,1.4405533,0.4249998,1.4064587,0.0000002,0.0340946,1632.139,1127.000,1632.694,1150.421,0.4249999,1.4235060,0.0030000,0.0200000,2,two-pass source-only match; ordinate averaged
347,352,362,0.2,C2,Wigley hull,solid,deep trough near Fn 0.38; solid broad crest below dashed C3,solid trough then second-highest close-spacing crest,0.430,0.4299999,1.4808843,0.4300001,1.4500339,0.0000002,0.0308504,1646.033,1099.591,1646.567,1120.877,0.4300000,1.4654591,0.0030000,0.0200000,2,two-pass source-only match; ordinate averaged
347,352,362,0.2,C2,Wigley hull,solid,deep trough near Fn 0.38; solid broad crest below dashed C3,solid trough then second-highest close-spacing crest,0.435,0.4350001,1.5510462,0.4350000,1.5516313,0.0000000,0.0005851,1659.928,1051.909,1660.439,1051.994,0.4350001,1.5513387,0.0030000,0.0200000,2,two-pass source-only match; ordinate averaged
347,352,362,0.2,C2,Wigley hull,solid,deep trough near Fn 0.38; solid broad crest below dashed C3,solid trough then second-highest close-spacing crest,0.440,0.4399999,1.5461551,0.4400000,1.5470634,0.0000000,0.0009083,1673.822,1055.233,1674.311,1055.091,0.4399999,1.5466093,0.0030000,0.0200000,2,two-pass source-only match; ordinate averaged
347,352,362,0.2,C2,Wigley hull,solid,deep trough near Fn 0.38; solid broad crest below dashed C3,solid trough then second-highest close-spacing crest,0.445,0.4450001,1.5966569,0.4449999,1.5959572,0.0000002,0.0006996,1687.717,1020.912,1688.183,1021.941,0.4450000,1.5963070,0.0030000,0.0200000,2,two-pass source-only match; ordinate averaged
347,352,362,0.2,C2,Wigley hull,solid,deep trough near Fn 0.38; solid broad crest below dashed C3,solid trough then second-highest close-spacing crest,0.450,0.4500000,1.6263022,0.4500002,1.6400251,0.0000002,0.0137228,1701.611,1000.765,1702.056,992.063,0.4500001,1.6331637,0.0030000,0.0200000,2,two-pass source-only match; ordinate averaged
347,352,362,0.2,C2,Wigley hull,solid,deep trough near Fn 0.38; solid broad crest below dashed C3,solid trough then second-highest close-spacing crest,0.455,0.4550002,1.6685330,0.4550001,1.6682212,0.0000001,0.0003117,1715.506,972.065,1715.928,972.946,0.4550001,1.6683771,0.0030000,0.0200000,2,two-pass source-only match; ordinate averaged
347,352,362,0.2,C2,Wigley hull,solid,deep trough near Fn 0.38; solid broad crest below dashed C3,solid trough then second-highest close-spacing crest,0.460,0.4600000,1.7022072,0.4600000,1.7227330,0.0000000,0.0205259,1729.400,949.180,1729.800,935.987,0.4600000,1.7124701,0.0030000,0.0200000,2,two-pass source-only match; ordinate averaged
347,352,362,0.2,C2,Wigley hull,solid,deep trough near Fn 0.38; solid broad crest below dashed C3,solid trough then second-highest close-spacing crest,0.465,0.4649998,1.7251619,0.4649999,1.7241416,0.0000001,0.0010203,1743.294,933.580,1743.672,935.032,0.4649999,1.7246517,0.0030000,0.0200000,2,two-pass source-only match; ordinate averaged
347,352,362,0.2,C2,Wigley hull,solid,deep trough near Fn 0.38; solid broad crest below dashed C3,solid trough then second-highest close-spacing crest,0.470,0.4700000,1.7520762,0.4699998,1.7542655,0.0000002,0.0021893,1757.189,915.289,1757.544,914.608,0.4699999,1.7531709,0.0030000,0.0200000,2,two-pass source-only match; ordinate averaged
347,352,362,0.2,C2,Wigley hull,solid,deep trough near Fn 0.38; solid broad crest below dashed C3,solid trough then second-highest close-spacing crest,0.475,0.4749999,1.7630827,0.4750001,1.7624720,0.0000002,0.0006107,1771.083,907.809,1771.417,909.044,0.4750000,1.7627773,0.0030000,0.0200000,2,two-pass source-only match; ordinate averaged
347,352,362,0.2,C2,Wigley hull,solid,deep trough near Fn 0.38; solid broad crest below dashed C3,solid trough then second-highest close-spacing crest,0.480,0.4800001,1.7718158,0.4800000,1.7725634,0.0000000,0.0007476,1784.978,901.874,1785.289,902.202,0.4800001,1.7721896,0.0030000,0.0200000,2,two-pass source-only match; ordinate averaged
347,352,362,0.2,C2,Wigley hull,solid,deep trough near Fn 0.38; solid broad crest below dashed C3,solid trough then second-highest close-spacing crest,0.485,0.4849999,1.7743114,0.4850000,1.7751637,0.0000000,0.0008524,1798.872,900.178,1799.161,900.439,0.4849999,1.7747375,0.0030000,0.0200000,2,two-pass source-only match; ordinate averaged
347,352,362,0.2,C2,Wigley hull,solid,deep trough near Fn 0.38; solid broad crest below dashed C3,solid trough then second-highest close-spacing crest,0.490,0.4900001,1.7738905,0.4899999,1.7720723,0.0000002,0.0018183,1812.767,900.464,1813.033,902.535,0.4900000,1.7729814,0.0030000,0.0200000,2,two-pass source-only match; ordinate averaged
347,352,362,0.2,C2,Wigley hull,solid,deep trough near Fn 0.38; solid broad crest below dashed C3,solid trough then second-highest close-spacing crest,0.495,0.4950000,1.7687051,0.4950002,1.7698791,0.0000002,0.0011739,1826.661,903.988,1826.906,904.022,0.4950001,1.7692921,0.0030000,0.0200000,2,two-pass source-only match; ordinate averaged
347,352,362,0.2,C2,Wigley hull,solid,deep trough near Fn 0.38; solid broad crest below dashed C3,solid trough then second-highest close-spacing crest,0.500,0.5000002,1.7668776,0.5000001,1.7672227,0.0000001,0.0003451,1840.556,905.230,1840.778,905.823,0.5000001,1.7670501,0.0030000,0.0200000,2,two-pass source-only match; ordinate averaged
347,352,362,0.2,C2,Wigley hull,solid,deep trough near Fn 0.38; solid broad crest below dashed C3,solid trough then second-highest close-spacing crest,0.505,0.5050000,1.7581739,0.5050000,1.7582935,0.0000000,0.0001196,1854.450,911.145,1854.650,911.877,0.5050000,1.7582337,0.0030000,0.0200000,2,two-pass source-only match; ordinate averaged
347,352,362,0.2,C2,Wigley hull,solid,deep trough near Fn 0.38; solid broad crest below dashed C3,solid trough then second-highest close-spacing crest,0.510,0.5099998,1.7515421,0.5099999,1.7283923,0.0000001,0.0231498,1868.344,915.652,1868.522,932.150,0.5099999,1.7399672,0.0030000,0.0200000,2,two-pass source-only match; ordinate averaged
347,352,362,0.2,C2,Wigley hull,solid,deep trough near Fn 0.38; solid broad crest below dashed C3,solid trough then second-highest close-spacing crest,0.515,0.5150000,1.7354326,0.5149998,1.7349130,0.0000002,0.0005196,1882.239,926.600,1882.394,927.729,0.5149999,1.7351728,0.0030000,0.0200000,2,two-pass source-only match; ordinate averaged
347,352,362,0.2,C2,Wigley hull,solid,deep trough near Fn 0.38; solid broad crest below dashed C3,solid trough then second-highest close-spacing crest,0.520,0.5199999,1.7296645,0.5200001,1.7298776,0.0000002,0.0002131,1896.133,930.520,1896.267,931.143,0.5200000,1.7297710,0.0030000,0.0200000,2,two-pass source-only match; ordinate averaged
347,352,362,0.2,C2,Wigley hull,solid,deep trough near Fn 0.38; solid broad crest below dashed C3,solid trough then second-highest close-spacing crest,0.525,0.5250001,1.7213655,0.5250000,1.7225531,0.0000000,0.0011876,1910.028,936.160,1910.139,936.109,0.5250001,1.7219593,0.0030000,0.0200000,2,two-pass source-only match; ordinate averaged
347,352,362,0.2,C2,Wigley hull,solid,deep trough near Fn 0.38; solid broad crest below dashed C3,solid trough then second-highest close-spacing crest,0.530,0.5299999,1.7157240,0.5300000,1.7165280,0.0000000,0.0008041,1923.922,939.994,1924.011,940.194,0.5299999,1.7161260,0.0030000,0.0200000,2,two-pass source-only match; ordinate averaged
347,352,362,0.2,C2,Wigley hull,solid,deep trough near Fn 0.38; solid broad crest below dashed C3,solid trough then second-highest close-spacing crest,0.535,0.5350001,1.7091775,0.5349999,1.7098481,0.0000002,0.0006706,1937.817,944.443,1937.883,944.723,0.5350000,1.7095128,0.0030000,0.0200000,2,two-pass source-only match; ordinate averaged
347,352,362,0.2,C2,Wigley hull,solid,deep trough near Fn 0.38; solid broad crest below dashed C3,solid trough then second-highest close-spacing crest,0.540,0.5400000,1.7010962,0.5400002,1.7021578,0.0000002,0.0010616,1951.711,949.935,1951.756,949.937,0.5400001,1.7016270,0.0030000,0.0200000,2,two-pass source-only match; ordinate averaged
347,352,362,0.2,C2,Wigley hull,solid,deep trough near Fn 0.38; solid broad crest below dashed C3,solid trough then second-highest close-spacing crest,0.545,0.5450002,1.6931783,0.5450001,1.6943673,0.0000001,0.0011889,1965.606,955.316,1965.628,955.219,0.5450001,1.6937728,0.0030000,0.0200000,2,two-pass source-only match; ordinate averaged
347,352,362,0.2,C2,Wigley hull,solid,deep trough near Fn 0.38; solid broad crest below dashed C3,solid trough then second-highest close-spacing crest,0.550,0.5500000,1.6858726,0.5500000,1.6873038,0.0000000,0.0014313,1979.500,960.281,1979.500,960.008,0.5500000,1.6865882,0.0030000,0.0200000,2,two-pass source-only match; ordinate averaged
347,352,362,0.2,C3,"round-bilge hull, L/B 7",long dashed,"highest broad crest, displaced right of C2",uppermost right-shifted principal crest,0.350,0.3499999,1.7289582,0.3500000,1.7286136,0.0000000,0.0003446,1423.722,931.000,1424.611,932.000,0.3499999,1.7287859,0.0030000,0.0200000,2,two-pass source-only match; ordinate averaged
347,352,362,0.2,C3,"round-bilge hull, L/B 7",long dashed,"highest broad crest, displaced right of C2",uppermost right-shifted principal crest,0.355,0.3550001,1.7054149,0.3549999,1.7079646,0.0000002,0.0025497,1437.617,947.000,1438.483,946.000,0.3550000,1.7066898,0.0030000,0.0200000,2,two-pass source-only match; ordinate averaged
347,352,362,0.2,C3,"round-bilge hull, L/B 7",long dashed,"highest broad crest, displaced right of C2",uppermost right-shifted principal crest,0.360,0.3600000,1.7081165,0.3600002,1.7092507,0.0000002,0.0011342,1451.511,945.164,1452.356,945.128,0.3600001,1.7086836,0.0030000,0.0200000,2,two-pass source-only match; ordinate averaged
347,352,362,0.2,C3,"round-bilge hull, L/B 7",long dashed,"highest broad crest, displaced right of C2",uppermost right-shifted principal crest,0.365,0.3650002,1.7160477,0.3650001,1.7142360,0.0000001,0.0018117,1465.406,939.774,1466.228,941.748,0.3650001,1.7151418,0.0030000,0.0200000,2,two-pass source-only match; ordinate averaged
347,352,362,0.2,C3,"round-bilge hull, L/B 7",long dashed,"highest broad crest, displaced right of C2",uppermost right-shifted principal crest,0.370,0.3700000,1.6936433,0.3700000,1.6843658,0.0000000,0.0092775,1479.300,955.000,1480.100,962.000,0.3700000,1.6890046,0.0030000,0.0200000,2,two-pass source-only match; ordinate averaged
347,352,362,0.2,C3,"round-bilge hull, L/B 7",long dashed,"highest broad crest, displaced right of C2",uppermost right-shifted principal crest,0.375,0.3749998,1.6804002,0.3749999,1.6696165,0.0000001,0.0107837,1493.194,964.000,1493.972,972.000,0.3749999,1.6750084,0.0030000,0.0200000,2,two-pass source-only match; ordinate averaged
347,352,362,0.2,C3,"round-bilge hull, L/B 7",long dashed,"highest broad crest, displaced right of C2",uppermost right-shifted principal crest,0.380,0.3800000,1.6597999,0.3799998,1.6519174,0.0000002,0.0078825,1507.089,978.000,1507.844,984.000,0.3799999,1.6558586,0.0030000,0.0200000,2,two-pass source-only match; ordinate averaged
347,352,362,0.2,C3,"round-bilge hull, L/B 7",long dashed,"highest broad crest, displaced right of C2",uppermost right-shifted principal crest,0.385,0.3849999,1.6406710,0.3850001,1.6342183,0.0000002,0.0064527,1520.983,991.000,1521.717,996.000,0.3850000,1.6374446,0.0030000,0.0200000,2,two-pass source-only match; ordinate averaged
347,352,362,0.2,C3,"round-bilge hull, L/B 7",long dashed,"highest broad crest, displaced right of C2",uppermost right-shifted principal crest,0.390,0.3900001,1.6200706,0.3900000,1.6165192,0.0000000,0.0035515,1534.878,1005.000,1535.589,1008.000,0.3900001,1.6182949,0.0030000,0.0200000,2,two-pass source-only match; ordinate averaged
347,352,362,0.2,C3,"round-bilge hull, L/B 7",long dashed,"highest broad crest, displaced right of C2",uppermost right-shifted principal crest,0.395,0.3949999,1.5700412,0.3950000,1.5701799,0.0000000,0.0001387,1548.772,1039.000,1549.461,1039.418,0.3949999,1.5701106,0.0030000,0.0200000,2,two-pass source-only match; ordinate averaged
347,352,362,0.2,C3,"round-bilge hull, L/B 7",long dashed,"highest broad crest, displaced right of C2",uppermost right-shifted principal crest,0.400,0.4000001,1.5692304,0.3999999,1.5699838,0.0000002,0.0007533,1562.667,1039.551,1563.333,1039.551,0.4000000,1.5696071,0.0030000,0.0200000,2,two-pass source-only match; ordinate averaged
347,352,362,0.2,C3,"round-bilge hull, L/B 7",long dashed,"highest broad crest, displaced right of C2",uppermost right-shifted principal crest,0.405,0.4050000,1.5700412,0.4050002,1.5722714,0.0000002,0.0022302,1576.561,1039.000,1577.206,1038.000,0.4050001,1.5711563,0.0030000,0.0200000,2,two-pass source-only match; ordinate averaged
347,352,362,0.2,C3,"round-bilge hull, L/B 7",long dashed,"highest broad crest, displaced right of C2",uppermost right-shifted principal crest,0.410,0.4100002,1.5685697,0.4100001,1.6002950,0.0000001,0.0317252,1590.456,1040.000,1591.078,1019.000,0.4100001,1.5844324,0.0030000,0.0200000,2,two-pass source-only match; ordinate averaged
347,352,362,0.2,C3,"round-bilge hull, L/B 7",long dashed,"highest broad crest, displaced right of C2",uppermost right-shifted principal crest,0.415,0.4150000,1.6001780,0.4150000,1.5994322,0.0000000,0.0007459,1604.350,1018.519,1604.950,1019.585,0.4150000,1.5998051,0.0030000,0.0200000,2,two-pass source-only match; ordinate averaged
347,352,362,0.2,C3,"round-bilge hull, L/B 7",long dashed,"highest broad crest, displaced right of C2",uppermost right-shifted principal crest,0.420,0.4199998,1.5894541,0.4199999,1.5898717,0.0000001,0.0004176,1618.244,1025.807,1618.822,1026.067,0.4199999,1.5896629,0.0030000,0.0200000,2,two-pass source-only match; ordinate averaged
347,352,362,0.2,C3,"round-bilge hull, L/B 7",long dashed,"highest broad crest, displaced right of C2",uppermost right-shifted principal crest,0.425,0.4250000,1.5624603,0.4249998,1.5635501,0.0000002,0.0010899,1632.139,1044.152,1632.694,1043.913,0.4249999,1.5630052,0.0030000,0.0200000,2,two-pass source-only match; ordinate averaged
347,352,362,0.2,C3,"round-bilge hull, L/B 7",long dashed,"highest broad crest, displaced right of C2",uppermost right-shifted principal crest,0.430,0.4299999,1.5589700,0.4300001,1.5588673,0.0000002,0.0001027,1646.033,1046.524,1646.567,1047.088,0.4300000,1.5589186,0.0030000,0.0200000,2,two-pass source-only match; ordinate averaged
347,352,362,0.2,C3,"round-bilge hull, L/B 7",long dashed,"highest broad crest, displaced right of C2",uppermost right-shifted principal crest,0.435,0.4350001,1.5510462,0.4350000,1.5521814,0.0000000,0.0011352,1659.928,1051.909,1660.439,1051.621,0.4350001,1.5516138,0.0030000,0.0200000,2,two-pass source-only match; ordinate averaged
347,352,362,0.2,C3,"round-bilge hull, L/B 7",long dashed,"highest broad crest, displaced right of C2",uppermost right-shifted principal crest,0.440,0.4399999,1.5949897,0.4400000,1.5590383,0.0000000,0.0359514,1673.822,1022.045,1674.311,1046.972,0.4399999,1.5770140,0.0030000,0.0200000,2,two-pass source-only match; ordinate averaged
347,352,362,0.2,C3,"round-bilge hull, L/B 7",long dashed,"highest broad crest, displaced right of C2",uppermost right-shifted principal crest,0.445,0.4450001,1.5966569,0.4449999,1.5959572,0.0000002,0.0006996,1687.717,1020.912,1688.183,1021.941,0.4450000,1.5963070,0.0030000,0.0200000,2,two-pass source-only match; ordinate averaged
347,352,362,0.2,C3,"round-bilge hull, L/B 7",long dashed,"highest broad crest, displaced right of C2",uppermost right-shifted principal crest,0.450,0.4500000,1.6236521,0.4500002,1.6247994,0.0000002,0.0011473,1701.611,1002.566,1702.056,1002.386,0.4500001,1.6242258,0.0030000,0.0200000,2,two-pass source-only match; ordinate averaged
347,352,362,0.2,C3,"round-bilge hull, L/B 7",long dashed,"highest broad crest, displaced right of C2",uppermost right-shifted principal crest,0.455,0.4550002,1.6668614,0.4550001,1.6682212,0.0000001,0.0013598,1715.506,973.201,1715.928,972.946,0.4550001,1.6675413,0.0030000,0.0200000,2,two-pass source-only match; ordinate averaged
347,352,362,0.2,C3,"round-bilge hull, L/B 7",long dashed,"highest broad crest, displaced right of C2",uppermost right-shifted principal crest,0.460,0.4600000,1.6974058,0.4600000,1.6980192,0.0000000,0.0006133,1729.400,952.443,1729.800,952.743,0.4600000,1.6977125,0.0030000,0.0200000,2,two-pass source-only match; ordinate averaged
347,352,362,0.2,C3,"round-bilge hull, L/B 7",long dashed,"highest broad crest, displaced right of C2",uppermost right-shifted principal crest,0.465,0.4649998,1.7251619,0.4649999,1.7241416,0.0000001,0.0010203,1743.294,933.580,1743.672,935.032,0.4649999,1.7246517,0.0030000,0.0200000,2,two-pass source-only match; ordinate averaged
347,352,362,0.2,C3,"round-bilge hull, L/B 7",long dashed,"highest broad crest, displaced right of C2",uppermost right-shifted principal crest,0.470,0.4700000,1.7520762,0.4699998,1.7542655,0.0000002,0.0021893,1757.189,915.289,1757.544,914.608,0.4699999,1.7531709,0.0030000,0.0200000,2,two-pass source-only match; ordinate averaged
347,352,362,0.2,C3,"round-bilge hull, L/B 7",long dashed,"highest broad crest, displaced right of C2",uppermost right-shifted principal crest,0.475,0.4749999,1.7630827,0.4750001,1.7624720,0.0000002,0.0006107,1771.083,907.809,1771.417,909.044,0.4750000,1.7627773,0.0030000,0.0200000,2,two-pass source-only match; ordinate averaged
347,352,362,0.2,C3,"round-bilge hull, L/B 7",long dashed,"highest broad crest, displaced right of C2",uppermost right-shifted principal crest,0.480,0.4800001,1.7718158,0.4800000,1.7725634,0.0000000,0.0007476,1784.978,901.874,1785.289,902.202,0.4800001,1.7721896,0.0030000,0.0200000,2,two-pass source-only match; ordinate averaged
347,352,362,0.2,C3,"round-bilge hull, L/B 7",long dashed,"highest broad crest, displaced right of C2",uppermost right-shifted principal crest,0.485,0.4849999,1.7743114,0.4850000,1.7751637,0.0000000,0.0008524,1798.872,900.178,1799.161,900.439,0.4849999,1.7747375,0.0030000,0.0200000,2,two-pass source-only match; ordinate averaged
347,352,362,0.2,C3,"round-bilge hull, L/B 7",long dashed,"highest broad crest, displaced right of C2",uppermost right-shifted principal crest,0.490,0.4900001,1.7995880,0.4899999,1.7764071,0.0000002,0.0231809,1812.767,883.000,1813.033,899.596,0.4900000,1.7879975,0.0030000,0.0200000,2,two-pass source-only match; ordinate averaged
347,352,362,0.2,C3,"round-bilge hull, L/B 7",long dashed,"highest broad crest, displaced right of C2",uppermost right-shifted principal crest,0.495,0.4950000,1.8163214,0.4950002,1.8202434,0.0000002,0.0039220,1826.661,871.628,1826.906,869.875,0.4950001,1.8182824,0.0030000,0.0200000,2,two-pass source-only match; ordinate averaged
347,352,362,0.2,C3,"round-bilge hull, L/B 7",long dashed,"highest broad crest, displaced right of C2",uppermost right-shifted principal crest,0.500,0.5000002,1.8320277,0.5000001,1.8324646,0.0000001,0.0004369,1840.556,860.954,1840.778,861.589,0.5000001,1.8322461,0.0030000,0.0200000,2,two-pass source-only match; ordinate averaged
347,352,362,0.2,C3,"round-bilge hull, L/B 7",long dashed,"highest broad crest, displaced right of C2",uppermost right-shifted principal crest,0.505,0.5050000,1.8372175,0.5050000,1.8600442,0.0000000,0.0228268,1854.450,857.427,1854.650,842.890,0.5050000,1.8486309,0.0030000,0.0200000,2,two-pass source-only match; ordinate averaged
347,352,362,0.2,C3,"round-bilge hull, L/B 7",long dashed,"highest broad crest, displaced right of C2",uppermost right-shifted principal crest,0.510,0.5099998,1.8644482,0.5099999,1.8670914,0.0000001,0.0026432,1868.344,838.921,1868.522,838.112,0.5099999,1.8657698,0.0030000,0.0200000,2,two-pass source-only match; ordinate averaged
347,352,362,0.2,C3,"round-bilge hull, L/B 7",long dashed,"highest broad crest, displaced right of C2",uppermost right-shifted principal crest,0.515,0.5150000,1.8723131,0.5149998,1.8732596,0.0000002,0.0009465,1882.239,833.576,1882.394,833.930,0.5149999,1.8727864,0.0030000,0.0200000,2,two-pass source-only match; ordinate averaged
347,352,362,0.2,C3,"round-bilge hull, L/B 7",long dashed,"highest broad crest, displaced right of C2",uppermost right-shifted principal crest,0.520,0.5199999,1.8803134,0.5200001,1.8809779,0.0000002,0.0006645,1896.133,828.139,1896.267,828.697,0.5200000,1.8806456,0.0030000,0.0200000,2,two-pass source-only match; ordinate averaged
347,352,362,0.2,C3,"round-bilge hull, L/B 7",long dashed,"highest broad crest, displaced right of C2",uppermost right-shifted principal crest,0.525,0.5250001,1.8826413,0.5250000,1.8841829,0.0000000,0.0015416,1910.028,826.557,1910.139,826.524,0.5250001,1.8834121,0.0030000,0.0200000,2,two-pass source-only match; ordinate averaged
347,352,362,0.2,C3,"round-bilge hull, L/B 7",long dashed,"highest broad crest, displaced right of C2",uppermost right-shifted principal crest,0.530,0.5299999,1.8820232,0.5300000,1.8829897,0.0000000,0.0009664,1923.922,826.977,1924.011,827.333,0.5299999,1.8825065,0.0030000,0.0200000,2,two-pass source-only match; ordinate averaged
347,352,362,0.2,C3,"round-bilge hull, L/B 7",long dashed,"highest broad crest, displaced right of C2",uppermost right-shifted principal crest,0.535,0.5350001,1.8757622,0.5349999,1.8773097,0.0000002,0.0015475,1937.817,831.232,1937.883,831.184,0.5350000,1.8765360,0.0030000,0.0200000,2,two-pass source-only match; ordinate averaged
347,352,362,0.2,C3,"round-bilge hull, L/B 7",long dashed,"highest broad crest, displaced right of C2",uppermost right-shifted principal crest,0.540,0.5400000,1.8698058,0.5400002,1.8717920,0.0000002,0.0019863,1951.711,835.280,1951.756,834.925,0.5400001,1.8707989,0.0030000,0.0200000,2,two-pass source-only match; ordinate averaged
347,352,362,0.2,C3,"round-bilge hull, L/B 7",long dashed,"highest broad crest, displaced right of C2",uppermost right-shifted principal crest,0.545,0.5450002,1.8564303,0.5450001,1.8574159,0.0000001,0.0009857,1965.606,844.370,1965.628,844.672,0.5450001,1.8569231,0.0030000,0.0200000,2,two-pass source-only match; ordinate averaged
347,352,362,0.2,C3,"round-bilge hull, L/B 7",long dashed,"highest broad crest, displaced right of C2",uppermost right-shifted principal crest,0.550,0.5500000,1.8531298,0.5500000,1.8534307,0.0000000,0.0003009,1979.500,846.613,1979.500,847.374,0.5500000,1.8532802,0.0030000,0.0200000,2,two-pass source-only match; ordinate averaged
347,352,362,0.2,C4,"round-bilge hull, L/B 9",dash-dot,"lower central shoulder, then middle descending branch",low central shoulder and shallow rise,0.350,0.3499999,1.3979149,0.3500000,1.3995310,0.0000000,0.0016160,1423.722,1155.977,1424.611,1155.118,0.3499999,1.3987230,0.0030000,0.0200000,2,two-pass source-only match; ordinate averaged
347,352,362,0.2,C4,"round-bilge hull, L/B 9",dash-dot,"lower central shoulder, then middle descending branch",low central shoulder and shallow rise,0.355,0.3550001,1.3379753,0.3549999,1.3103953,0.0000002,0.0275800,1437.617,1196.712,1438.483,1215.552,0.3550000,1.3241853,0.0030000,0.0200000,2,two-pass source-only match; ordinate averaged
347,352,362,0.2,C4,"round-bilge hull, L/B 9",dash-dot,"lower central shoulder, then middle descending branch",low central shoulder and shallow rise,0.360,0.3600000,1.2869556,0.3600002,1.2870103,0.0000002,0.0000548,1451.511,1231.385,1452.356,1231.407,0.3600001,1.2869829,0.0030000,0.0200000,2,two-pass source-only match; ordinate averaged
347,352,362,0.2,C4,"round-bilge hull, L/B 9",dash-dot,"lower central shoulder, then middle descending branch",low central shoulder and shallow rise,0.365,0.3650002,1.2503767,0.3650001,1.2504159,0.0000001,0.0000392,1465.406,1256.244,1466.228,1256.218,0.3650001,1.2503963,0.0030000,0.0200000,2,two-pass source-only match; ordinate averaged
347,352,362,0.2,C4,"round-bilge hull, L/B 9",dash-dot,"lower central shoulder, then middle descending branch",low central shoulder and shallow rise,0.370,0.3700000,1.1845468,0.3700000,1.2079646,0.0000000,0.0234178,1479.300,1300.982,1480.100,1285.000,0.3700000,1.1962557,0.0030000,0.0200000,2,two-pass source-only match; ordinate averaged
347,352,362,0.2,C4,"round-bilge hull, L/B 9",dash-dot,"lower central shoulder, then middle descending branch",low central shoulder and shallow rise,0.375,0.3749998,1.1540274,0.3749999,1.1538289,0.0000001,0.0001985,1493.194,1321.723,1493.972,1321.704,0.3749999,1.1539281,0.0030000,0.0200000,2,two-pass source-only match; ordinate averaged
347,352,362,0.2,C4,"round-bilge hull, L/B 9",dash-dot,"lower central shoulder, then middle descending branch",low central shoulder and shallow rise,0.380,0.3800000,1.1595056,0.3799998,1.1681416,0.0000002,0.0086360,1507.089,1318.000,1507.844,1312.000,0.3799999,1.1638236,0.0030000,0.0200000,2,two-pass source-only match; ordinate averaged
347,352,362,0.2,C4,"round-bilge hull, L/B 9",dash-dot,"lower central shoulder, then middle descending branch",low central shoulder and shallow rise,0.385,0.3849999,1.1698058,0.3850001,1.2079646,0.0000002,0.0381588,1520.983,1311.000,1521.717,1285.000,0.3850000,1.1888852,0.0030000,0.0200000,2,two-pass source-only match; ordinate averaged
347,352,362,0.2,C4,"round-bilge hull, L/B 9",dash-dot,"lower central shoulder, then middle descending branch",low central shoulder and shallow rise,0.390,0.3900001,1.2100294,0.3900000,1.1998805,0.0000000,0.0101489,1534.878,1283.664,1535.589,1290.481,0.3900001,1.2049550,0.0030000,0.0200000,2,two-pass source-only match; ordinate averaged
347,352,362,0.2,C4,"round-bilge hull, L/B 9",dash-dot,"lower central shoulder, then middle descending branch",low central shoulder and shallow rise,0.395,0.3949999,1.1904856,0.3950000,1.1928053,0.0000000,0.0023197,1548.772,1296.946,1549.461,1295.278,0.3949999,1.1916454,0.0030000,0.0200000,2,two-pass source-only match; ordinate averaged
347,352,362,0.2,C4,"round-bilge hull, L/B 9",dash-dot,"lower central shoulder, then middle descending branch",low central shoulder and shallow rise,0.400,0.4000001,1.1679944,0.3999999,1.1675649,0.0000002,0.0004295,1562.667,1312.231,1563.333,1312.391,0.4000000,1.1677797,0.0030000,0.0200000,2,two-pass source-only match; ordinate averaged
347,352,362,0.2,C4,"round-bilge hull, L/B 9",dash-dot,"lower central shoulder, then middle descending branch",low central shoulder and shallow rise,0.405,0.4050000,1.2173028,0.4050002,1.2404528,0.0000002,0.0231500,1576.561,1278.721,1577.206,1262.973,0.4050001,1.2288778,0.0030000,0.0200000,2,two-pass source-only match; ordinate averaged
347,352,362,0.2,C4,"round-bilge hull, L/B 9",dash-dot,"lower central shoulder, then middle descending branch",low central shoulder and shallow rise,0.410,0.4100002,1.2558667,0.4100001,1.2584646,0.0000001,0.0025979,1590.456,1252.513,1591.078,1250.761,0.4100001,1.2571656,0.0030000,0.0200000,2,two-pass source-only match; ordinate averaged
347,352,362,0.2,C4,"round-bilge hull, L/B 9",dash-dot,"lower central shoulder, then middle descending branch",low central shoulder and shallow rise,0.415,0.4150000,1.3041583,0.4150000,1.3400177,0.0000000,0.0358594,1604.350,1219.694,1604.950,1195.468,0.4150000,1.3220880,0.0030000,0.0200000,2,two-pass source-only match; ordinate averaged
347,352,362,0.2,C4,"round-bilge hull, L/B 9",dash-dot,"lower central shoulder, then middle descending branch",low central shoulder and shallow rise,0.420,0.4199998,1.3581680,0.4199999,1.3638732,0.0000001,0.0057051,1618.244,1182.989,1618.822,1179.294,0.4199999,1.3610206,0.0030000,0.0200000,2,two-pass source-only match; ordinate averaged
347,352,362,0.2,C4,"round-bilge hull, L/B 9",dash-dot,"lower central shoulder, then middle descending branch",low central shoulder and shallow rise,0.425,0.4250000,1.4032166,0.4249998,1.4051313,0.0000002,0.0019147,1632.139,1152.374,1632.694,1151.321,0.4249999,1.4041739,0.0030000,0.0200000,2,two-pass source-only match; ordinate averaged
347,352,362,0.2,C4,"round-bilge hull, L/B 9",dash-dot,"lower central shoulder, then middle descending branch",low central shoulder and shallow rise,0.430,0.4299999,1.4286786,0.4300001,1.4298702,0.0000002,0.0011916,1646.033,1135.070,1646.567,1134.548,0.4300000,1.4292744,0.0030000,0.0200000,2,two-pass source-only match; ordinate averaged
347,352,362,0.2,C4,"round-bilge hull, L/B 9",dash-dot,"lower central shoulder, then middle descending branch",low central shoulder and shallow rise,0.435,0.4350001,1.4448529,0.4350000,1.4452153,0.0000000,0.0003625,1659.928,1124.078,1660.439,1124.144,0.4350001,1.4450341,0.0030000,0.0200000,2,two-pass source-only match; ordinate averaged
347,352,362,0.2,C4,"round-bilge hull, L/B 9",dash-dot,"lower central shoulder, then middle descending branch",low central shoulder and shallow rise,0.440,0.4399999,1.4455592,0.4400000,1.4402183,0.0000000,0.0053409,1673.822,1123.598,1674.311,1127.532,0.4399999,1.4428887,0.0030000,0.0200000,2,two-pass source-only match; ordinate averaged
347,352,362,0.2,C4,"round-bilge hull, L/B 9",dash-dot,"lower central shoulder, then middle descending branch",low central shoulder and shallow rise,0.445,0.4450001,1.5037758,0.4449999,1.4689248,0.0000002,0.0348510,1687.717,1084.034,1688.183,1108.069,0.4450000,1.4863503,0.0030000,0.0200000,2,two-pass source-only match; ordinate averaged
347,352,362,0.2,C4,"round-bilge hull, L/B 9",dash-dot,"lower central shoulder, then middle descending branch",low central shoulder and shallow rise,0.450,0.4500000,1.5032181,0.4500002,1.5042035,0.0000002,0.0009855,1701.611,1084.413,1702.056,1084.150,0.4500001,1.5037108,0.0030000,0.0200000,2,two-pass source-only match; ordinate averaged
347,352,362,0.2,C4,"round-bilge hull, L/B 9",dash-dot,"lower central shoulder, then middle descending branch",low central shoulder and shallow rise,0.455,0.4550002,1.4995615,0.4550001,1.5006150,0.0000001,0.0010535,1715.506,1086.898,1715.928,1086.583,0.4550001,1.5000883,0.0030000,0.0200000,2,two-pass source-only match; ordinate averaged
347,352,362,0.2,C4,"round-bilge hull, L/B 9",dash-dot,"lower central shoulder, then middle descending branch",low central shoulder and shallow rise,0.460,0.4600000,1.5053473,0.4600000,1.5063776,0.0000000,0.0010303,1729.400,1082.966,1729.800,1082.676,0.4600000,1.5058624,0.0030000,0.0200000,2,two-pass source-only match; ordinate averaged
347,352,362,0.2,C4,"round-bilge hull, L/B 9",dash-dot,"lower central shoulder, then middle descending branch",low central shoulder and shallow rise,0.465,0.4649998,1.5114509,0.4649999,1.5120457,0.0000001,0.0005949,1743.294,1078.818,1743.672,1078.833,0.4649999,1.5117483,0.0030000,0.0200000,2,two-pass source-only match; ordinate averaged
347,352,362,0.2,C4,"round-bilge hull, L/B 9",dash-dot,"lower central shoulder, then middle descending branch",low central shoulder and shallow rise,0.470,0.4700000,1.5179841,0.4699998,1.5187006,0.0000002,0.0007165,1757.189,1074.378,1757.544,1074.321,0.4699999,1.5183423,0.0030000,0.0200000,2,two-pass source-only match; ordinate averaged
347,352,362,0.2,C4,"round-bilge hull, L/B 9",dash-dot,"lower central shoulder, then middle descending branch",low central shoulder and shallow rise,0.475,0.4749999,1.5192157,0.4750001,1.5197655,0.0000002,0.0005498,1771.083,1073.541,1771.417,1073.599,0.4750000,1.5194906,0.0030000,0.0200000,2,two-pass source-only match; ordinate averaged
347,352,362,0.2,C4,"round-bilge hull, L/B 9",dash-dot,"lower central shoulder, then middle descending branch",low central shoulder and shallow rise,0.480,0.4800001,1.5236301,0.4800000,1.5244543,0.0000000,0.0008242,1784.978,1070.541,1785.289,1070.420,0.4800001,1.5240422,0.0030000,0.0200000,2,two-pass source-only match; ordinate averaged
347,352,362,0.2,C4,"round-bilge hull, L/B 9",dash-dot,"lower central shoulder, then middle descending branch",low central shoulder and shallow rise,0.485,0.4849999,1.5261198,0.4850000,1.5269410,0.0000000,0.0008212,1798.872,1068.849,1799.161,1068.734,0.4849999,1.5265304,0.0030000,0.0200000,2,two-pass source-only match; ordinate averaged
347,352,362,0.2,C4,"round-bilge hull, L/B 9",dash-dot,"lower central shoulder, then middle descending branch",low central shoulder and shallow rise,0.490,0.4900001,1.5284138,0.4899999,1.5290103,0.0000002,0.0005966,1812.767,1067.290,1813.033,1067.331,0.4900000,1.5287120,0.0030000,0.0200000,2,two-pass source-only match; ordinate averaged
347,352,362,0.2,C4,"round-bilge hull, L/B 9",dash-dot,"lower central shoulder, then middle descending branch",low central shoulder and shallow rise,0.495,0.4950000,1.5283211,0.4950002,1.5290221,0.0000002,0.0007011,1826.661,1067.353,1826.906,1067.323,0.4950001,1.5286716,0.0030000,0.0200000,2,two-pass source-only match; ordinate averaged
347,352,362,0.2,C4,"round-bilge hull, L/B 9",dash-dot,"lower central shoulder, then middle descending branch",low central shoulder and shallow rise,0.500,0.5000002,1.5333255,0.5000001,1.5339956,0.0000001,0.0006701,1840.556,1063.952,1840.778,1063.951,0.5000001,1.5336605,0.0030000,0.0200000,2,two-pass source-only match; ordinate averaged
347,352,362,0.2,C4,"round-bilge hull, L/B 9",dash-dot,"lower central shoulder, then middle descending branch",low central shoulder and shallow rise,0.505,0.5050000,1.5360138,0.5050000,1.5372257,0.0000000,0.0012118,1854.450,1062.125,1854.650,1061.761,0.5050000,1.5366197,0.0030000,0.0200000,2,two-pass source-only match; ordinate averaged
347,352,362,0.2,C4,"round-bilge hull, L/B 9",dash-dot,"lower central shoulder, then middle descending branch",low central shoulder and shallow rise,0.510,0.5099998,1.5386904,0.5099999,1.5397212,0.0000001,0.0010308,1868.344,1060.306,1868.522,1060.069,0.5099999,1.5392058,0.0030000,0.0200000,2,two-pass source-only match; ordinate averaged
347,352,362,0.2,C4,"round-bilge hull, L/B 9",dash-dot,"lower central shoulder, then middle descending branch",low central shoulder and shallow rise,0.515,0.5150000,1.5428134,0.5149998,1.5434646,0.0000002,0.0006512,1882.239,1057.504,1882.394,1057.531,0.5149999,1.5431390,0.0030000,0.0200000,2,two-pass source-only match; ordinate averaged
347,352,362,0.2,C4,"round-bilge hull, L/B 9",dash-dot,"lower central shoulder, then middle descending branch",low central shoulder and shallow rise,0.520,0.5199999,1.5462949,0.5200001,1.5467965,0.0000002,0.0005016,1896.133,1055.138,1896.267,1055.272,0.5200000,1.5465457,0.0030000,0.0200000,2,two-pass source-only match; ordinate averaged
347,352,362,0.2,C4,"round-bilge hull, L/B 9",dash-dot,"lower central shoulder, then middle descending branch",low central shoulder and shallow rise,0.525,0.5250001,1.5518938,0.5250000,1.5527021,0.0000000,0.0008083,1910.028,1051.333,1910.139,1051.268,0.5250001,1.5522979,0.0030000,0.0200000,2,two-pass source-only match; ordinate averaged
347,352,362,0.2,C4,"round-bilge hull, L/B 9",dash-dot,"lower central shoulder, then middle descending branch",low central shoulder and shallow rise,0.530,0.5299999,1.5615347,0.5300000,1.5605324,0.0000000,0.0010023,1923.922,1044.781,1924.011,1045.959,0.5299999,1.5610336,0.0030000,0.0200000,2,two-pass source-only match; ordinate averaged
347,352,362,0.2,C4,"round-bilge hull, L/B 9",dash-dot,"lower central shoulder, then middle descending branch",low central shoulder and shallow rise,0.535,0.5350001,1.5649897,0.5349999,1.5659897,0.0000002,0.0010000,1937.817,1042.433,1937.883,1042.259,0.5350000,1.5654897,0.0030000,0.0200000,2,two-pass source-only match; ordinate averaged
347,352,362,0.2,C4,"round-bilge hull, L/B 9",dash-dot,"lower central shoulder, then middle descending branch",low central shoulder and shallow rise,0.540,0.5400000,1.5698131,0.5400002,1.5704454,0.0000002,0.0006323,1951.711,1039.155,1951.756,1039.238,0.5400001,1.5701293,0.0030000,0.0200000,2,two-pass source-only match; ordinate averaged
347,352,362,0.2,C4,"round-bilge hull, L/B 9",dash-dot,"lower central shoulder, then middle descending branch",low central shoulder and shallow rise,0.545,0.5450002,1.5745188,0.5450001,1.5747021,0.0000001,0.0001832,1965.606,1035.957,1965.628,1036.352,0.5450001,1.5746104,0.0030000,0.0200000,2,two-pass source-only match; ordinate averaged
347,352,362,0.2,C4,"round-bilge hull, L/B 9",dash-dot,"lower central shoulder, then middle descending branch",low central shoulder and shallow rise,0.550,0.5500000,1.5931886,0.5500000,1.5997758,0.0000000,0.0065872,1979.500,1023.269,1979.500,1019.352,0.5500000,1.5964822,0.0030000,0.0200000,2,two-pass source-only match; ordinate averaged
347,352,362,0.2,C5,"round-bilge hull, L/B 11",dotted,dotted crest below C2 and C3,dotted crest below the two upper curves,0.350,0.3499999,1.3649676,0.3500000,1.3663215,0.0000000,0.0013539,1423.722,1178.368,1424.611,1177.634,0.3499999,1.3656446,0.0030000,0.0200000,2,two-pass source-only match; ordinate averaged
347,352,362,0.2,C5,"round-bilge hull, L/B 11",dotted,dotted crest below C2 and C3,dotted crest below the two upper curves,0.355,0.3550001,1.2886418,0.3549999,1.2895664,0.0000002,0.0009245,1437.617,1230.239,1438.483,1229.674,0.3550000,1.2891041,0.0030000,0.0200000,2,two-pass source-only match; ordinate averaged
347,352,362,0.2,C5,"round-bilge hull, L/B 11",dotted,dotted crest below C2 and C3,dotted crest below the two upper curves,0.360,0.3600000,1.2665391,0.3600002,1.2664956,0.0000002,0.0000436,1451.511,1245.260,1452.356,1245.316,0.3600001,1.2665174,0.0030000,0.0200000,2,two-pass source-only match; ordinate averaged
347,352,362,0.2,C5,"round-bilge hull, L/B 11",dotted,dotted crest below C2 and C3,dotted crest below the two upper curves,0.365,0.3650002,1.2174662,0.3650001,1.2018864,0.0000001,0.0155797,1465.406,1278.610,1466.228,1289.121,0.3650001,1.2096763,0.0030000,0.0200000,2,two-pass source-only match; ordinate averaged
347,352,362,0.2,C5,"round-bilge hull, L/B 11",dotted,dotted crest below C2 and C3,dotted crest below the two upper curves,0.370,0.3700000,1.1595718,0.3700000,1.1588083,0.0000000,0.0007635,1479.300,1317.955,1480.100,1318.328,0.3700000,1.1591900,0.0030000,0.0200000,2,two-pass source-only match; ordinate averaged
347,352,362,0.2,C5,"round-bilge hull, L/B 11",dotted,dotted crest below C2 and C3,dotted crest below the two upper curves,0.375,0.3749998,1.1165774,0.3749999,1.1139779,0.0000001,0.0025995,1493.194,1347.174,1493.972,1348.723,0.3749999,1.1152776,0.0030000,0.0200000,2,two-pass source-only match; ordinate averaged
347,352,362,0.2,C5,"round-bilge hull, L/B 11",dotted,dotted crest below C2 and C3,dotted crest below the two upper curves,0.380,0.3800000,1.1183049,0.3799998,1.1017581,0.0000002,0.0165468,1507.089,1346.000,1507.844,1357.008,0.3799999,1.1100315,0.0030000,0.0200000,2,two-pass source-only match; ordinate averaged
347,352,362,0.2,C5,"round-bilge hull, L/B 11",dotted,dotted crest below C2 and C3,dotted crest below the two upper curves,0.385,0.3849999,1.1053443,0.3850001,1.1049086,0.0000002,0.0004358,1520.983,1354.808,1521.717,1354.872,0.3850000,1.1051264,0.0030000,0.0200000,2,two-pass source-only match; ordinate averaged
347,352,362,0.2,C5,"round-bilge hull, L/B 11",dotted,dotted crest below C2 and C3,dotted crest below the two upper curves,0.390,0.3900001,1.1056769,0.3900000,1.1048894,0.0000000,0.0007875,1534.878,1354.582,1535.589,1354.885,0.3900001,1.1052831,0.0030000,0.0200000,2,two-pass source-only match; ordinate averaged
347,352,362,0.2,C5,"round-bilge hull, L/B 11",dotted,dotted crest below C2 and C3,dotted crest below the two upper curves,0.395,0.3949999,1.1244438,0.3950000,1.1238909,0.0000000,0.0005529,1548.772,1341.828,1549.461,1342.002,0.3949999,1.1241673,0.0030000,0.0200000,2,two-pass source-only match; ordinate averaged
347,352,362,0.2,C5,"round-bilge hull, L/B 11",dotted,dotted crest below C2 and C3,dotted crest below the two upper curves,0.400,0.4000001,1.1453370,0.3999999,1.1639794,0.0000002,0.0186424,1562.667,1327.629,1563.333,1314.822,0.4000000,1.1546582,0.0030000,0.0200000,2,two-pass source-only match; ordinate averaged
347,352,362,0.2,C5,"round-bilge hull, L/B 11",dotted,dotted crest below C2 and C3,dotted crest below the two upper curves,0.405,0.4050000,1.1653708,0.4050002,1.1660059,0.0000002,0.0006351,1576.561,1314.014,1577.206,1313.448,0.4050001,1.1656884,0.0030000,0.0200000,2,two-pass source-only match; ordinate averaged
347,352,362,0.2,C5,"round-bilge hull, L/B 11",dotted,dotted crest below C2 and C3,dotted crest below the two upper curves,0.410,0.4100002,1.2388655,0.4100001,1.2397802,0.0000001,0.0009147,1590.456,1264.067,1591.078,1263.429,0.4100001,1.2393229,0.0030000,0.0200000,2,two-pass source-only match; ordinate averaged
347,352,362,0.2,C5,"round-bilge hull, L/B 11",dotted,dotted crest below C2 and C3,dotted crest below the two upper curves,0.415,0.4150000,1.2599720,0.4150000,1.2543510,0.0000000,0.0056210,1604.350,1249.723,1604.950,1253.550,0.4150000,1.2571615,0.0030000,0.0200000,2,two-pass source-only match; ordinate averaged
347,352,362,0.2,C5,"round-bilge hull, L/B 11",dotted,dotted crest below C2 and C3,dotted crest below the two upper curves,0.420,0.4199998,1.3410697,0.4199999,1.3428068,0.0000001,0.0017370,1618.244,1194.609,1618.822,1193.577,0.4199999,1.3419383,0.0030000,0.0200000,2,two-pass source-only match; ordinate averaged
347,352,362,0.2,C5,"round-bilge hull, L/B 11",dotted,dotted crest below C2 and C3,dotted crest below the two upper curves,0.425,0.4250000,1.3688184,0.4249998,1.3581711,0.0000002,0.0106473,1632.139,1175.751,1632.694,1183.160,0.4249999,1.3634948,0.0030000,0.0200000,2,two-pass source-only match; ordinate averaged
347,352,362,0.2,C5,"round-bilge hull, L/B 11",dotted,dotted crest below C2 and C3,dotted crest below the two upper curves,0.430,0.4299999,1.4286786,0.4300001,1.4298702,0.0000002,0.0011916,1646.033,1135.070,1646.567,1134.548,0.4300000,1.4292744,0.0030000,0.0200000,2,two-pass source-only match; ordinate averaged
347,352,362,0.2,C5,"round-bilge hull, L/B 11",dotted,dotted crest below C2 and C3,dotted crest below the two upper curves,0.435,0.4350001,1.4458770,0.4350000,1.4452153,0.0000000,0.0006616,1659.928,1123.382,1660.439,1124.144,0.4350001,1.4455462,0.0030000,0.0200000,2,two-pass source-only match; ordinate averaged
347,352,362,0.2,C5,"round-bilge hull, L/B 11",dotted,dotted crest below C2 and C3,dotted crest below the two upper curves,0.440,0.4399999,1.5067863,0.4400000,1.5072876,0.0000000,0.0005013,1673.822,1081.988,1674.311,1082.059,0.4399999,1.5070370,0.0030000,0.0200000,2,two-pass source-only match; ordinate averaged
347,352,362,0.2,C5,"round-bilge hull, L/B 11",dotted,dotted crest below C2 and C3,dotted crest below the two upper curves,0.445,0.4450001,1.5454076,0.4449999,1.5461917,0.0000002,0.0007841,1687.717,1055.741,1688.183,1055.682,0.4450000,1.5457997,0.0030000,0.0200000,2,two-pass source-only match; ordinate averaged
347,352,362,0.2,C5,"round-bilge hull, L/B 11",dotted,dotted crest below C2 and C3,dotted crest below the two upper curves,0.450,0.4500000,1.6236521,0.4500002,1.5551740,0.0000002,0.0684781,1701.611,1002.566,1702.056,1049.592,0.4500001,1.5894131,0.0030000,0.0342391,2,two-pass source-only match; ordinate averaged
347,352,362,0.2,C5,"round-bilge hull, L/B 11",dotted,dotted crest below C2 and C3,dotted crest below the two upper curves,0.455,0.4550002,1.6171542,0.4550001,1.5981962,0.0000001,0.0189580,1715.506,1006.982,1715.928,1020.423,0.4550001,1.6076752,0.0030000,0.0200000,2,two-pass source-only match; ordinate averaged
347,352,362,0.2,C5,"round-bilge hull, L/B 11",dotted,dotted crest below C2 and C3,dotted crest below the two upper curves,0.460,0.4600000,1.6591760,0.4600000,1.6073555,0.0000000,0.0518205,1729.400,978.424,1729.800,1014.213,0.4600000,1.6332657,0.0030000,0.0259103,2,two-pass source-only match; ordinate averaged
347,352,362,0.2,C5,"round-bilge hull, L/B 11",dotted,dotted crest below C2 and C3,dotted crest below the two upper curves,0.465,0.4649998,1.6294026,0.4649999,1.6263599,0.0000001,0.0030427,1743.294,998.658,1743.672,1001.328,0.4649999,1.6278812,0.0030000,0.0200000,2,two-pass source-only match; ordinate averaged
347,352,362,0.2,C5,"round-bilge hull, L/B 11",dotted,dotted crest below C2 and C3,dotted crest below the two upper curves,0.470,0.4700000,1.6627428,0.4699998,1.6622021,0.0000002,0.0005407,1757.189,976.000,1757.544,977.027,0.4699999,1.6624724,0.0030000,0.0200000,2,two-pass source-only match; ordinate averaged
347,352,362,0.2,C5,"round-bilge hull, L/B 11",dotted,dotted crest below C2 and C3,dotted crest below the two upper curves,0.475,0.4749999,1.6694173,0.4750001,1.6693230,0.0000002,0.0000943,1771.083,971.464,1771.417,972.199,0.4750000,1.6693702,0.0030000,0.0200000,2,two-pass source-only match; ordinate averaged
347,352,362,0.2,C5,"round-bilge hull, L/B 11",dotted,dotted crest below C2 and C3,dotted crest below the two upper curves,0.480,0.4800001,1.6724441,0.4800000,1.6730118,0.0000000,0.0005677,1784.978,969.407,1785.289,969.698,0.4800001,1.6727279,0.0030000,0.0200000,2,two-pass source-only match; ordinate averaged
347,352,362,0.2,C5,"round-bilge hull, L/B 11",dotted,dotted crest below C2 and C3,dotted crest below the two upper curves,0.485,0.4849999,1.7335138,0.4850000,1.7081888,0.0000000,0.0253250,1798.872,927.904,1799.161,945.848,0.4849999,1.7208513,0.0030000,0.0200000,2,two-pass source-only match; ordinate averaged
347,352,362,0.2,C5,"round-bilge hull, L/B 11",dotted,dotted crest below C2 and C3,dotted crest below the two upper curves,0.490,0.4900001,1.7452796,0.4899999,1.7241888,0.0000002,0.0210908,1812.767,919.908,1813.033,935.000,0.4900000,1.7347342,0.0030000,0.0200000,2,two-pass source-only match; ordinate averaged
347,352,362,0.2,C5,"round-bilge hull, L/B 11",dotted,dotted crest below C2 and C3,dotted crest below the two upper curves,0.495,0.4950000,1.7525839,0.4950002,1.6784661,0.0000002,0.0741178,1826.661,914.944,1826.906,966.000,0.4950001,1.7155250,0.0030000,0.0370589,2,two-pass source-only match; ordinate averaged
347,352,362,0.2,C5,"round-bilge hull, L/B 11",dotted,dotted crest below C2 and C3,dotted crest below the two upper curves,0.500,0.5000002,1.7498808,0.5000001,1.7400516,0.0000001,0.0098292,1840.556,916.781,1840.778,924.245,0.5000001,1.7449662,0.0030000,0.0200000,2,two-pass source-only match; ordinate averaged
347,352,362,0.2,C5,"round-bilge hull, L/B 11",dotted,dotted crest below C2 and C3,dotted crest below the two upper curves,0.505,0.5050000,1.7315597,0.5050000,1.7289587,0.0000000,0.0026010,1854.450,929.232,1854.650,931.766,0.5050000,1.7302592,0.0030000,0.0200000,2,two-pass source-only match; ordinate averaged
347,352,362,0.2,C5,"round-bilge hull, L/B 11",dotted,dotted crest below C2 and C3,dotted crest below the two upper curves,0.510,0.5099998,1.7168378,0.5099999,1.7122906,0.0000001,0.0045473,1868.344,939.237,1868.522,943.067,0.5099999,1.7145642,0.0030000,0.0200000,2,two-pass source-only match; ordinate averaged
347,352,362,0.2,C5,"round-bilge hull, L/B 11",dotted,dotted crest below C2 and C3,dotted crest below the two upper curves,0.515,0.5150000,1.7063052,0.5149998,1.6996858,0.0000002,0.0066193,1882.239,946.395,1882.394,951.613,0.5149999,1.7029955,0.0030000,0.0200000,2,two-pass source-only match; ordinate averaged
347,352,362,0.2,C5,"round-bilge hull, L/B 11",dotted,dotted crest below C2 and C3,dotted crest below the two upper curves,0.520,0.5199999,1.6899912,0.5200001,1.6941283,0.0000002,0.0041371,1896.133,957.482,1896.267,955.381,0.5200000,1.6920597,0.0030000,0.0200000,2,two-pass source-only match; ordinate averaged
347,352,362,0.2,C5,"round-bilge hull, L/B 11",dotted,dotted crest below C2 and C3,dotted crest below the two upper curves,0.525,0.5250001,1.6642628,0.5250000,1.6643038,0.0000000,0.0000410,1910.028,974.967,1910.139,975.602,0.5250001,1.6642833,0.0030000,0.0200000,2,two-pass source-only match; ordinate averaged
347,352,362,0.2,C5,"round-bilge hull, L/B 11",dotted,dotted crest below C2 and C3,dotted crest below the two upper curves,0.530,0.5299999,1.6563861,0.5300000,1.6584307,0.0000000,0.0020446,1923.922,980.320,1924.011,979.584,0.5299999,1.6574084,0.0030000,0.0200000,2,two-pass source-only match; ordinate averaged
347,352,362,0.2,C5,"round-bilge hull, L/B 11",dotted,dotted crest below C2 and C3,dotted crest below the two upper curves,0.535,0.5350001,1.6361639,0.5349999,1.6370428,0.0000002,0.0008789,1937.817,994.063,1937.883,994.085,0.5350000,1.6366033,0.0030000,0.0200000,2,two-pass source-only match; ordinate averaged
347,352,362,0.2,C5,"round-bilge hull, L/B 11",dotted,dotted crest below C2 and C3,dotted crest below the two upper curves,0.540,0.5400000,1.6242025,0.5400002,1.6252316,0.0000002,0.0010291,1951.711,1002.192,1951.756,1002.093,0.5400001,1.6247170,0.0030000,0.0200000,2,two-pass source-only match; ordinate averaged
347,352,362,0.2,C5,"round-bilge hull, L/B 11",dotted,dotted crest below C2 and C3,dotted crest below the two upper curves,0.545,0.5450002,1.6098411,0.5450001,1.6066652,0.0000001,0.0031759,1965.606,1011.952,1965.628,1014.681,0.5450001,1.6082531,0.0030000,0.0200000,2,two-pass source-only match; ordinate averaged
347,352,362,0.2,C5,"round-bilge hull, L/B 11",dotted,dotted crest below C2 and C3,dotted crest below the two upper curves,0.550,0.5500000,1.5986639,0.5500000,1.6005413,0.0000000,0.0018774,1979.500,1019.548,1979.500,1018.833,0.5500000,1.5996026,0.0030000,0.0200000,2,two-pass source-only match; ordinate averaged
348,352,362,0.3,C2,Wigley hull,solid,solid crest below dashed C3,solid principal crest below C3,0.350,0.3499999,1.0882382,0.3500000,1.0875899,0.0000000,0.0006483,1423.722,3686.998,1424.611,3687.179,0.3499999,1.0879141,0.0030000,0.0200000,2,two-pass source-only match; ordinate averaged
348,352,362,0.3,C2,Wigley hull,solid,solid crest below dashed C3,solid principal crest below C3,0.355,0.3550001,1.0083191,0.3549999,1.0073673,0.0000002,0.0009518,1437.617,3741.343,1438.483,3741.602,0.3550000,1.0078432,0.0030000,0.0200000,2,two-pass source-only match; ordinate averaged
348,352,362,0.3,C2,Wigley hull,solid,solid crest below dashed C3,solid principal crest below C3,0.360,0.3600000,0.9485294,0.3600002,0.9463443,0.0000002,0.0021851,1451.511,3782.000,1452.356,3783.000,0.3600001,0.9474369,0.0030000,0.0200000,2,two-pass source-only match; ordinate averaged
348,352,362,0.3,C2,Wigley hull,solid,solid crest below dashed C3,solid principal crest below C3,0.365,0.3650002,0.8441176,0.3650001,0.8505307,0.0000001,0.0064130,1465.406,3853.000,1466.228,3848.000,0.3650001,0.8473242,0.0030000,0.0200000,2,two-pass source-only match; ordinate averaged
348,352,362,0.3,C2,Wigley hull,solid,solid crest below dashed C3,solid principal crest below C3,0.370,0.3700000,0.8161574,0.3700000,0.8180336,0.0000000,0.0018763,1479.300,3872.013,1480.100,3870.046,0.3700000,0.8170955,0.0030000,0.0200000,2,two-pass source-only match; ordinate averaged
348,352,362,0.3,C2,Wigley hull,solid,solid crest below dashed C3,solid principal crest below C3,0.375,0.3749998,0.7529412,0.3749999,0.7488208,0.0000001,0.0041204,1493.194,3915.000,1493.972,3917.000,0.3749999,0.7508810,0.0030000,0.0200000,2,two-pass source-only match; ordinate averaged
348,352,362,0.3,C2,Wigley hull,solid,solid crest below dashed C3,solid principal crest below C3,0.380,0.3800000,0.8529412,0.3799998,0.8475825,0.0000002,0.0053586,1507.089,3847.000,1507.844,3850.000,0.3799999,0.8502619,0.0030000,0.0200000,2,two-pass source-only match; ordinate averaged
348,352,362,0.3,C2,Wigley hull,solid,solid crest below dashed C3,solid principal crest below C3,0.385,0.3849999,0.9411765,0.3850001,0.9375000,0.0000002,0.0036765,1520.983,3787.000,1521.717,3789.000,0.3850000,0.9393382,0.0030000,0.0200000,2,two-pass source-only match; ordinate averaged
348,352,362,0.3,C2,Wigley hull,solid,solid crest below dashed C3,solid principal crest below C3,0.390,0.3900001,1.1000000,0.3900000,1.0981722,0.0000000,0.0018278,1534.878,3679.000,1535.589,3680.000,0.3900001,1.0990861,0.0030000,0.0200000,2,two-pass source-only match; ordinate averaged
348,352,362,0.3,C2,Wigley hull,solid,solid crest below dashed C3,solid principal crest below C3,0.395,0.3949999,1.2035485,0.3950000,1.2008373,0.0000000,0.0027113,1548.772,3608.587,1549.461,3610.352,0.3949999,1.2021929,0.0030000,0.0200000,2,two-pass source-only match; ordinate averaged
348,352,362,0.3,C2,Wigley hull,solid,solid crest below dashed C3,solid principal crest below C3,0.400,0.4000001,1.2990324,0.3999999,1.3040654,0.0000002,0.0050331,1562.667,3543.658,1563.333,3540.322,0.4000000,1.3015489,0.0030000,0.0200000,2,two-pass source-only match; ordinate averaged
348,352,362,0.3,C2,Wigley hull,solid,solid crest below dashed C3,solid principal crest below C3,0.405,0.4050000,1.3352809,0.4050002,1.3338193,0.0000002,0.0014616,1576.561,3519.009,1577.206,3520.137,0.4050001,1.3345501,0.0030000,0.0200000,2,two-pass source-only match; ordinate averaged
348,352,362,0.3,C2,Wigley hull,solid,solid crest below dashed C3,solid principal crest below C3,0.410,0.4100002,1.3667088,0.4100001,1.3901135,0.0000001,0.0234047,1590.456,3497.638,1591.078,3481.947,0.4100001,1.3784112,0.0030000,0.0200000,2,two-pass source-only match; ordinate averaged
348,352,362,0.3,C2,Wigley hull,solid,solid crest below dashed C3,solid principal crest below C3,0.415,0.4150000,1.4037074,0.4150000,1.4108004,0.0000000,0.0070931,1604.350,3472.479,1604.950,3467.913,0.4150000,1.4072539,0.0030000,0.0200000,2,two-pass source-only match; ordinate averaged
348,352,362,0.3,C2,Wigley hull,solid,solid crest below dashed C3,solid principal crest below C3,0.420,0.4199998,1.4511426,0.4199999,1.4490286,0.0000001,0.0021141,1618.244,3440.223,1618.822,3441.979,0.4199999,1.4500856,0.0030000,0.0200000,2,two-pass source-only match; ordinate averaged
348,352,362,0.3,C2,Wigley hull,solid,solid crest below dashed C3,solid principal crest below C3,0.425,0.4250000,1.5458632,0.4249998,1.5442114,0.0000002,0.0016519,1632.139,3375.813,1632.694,3377.407,0.4249999,1.5450373,0.0030000,0.0200000,2,two-pass source-only match; ordinate averaged
348,352,362,0.3,C2,Wigley hull,solid,solid crest below dashed C3,solid principal crest below C3,0.430,0.4299999,1.5508147,0.4300001,1.5512692,0.0000002,0.0004545,1646.033,3372.446,1646.567,3372.619,0.4300000,1.5510419,0.0030000,0.0200000,2,two-pass source-only match; ordinate averaged
348,352,362,0.3,C2,Wigley hull,solid,solid crest below dashed C3,solid principal crest below C3,0.435,0.4350001,1.5562529,0.4350000,1.5568278,0.0000000,0.0005749,1659.928,3368.748,1660.439,3368.848,0.4350001,1.5565404,0.0030000,0.0200000,2,two-pass source-only match; ordinate averaged
348,352,362,0.3,C2,Wigley hull,solid,solid crest below dashed C3,solid principal crest below C3,0.440,0.4399999,1.5592338,0.4400000,1.5604245,0.0000000,0.0011907,1673.822,3366.721,1674.311,3366.408,0.4399999,1.5598292,0.0030000,0.0200000,2,two-pass source-only match; ordinate averaged
348,352,362,0.3,C2,Wigley hull,solid,solid crest below dashed C3,solid principal crest below C3,0.445,0.4450001,1.5566676,0.4449999,1.5575236,0.0000002,0.0008559,1687.717,3368.466,1688.183,3368.376,0.4450000,1.5570956,0.0030000,0.0200000,2,two-pass source-only match; ordinate averaged
348,352,362,0.3,C2,Wigley hull,solid,solid crest below dashed C3,solid principal crest below C3,0.450,0.4500000,1.5530235,0.4500002,1.5343042,0.0000002,0.0187193,1701.611,3370.944,1702.056,3384.128,0.4500001,1.5436639,0.0030000,0.0200000,2,two-pass source-only match; ordinate averaged
348,352,362,0.3,C2,Wigley hull,solid,solid crest below dashed C3,solid principal crest below C3,0.455,0.4550002,1.5398235,0.4550001,1.5408712,0.0000001,0.0010476,1715.506,3379.920,1715.928,3379.673,0.4550001,1.5403473,0.0030000,0.0200000,2,two-pass source-only match; ordinate averaged
348,352,362,0.3,C2,Wigley hull,solid,solid crest below dashed C3,solid principal crest below C3,0.460,0.4600000,1.5350265,0.4600000,1.5353685,0.0000000,0.0003420,1729.400,3383.182,1729.800,3383.406,0.4600000,1.5351975,0.0030000,0.0200000,2,two-pass source-only match; ordinate averaged
348,352,362,0.3,C2,Wigley hull,solid,solid crest below dashed C3,solid principal crest below C3,0.465,0.4649998,1.5251853,0.4649999,1.5235038,0.0000001,0.0016815,1743.294,3389.874,1743.672,3391.455,0.4649999,1.5243446,0.0030000,0.0200000,2,two-pass source-only match; ordinate averaged
348,352,362,0.3,C2,Wigley hull,solid,solid crest below dashed C3,solid principal crest below C3,0.470,0.4700000,1.5166838,0.4699998,1.5178361,0.0000002,0.0011523,1757.189,3395.655,1757.544,3395.300,0.4699999,1.5172600,0.0030000,0.0200000,2,two-pass source-only match; ordinate averaged
348,352,362,0.3,C2,Wigley hull,solid,solid crest below dashed C3,solid principal crest below C3,0.475,0.4749999,1.5064279,0.4750001,1.5026002,0.0000002,0.0038277,1771.083,3402.629,1771.417,3405.636,0.4750000,1.5045141,0.0030000,0.0200000,2,two-pass source-only match; ordinate averaged
348,352,362,0.3,C2,Wigley hull,solid,solid crest below dashed C3,solid principal crest below C3,0.480,0.4800001,1.4950294,0.4800000,1.4957857,0.0000000,0.0007563,1784.978,3410.380,1785.289,3410.259,0.4800001,1.4954075,0.0030000,0.0200000,2,two-pass source-only match; ordinate averaged
348,352,362,0.3,C2,Wigley hull,solid,solid crest below dashed C3,solid principal crest below C3,0.485,0.4849999,1.4806162,0.4850000,1.4729068,0.0000000,0.0077093,1798.872,3420.181,1799.161,3425.780,0.4849999,1.4767615,0.0030000,0.0200000,2,two-pass source-only match; ordinate averaged
348,352,362,0.3,C2,Wigley hull,solid,solid crest below dashed C3,solid principal crest below C3,0.490,0.4900001,1.4667191,0.4899999,1.4620077,0.0000002,0.0047115,1812.767,3429.631,1813.033,3433.174,0.4900000,1.4643634,0.0030000,0.0200000,2,two-pass source-only match; ordinate averaged
348,352,362,0.3,C2,Wigley hull,solid,solid crest below dashed C3,solid principal crest below C3,0.495,0.4950000,1.5000000,0.4950002,1.4442527,0.0000002,0.0557473,1826.661,3407.000,1826.906,3445.219,0.4950001,1.4721263,0.0030000,0.0278737,2,two-pass source-only match; ordinate averaged
348,352,362,0.3,C2,Wigley hull,solid,solid crest below dashed C3,solid principal crest below C3,0.500,0.5000002,1.5034485,0.5000001,1.4319340,0.0000001,0.0715146,1840.556,3404.655,1840.778,3453.576,0.5000001,1.4676912,0.0030000,0.0357573,2,two-pass source-only match; ordinate averaged
348,352,362,0.3,C2,Wigley hull,solid,solid crest below dashed C3,solid principal crest below C3,0.505,0.5050000,1.4602941,0.5050000,1.4504717,0.0000000,0.0098224,1854.450,3434.000,1854.650,3441.000,0.5050000,1.4553829,0.0030000,0.0200000,2,two-pass source-only match; ordinate averaged
348,352,362,0.3,C2,Wigley hull,solid,solid crest below dashed C3,solid principal crest below C3,0.510,0.5099998,1.4397059,0.5099999,1.3918264,0.0000001,0.0478795,1868.344,3448.000,1868.522,3480.785,0.5099999,1.4157661,0.0030000,0.0239398,2,two-pass source-only match; ordinate averaged
348,352,362,0.3,C2,Wigley hull,solid,solid crest below dashed C3,solid principal crest below C3,0.515,0.5150000,1.4205882,0.5149998,1.3727432,0.0000002,0.0478450,1882.239,3461.000,1882.394,3493.731,0.5149999,1.3966657,0.0030000,0.0239225,2,two-pass source-only match; ordinate averaged
348,352,362,0.3,C2,Wigley hull,solid,solid crest below dashed C3,solid principal crest below C3,0.520,0.5199999,1.4000000,0.5200001,1.3538340,0.0000002,0.0461660,1896.133,3475.000,1896.267,3506.559,0.5200000,1.3769170,0.0030000,0.0230830,2,two-pass source-only match; ordinate averaged
348,352,362,0.3,C2,Wigley hull,solid,solid crest below dashed C3,solid principal crest below C3,0.525,0.5250001,1.3432088,0.5250000,1.3379201,0.0000000,0.0052887,1910.028,3513.618,1910.139,3517.355,0.5250001,1.3405645,0.0030000,0.0200000,2,two-pass source-only match; ordinate averaged
348,352,362,0.3,C2,Wigley hull,solid,solid crest below dashed C3,solid principal crest below C3,0.530,0.5299999,1.3305809,0.5300000,1.3248172,0.0000000,0.0057637,1923.922,3522.205,1924.011,3526.244,0.5299999,1.3276990,0.0030000,0.0200000,2,two-pass source-only match; ordinate averaged
348,352,362,0.3,C2,Wigley hull,solid,solid crest below dashed C3,solid principal crest below C3,0.535,0.5350001,1.3204809,0.5349999,1.3205189,0.0000002,0.0000380,1937.817,3529.073,1937.883,3529.160,0.5350000,1.3204999,0.0030000,0.0200000,2,two-pass source-only match; ordinate averaged
348,352,362,0.3,C2,Wigley hull,solid,solid crest below dashed C3,solid principal crest below C3,0.540,0.5400000,1.3151176,0.5400002,1.3149322,0.0000002,0.0001855,1951.711,3532.720,1951.756,3532.950,0.5400001,1.3150249,0.0030000,0.0200000,2,two-pass source-only match; ordinate averaged
348,352,362,0.3,C2,Wigley hull,solid,solid crest below dashed C3,solid principal crest below C3,0.545,0.5450002,1.3100868,0.5450001,1.3093735,0.0000001,0.0007132,1965.606,3536.141,1965.628,3536.721,0.5450001,1.3097301,0.0030000,0.0200000,2,two-pass source-only match; ordinate averaged
348,352,362,0.3,C2,Wigley hull,solid,solid crest below dashed C3,solid principal crest below C3,0.550,0.5500000,1.3001206,0.5500000,1.3030778,0.0000000,0.0029572,1979.500,3542.918,1979.500,3540.992,0.5500000,1.3015992,0.0030000,0.0200000,2,two-pass source-only match; ordinate averaged
348,352,362,0.3,C3,"round-bilge hull, L/B 7",long dashed,highest broad crest and rightmost peak,uppermost broad principal crest,0.350,0.3499999,1.2906103,0.3500000,1.2902712,0.0000000,0.0003391,1423.722,3549.385,1424.611,3549.680,0.3499999,1.2904408,0.0030000,0.0200000,2,two-pass source-only match; ordinate averaged
348,352,362,0.3,C3,"round-bilge hull, L/B 7",long dashed,highest broad crest and rightmost peak,uppermost broad principal crest,0.355,0.3550001,1.2872574,0.3549999,1.2860392,0.0000002,0.0012181,1437.617,3551.665,1438.483,3552.551,0.3550000,1.2866483,0.0030000,0.0200000,2,two-pass source-only match; ordinate averaged
348,352,362,0.3,C3,"round-bilge hull, L/B 7",long dashed,highest broad crest and rightmost peak,uppermost broad principal crest,0.360,0.3600000,1.2706529,0.3600002,1.1998821,0.0000002,0.0707709,1451.511,3562.956,1452.356,3611.000,0.3600001,1.2352675,0.0030000,0.0353854,2,two-pass source-only match; ordinate averaged
348,352,362,0.3,C3,"round-bilge hull, L/B 7",long dashed,highest broad crest and rightmost peak,uppermost broad principal crest,0.365,0.3650002,1.2411765,0.3650001,1.2396816,0.0000001,0.0014949,1465.406,3583.000,1466.228,3584.000,0.3650001,1.2404290,0.0030000,0.0200000,2,two-pass source-only match; ordinate averaged
348,352,362,0.3,C3,"round-bilge hull, L/B 7",long dashed,highest broad crest and rightmost peak,uppermost broad principal crest,0.370,0.3700000,1.2361544,0.3700000,1.2286955,0.0000000,0.0074590,1479.300,3586.415,1480.100,3591.453,0.3700000,1.2324249,0.0030000,0.0200000,2,two-pass source-only match; ordinate averaged
348,352,362,0.3,C3,"round-bilge hull, L/B 7",long dashed,highest broad crest and rightmost peak,uppermost broad principal crest,0.375,0.3749998,1.2164382,0.3749999,1.1499573,0.0000001,0.0664810,1493.194,3599.822,1493.972,3644.869,0.3749999,1.1831977,0.0030000,0.0332405,2,two-pass source-only match; ordinate averaged
348,352,362,0.3,C3,"round-bilge hull, L/B 7",long dashed,highest broad crest and rightmost peak,uppermost broad principal crest,0.380,0.3800000,1.2073794,0.3799998,1.1393013,0.0000002,0.0680781,1507.089,3605.982,1507.844,3652.098,0.3799999,1.1733404,0.0030000,0.0340391,2,two-pass source-only match; ordinate averaged
348,352,362,0.3,C3,"round-bilge hull, L/B 7",long dashed,highest broad crest and rightmost peak,uppermost broad principal crest,0.385,0.3849999,1.1953809,0.3850001,1.1942114,0.0000002,0.0011695,1520.983,3614.141,1521.717,3614.847,0.3850000,1.1947961,0.0030000,0.0200000,2,two-pass source-only match; ordinate averaged
348,352,362,0.3,C3,"round-bilge hull, L/B 7",long dashed,highest broad crest and rightmost peak,uppermost broad principal crest,0.390,0.3900001,1.1944235,0.3900000,1.1927358,0.0000000,0.0016877,1534.878,3614.792,1535.589,3615.848,0.3900001,1.1935797,0.0030000,0.0200000,2,two-pass source-only match; ordinate averaged
348,352,362,0.3,C3,"round-bilge hull, L/B 7",long dashed,highest broad crest and rightmost peak,uppermost broad principal crest,0.395,0.3949999,1.1908147,0.3950000,1.1900811,0.0000000,0.0007336,1548.772,3617.246,1549.461,3617.649,0.3949999,1.1904479,0.0030000,0.0200000,2,two-pass source-only match; ordinate averaged
348,352,362,0.3,C3,"round-bilge hull, L/B 7",long dashed,highest broad crest and rightmost peak,uppermost broad principal crest,0.400,0.4000001,1.1294118,0.3999999,1.1306014,0.0000002,0.0011897,1562.667,3659.000,1563.333,3658.000,0.4000000,1.1300066,0.0030000,0.0200000,2,two-pass source-only match; ordinate averaged
348,352,362,0.3,C3,"round-bilge hull, L/B 7",long dashed,highest broad crest and rightmost peak,uppermost broad principal crest,0.405,0.4050000,1.1955882,0.4050002,1.2264151,0.0000002,0.0308269,1576.561,3614.000,1577.206,3593.000,0.4050001,1.2110017,0.0030000,0.0200000,2,two-pass source-only match; ordinate averaged
348,352,362,0.3,C3,"round-bilge hull, L/B 7",long dashed,highest broad crest and rightmost peak,uppermost broad principal crest,0.410,0.4100002,1.2426471,0.4100001,1.2382075,0.0000001,0.0044395,1590.456,3582.000,1591.078,3585.000,0.4100001,1.2404273,0.0030000,0.0200000,2,two-pass source-only match; ordinate averaged
348,352,362,0.3,C3,"round-bilge hull, L/B 7",long dashed,highest broad crest and rightmost peak,uppermost broad principal crest,0.415,0.4150000,1.2882353,0.4150000,1.2824292,0.0000000,0.0058060,1604.350,3551.000,1604.950,3555.000,0.4150000,1.2853323,0.0030000,0.0200000,2,two-pass source-only match; ordinate averaged
348,352,362,0.3,C3,"round-bilge hull, L/B 7",long dashed,highest broad crest and rightmost peak,uppermost broad principal crest,0.420,0.4199998,1.3338235,0.4199999,1.3266509,0.0000001,0.0071726,1618.244,3520.000,1618.822,3525.000,0.4199999,1.3302372,0.0030000,0.0200000,2,two-pass source-only match; ordinate averaged
348,352,362,0.3,C3,"round-bilge hull, L/B 7",long dashed,highest broad crest and rightmost peak,uppermost broad principal crest,0.425,0.4250000,1.3794118,0.4249998,1.4018278,0.0000002,0.0224161,1632.139,3489.000,1632.694,3474.000,0.4249999,1.3906198,0.0030000,0.0200000,2,two-pass source-only match; ordinate averaged
348,352,362,0.3,C3,"round-bilge hull, L/B 7",long dashed,highest broad crest and rightmost peak,uppermost broad principal crest,0.430,0.4299999,1.4485294,0.4300001,1.4386792,0.0000002,0.0098502,1646.033,3442.000,1646.567,3449.000,0.4300000,1.4436043,0.0030000,0.0200000,2,two-pass source-only match; ordinate averaged
348,352,362,0.3,C3,"round-bilge hull, L/B 7",long dashed,highest broad crest and rightmost peak,uppermost broad principal crest,0.435,0.4350001,1.4868735,0.4350000,1.4622361,0.0000000,0.0246374,1659.928,3415.926,1660.439,3433.019,0.4350001,1.4745548,0.0030000,0.0200000,2,two-pass source-only match; ordinate averaged
348,352,362,0.3,C3,"round-bilge hull, L/B 7",long dashed,highest broad crest and rightmost peak,uppermost broad principal crest,0.440,0.4399999,1.5100868,0.4400000,1.5095091,0.0000000,0.0005776,1673.822,3400.141,1674.311,3400.949,0.4399999,1.5097980,0.0030000,0.0200000,2,two-pass source-only match; ordinate averaged
348,352,362,0.3,C3,"round-bilge hull, L/B 7",long dashed,highest broad crest and rightmost peak,uppermost broad principal crest,0.445,0.4450001,1.5566500,0.4449999,1.5272936,0.0000002,0.0293564,1687.717,3368.478,1688.183,3388.884,0.4450000,1.5419718,0.0030000,0.0200000,2,two-pass source-only match; ordinate averaged
348,352,362,0.3,C3,"round-bilge hull, L/B 7",long dashed,highest broad crest and rightmost peak,uppermost broad principal crest,0.450,0.4500000,1.5530235,0.4500002,1.5537559,0.0000002,0.0007324,1701.611,3370.944,1702.056,3370.932,0.4500001,1.5533897,0.0030000,0.0200000,2,two-pass source-only match; ordinate averaged
348,352,362,0.3,C3,"round-bilge hull, L/B 7",long dashed,highest broad crest and rightmost peak,uppermost broad principal crest,0.455,0.4550002,1.5473985,0.4550001,1.5414549,0.0000001,0.0059436,1715.506,3374.769,1715.928,3379.277,0.4550001,1.5444267,0.0030000,0.0200000,2,two-pass source-only match; ordinate averaged
348,352,362,0.3,C3,"round-bilge hull, L/B 7",long dashed,highest broad crest and rightmost peak,uppermost broad principal crest,0.460,0.4600000,1.6073529,0.4600000,1.5978774,0.0000000,0.0094756,1729.400,3334.000,1729.800,3341.000,0.4600000,1.6026151,0.0030000,0.0200000,2,two-pass source-only match; ordinate averaged
348,352,362,0.3,C3,"round-bilge hull, L/B 7",long dashed,highest broad crest and rightmost peak,uppermost broad principal crest,0.465,0.4649998,1.6323529,0.4649999,1.6214623,0.0000001,0.0108907,1743.294,3317.000,1743.672,3325.000,0.4649999,1.6269076,0.0030000,0.0200000,2,two-pass source-only match; ordinate averaged
348,352,362,0.3,C3,"round-bilge hull, L/B 7",long dashed,highest broad crest and rightmost peak,uppermost broad principal crest,0.470,0.4700000,1.6558824,0.4699998,1.6465212,0.0000002,0.0093611,1757.189,3301.000,1757.544,3308.000,0.4699999,1.6512018,0.0030000,0.0200000,2,two-pass source-only match; ordinate averaged
348,352,362,0.3,C3,"round-bilge hull, L/B 7",long dashed,highest broad crest and rightmost peak,uppermost broad principal crest,0.475,0.4749999,1.6963074,0.4750001,1.6972715,0.0000002,0.0009642,1771.083,3273.511,1771.417,3273.571,0.4750000,1.6967894,0.0030000,0.0200000,2,two-pass source-only match; ordinate averaged
348,352,362,0.3,C3,"round-bilge hull, L/B 7",long dashed,highest broad crest and rightmost peak,uppermost broad principal crest,0.480,0.4800001,1.6892559,0.4800000,1.6909390,0.0000000,0.0016831,1784.978,3278.306,1785.289,3277.867,0.4800001,1.6900974,0.0030000,0.0200000,2,two-pass source-only match; ordinate averaged
348,352,362,0.3,C3,"round-bilge hull, L/B 7",long dashed,highest broad crest and rightmost peak,uppermost broad principal crest,0.485,0.4849999,1.6590059,0.4850000,1.6589637,0.0000000,0.0000421,1798.872,3298.876,1799.161,3299.559,0.4849999,1.6589848,0.0030000,0.0200000,2,two-pass source-only match; ordinate averaged
348,352,362,0.3,C3,"round-bilge hull, L/B 7",long dashed,highest broad crest and rightmost peak,uppermost broad principal crest,0.490,0.4900001,1.6528426,0.4899999,1.6549853,0.0000002,0.0021426,1812.767,3303.067,1813.033,3302.258,0.4900000,1.6539140,0.0030000,0.0200000,2,two-pass source-only match; ordinate averaged
348,352,362,0.3,C3,"round-bilge hull, L/B 7",long dashed,highest broad crest and rightmost peak,uppermost broad principal crest,0.495,0.4950000,1.6347706,0.4950002,1.6392541,0.0000002,0.0044835,1826.661,3315.356,1826.906,3312.930,0.4950001,1.6370124,0.0030000,0.0200000,2,two-pass source-only match; ordinate averaged
348,352,362,0.3,C3,"round-bilge hull, L/B 7",long dashed,highest broad crest and rightmost peak,uppermost broad principal crest,0.500,0.5000002,1.6323529,0.5000001,1.6332547,0.0000001,0.0009018,1840.556,3317.000,1840.778,3317.000,0.5000001,1.6328038,0.0030000,0.0200000,2,two-pass source-only match; ordinate averaged
348,352,362,0.3,C3,"round-bilge hull, L/B 7",long dashed,highest broad crest and rightmost peak,uppermost broad principal crest,0.505,0.5050000,1.6058824,0.5050000,1.6034832,0.0000000,0.0023992,1854.450,3335.000,1854.650,3337.197,0.5050000,1.6046828,0.0030000,0.0200000,2,two-pass source-only match; ordinate averaged
348,352,362,0.3,C3,"round-bilge hull, L/B 7",long dashed,highest broad crest and rightmost peak,uppermost broad principal crest,0.510,0.5099998,1.6279412,0.5099999,1.5798054,0.0000001,0.0481358,1868.344,3320.000,1868.522,3353.260,0.5099999,1.6038733,0.0030000,0.0240679,2,two-pass source-only match; ordinate averaged
348,352,362,0.3,C3,"round-bilge hull, L/B 7",long dashed,highest broad crest and rightmost peak,uppermost broad principal crest,0.515,0.5150000,1.6117647,0.5149998,1.5772406,0.0000002,0.0345241,1882.239,3331.000,1882.394,3355.000,0.5149999,1.5945026,0.0030000,0.0200000,2,two-pass source-only match; ordinate averaged
348,352,362,0.3,C3,"round-bilge hull, L/B 7",long dashed,highest broad crest and rightmost peak,uppermost broad principal crest,0.520,0.5199999,1.5955882,0.5200001,1.5860849,0.0000002,0.0095033,1896.133,3342.000,1896.267,3349.000,0.5200000,1.5908366,0.0030000,0.0200000,2,two-pass source-only match; ordinate averaged
348,352,362,0.3,C3,"round-bilge hull, L/B 7",long dashed,highest broad crest and rightmost peak,uppermost broad principal crest,0.525,0.5250001,1.5794118,0.5250000,1.5698703,0.0000000,0.0095415,1910.028,3353.000,1910.139,3360.000,0.5250001,1.5746410,0.0030000,0.0200000,2,two-pass source-only match; ordinate averaged
348,352,362,0.3,C3,"round-bilge hull, L/B 7",long dashed,highest broad crest and rightmost peak,uppermost broad principal crest,0.530,0.5299999,1.5602941,0.5300000,1.5507075,0.0000000,0.0095866,1923.922,3366.000,1924.011,3373.000,0.5299999,1.5555008,0.0030000,0.0200000,2,two-pass source-only match; ordinate averaged
348,352,362,0.3,C3,"round-bilge hull, L/B 7",long dashed,highest broad crest and rightmost peak,uppermost broad principal crest,0.535,0.5350001,1.5397059,0.5349999,1.5300708,0.0000002,0.0096351,1937.817,3380.000,1937.883,3387.000,0.5350000,1.5348883,0.0030000,0.0200000,2,two-pass source-only match; ordinate averaged
348,352,362,0.3,C3,"round-bilge hull, L/B 7",long dashed,highest broad crest and rightmost peak,uppermost broad principal crest,0.540,0.5400000,1.5205882,0.5400002,1.5094340,0.0000002,0.0111543,1951.711,3393.000,1951.756,3401.000,0.5400001,1.5150111,0.0030000,0.0200000,2,two-pass source-only match; ordinate averaged
348,352,362,0.3,C3,"round-bilge hull, L/B 7",long dashed,highest broad crest and rightmost peak,uppermost broad principal crest,0.545,0.5450002,1.5000000,0.5450001,1.4902712,0.0000001,0.0097288,1965.606,3407.000,1965.628,3414.000,0.5450001,1.4951356,0.0030000,0.0200000,2,two-pass source-only match; ordinate averaged
348,352,362,0.3,C3,"round-bilge hull, L/B 7",long dashed,highest broad crest and rightmost peak,uppermost broad principal crest,0.550,0.5500000,1.5036353,0.5500000,1.5045607,0.0000000,0.0009254,1979.500,3404.528,1979.500,3404.306,0.5500000,1.5040980,0.0030000,0.0200000,2,two-pass source-only match; ordinate averaged
348,352,362,0.3,C4,"round-bilge hull, L/B 9",dash-dot,"sharp central rise, upper-left shoulder",left shoulder crossing into the main family,0.350,0.3499999,1.2906103,0.3500000,1.2902712,0.0000000,0.0003391,1423.722,3549.385,1424.611,3549.680,0.3499999,1.2904408,0.0030000,0.0200000,2,two-pass source-only match; ordinate averaged
348,352,362,0.3,C4,"round-bilge hull, L/B 9",dash-dot,"sharp central rise, upper-left shoulder",left shoulder crossing into the main family,0.355,0.3550001,1.1706221,0.3549999,1.1652624,0.0000002,0.0053597,1437.617,3630.977,1438.483,3634.486,0.3550000,1.1679422,0.0030000,0.0200000,2,two-pass source-only match; ordinate averaged
348,352,362,0.3,C4,"round-bilge hull, L/B 9",dash-dot,"sharp central rise, upper-left shoulder",left shoulder crossing into the main family,0.360,0.3600000,1.0736353,0.3600002,1.0740979,0.0000002,0.0004626,1451.511,3696.928,1452.356,3696.332,0.3600001,1.0738666,0.0030000,0.0200000,2,two-pass source-only match; ordinate averaged
348,352,362,0.3,C4,"round-bilge hull, L/B 9",dash-dot,"sharp central rise, upper-left shoulder",left shoulder crossing into the main family,0.365,0.3650002,0.9323529,0.3650001,0.9345519,0.0000001,0.0021989,1465.406,3793.000,1466.228,3791.000,0.3650001,0.9334524,0.0030000,0.0200000,2,two-pass source-only match; ordinate averaged
348,352,362,0.3,C4,"round-bilge hull, L/B 9",dash-dot,"sharp central rise, upper-left shoulder",left shoulder crossing into the main family,0.370,0.3700000,0.8205397,0.3700000,0.8180336,0.0000000,0.0025061,1479.300,3869.033,1480.100,3870.046,0.3700000,0.8192867,0.0030000,0.0200000,2,two-pass source-only match; ordinate averaged
348,352,362,0.3,C4,"round-bilge hull, L/B 9",dash-dot,"sharp central rise, upper-left shoulder",left shoulder crossing into the main family,0.375,0.3749998,0.7000000,0.3749999,0.7429245,0.0000001,0.0429245,1493.194,3951.000,1493.972,3921.000,0.3749999,0.7214623,0.0030000,0.0214623,2,two-pass source-only match; ordinate averaged
348,352,362,0.3,C4,"round-bilge hull, L/B 9",dash-dot,"sharp central rise, upper-left shoulder",left shoulder crossing into the main family,0.380,0.3800000,0.8529412,0.3799998,0.8475825,0.0000002,0.0053586,1507.089,3847.000,1507.844,3850.000,0.3799999,0.8502619,0.0030000,0.0200000,2,two-pass source-only match; ordinate averaged
348,352,362,0.3,C4,"round-bilge hull, L/B 9",dash-dot,"sharp central rise, upper-left shoulder",left shoulder crossing into the main family,0.385,0.3849999,1.0093882,0.3850001,1.0101710,0.0000002,0.0007828,1520.983,3740.616,1521.717,3739.700,0.3850000,1.0097796,0.0030000,0.0200000,2,two-pass source-only match; ordinate averaged
348,352,362,0.3,C4,"round-bilge hull, L/B 9",dash-dot,"sharp central rise, upper-left shoulder",left shoulder crossing into the main family,0.390,0.3900001,1.1308824,0.3900000,1.1282105,0.0000000,0.0026719,1534.878,3658.000,1535.589,3659.622,0.3900001,1.1295464,0.0030000,0.0200000,2,two-pass source-only match; ordinate averaged
348,352,362,0.3,C4,"round-bilge hull, L/B 9",dash-dot,"sharp central rise, upper-left shoulder",left shoulder crossing into the main family,0.395,0.3949999,1.2974515,0.3950000,1.2560687,0.0000000,0.0413828,1548.772,3544.733,1549.461,3572.883,0.3949999,1.2767601,0.0030000,0.0206914,2,two-pass source-only match; ordinate averaged
348,352,362,0.3,C4,"round-bilge hull, L/B 9",dash-dot,"sharp central rise, upper-left shoulder",left shoulder crossing into the main family,0.400,0.4000001,1.3915162,0.3999999,1.4133859,0.0000002,0.0218697,1562.667,3480.769,1563.333,3466.159,0.4000000,1.4024510,0.0030000,0.0200000,2,two-pass source-only match; ordinate averaged
348,352,362,0.3,C4,"round-bilge hull, L/B 9",dash-dot,"sharp central rise, upper-left shoulder",left shoulder crossing into the main family,0.405,0.4050000,1.4665647,0.4050002,1.4088473,0.0000002,0.0577174,1576.561,3429.736,1577.206,3469.238,0.4050001,1.4377060,0.0030000,0.0288587,2,two-pass source-only match; ordinate averaged
348,352,362,0.3,C4,"round-bilge hull, L/B 9",dash-dot,"sharp central rise, upper-left shoulder",left shoulder crossing into the main family,0.410,0.4100002,1.4999353,0.4100001,1.4681604,0.0000001,0.0317749,1590.456,3407.044,1591.078,3429.000,0.4100001,1.4840478,0.0030000,0.0200000,2,two-pass source-only match; ordinate averaged
348,352,362,0.3,C4,"round-bilge hull, L/B 9",dash-dot,"sharp central rise, upper-left shoulder",left shoulder crossing into the main family,0.415,0.4150000,1.5501162,0.4150000,1.5508048,0.0000000,0.0006887,1604.350,3372.921,1604.950,3372.934,0.4150000,1.5504605,0.0030000,0.0200000,2,two-pass source-only match; ordinate averaged
348,352,362,0.3,C4,"round-bilge hull, L/B 9",dash-dot,"sharp central rise, upper-left shoulder",left shoulder crossing into the main family,0.420,0.4199998,1.5447368,0.4199999,1.5450177,0.0000001,0.0002809,1618.244,3376.579,1618.822,3376.860,0.4199999,1.5448772,0.0030000,0.0200000,2,two-pass source-only match; ordinate averaged
348,352,362,0.3,C4,"round-bilge hull, L/B 9",dash-dot,"sharp central rise, upper-left shoulder",left shoulder crossing into the main family,0.425,0.4250000,1.5955044,0.4249998,1.5938045,0.0000002,0.0016999,1632.139,3342.057,1632.694,3343.763,0.4249999,1.5946545,0.0030000,0.0200000,2,two-pass source-only match; ordinate averaged
348,352,362,0.3,C4,"round-bilge hull, L/B 9",dash-dot,"sharp central rise, upper-left shoulder",left shoulder crossing into the main family,0.430,0.4299999,1.5917221,0.4300001,1.5520799,0.0000002,0.0396422,1646.033,3344.629,1646.567,3372.069,0.4300000,1.5719010,0.0030000,0.0200000,2,two-pass source-only match; ordinate averaged
348,352,362,0.3,C4,"round-bilge hull, L/B 9",dash-dot,"sharp central rise, upper-left shoulder",left shoulder crossing into the main family,0.435,0.4350001,1.5562529,0.4350000,1.5568529,0.0000000,0.0005999,1659.928,3368.748,1660.439,3368.831,0.4350001,1.5565529,0.0030000,0.0200000,2,two-pass source-only match; ordinate averaged
348,352,362,0.3,C4,"round-bilge hull, L/B 9",dash-dot,"sharp central rise, upper-left shoulder",left shoulder crossing into the main family,0.440,0.4399999,1.5592338,0.4400000,1.5604245,0.0000000,0.0011907,1673.822,3366.721,1674.311,3366.408,0.4399999,1.5598292,0.0030000,0.0200000,2,two-pass source-only match; ordinate averaged
348,352,362,0.3,C4,"round-bilge hull, L/B 9",dash-dot,"sharp central rise, upper-left shoulder",left shoulder crossing into the main family,0.445,0.4450001,1.5566676,0.4449999,1.5575236,0.0000002,0.0008559,1687.717,3368.466,1688.183,3368.376,0.4450000,1.5570956,0.0030000,0.0200000,2,two-pass source-only match; ordinate averaged
348,352,362,0.3,C4,"round-bilge hull, L/B 9",dash-dot,"sharp central rise, upper-left shoulder",left shoulder crossing into the main family,0.450,0.4500000,1.5530235,0.4500002,1.5537559,0.0000002,0.0007324,1701.611,3370.944,1702.056,3370.932,0.4500001,1.5533897,0.0030000,0.0200000,2,two-pass source-only match; ordinate averaged
348,352,362,0.3,C4,"round-bilge hull, L/B 9",dash-dot,"sharp central rise, upper-left shoulder",left shoulder crossing into the main family,0.455,0.4550002,1.5398235,0.4550001,1.5408712,0.0000001,0.0010476,1715.506,3379.920,1715.928,3379.673,0.4550001,1.5403473,0.0030000,0.0200000,2,two-pass source-only match; ordinate averaged
348,352,362,0.3,C4,"round-bilge hull, L/B 9",dash-dot,"sharp central rise, upper-left shoulder",left shoulder crossing into the main family,0.460,0.4600000,1.5350265,0.4600000,1.5346742,0.0000000,0.0003522,1729.400,3383.182,1729.800,3383.877,0.4600000,1.5348504,0.0030000,0.0200000,2,two-pass source-only match; ordinate averaged
348,352,362,0.3,C4,"round-bilge hull, L/B 9",dash-dot,"sharp central rise, upper-left shoulder",left shoulder crossing into the main family,0.465,0.4649998,1.5240912,0.4649999,1.5235038,0.0000001,0.0005873,1743.294,3390.618,1743.672,3391.455,0.4649999,1.5237975,0.0030000,0.0200000,2,two-pass source-only match; ordinate averaged
348,352,362,0.3,C4,"round-bilge hull, L/B 9",dash-dot,"sharp central rise, upper-left shoulder",left shoulder crossing into the main family,0.470,0.4700000,1.5166838,0.4699998,1.5115183,0.0000002,0.0051655,1757.189,3395.655,1757.544,3399.586,0.4699999,1.5141011,0.0030000,0.0200000,2,two-pass source-only match; ordinate averaged
348,352,362,0.3,C4,"round-bilge hull, L/B 9",dash-dot,"sharp central rise, upper-left shoulder",left shoulder crossing into the main family,0.475,0.4749999,1.5015765,0.4750001,1.5014519,0.0000002,0.0001245,1771.083,3405.928,1771.417,3406.415,0.4750000,1.5015142,0.0030000,0.0200000,2,two-pass source-only match; ordinate averaged
348,352,362,0.3,C4,"round-bilge hull, L/B 9",dash-dot,"sharp central rise, upper-left shoulder",left shoulder crossing into the main family,0.480,0.4800001,1.4691176,0.4800000,1.4677123,0.0000000,0.0014054,1784.978,3428.000,1785.289,3429.304,0.4800001,1.4684150,0.0030000,0.0200000,2,two-pass source-only match; ordinate averaged
348,352,362,0.3,C4,"round-bilge hull, L/B 9",dash-dot,"sharp central rise, upper-left shoulder",left shoulder crossing into the main family,0.485,0.4849999,1.4588676,0.4850000,1.4577078,0.0000000,0.0011598,1798.872,3434.970,1799.161,3436.091,0.4849999,1.4582877,0.0030000,0.0200000,2,two-pass source-only match; ordinate averaged
348,352,362,0.3,C4,"round-bilge hull, L/B 9",dash-dot,"sharp central rise, upper-left shoulder",left shoulder crossing into the main family,0.490,0.4900001,1.4461559,0.4899999,1.4425958,0.0000002,0.0035601,1812.767,3443.614,1813.033,3446.343,0.4900000,1.4443758,0.0030000,0.0200000,2,two-pass source-only match; ordinate averaged
348,352,362,0.3,C4,"round-bilge hull, L/B 9",dash-dot,"sharp central rise, upper-left shoulder",left shoulder crossing into the main family,0.495,0.4950000,1.4361074,0.4950002,1.3988827,0.0000002,0.0372247,1826.661,3450.447,1826.906,3475.998,0.4950001,1.4174950,0.0030000,0.0200000,2,two-pass source-only match; ordinate averaged
348,352,362,0.3,C4,"round-bilge hull, L/B 9",dash-dot,"sharp central rise, upper-left shoulder",left shoulder crossing into the main family,0.500,0.5000002,1.4050735,0.5000001,1.4011837,0.0000001,0.0038899,1840.556,3471.550,1840.778,3474.437,0.5000001,1.4031286,0.0030000,0.0200000,2,two-pass source-only match; ordinate averaged
348,352,362,0.3,C4,"round-bilge hull, L/B 9",dash-dot,"sharp central rise, upper-left shoulder",left shoulder crossing into the main family,0.505,0.5050000,1.3981471,0.5050000,1.3526739,0.0000000,0.0454731,1854.450,3476.260,1854.650,3507.346,0.5050000,1.3754105,0.0030000,0.0227366,2,two-pass source-only match; ordinate averaged
348,352,362,0.3,C4,"round-bilge hull, L/B 9",dash-dot,"sharp central rise, upper-left shoulder",left shoulder crossing into the main family,0.510,0.5099998,1.3716206,0.5099999,1.3703877,0.0000001,0.0012329,1868.344,3494.298,1868.522,3495.329,0.5099999,1.3710041,0.0030000,0.0200000,2,two-pass source-only match; ordinate averaged
348,352,362,0.3,C4,"round-bilge hull, L/B 9",dash-dot,"sharp central rise, upper-left shoulder",left shoulder crossing into the main family,0.515,0.5150000,1.3596868,0.5149998,1.3247008,0.0000002,0.0349860,1882.239,3502.413,1882.394,3526.323,0.5149999,1.3421938,0.0030000,0.0200000,2,two-pass source-only match; ordinate averaged
348,352,362,0.3,C4,"round-bilge hull, L/B 9",dash-dot,"sharp central rise, upper-left shoulder",left shoulder crossing into the main family,0.520,0.5199999,1.3211456,0.5200001,1.3213856,0.0000002,0.0002400,1896.133,3528.621,1896.267,3528.572,0.5200000,1.3212656,0.0030000,0.0200000,2,two-pass source-only match; ordinate averaged
348,352,362,0.3,C4,"round-bilge hull, L/B 9",dash-dot,"sharp central rise, upper-left shoulder",left shoulder crossing into the main family,0.525,0.5250001,1.3380824,0.5250000,1.3238561,0.0000000,0.0142262,1910.028,3517.104,1910.139,3526.896,0.5250001,1.3309692,0.0030000,0.0200000,2,two-pass source-only match; ordinate averaged
348,352,362,0.3,C4,"round-bilge hull, L/B 9",dash-dot,"sharp central rise, upper-left shoulder",left shoulder crossing into the main family,0.530,0.5299999,1.3280971,0.5300000,1.3232768,0.0000000,0.0048202,1923.922,3523.894,1924.011,3527.289,0.5299999,1.3256869,0.0030000,0.0200000,2,two-pass source-only match; ordinate averaged
348,352,362,0.3,C4,"round-bilge hull, L/B 9",dash-dot,"sharp central rise, upper-left shoulder",left shoulder crossing into the main family,0.535,0.5350001,1.3204809,0.5349999,1.3205189,0.0000002,0.0000380,1937.817,3529.073,1937.883,3529.160,0.5350000,1.3204999,0.0030000,0.0200000,2,two-pass source-only match; ordinate averaged
348,352,362,0.3,C4,"round-bilge hull, L/B 9",dash-dot,"sharp central rise, upper-left shoulder",left shoulder crossing into the main family,0.540,0.5400000,1.3151176,0.5400002,1.3149322,0.0000002,0.0001855,1951.711,3532.720,1951.756,3532.950,0.5400001,1.3150249,0.0030000,0.0200000,2,two-pass source-only match; ordinate averaged
348,352,362,0.3,C4,"round-bilge hull, L/B 9",dash-dot,"sharp central rise, upper-left shoulder",left shoulder crossing into the main family,0.545,0.5450002,1.3100868,0.5450001,1.3093735,0.0000001,0.0007132,1965.606,3536.141,1965.628,3536.721,0.5450001,1.3097301,0.0030000,0.0200000,2,two-pass source-only match; ordinate averaged
348,352,362,0.3,C4,"round-bilge hull, L/B 9",dash-dot,"sharp central rise, upper-left shoulder",left shoulder crossing into the main family,0.550,0.5500000,1.3001206,0.5500000,1.3030778,0.0000000,0.0029572,1979.500,3542.918,1979.500,3540.992,0.5500000,1.3015992,0.0030000,0.0200000,2,two-pass source-only match; ordinate averaged
348,352,362,0.3,C5,"round-bilge hull, L/B 11",dotted,lowest broad crest through the main hump,lowest smooth principal crest,0.350,0.3499999,1.1320544,0.3500000,1.1316554,0.0000000,0.0003990,1423.722,3657.203,1424.611,3657.285,0.3499999,1.1318549,0.0030000,0.0200000,2,two-pass source-only match; ordinate averaged
348,352,362,0.3,C5,"round-bilge hull, L/B 11",dotted,lowest broad crest through the main hump,lowest smooth principal crest,0.355,0.3550001,1.0741544,0.3549999,1.0731265,0.0000002,0.0010279,1437.617,3696.575,1438.483,3696.991,0.3550000,1.0736404,0.0030000,0.0200000,2,two-pass source-only match; ordinate averaged
348,352,362,0.3,C5,"round-bilge hull, L/B 11",dotted,lowest broad crest through the main hump,lowest smooth principal crest,0.360,0.3600000,0.9617647,0.3600002,0.9596108,0.0000002,0.0021539,1451.511,3773.000,1452.356,3774.000,0.3600001,0.9606878,0.0030000,0.0200000,2,two-pass source-only match; ordinate averaged
348,352,362,0.3,C5,"round-bilge hull, L/B 11",dotted,lowest broad crest through the main hump,lowest smooth principal crest,0.365,0.3650002,0.8441176,0.3650001,0.8505307,0.0000001,0.0064130,1465.406,3853.000,1466.228,3848.000,0.3650001,0.8473242,0.0030000,0.0200000,2,two-pass source-only match; ordinate averaged
348,352,362,0.3,C5,"round-bilge hull, L/B 11",dotted,lowest broad crest through the main hump,lowest smooth principal crest,0.370,0.3700000,0.7584221,0.3700000,0.7559213,0.0000000,0.0025008,1479.300,3911.273,1480.100,3912.183,0.3700000,0.7571717,0.0030000,0.0200000,2,two-pass source-only match; ordinate averaged
348,352,362,0.3,C5,"round-bilge hull, L/B 11",dotted,lowest broad crest through the main hump,lowest smooth principal crest,0.375,0.3749998,0.6794118,0.3749999,0.6898585,0.0000001,0.0104467,1493.194,3965.000,1493.972,3957.000,0.3749999,0.6846351,0.0030000,0.0200000,2,two-pass source-only match; ordinate averaged
348,352,362,0.3,C5,"round-bilge hull, L/B 11",dotted,lowest broad crest through the main hump,lowest smooth principal crest,0.380,0.3800000,0.7941176,0.3799998,0.8328420,0.0000002,0.0387243,1507.089,3887.000,1507.844,3860.000,0.3799999,0.8134798,0.0030000,0.0200000,2,two-pass source-only match; ordinate averaged
348,352,362,0.3,C5,"round-bilge hull, L/B 11",dotted,lowest broad crest through the main hump,lowest smooth principal crest,0.385,0.3849999,0.9397059,0.3850001,0.9375000,0.0000002,0.0022059,1520.983,3788.000,1521.717,3789.000,0.3850000,0.9386029,0.0030000,0.0200000,2,two-pass source-only match; ordinate averaged
348,352,362,0.3,C5,"round-bilge hull, L/B 11",dotted,lowest broad crest through the main hump,lowest smooth principal crest,0.390,0.3900001,1.0205882,0.3900000,1.0126769,0.0000000,0.0079113,1534.878,3733.000,1535.589,3738.000,0.3900001,1.0166326,0.0030000,0.0200000,2,two-pass source-only match; ordinate averaged
348,352,362,0.3,C5,"round-bilge hull, L/B 11",dotted,lowest broad crest through the main hump,lowest smooth principal crest,0.395,0.3949999,1.1268382,0.3950000,1.1630307,0.0000000,0.0361924,1548.772,3660.750,1549.461,3636.000,0.3949999,1.1449344,0.0030000,0.0200000,2,two-pass source-only match; ordinate averaged
348,352,362,0.3,C5,"round-bilge hull, L/B 11",dotted,lowest broad crest through the main hump,lowest smooth principal crest,0.400,0.4000001,1.2670103,0.3999999,1.2318367,0.0000002,0.0351736,1562.667,3565.433,1563.333,3589.322,0.4000000,1.2494235,0.0030000,0.0200000,2,two-pass source-only match; ordinate averaged
348,352,362,0.3,C5,"round-bilge hull, L/B 11",dotted,lowest broad crest through the main hump,lowest smooth principal crest,0.405,0.4050000,1.3145471,0.4050002,1.3062603,0.0000002,0.0082867,1576.561,3533.108,1577.206,3538.833,0.4050001,1.3104037,0.0030000,0.0200000,2,two-pass source-only match; ordinate averaged
348,352,362,0.3,C5,"round-bilge hull, L/B 11",dotted,lowest broad crest through the main hump,lowest smooth principal crest,0.410,0.4100002,1.3360529,0.4100001,1.3350103,0.0000001,0.0010426,1590.456,3518.484,1591.078,3519.329,0.4100001,1.3355316,0.0030000,0.0200000,2,two-pass source-only match; ordinate averaged
348,352,362,0.3,C5,"round-bilge hull, L/B 11",dotted,lowest broad crest through the main hump,lowest smooth principal crest,0.415,0.4150000,1.3659676,0.4150000,1.3685687,0.0000000,0.0026010,1604.350,3498.142,1604.950,3496.563,0.4150000,1.3672682,0.0030000,0.0200000,2,two-pass source-only match; ordinate averaged
348,352,362,0.3,C5,"round-bilge hull, L/B 11",dotted,lowest broad crest through the main hump,lowest smooth principal crest,0.420,0.4199998,1.4082382,0.4199999,1.3946506,0.0000001,0.0135876,1618.244,3469.398,1618.822,3478.869,0.4199999,1.4014444,0.0030000,0.0200000,2,two-pass source-only match; ordinate averaged
348,352,362,0.3,C5,"round-bilge hull, L/B 11",dotted,lowest broad crest through the main hump,lowest smooth principal crest,0.425,0.4250000,1.4499500,0.4249998,1.4165684,0.0000002,0.0333816,1632.139,3441.034,1632.694,3464.000,0.4249999,1.4332592,0.0030000,0.0200000,2,two-pass source-only match; ordinate averaged
348,352,362,0.3,C5,"round-bilge hull, L/B 11",dotted,lowest broad crest through the main hump,lowest smooth principal crest,0.430,0.4299999,1.4639735,0.4300001,1.4603081,0.0000002,0.0036655,1646.033,3431.498,1646.567,3434.327,0.4300000,1.4621408,0.0030000,0.0200000,2,two-pass source-only match; ordinate averaged
348,352,362,0.3,C5,"round-bilge hull, L/B 11",dotted,lowest broad crest through the main hump,lowest smooth principal crest,0.435,0.4350001,1.4616721,0.4350000,1.4621698,0.0000000,0.0004978,1659.928,3433.063,1660.439,3433.064,0.4350001,1.4619209,0.0030000,0.0200000,2,two-pass source-only match; ordinate averaged
348,352,362,0.3,C5,"round-bilge hull, L/B 11",dotted,lowest broad crest through the main hump,lowest smooth principal crest,0.440,0.4399999,1.4574691,0.4400000,1.4579570,0.0000000,0.0004878,1673.822,3435.921,1674.311,3435.922,0.4399999,1.4577130,0.0030000,0.0200000,2,two-pass source-only match; ordinate averaged
348,352,362,0.3,C5,"round-bilge hull, L/B 11",dotted,lowest broad crest through the main hump,lowest smooth principal crest,0.445,0.4450001,1.4496500,0.4449999,1.4501238,0.0000002,0.0004738,1687.717,3441.238,1688.183,3441.236,0.4450000,1.4498869,0.0030000,0.0200000,2,two-pass source-only match; ordinate averaged
348,352,362,0.3,C5,"round-bilge hull, L/B 11",dotted,lowest broad crest through the main hump,lowest smooth principal crest,0.450,0.4500000,1.5063000,0.4500002,1.5057857,0.0000002,0.0005143,1701.611,3402.716,1702.056,3403.475,0.4500001,1.5060428,0.0030000,0.0200000,2,two-pass source-only match; ordinate averaged
348,352,362,0.3,C5,"round-bilge hull, L/B 11",dotted,lowest broad crest through the main hump,lowest smooth principal crest,0.455,0.4550002,1.4941235,0.4550001,1.4960451,0.0000001,0.0019216,1715.506,3410.996,1715.928,3410.083,0.4550001,1.4950843,0.0030000,0.0200000,2,two-pass source-only match; ordinate averaged
348,352,362,0.3,C5,"round-bilge hull, L/B 11",dotted,lowest broad crest through the main hump,lowest smooth principal crest,0.460,0.4600000,1.4825500,0.4600000,1.4332267,0.0000000,0.0493233,1729.400,3418.866,1729.800,3452.699,0.4600000,1.4578884,0.0030000,0.0246616,2,two-pass source-only match; ordinate averaged
348,352,362,0.3,C5,"round-bilge hull, L/B 11",dotted,lowest broad crest through the main hump,lowest smooth principal crest,0.465,0.4649998,1.4361588,0.4649999,1.4288635,0.0000001,0.0072953,1743.294,3450.412,1743.672,3455.659,0.4649999,1.4325112,0.0030000,0.0200000,2,two-pass source-only match; ordinate averaged
348,352,362,0.3,C5,"round-bilge hull, L/B 11",dotted,lowest broad crest through the main hump,lowest smooth principal crest,0.470,0.4700000,1.4993912,0.4699998,1.4258741,0.0000002,0.0735171,1757.189,3407.414,1757.544,3457.687,0.4699999,1.4626326,0.0030000,0.0367585,2,two-pass source-only match; ordinate averaged
348,352,362,0.3,C5,"round-bilge hull, L/B 11",dotted,lowest broad crest through the main hump,lowest smooth principal crest,0.475,0.4749999,1.4924132,0.4750001,1.4673865,0.0000002,0.0250267,1771.083,3412.159,1771.417,3429.525,0.4750000,1.4798999,0.0030000,0.0200000,2,two-pass source-only match; ordinate averaged
348,352,362,0.3,C5,"round-bilge hull, L/B 11",dotted,lowest broad crest through the main hump,lowest smooth principal crest,0.480,0.4800001,1.4691176,0.4800000,1.4677123,0.0000000,0.0014054,1784.978,3428.000,1785.289,3429.304,0.4800001,1.4684150,0.0030000,0.0200000,2,two-pass source-only match; ordinate averaged
348,352,362,0.3,C5,"round-bilge hull, L/B 11",dotted,lowest broad crest through the main hump,lowest smooth principal crest,0.485,0.4849999,1.4588676,0.4850000,1.4577078,0.0000000,0.0011598,1798.872,3434.970,1799.161,3436.091,0.4849999,1.4582877,0.0030000,0.0200000,2,two-pass source-only match; ordinate averaged
348,352,362,0.3,C5,"round-bilge hull, L/B 11",dotted,lowest broad crest through the main hump,lowest smooth principal crest,0.490,0.4900001,1.4424426,0.4899999,1.4425958,0.0000002,0.0001532,1812.767,3446.139,1813.033,3446.343,0.4900000,1.4425192,0.0030000,0.0200000,2,two-pass source-only match; ordinate averaged
348,352,362,0.3,C5,"round-bilge hull, L/B 11",dotted,lowest broad crest through the main hump,lowest smooth principal crest,0.495,0.4950000,1.4361074,0.4950002,1.3988827,0.0000002,0.0372247,1826.661,3450.447,1826.906,3475.998,0.4950001,1.4174950,0.0030000,0.0200000,2,two-pass source-only match; ordinate averaged
348,352,362,0.3,C5,"round-bilge hull, L/B 11",dotted,lowest broad crest through the main hump,lowest smooth principal crest,0.500,0.5000002,1.4050735,0.5000001,1.4011837,0.0000001,0.0038899,1840.556,3471.550,1840.778,3474.437,0.5000001,1.4031286,0.0030000,0.0200000,2,two-pass source-only match; ordinate averaged
348,352,362,0.3,C5,"round-bilge hull, L/B 11",dotted,lowest broad crest through the main hump,lowest smooth principal crest,0.505,0.5050000,1.3981471,0.5050000,1.3526739,0.0000000,0.0454731,1854.450,3476.260,1854.650,3507.346,0.5050000,1.3754105,0.0030000,0.0227366,2,two-pass source-only match; ordinate averaged
348,352,362,0.3,C5,"round-bilge hull, L/B 11",dotted,lowest broad crest through the main hump,lowest smooth principal crest,0.510,0.5099998,1.3716206,0.5099999,1.3703877,0.0000001,0.0012329,1868.344,3494.298,1868.522,3495.329,0.5099999,1.3710041,0.0030000,0.0200000,2,two-pass source-only match; ordinate averaged
348,352,362,0.3,C5,"round-bilge hull, L/B 11",dotted,lowest broad crest through the main hump,lowest smooth principal crest,0.515,0.5150000,1.3596868,0.5149998,1.3235127,0.0000002,0.0361741,1882.239,3502.413,1882.394,3527.129,0.5149999,1.3415997,0.0030000,0.0200000,2,two-pass source-only match; ordinate averaged
348,352,362,0.3,C5,"round-bilge hull, L/B 11",dotted,lowest broad crest through the main hump,lowest smooth principal crest,0.520,0.5199999,1.3211456,0.5200001,1.3213856,0.0000002,0.0002400,1896.133,3528.621,1896.267,3528.572,0.5200000,1.3212656,0.0030000,0.0200000,2,two-pass source-only match; ordinate averaged
348,352,362,0.3,C5,"round-bilge hull, L/B 11",dotted,lowest broad crest through the main hump,lowest smooth principal crest,0.525,0.5250001,1.3380824,0.5250000,1.3238561,0.0000000,0.0142262,1910.028,3517.104,1910.139,3526.896,0.5250001,1.3309692,0.0030000,0.0200000,2,two-pass source-only match; ordinate averaged
348,352,362,0.3,C5,"round-bilge hull, L/B 11",dotted,lowest broad crest through the main hump,lowest smooth principal crest,0.530,0.5299999,1.3280971,0.5300000,1.3232768,0.0000000,0.0048202,1923.922,3523.894,1924.011,3527.289,0.5299999,1.3256869,0.0030000,0.0200000,2,two-pass source-only match; ordinate averaged
348,352,362,0.3,C5,"round-bilge hull, L/B 11",dotted,lowest broad crest through the main hump,lowest smooth principal crest,0.535,0.5350001,1.3204809,0.5349999,1.3205189,0.0000002,0.0000380,1937.817,3529.073,1937.883,3529.160,0.5350000,1.3204999,0.0030000,0.0200000,2,two-pass source-only match; ordinate averaged
348,352,362,0.3,C5,"round-bilge hull, L/B 11",dotted,lowest broad crest through the main hump,lowest smooth principal crest,0.540,0.5400000,1.3151176,0.5400002,1.3149322,0.0000002,0.0001855,1951.711,3532.720,1951.756,3532.950,0.5400001,1.3150249,0.0030000,0.0200000,2,two-pass source-only match; ordinate averaged
348,352,362,0.3,C5,"round-bilge hull, L/B 11",dotted,lowest broad crest through the main hump,lowest smooth principal crest,0.545,0.5450002,1.3100868,0.5450001,1.3093735,0.0000001,0.0007132,1965.606,3536.141,1965.628,3536.721,0.5450001,1.3097301,0.0030000,0.0200000,2,two-pass source-only match; ordinate averaged
348,352,362,0.3,C5,"round-bilge hull, L/B 11",dotted,lowest broad crest through the main hump,lowest smooth principal crest,0.550,0.5500000,1.2991912,0.5500000,1.3030778,0.0000000,0.0038867,1979.500,3543.550,1979.500,3540.992,0.5500000,1.3011345,0.0030000,0.0200000,2,two-pass source-only match; ordinate averaged
349,353,363,0.4,C2,Wigley hull,solid,highest narrow crest near Fn 0.41,highest narrow crest,0.350,0.3499999,1.0659767,0.3500000,1.0629725,0.0000000,0.0030042,1423.722,1370.415,1424.611,1372.155,0.3499999,1.0644746,0.0030000,0.0200000,2,two-pass source-only match; ordinate averaged
349,353,363,0.4,C2,Wigley hull,solid,highest narrow crest near Fn 0.41,highest narrow crest,0.355,0.3550001,1.0592001,0.3549999,1.0585130,0.0000002,0.0006871,1437.617,1375.015,1438.483,1375.175,0.3550000,1.0588565,0.0030000,0.0200000,2,two-pass source-only match; ordinate averaged
349,353,363,0.4,C2,Wigley hull,solid,highest narrow crest near Fn 0.41,highest narrow crest,0.360,0.3600000,0.9634649,0.3600002,0.9643163,0.0000002,0.0008514,1451.511,1440.000,1452.356,1438.965,0.3600001,0.9638906,0.0030000,0.0200000,2,two-pass source-only match; ordinate averaged
349,353,363,0.4,C2,Wigley hull,solid,highest narrow crest near Fn 0.41,highest narrow crest,0.365,0.3650002,0.9117664,0.3650001,0.9044108,0.0000001,0.0073555,1465.406,1475.093,1466.228,1479.533,0.3650001,0.9080886,0.0030000,0.0200000,2,two-pass source-only match; ordinate averaged
349,353,363,0.4,C2,Wigley hull,solid,highest narrow crest near Fn 0.41,highest narrow crest,0.370,0.3700000,0.8205657,0.3700000,0.8254578,0.0000000,0.0048921,1479.300,1537.000,1480.100,1533.000,0.3700000,0.8230117,0.0030000,0.0200000,2,two-pass source-only match; ordinate averaged
349,353,363,0.4,C2,Wigley hull,solid,highest narrow crest near Fn 0.41,highest narrow crest,0.375,0.3749998,0.7498527,0.3749999,0.7604843,0.0000001,0.0106317,1493.194,1585.000,1493.972,1577.000,0.3749999,0.7551685,0.0030000,0.0200000,2,two-pass source-only match; ordinate averaged
349,353,363,0.4,C2,Wigley hull,solid,highest narrow crest near Fn 0.41,highest narrow crest,0.380,0.3800000,0.8706541,0.3799998,0.8756645,0.0000002,0.0050104,1507.089,1503.000,1507.844,1499.000,0.3799999,0.8731593,0.0030000,0.0200000,2,two-pass source-only match; ordinate averaged
349,353,363,0.4,C2,Wigley hull,solid,highest narrow crest near Fn 0.41,highest narrow crest,0.385,0.3849999,0.9899823,0.3850001,0.9923213,0.0000002,0.0023390,1520.983,1422.000,1521.717,1420.000,0.3850000,0.9911518,0.0030000,0.0200000,2,two-pass source-only match; ordinate averaged
349,353,363,0.4,C2,Wigley hull,solid,highest narrow crest near Fn 0.41,highest narrow crest,0.390,0.3900001,1.1412566,0.3900000,1.1401713,0.0000000,0.0010853,1534.878,1319.315,1535.589,1319.876,0.3900001,1.1407140,0.0030000,0.0200000,2,two-pass source-only match; ordinate averaged
349,353,363,0.4,C2,Wigley hull,solid,highest narrow crest near Fn 0.41,highest narrow crest,0.395,0.3949999,1.2080141,0.3950000,1.2037537,0.0000000,0.0042605,1548.772,1274.000,1549.461,1276.818,0.3949999,1.2058839,0.0030000,0.0200000,2,two-pass source-only match; ordinate averaged
349,353,363,0.4,C2,Wigley hull,solid,highest narrow crest near Fn 0.41,highest narrow crest,0.400,0.4000001,1.3494402,0.3999999,1.3422918,0.0000002,0.0071484,1562.667,1178.000,1563.333,1183.000,0.4000000,1.3458660,0.0030000,0.0200000,2,two-pass source-only match; ordinate averaged
349,353,363,0.4,C2,Wigley hull,solid,highest narrow crest near Fn 0.41,highest narrow crest,0.405,0.4050000,1.3995286,0.4050002,1.3895452,0.0000002,0.0099834,1576.561,1144.000,1577.206,1151.000,0.4050001,1.3945369,0.0030000,0.0200000,2,two-pass source-only match; ordinate averaged
349,353,363,0.4,C2,Wigley hull,solid,highest narrow crest near Fn 0.41,highest narrow crest,0.410,0.4100002,1.4580598,0.4100001,1.4585130,0.0000001,0.0004532,1590.456,1104.269,1591.078,1104.295,0.4100001,1.4582864,0.0030000,0.0200000,2,two-pass source-only match; ordinate averaged
349,353,363,0.4,C2,Wigley hull,solid,highest narrow crest near Fn 0.41,highest narrow crest,0.415,0.4150000,1.5276959,0.4150000,1.5194920,0.0000000,0.0082039,1604.350,1057.000,1604.950,1063.000,0.4150000,1.5235940,0.0030000,0.0200000,2,two-pass source-only match; ordinate averaged
349,353,363,0.4,C2,Wigley hull,solid,highest narrow crest near Fn 0.41,highest narrow crest,0.420,0.4199998,1.5476473,0.4199999,1.5472800,0.0000001,0.0003673,1618.244,1043.457,1618.822,1044.182,0.4199999,1.5474636,0.0030000,0.0200000,2,two-pass source-only match; ordinate averaged
349,353,363,0.4,C2,Wigley hull,solid,highest narrow crest near Fn 0.41,highest narrow crest,0.425,0.4250000,1.6219726,0.4249998,1.5737980,0.0000002,0.0481746,1632.139,993.005,1632.694,1026.224,0.4249999,1.5978853,0.0030000,0.0240873,2,two-pass source-only match; ordinate averaged
349,353,363,0.4,C2,Wigley hull,solid,highest narrow crest near Fn 0.41,highest narrow crest,0.430,0.4299999,1.5604154,0.4300001,1.5527747,0.0000002,0.0076408,1646.033,1034.790,1646.567,1040.461,0.4300000,1.5565950,0.0030000,0.0200000,2,two-pass source-only match; ordinate averaged
349,353,363,0.4,C2,Wigley hull,solid,highest narrow crest near Fn 0.41,highest narrow crest,0.435,0.4350001,1.5319859,0.4350000,1.5327806,0.0000000,0.0007947,1659.928,1054.088,1660.439,1054.001,0.4350001,1.5323832,0.0030000,0.0200000,2,two-pass source-only match; ordinate averaged
349,353,363,0.4,C2,Wigley hull,solid,highest narrow crest near Fn 0.41,highest narrow crest,0.440,0.4399999,1.4477593,0.4400000,1.4461149,0.0000000,0.0016444,1673.822,1111.261,1674.311,1112.691,0.4399999,1.4469371,0.0030000,0.0200000,2,two-pass source-only match; ordinate averaged
349,353,363,0.4,C2,Wigley hull,solid,highest narrow crest near Fn 0.41,highest narrow crest,0.445,0.4450001,1.4475309,0.4449999,1.4471559,0.0000002,0.0003750,1687.717,1111.416,1688.183,1111.986,0.4450000,1.4473434,0.0030000,0.0200000,2,two-pass source-only match; ordinate averaged
349,353,363,0.4,C2,Wigley hull,solid,highest narrow crest near Fn 0.41,highest narrow crest,0.450,0.4500000,1.3704390,0.4500002,1.3709628,0.0000002,0.0005238,1701.611,1163.746,1702.056,1163.584,0.4500001,1.3707009,0.0030000,0.0200000,2,two-pass source-only match; ordinate averaged
349,353,363,0.4,C2,Wigley hull,solid,highest narrow crest near Fn 0.41,highest narrow crest,0.455,0.4550002,1.3415631,0.4550001,1.3418562,0.0000001,0.0002931,1715.506,1183.347,1715.928,1183.295,0.4550001,1.3417096,0.0030000,0.0200000,2,two-pass source-only match; ordinate averaged
349,353,363,0.4,C2,Wigley hull,solid,highest narrow crest near Fn 0.41,highest narrow crest,0.460,0.4600000,1.3403639,0.4600000,1.3387434,0.0000000,0.0016205,1729.400,1184.161,1729.800,1185.403,0.4600000,1.3395536,0.0030000,0.0200000,2,two-pass source-only match; ordinate averaged
349,353,363,0.4,C2,Wigley hull,solid,highest narrow crest near Fn 0.41,highest narrow crest,0.465,0.4649998,1.3350295,0.4649999,1.3351048,0.0000001,0.0000754,1743.294,1187.782,1743.672,1187.867,0.4649999,1.3350672,0.0030000,0.0200000,2,two-pass source-only match; ordinate averaged
349,353,363,0.4,C2,Wigley hull,solid,highest narrow crest near Fn 0.41,highest narrow crest,0.470,0.4700000,1.3262331,0.4699998,1.3261651,0.0000002,0.0000680,1757.189,1193.753,1757.544,1193.921,0.4699999,1.3261991,0.0030000,0.0200000,2,two-pass source-only match; ordinate averaged
349,353,363,0.4,C2,Wigley hull,solid,highest narrow crest near Fn 0.41,highest narrow crest,0.475,0.4749999,1.2694004,0.4750001,1.3046677,0.0000002,0.0352673,1771.083,1232.331,1771.417,1208.479,0.4750000,1.2870341,0.0030000,0.0200000,2,two-pass source-only match; ordinate averaged
349,353,363,0.4,C2,Wigley hull,solid,highest narrow crest near Fn 0.41,highest narrow crest,0.480,0.4800001,1.2972820,0.4800000,1.2946353,0.0000000,0.0026467,1784.978,1213.405,1785.289,1215.273,0.4800001,1.2959586,0.0030000,0.0200000,2,two-pass source-only match; ordinate averaged
349,353,363,0.4,C2,Wigley hull,solid,highest narrow crest near Fn 0.41,highest narrow crest,0.485,0.4849999,1.2882322,0.4850000,1.2234968,0.0000000,0.0647354,1798.872,1219.548,1799.161,1263.448,0.4849999,1.2558645,0.0030000,0.0323677,2,two-pass source-only match; ordinate averaged
349,353,363,0.4,C2,Wigley hull,solid,highest narrow crest near Fn 0.41,highest narrow crest,0.490,0.4900001,1.2613833,0.4899999,1.2117631,0.0000002,0.0496202,1812.767,1237.773,1813.033,1271.394,0.4900000,1.2365732,0.0030000,0.0248101,2,two-pass source-only match; ordinate averaged
349,353,363,0.4,C2,Wigley hull,solid,highest narrow crest near Fn 0.41,highest narrow crest,0.495,0.4950000,1.2468047,0.4950002,1.2053042,0.0000002,0.0415005,1826.661,1247.669,1826.906,1275.768,0.4950001,1.2260544,0.0030000,0.0207502,2,two-pass source-only match; ordinate averaged
349,353,363,0.4,C2,Wigley hull,solid,highest narrow crest near Fn 0.41,highest narrow crest,0.500,0.5000002,1.2372319,0.5000001,1.2153795,0.0000001,0.0218524,1840.556,1254.167,1840.778,1268.945,0.5000001,1.2263057,0.0030000,0.0200000,2,two-pass source-only match; ordinate averaged
349,353,363,0.4,C2,Wigley hull,solid,highest narrow crest near Fn 0.41,highest narrow crest,0.505,0.5050000,1.2128403,0.5050000,1.2101344,0.0000000,0.0027059,1854.450,1270.724,1854.650,1272.497,0.5050000,1.2114873,0.0030000,0.0200000,2,two-pass source-only match; ordinate averaged
349,353,363,0.4,C2,Wigley hull,solid,highest narrow crest near Fn 0.41,highest narrow crest,0.510,0.5099998,1.2029420,0.5099999,1.1756424,0.0000001,0.0272996,1868.344,1277.443,1868.522,1295.855,0.5099999,1.1892922,0.0030000,0.0200000,2,two-pass source-only match; ordinate averaged
349,353,363,0.4,C2,Wigley hull,solid,highest narrow crest near Fn 0.41,highest narrow crest,0.515,0.5150000,1.1724529,0.5149998,1.1724055,0.0000002,0.0000474,1882.239,1298.139,1882.394,1298.047,0.5149999,1.1724292,0.0030000,0.0200000,2,two-pass source-only match; ordinate averaged
349,353,363,0.4,C2,Wigley hull,solid,highest narrow crest near Fn 0.41,highest narrow crest,0.520,0.5199999,1.1695315,0.5200001,1.1692602,0.0000002,0.0002713,1896.133,1300.122,1896.267,1300.177,0.5200000,1.1693959,0.0030000,0.0200000,2,two-pass source-only match; ordinate averaged
349,353,363,0.4,C2,Wigley hull,solid,highest narrow crest near Fn 0.41,highest narrow crest,0.525,0.5250001,1.1749455,0.5250000,1.1727067,0.0000000,0.0022388,1910.028,1296.447,1910.139,1297.843,0.5250001,1.1738261,0.0030000,0.0200000,2,two-pass source-only match; ordinate averaged
349,353,363,0.4,C2,Wigley hull,solid,highest narrow crest near Fn 0.41,highest narrow crest,0.530,0.5299999,1.1722437,0.5300000,1.1719536,0.0000000,0.0002900,1923.922,1298.281,1924.011,1298.353,0.5299999,1.1720986,0.0030000,0.0200000,2,two-pass source-only match; ordinate averaged
349,353,363,0.4,C2,Wigley hull,solid,highest narrow crest near Fn 0.41,highest narrow crest,0.535,0.5350001,1.1693577,0.5349999,1.1691952,0.0000002,0.0001625,1937.817,1300.240,1937.883,1300.221,0.5350000,1.1692765,0.0030000,0.0200000,2,two-pass source-only match; ordinate averaged
349,353,363,0.4,C2,Wigley hull,solid,highest narrow crest near Fn 0.41,highest narrow crest,0.540,0.5400000,1.1678889,0.5400002,1.1675753,0.0000002,0.0003136,1951.711,1301.237,1951.756,1301.318,0.5400001,1.1677321,0.0030000,0.0200000,2,two-pass source-only match; ordinate averaged
349,353,363,0.4,C2,Wigley hull,solid,highest narrow crest near Fn 0.41,highest narrow crest,0.545,0.5450002,1.1671008,0.5450001,1.1670865,0.0000001,0.0000142,1965.606,1301.772,1965.628,1301.649,0.5450001,1.1670936,0.0030000,0.0200000,2,two-pass source-only match; ordinate averaged
349,353,363,0.4,C2,Wigley hull,solid,highest narrow crest near Fn 0.41,highest narrow crest,0.550,0.5500000,1.1612522,0.5500000,1.1613748,0.0000000,0.0001226,1979.500,1305.742,1979.500,1305.517,0.5500000,1.1613135,0.0030000,0.0200000,2,two-pass source-only match; ordinate averaged
349,353,363,0.4,C3,"round-bilge hull, L/B 7",long dashed,right-shifted broad NPL crest,right-shifted NPL maximum,0.350,0.3499999,1.3214747,0.3500000,1.3173981,0.0000000,0.0040766,1423.722,1196.983,1424.611,1199.858,0.3499999,1.3194364,0.0030000,0.0200000,2,two-pass source-only match; ordinate averaged
349,353,363,0.4,C3,"round-bilge hull, L/B 7",long dashed,right-shifted broad NPL crest,right-shifted NPL maximum,0.355,0.3550001,1.2657292,0.3549999,1.2581276,0.0000002,0.0076016,1437.617,1234.823,1438.483,1239.996,0.3550000,1.2619284,0.0030000,0.0200000,2,two-pass source-only match; ordinate averaged
349,353,363,0.4,C3,"round-bilge hull, L/B 7",long dashed,right-shifted broad NPL crest,right-shifted NPL maximum,0.360,0.3600000,1.2183058,0.3600002,1.2197445,0.0000002,0.0014387,1451.511,1267.014,1452.356,1265.989,0.3600001,1.2190252,0.0030000,0.0200000,2,two-pass source-only match; ordinate averaged
349,353,363,0.4,C3,"round-bilge hull, L/B 7",long dashed,right-shifted broad NPL crest,right-shifted NPL maximum,0.365,0.3650002,1.1580407,0.3650001,1.1651152,0.0000001,0.0070745,1465.406,1307.922,1466.228,1302.984,0.3650001,1.1615779,0.0030000,0.0200000,2,two-pass source-only match; ordinate averaged
349,353,363,0.4,C3,"round-bilge hull, L/B 7",long dashed,right-shifted broad NPL crest,right-shifted NPL maximum,0.370,0.3700000,1.0707204,0.3700000,1.1378485,0.0000000,0.0671281,1479.300,1367.195,1480.100,1321.449,0.3700000,1.1042844,0.0030000,0.0335641,2,two-pass source-only match; ordinate averaged
349,353,363,0.4,C3,"round-bilge hull, L/B 7",long dashed,right-shifted broad NPL crest,right-shifted NPL maximum,0.375,0.3749998,1.0711019,0.3749999,1.0695939,0.0000001,0.0015080,1493.194,1366.936,1493.972,1367.671,0.3749999,1.0703479,0.0030000,0.0200000,2,two-pass source-only match; ordinate averaged
349,353,363,0.4,C3,"round-bilge hull, L/B 7",long dashed,right-shifted broad NPL crest,right-shifted NPL maximum,0.380,0.3800000,1.0962390,0.3799998,1.1061651,0.0000002,0.0099261,1507.089,1349.873,1507.844,1342.905,0.3799999,1.1012020,0.0030000,0.0200000,2,two-pass source-only match; ordinate averaged
349,353,363,0.4,C3,"round-bilge hull, L/B 7",long dashed,right-shifted broad NPL crest,right-shifted NPL maximum,0.385,0.3849999,1.1132101,0.3850001,1.1153943,0.0000002,0.0021842,1520.983,1338.353,1521.717,1336.655,0.3850000,1.1143022,0.0030000,0.0200000,2,two-pass source-only match; ordinate averaged
349,353,363,0.4,C3,"round-bilge hull, L/B 7",long dashed,right-shifted broad NPL crest,right-shifted NPL maximum,0.390,0.3900001,1.1278771,0.3900000,1.1302569,0.0000000,0.0023798,1534.878,1328.397,1535.589,1326.590,0.3900001,1.1290670,0.0030000,0.0200000,2,two-pass source-only match; ordinate averaged
349,353,363,0.4,C3,"round-bilge hull, L/B 7",long dashed,right-shifted broad NPL crest,right-shifted NPL maximum,0.395,0.3949999,1.1429685,0.3950000,1.1442469,0.0000000,0.0012784,1548.772,1318.153,1549.461,1317.116,0.3949999,1.1436077,0.0030000,0.0200000,2,two-pass source-only match; ordinate averaged
349,353,363,0.4,C3,"round-bilge hull, L/B 7",long dashed,right-shifted broad NPL crest,right-shifted NPL maximum,0.400,0.4000001,1.1558942,0.3999999,1.1558092,0.0000002,0.0000850,1562.667,1309.379,1563.333,1309.286,0.4000000,1.1558517,0.0030000,0.0200000,2,two-pass source-only match; ordinate averaged
349,353,363,0.4,C3,"round-bilge hull, L/B 7",long dashed,right-shifted broad NPL crest,right-shifted NPL maximum,0.405,0.4050000,1.1896523,0.4050002,1.1886237,0.0000002,0.0010286,1576.561,1286.464,1577.206,1287.064,0.4050001,1.1891380,0.0030000,0.0200000,2,two-pass source-only match; ordinate averaged
349,353,363,0.4,C3,"round-bilge hull, L/B 7",long dashed,right-shifted broad NPL crest,right-shifted NPL maximum,0.410,0.4100002,1.2036181,0.4100001,1.2037596,0.0000001,0.0001414,1590.456,1276.984,1591.078,1276.814,0.4100001,1.2036889,0.0030000,0.0200000,2,two-pass source-only match; ordinate averaged
349,353,363,0.4,C3,"round-bilge hull, L/B 7",long dashed,right-shifted broad NPL crest,right-shifted NPL maximum,0.415,0.4150000,1.2551886,0.4150000,1.2554976,0.0000000,0.0003091,1604.350,1241.978,1604.950,1241.777,0.4150000,1.2553431,0.0030000,0.0200000,2,two-pass source-only match; ordinate averaged
349,353,363,0.4,C3,"round-bilge hull, L/B 7",long dashed,right-shifted broad NPL crest,right-shifted NPL maximum,0.420,0.4199998,1.2967118,0.4199999,1.2897815,0.0000001,0.0069304,1618.244,1213.792,1618.822,1218.560,0.4199999,1.2932466,0.0030000,0.0200000,2,two-pass source-only match; ordinate averaged
349,353,363,0.4,C3,"round-bilge hull, L/B 7",long dashed,right-shifted broad NPL crest,right-shifted NPL maximum,0.425,0.4250000,1.3223939,0.4249998,1.3225768,0.0000002,0.0001829,1632.139,1196.359,1632.694,1196.351,0.4249999,1.3224854,0.0030000,0.0200000,2,two-pass source-only match; ordinate averaged
349,353,363,0.4,C3,"round-bilge hull, L/B 7",long dashed,right-shifted broad NPL crest,right-shifted NPL maximum,0.430,0.4299999,1.3262949,0.4300001,1.3271249,0.0000002,0.0008300,1646.033,1193.711,1646.567,1193.271,0.4300000,1.3267099,0.0030000,0.0200000,2,two-pass source-only match; ordinate averaged
349,353,363,0.4,C3,"round-bilge hull, L/B 7",long dashed,right-shifted broad NPL crest,right-shifted NPL maximum,0.435,0.4350001,1.3960784,0.4350000,1.3346766,0.0000000,0.0614018,1659.928,1146.342,1660.439,1188.157,0.4350001,1.3653775,0.0030000,0.0307009,2,two-pass source-only match; ordinate averaged
349,353,363,0.4,C3,"round-bilge hull, L/B 7",long dashed,right-shifted broad NPL crest,right-shifted NPL maximum,0.440,0.4399999,1.3888111,0.4400000,1.3903175,0.0000000,0.0015063,1673.822,1151.275,1674.311,1150.477,0.4399999,1.3895643,0.0030000,0.0200000,2,two-pass source-only match; ordinate averaged
349,353,363,0.4,C3,"round-bilge hull, L/B 7",long dashed,right-shifted broad NPL crest,right-shifted NPL maximum,0.445,0.4450001,1.4463141,0.4449999,1.3850103,0.0000002,0.0613037,1687.717,1112.242,1688.183,1154.071,0.4450000,1.4156622,0.0030000,0.0306519,2,two-pass source-only match; ordinate averaged
349,353,363,0.4,C3,"round-bilge hull, L/B 7",long dashed,right-shifted broad NPL crest,right-shifted NPL maximum,0.450,0.4500000,1.4437242,0.4500002,1.4456586,0.0000002,0.0019344,1701.611,1114.000,1702.056,1113.000,0.4500001,1.4446914,0.0030000,0.0200000,2,two-pass source-only match; ordinate averaged
349,353,363,0.4,C3,"round-bilge hull, L/B 7",long dashed,right-shifted broad NPL crest,right-shifted NPL maximum,0.455,0.4550002,1.4961461,0.4550001,1.4500886,0.0000001,0.0460575,1715.506,1078.416,1715.928,1110.000,0.4550001,1.4731174,0.0030000,0.0230288,2,two-pass source-only match; ordinate averaged
349,353,363,0.4,C3,"round-bilge hull, L/B 7",long dashed,right-shifted broad NPL crest,right-shifted NPL maximum,0.460,0.4600000,1.5066456,0.4600000,1.4929120,0.0000000,0.0137336,1729.400,1071.289,1729.800,1081.000,0.4600000,1.4997788,0.0030000,0.0200000,2,two-pass source-only match; ordinate averaged
349,353,363,0.4,C3,"round-bilge hull, L/B 7",long dashed,right-shifted broad NPL crest,right-shifted NPL maximum,0.465,0.4649998,1.5142958,0.4649999,1.5017720,0.0000001,0.0125238,1743.294,1066.096,1743.672,1075.000,0.4649999,1.5080339,0.0030000,0.0200000,2,two-pass source-only match; ordinate averaged
349,353,363,0.4,C3,"round-bilge hull, L/B 7",long dashed,right-shifted broad NPL crest,right-shifted NPL maximum,0.470,0.4700000,1.5145138,0.4699998,1.5146869,0.0000002,0.0001731,1757.189,1065.948,1757.544,1066.254,0.4699999,1.5146004,0.0030000,0.0200000,2,two-pass source-only match; ordinate averaged
349,353,363,0.4,C3,"round-bilge hull, L/B 7",long dashed,right-shifted broad NPL crest,right-shifted NPL maximum,0.475,0.4749999,1.5091456,0.4750001,1.5096456,0.0000002,0.0005000,1771.083,1069.592,1771.417,1069.668,0.4750000,1.5093956,0.0030000,0.0200000,2,two-pass source-only match; ordinate averaged
349,353,363,0.4,C3,"round-bilge hull, L/B 7",long dashed,right-shifted broad NPL crest,right-shifted NPL maximum,0.480,0.4800001,1.4967339,0.4800000,1.4991376,0.0000000,0.0024037,1784.978,1078.017,1785.289,1076.784,0.4800001,1.4979358,0.0030000,0.0200000,2,two-pass source-only match; ordinate averaged
349,353,363,0.4,C3,"round-bilge hull, L/B 7",long dashed,right-shifted broad NPL crest,right-shifted NPL maximum,0.485,0.4849999,1.4655583,0.4850000,1.4623745,0.0000000,0.0031839,1798.872,1099.179,1799.161,1101.680,0.4849999,1.4639664,0.0030000,0.0200000,2,two-pass source-only match; ordinate averaged
349,353,363,0.4,C3,"round-bilge hull, L/B 7",long dashed,right-shifted broad NPL crest,right-shifted NPL maximum,0.490,0.4900001,1.4568872,0.4899999,1.4585780,0.0000002,0.0016908,1812.767,1105.065,1813.033,1104.251,0.4900000,1.4577326,0.0030000,0.0200000,2,two-pass source-only match; ordinate averaged
349,353,363,0.4,C3,"round-bilge hull, L/B 7",long dashed,right-shifted broad NPL crest,right-shifted NPL maximum,0.495,0.4950000,1.4364187,0.4950002,1.4405552,0.0000002,0.0041365,1826.661,1118.959,1826.906,1116.456,0.4950001,1.4384870,0.0030000,0.0200000,2,two-pass source-only match; ordinate averaged
349,353,363,0.4,C3,"round-bilge hull, L/B 7",long dashed,right-shifted broad NPL crest,right-shifted NPL maximum,0.500,0.5000002,1.4496170,0.5000001,1.4045644,0.0000001,0.0450526,1840.556,1110.000,1840.778,1140.829,0.5000001,1.4270907,0.0030000,0.0225263,2,two-pass source-only match; ordinate averaged
349,353,363,0.4,C3,"round-bilge hull, L/B 7",long dashed,right-shifted broad NPL crest,right-shifted NPL maximum,0.505,0.5050000,1.3980554,0.5050000,1.3844610,0.0000000,0.0135944,1854.450,1145.000,1854.650,1154.443,0.5050000,1.3912582,0.0030000,0.0200000,2,two-pass source-only match; ordinate averaged
349,353,363,0.4,C3,"round-bilge hull, L/B 7",long dashed,right-shifted broad NPL crest,right-shifted NPL maximum,0.510,0.5099998,1.4098409,0.5099999,1.3747785,0.0000001,0.0350624,1868.344,1137.000,1868.522,1161.000,0.5099999,1.3923097,0.0030000,0.0200000,2,two-pass source-only match; ordinate averaged
349,353,363,0.4,C3,"round-bilge hull, L/B 7",long dashed,right-shifted broad NPL crest,right-shifted NPL maximum,0.515,0.5150000,1.3906895,0.5149998,1.3481985,0.0000002,0.0424910,1882.239,1150.000,1882.394,1179.000,0.5149999,1.3694440,0.0030000,0.0212455,2,two-pass source-only match; ordinate averaged
349,353,363,0.4,C3,"round-bilge hull, L/B 7",long dashed,right-shifted broad NPL crest,right-shifted NPL maximum,0.520,0.5199999,1.3700648,0.5200001,1.3600118,0.0000002,0.0100530,1896.133,1164.000,1896.267,1171.000,0.5200000,1.3650383,0.0030000,0.0200000,2,two-pass source-only match; ordinate averaged
349,353,363,0.4,C3,"round-bilge hull, L/B 7",long dashed,right-shifted broad NPL crest,right-shifted NPL maximum,0.525,0.5250001,1.3494402,0.5250000,1.3393385,0.0000000,0.0101017,1910.028,1178.000,1910.139,1185.000,0.5250001,1.3443893,0.0030000,0.0200000,2,two-pass source-only match; ordinate averaged
349,353,363,0.4,C3,"round-bilge hull, L/B 7",long dashed,right-shifted broad NPL crest,right-shifted NPL maximum,0.530,0.5299999,1.3317619,0.5300000,1.3245718,0.0000000,0.0071902,1923.922,1190.000,1924.011,1195.000,0.5299999,1.3281668,0.0030000,0.0200000,2,two-pass source-only match; ordinate averaged
349,353,363,0.4,C3,"round-bilge hull, L/B 7",long dashed,right-shifted broad NPL crest,right-shifted NPL maximum,0.535,0.5350001,1.3140837,0.5349999,1.3083284,0.0000002,0.0057553,1937.817,1202.000,1937.883,1206.000,0.5350000,1.3112060,0.0030000,0.0200000,2,two-pass source-only match; ordinate averaged
349,353,363,0.4,C3,"round-bilge hull, L/B 7",long dashed,right-shifted broad NPL crest,right-shifted NPL maximum,0.540,0.5400000,1.2964054,0.5400002,1.2920851,0.0000002,0.0043204,1951.711,1214.000,1951.756,1217.000,0.5400001,1.2942452,0.0030000,0.0200000,2,two-pass source-only match; ordinate averaged
349,353,363,0.4,C3,"round-bilge hull, L/B 7",long dashed,right-shifted broad NPL crest,right-shifted NPL maximum,0.545,0.5450002,1.2787272,0.5450001,1.2758417,0.0000001,0.0028855,1965.606,1226.000,1965.628,1228.000,0.5450001,1.2772844,0.0030000,0.0200000,2,two-pass source-only match; ordinate averaged
349,353,363,0.4,C3,"round-bilge hull, L/B 7",long dashed,right-shifted broad NPL crest,right-shifted NPL maximum,0.550,0.5500000,1.2595757,0.5500000,1.2271116,0.0000000,0.0324641,1979.500,1239.000,1979.500,1261.000,0.5500000,1.2433437,0.0030000,0.0200000,2,two-pass source-only match; ordinate averaged
349,353,363,0.4,C4,"round-bilge hull, L/B 9",dash-dot,lower broad NPL shoulder,middle broad shoulder,0.350,0.3499999,1.1196229,0.3500000,1.0715845,0.0000000,0.0480384,1423.722,1334.000,1424.611,1366.323,0.3499999,1.0956037,0.0030000,0.0240192,2,two-pass source-only match; ordinate averaged
349,353,363,0.4,C4,"round-bilge hull, L/B 9",dash-dot,lower broad NPL shoulder,middle broad shoulder,0.355,0.3550001,1.0592001,0.3549999,1.0587448,0.0000002,0.0004552,1437.617,1375.015,1438.483,1375.018,0.3550000,1.0589724,0.0030000,0.0200000,2,two-pass source-only match; ordinate averaged
349,353,363,0.4,C4,"round-bilge hull, L/B 9",dash-dot,lower broad NPL shoulder,middle broad shoulder,0.360,0.3600000,0.9678845,0.3600002,0.9656999,0.0000002,0.0021846,1451.511,1437.000,1452.356,1438.028,0.3600001,0.9667922,0.0030000,0.0200000,2,two-pass source-only match; ordinate averaged
349,353,363,0.4,C4,"round-bilge hull, L/B 9",dash-dot,lower broad NPL shoulder,middle broad shoulder,0.365,0.3650002,0.9117664,0.3650001,0.9058196,0.0000001,0.0059468,1465.406,1475.093,1466.228,1478.579,0.3650001,0.9087930,0.0030000,0.0200000,2,two-pass source-only match; ordinate averaged
349,353,363,0.4,C4,"round-bilge hull, L/B 9",dash-dot,lower broad NPL shoulder,middle broad shoulder,0.370,0.3700000,0.8323512,0.3700000,0.8372711,0.0000000,0.0049199,1479.300,1529.000,1480.100,1525.000,0.3700000,0.8348112,0.0030000,0.0200000,2,two-pass source-only match; ordinate averaged
349,353,363,0.4,C4,"round-bilge hull, L/B 9",dash-dot,lower broad NPL shoulder,middle broad shoulder,0.375,0.3749998,0.7601650,0.3749999,0.7693444,0.0000001,0.0091794,1493.194,1578.000,1493.972,1571.000,0.3749999,0.7647547,0.0030000,0.0200000,2,two-pass source-only match; ordinate averaged
349,353,363,0.4,C4,"round-bilge hull, L/B 9",dash-dot,lower broad NPL shoulder,middle broad shoulder,0.380,0.3800000,0.8323512,0.3799998,0.8372711,0.0000002,0.0049199,1507.089,1529.000,1507.844,1525.000,0.3799999,0.8348112,0.0030000,0.0200000,2,two-pass source-only match; ordinate averaged
349,353,363,0.4,C4,"round-bilge hull, L/B 9",dash-dot,lower broad NPL shoulder,middle broad shoulder,0.385,0.3849999,0.9045374,0.3850001,0.9066745,0.0000002,0.0021371,1520.983,1480.000,1521.717,1478.000,0.3850000,0.9056060,0.0030000,0.0200000,2,two-pass source-only match; ordinate averaged
349,353,363,0.4,C4,"round-bilge hull, L/B 9",dash-dot,lower broad NPL shoulder,middle broad shoulder,0.390,0.3900001,0.9767236,0.3900000,1.0011813,0.0000000,0.0244577,1534.878,1431.000,1535.589,1414.000,0.3900001,0.9889525,0.0030000,0.0200000,2,two-pass source-only match; ordinate averaged
349,353,363,0.4,C4,"round-bilge hull, L/B 9",dash-dot,lower broad NPL shoulder,middle broad shoulder,0.395,0.3949999,1.0474367,0.3950000,1.0065165,0.0000000,0.0409201,1548.772,1383.000,1549.461,1410.387,0.3949999,1.0269766,0.0030000,0.0204601,2,two-pass source-only match; ordinate averaged
349,353,363,0.4,C4,"round-bilge hull, L/B 9",dash-dot,lower broad NPL shoulder,middle broad shoulder,0.400,0.4000001,1.1558942,0.3999999,1.1501034,0.0000002,0.0057909,1562.667,1309.379,1563.333,1313.150,0.4000000,1.1529988,0.0030000,0.0200000,2,two-pass source-only match; ordinate averaged
349,353,363,0.4,C4,"round-bilge hull, L/B 9",dash-dot,lower broad NPL shoulder,middle broad shoulder,0.405,0.4050000,1.1270109,0.4050002,1.1547549,0.0000002,0.0277440,1576.561,1328.985,1577.206,1310.000,0.4050001,1.1408829,0.0030000,0.0200000,2,two-pass source-only match; ordinate averaged
349,353,363,0.4,C4,"round-bilge hull, L/B 9",dash-dot,lower broad NPL shoulder,middle broad shoulder,0.410,0.4100002,1.2036181,0.4100001,1.2028234,0.0000001,0.0007948,1590.456,1276.984,1591.078,1277.448,0.4100001,1.2032208,0.0030000,0.0200000,2,two-pass source-only match; ordinate averaged
349,353,363,0.4,C4,"round-bilge hull, L/B 9",dash-dot,lower broad NPL shoulder,middle broad shoulder,0.415,0.4150000,1.2197996,0.4150000,1.2182516,0.0000000,0.0015480,1604.350,1266.000,1604.950,1267.000,0.4150000,1.2190256,0.0030000,0.0200000,2,two-pass source-only match; ordinate averaged
349,353,363,0.4,C4,"round-bilge hull, L/B 9",dash-dot,lower broad NPL shoulder,middle broad shoulder,0.420,0.4199998,1.2736123,0.4199999,1.2610750,0.0000001,0.0125372,1618.244,1229.472,1618.822,1238.000,0.4199999,1.2673436,0.0030000,0.0200000,2,two-pass source-only match; ordinate averaged
349,353,363,0.4,C4,"round-bilge hull, L/B 9",dash-dot,lower broad NPL shoulder,middle broad shoulder,0.425,0.4250000,1.3171523,0.4249998,1.3043517,0.0000002,0.0128006,1632.139,1199.917,1632.694,1208.693,0.4249999,1.3107520,0.0030000,0.0200000,2,two-pass source-only match; ordinate averaged
349,353,363,0.4,C4,"round-bilge hull, L/B 9",dash-dot,lower broad NPL shoulder,middle broad shoulder,0.430,0.4299999,1.3262949,0.4300001,1.3205331,0.0000002,0.0057619,1646.033,1193.711,1646.567,1197.735,0.4300000,1.3234140,0.0030000,0.0200000,2,two-pass source-only match; ordinate averaged
349,353,363,0.4,C4,"round-bilge hull, L/B 9",dash-dot,lower broad NPL shoulder,middle broad shoulder,0.435,0.4350001,1.3342398,0.4350000,1.3341051,0.0000000,0.0001347,1659.928,1188.318,1660.439,1188.544,0.4350001,1.3341725,0.0030000,0.0200000,2,two-pass source-only match; ordinate averaged
349,353,363,0.4,C4,"round-bilge hull, L/B 9",dash-dot,lower broad NPL shoulder,middle broad shoulder,0.440,0.4399999,1.3366308,0.4400000,1.3368562,0.0000000,0.0002254,1673.822,1186.695,1674.311,1186.681,0.4399999,1.3367435,0.0030000,0.0200000,2,two-pass source-only match; ordinate averaged
349,353,363,0.4,C4,"round-bilge hull, L/B 9",dash-dot,lower broad NPL shoulder,middle broad shoulder,0.445,0.4450001,1.3379272,0.4449999,1.3381542,0.0000002,0.0002269,1687.717,1185.815,1688.183,1185.802,0.4450000,1.3380407,0.0030000,0.0200000,2,two-pass source-only match; ordinate averaged
349,353,363,0.4,C4,"round-bilge hull, L/B 9",dash-dot,lower broad NPL shoulder,middle broad shoulder,0.450,0.4500000,1.3701679,0.4500002,1.3403012,0.0000002,0.0298667,1701.611,1163.930,1702.056,1184.348,0.4500001,1.3552346,0.0030000,0.0200000,2,two-pass source-only match; ordinate averaged
349,353,363,0.4,C4,"round-bilge hull, L/B 9",dash-dot,lower broad NPL shoulder,middle broad shoulder,0.455,0.4550002,1.3409546,0.4550001,1.3418562,0.0000001,0.0009015,1715.506,1183.760,1715.928,1183.295,0.4550001,1.3414054,0.0030000,0.0200000,2,two-pass source-only match; ordinate averaged
349,353,363,0.4,C4,"round-bilge hull, L/B 9",dash-dot,lower broad NPL shoulder,middle broad shoulder,0.460,0.4600000,1.3403639,0.4600000,1.3387434,0.0000000,0.0016205,1729.400,1184.161,1729.800,1185.403,0.4600000,1.3395536,0.0030000,0.0200000,2,two-pass source-only match; ordinate averaged
349,353,363,0.4,C4,"round-bilge hull, L/B 9",dash-dot,lower broad NPL shoulder,middle broad shoulder,0.465,0.4649998,1.3350295,0.4649999,1.3351048,0.0000001,0.0000754,1743.294,1187.782,1743.672,1187.867,0.4649999,1.3350672,0.0030000,0.0200000,2,two-pass source-only match; ordinate averaged
349,353,363,0.4,C4,"round-bilge hull, L/B 9",dash-dot,lower broad NPL shoulder,middle broad shoulder,0.470,0.4700000,1.3270949,0.4699998,1.3267971,0.0000002,0.0002978,1757.189,1193.168,1757.544,1193.493,0.4699999,1.3269460,0.0030000,0.0200000,2,two-pass source-only match; ordinate averaged
349,353,363,0.4,C4,"round-bilge hull, L/B 9",dash-dot,lower broad NPL shoulder,middle broad shoulder,0.475,0.4749999,1.3190955,0.4750001,1.3195024,0.0000002,0.0004069,1771.083,1198.598,1771.417,1198.433,0.4750000,1.3192989,0.0030000,0.0200000,2,two-pass source-only match; ordinate averaged
349,353,363,0.4,C4,"round-bilge hull, L/B 9",dash-dot,lower broad NPL shoulder,middle broad shoulder,0.480,0.4800001,1.2993518,0.4800000,1.2995289,0.0000000,0.0001771,1784.978,1212.000,1785.289,1211.959,0.4800001,1.2994404,0.0030000,0.0200000,2,two-pass source-only match; ordinate averaged
349,353,363,0.4,C4,"round-bilge hull, L/B 9",dash-dot,lower broad NPL shoulder,middle broad shoulder,0.485,0.4849999,1.2903035,0.4850000,1.2911843,0.0000000,0.0008808,1798.872,1218.142,1799.161,1217.610,0.4849999,1.2907439,0.0030000,0.0200000,2,two-pass source-only match; ordinate averaged
349,353,363,0.4,C4,"round-bilge hull, L/B 9",dash-dot,lower broad NPL shoulder,middle broad shoulder,0.490,0.4900001,1.2861682,0.4899999,1.2801344,0.0000002,0.0060339,1812.767,1220.949,1813.033,1225.093,0.4900000,1.2831513,0.0030000,0.0200000,2,two-pass source-only match; ordinate averaged
349,353,363,0.4,C4,"round-bilge hull, L/B 9",dash-dot,lower broad NPL shoulder,middle broad shoulder,0.495,0.4950000,1.2781379,0.4950002,1.2613969,0.0000002,0.0167410,1826.661,1226.400,1826.906,1237.782,0.4950001,1.2697674,0.0030000,0.0200000,2,two-pass source-only match; ordinate averaged
349,353,363,0.4,C4,"round-bilge hull, L/B 9",dash-dot,lower broad NPL shoulder,middle broad shoulder,0.500,0.5000002,1.2757336,0.5000001,1.2729194,0.0000001,0.0028143,1840.556,1228.032,1840.778,1229.979,0.5000001,1.2743265,0.0030000,0.0200000,2,two-pass source-only match; ordinate averaged
349,353,363,0.4,C4,"round-bilge hull, L/B 9",dash-dot,lower broad NPL shoulder,middle broad shoulder,0.505,0.5050000,1.2659576,0.5050000,1.2656320,0.0000000,0.0003256,1854.450,1234.668,1854.650,1234.914,0.5050000,1.2657948,0.0030000,0.0200000,2,two-pass source-only match; ordinate averaged
349,353,363,0.4,C4,"round-bilge hull, L/B 9",dash-dot,lower broad NPL shoulder,middle broad shoulder,0.510,0.5099998,1.2566470,0.5099999,1.2566613,0.0000001,0.0000142,1868.344,1240.988,1868.522,1240.989,0.5099999,1.2566541,0.0030000,0.0200000,2,two-pass source-only match; ordinate averaged
349,353,363,0.4,C4,"round-bilge hull, L/B 9",dash-dot,lower broad NPL shoulder,middle broad shoulder,0.515,0.5150000,1.2464909,0.5149998,1.2464693,0.0000002,0.0000216,1882.239,1247.882,1882.394,1247.891,0.5149999,1.2464801,0.0030000,0.0200000,2,two-pass source-only match; ordinate averaged
349,353,363,0.4,C4,"round-bilge hull, L/B 9",dash-dot,lower broad NPL shoulder,middle broad shoulder,0.520,0.5199999,1.2781173,0.5200001,1.2743089,0.0000002,0.0038083,1896.133,1226.414,1896.267,1229.038,0.5200000,1.2762131,0.0030000,0.0200000,2,two-pass source-only match; ordinate averaged
349,353,363,0.4,C4,"round-bilge hull, L/B 9",dash-dot,lower broad NPL shoulder,middle broad shoulder,0.525,0.5250001,1.2636638,0.5250000,1.2636060,0.0000000,0.0000578,1910.028,1236.225,1910.139,1236.286,0.5250001,1.2636349,0.0030000,0.0200000,2,two-pass source-only match; ordinate averaged
349,353,363,0.4,C4,"round-bilge hull, L/B 9",dash-dot,lower broad NPL shoulder,middle broad shoulder,0.530,0.5299999,1.2586977,0.5300000,1.2393591,0.0000000,0.0193386,1923.922,1239.596,1924.011,1252.706,0.5299999,1.2490284,0.0030000,0.0200000,2,two-pass source-only match; ordinate averaged
349,353,363,0.4,C4,"round-bilge hull, L/B 9",dash-dot,lower broad NPL shoulder,middle broad shoulder,0.535,0.5350001,1.2369593,0.5349999,1.1712522,0.0000002,0.0657071,1937.817,1254.352,1937.883,1298.828,0.5350000,1.2041058,0.0030000,0.0328536,2,two-pass source-only match; ordinate averaged
349,353,363,0.4,C4,"round-bilge hull, L/B 9",dash-dot,lower broad NPL shoulder,middle broad shoulder,0.540,0.5400000,1.2284900,0.5400002,1.1675753,0.0000002,0.0609147,1951.711,1260.101,1951.756,1301.318,0.5400001,1.1980326,0.0030000,0.0304573,2,two-pass source-only match; ordinate averaged
349,353,363,0.4,C4,"round-bilge hull, L/B 9",dash-dot,lower broad NPL shoulder,middle broad shoulder,0.545,0.5450002,1.1680407,0.5450001,1.1670865,0.0000001,0.0009541,1965.606,1301.134,1965.628,1301.649,0.5450001,1.1675636,0.0030000,0.0200000,2,two-pass source-only match; ordinate averaged
349,353,363,0.4,C4,"round-bilge hull, L/B 9",dash-dot,lower broad NPL shoulder,middle broad shoulder,0.550,0.5500000,1.1615115,0.5500000,1.1620097,0.0000000,0.0004983,1979.500,1305.566,1979.500,1305.087,0.5500000,1.1617606,0.0030000,0.0200000,2,two-pass source-only match; ordinate averaged
349,353,363,0.4,C5,"round-bilge hull, L/B 11",dotted,lowest smooth NPL crest,lowest broad shoulder,0.350,0.3499999,1.0638789,0.3500000,1.0629725,0.0000000,0.0009064,1423.722,1371.839,1424.611,1372.155,0.3499999,1.0634257,0.0030000,0.0200000,2,two-pass source-only match; ordinate averaged
349,353,363,0.4,C5,"round-bilge hull, L/B 11",dotted,lowest smooth NPL crest,lowest broad shoulder,0.355,0.3550001,1.0438819,0.3549999,1.0431025,0.0000002,0.0007794,1437.617,1385.413,1438.483,1385.611,0.3550000,1.0434922,0.0030000,0.0200000,2,two-pass source-only match; ordinate averaged
349,353,363,0.4,C5,"round-bilge hull, L/B 11",dotted,lowest smooth NPL crest,lowest broad shoulder,0.360,0.3600000,0.9177033,0.3600002,0.9643163,0.0000002,0.0466130,1451.511,1471.063,1452.356,1438.965,0.3600001,0.9410098,0.0030000,0.0233065,2,two-pass source-only match; ordinate averaged
349,353,363,0.4,C5,"round-bilge hull, L/B 11",dotted,lowest smooth NPL crest,lowest broad shoulder,0.365,0.3650002,0.9117664,0.3650001,0.9044108,0.0000001,0.0073555,1465.406,1475.093,1466.228,1479.533,0.3650001,0.9080886,0.0030000,0.0200000,2,two-pass source-only match; ordinate averaged
349,353,363,0.4,C5,"round-bilge hull, L/B 11",dotted,lowest smooth NPL crest,lowest broad shoulder,0.370,0.3700000,0.8235121,0.3700000,0.8298878,0.0000000,0.0063757,1479.300,1535.000,1480.100,1530.000,0.3700000,0.8266999,0.0030000,0.0200000,2,two-pass source-only match; ordinate averaged
349,353,363,0.4,C5,"round-bilge hull, L/B 11",dotted,lowest smooth NPL crest,lowest broad shoulder,0.375,0.3749998,0.7601650,0.3749999,0.7693444,0.0000001,0.0091794,1493.194,1578.000,1493.972,1571.000,0.3749999,0.7647547,0.0030000,0.0200000,2,two-pass source-only match; ordinate averaged
349,353,363,0.4,C5,"round-bilge hull, L/B 11",dotted,lowest smooth NPL crest,lowest broad shoulder,0.380,0.3800000,0.8235121,0.3799998,0.8298878,0.0000002,0.0063757,1507.089,1535.000,1507.844,1530.000,0.3799999,0.8266999,0.0030000,0.0200000,2,two-pass source-only match; ordinate averaged
349,353,363,0.4,C5,"round-bilge hull, L/B 11",dotted,lowest smooth NPL crest,lowest broad shoulder,0.385,0.3849999,0.8883324,0.3850001,0.8904312,0.0000002,0.0020988,1520.983,1491.000,1521.717,1489.000,0.3850000,0.8893818,0.0030000,0.0200000,2,two-pass source-only match; ordinate averaged
349,353,363,0.4,C5,"round-bilge hull, L/B 11",dotted,lowest smooth NPL crest,lowest broad shoulder,0.390,0.3900001,0.9516794,0.3900000,0.9494979,0.0000000,0.0021815,1534.878,1448.000,1535.589,1449.000,0.3900001,0.9505887,0.0030000,0.0200000,2,two-pass source-only match; ordinate averaged
349,353,363,0.4,C5,"round-bilge hull, L/B 11",dotted,lowest smooth NPL crest,lowest broad shoulder,0.395,0.3949999,1.0068076,0.3950000,1.0062360,0.0000000,0.0005716,1548.772,1410.579,1549.461,1410.577,0.3949999,1.0065218,0.0030000,0.0200000,2,two-pass source-only match; ordinate averaged
349,353,363,0.4,C5,"round-bilge hull, L/B 11",dotted,lowest smooth NPL crest,lowest broad shoulder,0.400,0.4000001,1.0798468,0.3999999,1.0705848,0.0000002,0.0092620,1562.667,1361.000,1563.333,1367.000,0.4000000,1.0752158,0.0030000,0.0200000,2,two-pass source-only match; ordinate averaged
349,353,363,0.4,C5,"round-bilge hull, L/B 11",dotted,lowest smooth NPL crest,lowest broad shoulder,0.405,0.4050000,1.1270109,0.4050002,1.1267218,0.0000002,0.0002891,1576.561,1328.985,1577.206,1328.984,0.4050001,1.1268663,0.0030000,0.0200000,2,two-pass source-only match; ordinate averaged
349,353,363,0.4,C5,"round-bilge hull, L/B 11",dotted,lowest smooth NPL crest,lowest broad shoulder,0.410,0.4100002,1.1270050,0.4100001,1.1267218,0.0000001,0.0002832,1590.456,1328.989,1591.078,1328.984,0.4100001,1.1268634,0.0030000,0.0200000,2,two-pass source-only match; ordinate averaged
349,353,363,0.4,C5,"round-bilge hull, L/B 11",dotted,lowest smooth NPL crest,lowest broad shoulder,0.415,0.4150000,1.1814968,0.4150000,1.2049616,0.0000000,0.0234648,1604.350,1292.000,1604.950,1276.000,0.4150000,1.1932292,0.0030000,0.0200000,2,two-pass source-only match; ordinate averaged
349,353,363,0.4,C5,"round-bilge hull, L/B 11",dotted,lowest smooth NPL crest,lowest broad shoulder,0.420,0.4199998,1.2153801,0.4199999,1.2064383,0.0000001,0.0089418,1618.244,1269.000,1618.822,1275.000,0.4199999,1.2109092,0.0030000,0.0200000,2,two-pass source-only match; ordinate averaged
349,353,363,0.4,C5,"round-bilge hull, L/B 11",dotted,lowest smooth NPL crest,lowest broad shoulder,0.425,0.4250000,1.2507366,0.4249998,1.2404017,0.0000002,0.0103349,1632.139,1245.000,1632.694,1252.000,0.4249999,1.2455691,0.0030000,0.0200000,2,two-pass source-only match; ordinate averaged
349,353,363,0.4,C5,"round-bilge hull, L/B 11",dotted,lowest smooth NPL crest,lowest broad shoulder,0.430,0.4299999,1.2654685,0.4300001,1.2566450,0.0000002,0.0088235,1646.033,1235.000,1646.567,1241.000,0.4300000,1.2610567,0.0030000,0.0200000,2,two-pass source-only match; ordinate averaged
349,353,363,0.4,C5,"round-bilge hull, L/B 11",dotted,lowest smooth NPL crest,lowest broad shoulder,0.435,0.4350001,1.3072083,0.4350000,1.3073435,0.0000000,0.0001352,1659.928,1206.667,1660.439,1206.667,0.4350001,1.3072759,0.0030000,0.0200000,2,two-pass source-only match; ordinate averaged
349,353,363,0.4,C5,"round-bilge hull, L/B 11",dotted,lowest smooth NPL crest,lowest broad shoulder,0.440,0.4399999,1.3348880,0.4400000,1.3095467,0.0000000,0.0253414,1673.822,1187.878,1674.311,1205.175,0.4399999,1.3222174,0.0030000,0.0200000,2,two-pass source-only match; ordinate averaged
349,353,363,0.4,C5,"round-bilge hull, L/B 11",dotted,lowest smooth NPL crest,lowest broad shoulder,0.445,0.4450001,1.3379272,0.4449999,1.3381542,0.0000002,0.0002269,1687.717,1185.815,1688.183,1185.802,0.4450000,1.3380407,0.0030000,0.0200000,2,two-pass source-only match; ordinate averaged
349,353,363,0.4,C5,"round-bilge hull, L/B 11",dotted,lowest smooth NPL crest,lowest broad shoulder,0.450,0.4500000,1.3403079,0.4500002,1.3403012,0.0000002,0.0000067,1701.611,1184.199,1702.056,1184.348,0.4500001,1.3403046,0.0030000,0.0200000,2,two-pass source-only match; ordinate averaged
349,353,363,0.4,C5,"round-bilge hull, L/B 11",dotted,lowest smooth NPL crest,lowest broad shoulder,0.455,0.4550002,1.3409546,0.4550001,1.3415372,0.0000001,0.0005826,1715.506,1183.760,1715.928,1183.511,0.4550001,1.3412459,0.0030000,0.0200000,2,two-pass source-only match; ordinate averaged
349,353,363,0.4,C5,"round-bilge hull, L/B 11",dotted,lowest smooth NPL crest,lowest broad shoulder,0.460,0.4600000,1.3403639,0.4600000,1.3387434,0.0000000,0.0016205,1729.400,1184.161,1729.800,1185.403,0.4600000,1.3395536,0.0030000,0.0200000,2,two-pass source-only match; ordinate averaged
349,353,363,0.4,C5,"round-bilge hull, L/B 11",dotted,lowest smooth NPL crest,lowest broad shoulder,0.465,0.4649998,1.3350295,0.4649999,1.3351048,0.0000001,0.0000754,1743.294,1187.782,1743.672,1187.867,0.4649999,1.3350672,0.0030000,0.0200000,2,two-pass source-only match; ordinate averaged
349,353,363,0.4,C5,"round-bilge hull, L/B 11",dotted,lowest smooth NPL crest,lowest broad shoulder,0.470,0.4700000,1.3270949,0.4699998,1.3267971,0.0000002,0.0002978,1757.189,1193.168,1757.544,1193.493,0.4699999,1.3269460,0.0030000,0.0200000,2,two-pass source-only match; ordinate averaged
349,353,363,0.4,C5,"round-bilge hull, L/B 11",dotted,lowest smooth NPL crest,lowest broad shoulder,0.475,0.4749999,1.3190955,0.4750001,1.3055552,0.0000002,0.0135402,1771.083,1198.598,1771.417,1207.878,0.4750000,1.3123253,0.0030000,0.0200000,2,two-pass source-only match; ordinate averaged
349,353,363,0.4,C5,"round-bilge hull, L/B 11",dotted,lowest smooth NPL crest,lowest broad shoulder,0.480,0.4800001,1.2985754,0.4800000,1.2963349,0.0000000,0.0022405,1784.978,1212.527,1785.289,1214.122,0.4800001,1.2974552,0.0030000,0.0200000,2,two-pass source-only match; ordinate averaged
349,353,363,0.4,C5,"round-bilge hull, L/B 11",dotted,lowest smooth NPL crest,lowest broad shoulder,0.485,0.4849999,1.2892605,0.4850000,1.2903618,0.0000000,0.0011013,1798.872,1218.850,1799.161,1218.167,0.4849999,1.2898111,0.0030000,0.0200000,2,two-pass source-only match; ordinate averaged
349,353,363,0.4,C5,"round-bilge hull, L/B 11",dotted,lowest smooth NPL crest,lowest broad shoulder,0.490,0.4900001,1.2642280,0.4899999,1.2622933,0.0000002,0.0019348,1812.767,1235.842,1813.033,1237.175,0.4900000,1.2632607,0.0030000,0.0200000,2,two-pass source-only match; ordinate averaged
349,353,363,0.4,C5,"round-bilge hull, L/B 11",dotted,lowest smooth NPL crest,lowest broad shoulder,0.495,0.4950000,1.2536417,0.4950002,1.2545777,0.0000002,0.0009360,1826.661,1243.028,1826.906,1242.400,0.4950001,1.2541097,0.0030000,0.0200000,2,two-pass source-only match; ordinate averaged
349,353,363,0.4,C5,"round-bilge hull, L/B 11",dotted,lowest smooth NPL crest,lowest broad shoulder,0.500,0.5000002,1.2381570,0.5000001,1.2405744,0.0000001,0.0024174,1840.556,1253.539,1840.778,1251.883,0.5000001,1.2393657,0.0030000,0.0200000,2,two-pass source-only match; ordinate averaged
349,353,363,0.4,C5,"round-bilge hull, L/B 11",dotted,lowest smooth NPL crest,lowest broad shoulder,0.505,0.5050000,1.2232543,0.5050000,1.2159096,0.0000000,0.0073446,1854.450,1263.655,1854.650,1268.586,0.5050000,1.2195820,0.0030000,0.0200000,2,two-pass source-only match; ordinate averaged
349,353,363,0.4,C5,"round-bilge hull, L/B 11",dotted,lowest smooth NPL crest,lowest broad shoulder,0.510,0.5099998,1.2566470,0.5099999,1.2053500,0.0000001,0.0512971,1868.344,1240.988,1868.522,1275.737,0.5099999,1.2309985,0.0030000,0.0256485,2,two-pass source-only match; ordinate averaged
349,353,363,0.4,C5,"round-bilge hull, L/B 11",dotted,lowest smooth NPL crest,lowest broad shoulder,0.515,0.5150000,1.2464909,0.5149998,1.1928884,0.0000002,0.0536025,1882.239,1247.882,1882.394,1284.176,0.5149999,1.2196896,0.0030000,0.0268013,2,two-pass source-only match; ordinate averaged
349,353,363,0.4,C5,"round-bilge hull, L/B 11",dotted,lowest smooth NPL crest,lowest broad shoulder,0.520,0.5199999,1.2367958,0.5200001,1.1866007,0.0000002,0.0501951,1896.133,1254.463,1896.267,1288.434,0.5200000,1.2116983,0.0030000,0.0250976,2,two-pass source-only match; ordinate averaged
349,353,363,0.4,C5,"round-bilge hull, L/B 11",dotted,lowest smooth NPL crest,lowest broad shoulder,0.525,0.5250001,1.2335312,0.5250000,1.1756527,0.0000000,0.0578785,1910.028,1256.679,1910.139,1295.848,0.5250001,1.2045920,0.0030000,0.0289393,2,two-pass source-only match; ordinate averaged
349,353,363,0.4,C5,"round-bilge hull, L/B 11",dotted,lowest smooth NPL crest,lowest broad shoulder,0.530,0.5299999,1.1740542,0.5300000,1.1719536,0.0000000,0.0021006,1923.922,1297.052,1924.011,1298.353,0.5299999,1.1730039,0.0030000,0.0200000,2,two-pass source-only match; ordinate averaged
349,353,363,0.4,C5,"round-bilge hull, L/B 11",dotted,lowest smooth NPL crest,lowest broad shoulder,0.535,0.5350001,1.1693577,0.5349999,1.1691952,0.0000002,0.0001625,1937.817,1300.240,1937.883,1300.221,0.5350000,1.1692765,0.0030000,0.0200000,2,two-pass source-only match; ordinate averaged
349,353,363,0.4,C5,"round-bilge hull, L/B 11",dotted,lowest smooth NPL crest,lowest broad shoulder,0.540,0.5400000,1.1678889,0.5400002,1.1675753,0.0000002,0.0003136,1951.711,1301.237,1951.756,1301.318,0.5400001,1.1677321,0.0030000,0.0200000,2,two-pass source-only match; ordinate averaged
349,353,363,0.4,C5,"round-bilge hull, L/B 11",dotted,lowest smooth NPL crest,lowest broad shoulder,0.545,0.5450002,1.1671008,0.5450001,1.1670865,0.0000001,0.0000142,1965.606,1301.772,1965.628,1301.649,0.5450001,1.1670936,0.0030000,0.0200000,2,two-pass source-only match; ordinate averaged
349,353,363,0.4,C5,"round-bilge hull, L/B 11",dotted,lowest smooth NPL crest,lowest broad shoulder,0.550,0.5500000,1.1615115,0.5500000,1.1620097,0.0000000,0.0004983,1979.500,1305.566,1979.500,1305.087,0.5500000,1.1617606,0.0030000,0.0200000,2,two-pass source-only match; ordinate averaged
350,353,363,0.5,C2,Wigley hull,solid,isolated highest crest near Fn 0.41,isolated upper crest,0.350,0.3499999,1.0584096,0.3500000,1.0054797,0.0000000,0.0529299,1423.722,3694.902,1424.611,3730.122,0.3499999,1.0319447,0.0030000,0.0264649,2,two-pass source-only match; ordinate averaged
350,353,363,0.5,C2,Wigley hull,solid,isolated highest crest near Fn 0.41,isolated upper crest,0.355,0.3550001,1.0094159,0.3549999,1.0089571,0.0000002,0.0004588,1437.617,3727.865,1438.483,3727.788,0.3550000,1.0091865,0.0030000,0.0200000,2,two-pass source-only match; ordinate averaged
350,353,363,0.5,C2,Wigley hull,solid,isolated highest crest near Fn 0.41,isolated upper crest,0.360,0.3600000,1.0226828,0.3600002,1.0153039,0.0000002,0.0073789,1451.511,3718.939,1452.356,3723.528,0.3600001,1.0189934,0.0030000,0.0200000,2,two-pass source-only match; ordinate averaged
350,353,363,0.5,C2,Wigley hull,solid,isolated highest crest near Fn 0.41,isolated upper crest,0.365,0.3650002,0.9601665,0.3650001,0.9624553,0.0000001,0.0022888,1465.406,3761.000,1466.228,3759.000,0.3650001,0.9613109,0.0030000,0.0200000,2,two-pass source-only match; ordinate averaged
350,353,363,0.5,C2,Wigley hull,solid,isolated highest crest near Fn 0.41,isolated upper crest,0.370,0.3700000,0.9304400,0.3700000,0.9356377,0.0000000,0.0051977,1479.300,3781.000,1480.100,3777.000,0.3700000,0.9330388,0.0030000,0.0200000,2,two-pass source-only match; ordinate averaged
350,353,363,0.5,C2,Wigley hull,solid,isolated highest crest near Fn 0.41,isolated upper crest,0.375,0.3749998,0.8629652,0.3749999,0.8704008,0.0000001,0.0074356,1493.194,3826.397,1493.972,3820.787,0.3749999,0.8666830,0.0030000,0.0200000,2,two-pass source-only match; ordinate averaged
350,353,363,0.5,C2,Wigley hull,solid,isolated highest crest near Fn 0.41,isolated upper crest,0.380,0.3800000,0.9898930,0.3799998,0.9967223,0.0000002,0.0068293,1507.089,3741.000,1507.844,3736.000,0.3799999,0.9933076,0.0030000,0.0200000,2,two-pass source-only match; ordinate averaged
350,353,363,0.5,C2,Wigley hull,solid,isolated highest crest near Fn 0.41,isolated upper crest,0.385,0.3849999,1.0805589,0.3850001,1.0816448,0.0000002,0.0010860,1520.983,3680.000,1521.717,3679.000,0.3850000,1.0811018,0.0030000,0.0200000,2,two-pass source-only match; ordinate averaged
350,353,363,0.5,C2,Wigley hull,solid,isolated highest crest near Fn 0.41,isolated upper crest,0.390,0.3900001,1.1639298,0.3900000,1.1647631,0.0000000,0.0008333,1534.878,3623.908,1535.589,3623.211,0.3900001,1.1643465,0.0030000,0.0200000,2,two-pass source-only match; ordinate averaged
350,353,363,0.5,C2,Wigley hull,solid,isolated highest crest near Fn 0.41,isolated upper crest,0.395,0.3949999,1.2604043,0.3950000,1.2544696,0.0000000,0.0059347,1548.772,3559.000,1549.461,3563.000,0.3949999,1.2574369,0.0030000,0.0200000,2,two-pass source-only match; ordinate averaged
350,353,363,0.5,C2,Wigley hull,solid,isolated highest crest near Fn 0.41,isolated upper crest,0.400,0.4000001,1.3570155,0.3999999,1.3572706,0.0000002,0.0002551,1562.667,3494.000,1563.333,3494.000,0.4000000,1.3571430,0.0030000,0.0200000,2,two-pass source-only match; ordinate averaged
350,353,363,0.5,C2,Wigley hull,solid,isolated highest crest near Fn 0.41,isolated upper crest,0.405,0.4050000,1.3600936,0.4050002,1.3603516,0.0000002,0.0002580,1576.561,3491.929,1577.206,3491.932,0.4050001,1.3602226,0.0030000,0.0200000,2,two-pass source-only match; ordinate averaged
350,353,363,0.5,C2,Wigley hull,solid,isolated highest crest near Fn 0.41,isolated upper crest,0.410,0.4100002,1.4419203,0.4100001,1.4433224,0.0000001,0.0014021,1590.456,3436.876,1591.078,3436.242,0.4100001,1.4426214,0.0030000,0.0200000,2,two-pass source-only match; ordinate averaged
350,353,363,0.5,C2,Wigley hull,solid,isolated highest crest near Fn 0.41,isolated upper crest,0.415,0.4150000,1.4444337,0.4150000,1.4220188,0.0000000,0.0224149,1604.350,3435.185,1604.950,3450.541,0.4150000,1.4332262,0.0030000,0.0200000,2,two-pass source-only match; ordinate averaged
350,353,363,0.5,C2,Wigley hull,solid,isolated highest crest near Fn 0.41,isolated upper crest,0.420,0.4199998,1.5026754,0.4199999,1.4585816,0.0000001,0.0440937,1618.244,3396.000,1618.822,3426.000,0.4199999,1.4806285,0.0030000,0.0220469,2,two-pass source-only match; ordinate averaged
350,353,363,0.5,C2,Wigley hull,solid,isolated highest crest near Fn 0.41,isolated upper crest,0.425,0.4250000,1.5219976,0.4249998,1.5226460,0.0000002,0.0006484,1632.139,3383.000,1632.694,3383.000,0.4249999,1.5223218,0.0030000,0.0200000,2,two-pass source-only match; ordinate averaged
350,353,363,0.5,C2,Wigley hull,solid,isolated highest crest near Fn 0.41,isolated upper crest,0.430,0.4299999,1.5176100,0.4300001,1.4779499,0.0000002,0.0396600,1646.033,3385.952,1646.567,3413.000,0.4300000,1.4977800,0.0030000,0.0200000,2,two-pass source-only match; ordinate averaged
350,353,363,0.5,C2,Wigley hull,solid,isolated highest crest near Fn 0.41,isolated upper crest,0.435,0.4350001,1.4357907,0.4350000,1.4258045,0.0000000,0.0099862,1659.928,3441.000,1660.439,3448.000,0.4350001,1.4307976,0.0030000,0.0200000,2,two-pass source-only match; ordinate averaged
350,353,363,0.5,C2,Wigley hull,solid,isolated highest crest near Fn 0.41,isolated upper crest,0.440,0.4399999,1.3837693,0.4400000,1.3351535,0.0000000,0.0486159,1673.822,3476.000,1674.311,3508.845,0.4399999,1.3594614,0.0030000,0.0243079,2,two-pass source-only match; ordinate averaged
350,353,363,0.5,C2,Wigley hull,solid,isolated highest crest near Fn 0.41,isolated upper crest,0.445,0.4450001,1.3139120,0.4449999,1.3185340,0.0000002,0.0046220,1687.717,3523.000,1688.183,3520.000,0.4450000,1.3162230,0.0030000,0.0200000,2,two-pass source-only match; ordinate averaged
350,353,363,0.5,C2,Wigley hull,solid,isolated highest crest near Fn 0.41,isolated upper crest,0.450,0.4500000,1.2478285,0.4500002,1.2465510,0.0000002,0.0012775,1701.611,3567.461,1702.056,3568.315,0.4500001,1.2471897,0.0030000,0.0200000,2,two-pass source-only match; ordinate averaged
350,353,363,0.5,C2,Wigley hull,solid,isolated highest crest near Fn 0.41,isolated upper crest,0.455,0.4550002,1.2470303,0.4550001,1.2462500,0.0000001,0.0007803,1715.506,3567.998,1715.928,3568.517,0.4550001,1.2466402,0.0030000,0.0200000,2,two-pass source-only match; ordinate averaged
350,353,363,0.5,C2,Wigley hull,solid,isolated highest crest near Fn 0.41,isolated upper crest,0.460,0.4600000,1.2478582,0.4600000,1.2471126,0.0000000,0.0007456,1729.400,3567.441,1729.800,3567.938,0.4600000,1.2474854,0.0030000,0.0200000,2,two-pass source-only match; ordinate averaged
350,353,363,0.5,C2,Wigley hull,solid,isolated highest crest near Fn 0.41,isolated upper crest,0.465,0.4649998,1.1975520,0.4649999,1.1962202,0.0000001,0.0013318,1743.294,3601.287,1743.672,3602.097,0.4649999,1.1968861,0.0030000,0.0200000,2,two-pass source-only match; ordinate averaged
350,353,363,0.5,C2,Wigley hull,solid,isolated highest crest near Fn 0.41,isolated upper crest,0.470,0.4700000,1.1918995,0.4699998,1.1887485,0.0000002,0.0031510,1757.189,3605.090,1757.544,3607.112,0.4699999,1.1903240,0.0030000,0.0200000,2,two-pass source-only match; ordinate averaged
350,353,363,0.5,C2,Wigley hull,solid,isolated highest crest near Fn 0.41,isolated upper crest,0.475,0.4749999,1.1831049,0.4750001,1.1829127,0.0000002,0.0001922,1771.083,3611.007,1771.417,3611.029,0.4750000,1.1830088,0.0030000,0.0200000,2,two-pass source-only match; ordinate averaged
350,353,363,0.5,C2,Wigley hull,solid,isolated highest crest near Fn 0.41,isolated upper crest,0.480,0.4800001,1.1774970,0.4800000,1.1769368,0.0000000,0.0005602,1784.978,3614.780,1785.289,3615.040,0.4800001,1.1772169,0.0030000,0.0200000,2,two-pass source-only match; ordinate averaged
350,353,363,0.5,C2,Wigley hull,solid,isolated highest crest near Fn 0.41,isolated upper crest,0.485,0.4849999,1.1689224,0.4850000,1.1695515,0.0000000,0.0006291,1798.872,3620.549,1799.161,3619.997,0.4849999,1.1692370,0.0030000,0.0200000,2,two-pass source-only match; ordinate averaged
350,353,363,0.5,C2,Wigley hull,solid,isolated highest crest near Fn 0.41,isolated upper crest,0.490,0.4900001,1.1594055,0.4899999,1.1145813,0.0000002,0.0448241,1812.767,3626.952,1813.033,3656.893,0.4900000,1.1369934,0.0030000,0.0224121,2,two-pass source-only match; ordinate averaged
350,353,363,0.5,C2,Wigley hull,solid,isolated highest crest near Fn 0.41,isolated upper crest,0.495,0.4950000,1.1120288,0.4950002,1.1098585,0.0000002,0.0021704,1826.661,3658.827,1826.906,3660.063,0.4950001,1.1109436,0.0030000,0.0200000,2,two-pass source-only match; ordinate averaged
350,353,363,0.5,C2,Wigley hull,solid,isolated highest crest near Fn 0.41,isolated upper crest,0.500,0.5000002,1.1682506,0.5000001,1.1658746,0.0000001,0.0023760,1840.556,3621.001,1840.778,3622.465,0.5000001,1.1670626,0.0030000,0.0200000,2,two-pass source-only match; ordinate averaged
350,353,363,0.5,C2,Wigley hull,solid,isolated highest crest near Fn 0.41,isolated upper crest,0.505,0.5050000,1.1615279,0.5050000,1.1118310,0.0000000,0.0496969,1854.450,3625.524,1854.650,3658.739,0.5050000,1.1366795,0.0030000,0.0248484,2,two-pass source-only match; ordinate averaged
350,353,363,0.5,C2,Wigley hull,solid,isolated highest crest near Fn 0.41,isolated upper crest,0.510,0.5099998,1.1119530,0.5099999,1.1114869,0.0000001,0.0004661,1868.344,3658.878,1868.522,3658.970,0.5099999,1.1117200,0.0030000,0.0200000,2,two-pass source-only match; ordinate averaged
350,353,363,0.5,C2,Wigley hull,solid,isolated highest crest near Fn 0.41,isolated upper crest,0.515,0.5150000,1.1080366,0.5149998,1.1081913,0.0000002,0.0001547,1882.239,3661.513,1882.394,3661.182,0.5149999,1.1081139,0.0030000,0.0200000,2,two-pass source-only match; ordinate averaged
350,353,363,0.5,C2,Wigley hull,solid,isolated highest crest near Fn 0.41,isolated upper crest,0.520,0.5199999,1.1103864,0.5200001,1.1087753,0.0000002,0.0016111,1896.133,3659.932,1896.267,3660.790,0.5200000,1.1095809,0.0030000,0.0200000,2,two-pass source-only match; ordinate averaged
350,353,363,0.5,C2,Wigley hull,solid,isolated highest crest near Fn 0.41,isolated upper crest,0.525,0.5250001,1.0836474,0.5250000,1.0569622,0.0000000,0.0266853,1910.028,3677.922,1910.139,3695.567,0.5250001,1.0703048,0.0030000,0.0200000,2,two-pass source-only match; ordinate averaged
350,353,363,0.5,C2,Wigley hull,solid,isolated highest crest near Fn 0.41,isolated upper crest,0.530,0.5299999,1.0757001,0.5300000,1.0753114,0.0000000,0.0003887,1923.922,3683.269,1924.011,3683.251,0.5299999,1.0755057,0.0030000,0.0200000,2,two-pass source-only match; ordinate averaged
350,353,363,0.5,C2,Wigley hull,solid,isolated highest crest near Fn 0.41,isolated upper crest,0.535,0.5350001,1.0686415,0.5349999,1.0682390,0.0000002,0.0004025,1937.817,3688.018,1937.883,3687.998,0.5350000,1.0684402,0.0030000,0.0200000,2,two-pass source-only match; ordinate averaged
350,353,363,0.5,C2,Wigley hull,solid,isolated highest crest near Fn 0.41,isolated upper crest,0.540,0.5400000,1.0622325,0.5400002,1.0520441,0.0000002,0.0101884,1951.711,3692.330,1951.756,3698.868,0.5400001,1.0571383,0.0030000,0.0200000,2,two-pass source-only match; ordinate averaged
350,353,363,0.5,C2,Wigley hull,solid,isolated highest crest near Fn 0.41,isolated upper crest,0.545,0.5450002,1.0493445,0.5450001,1.0491061,0.0000001,0.0002385,1965.606,3701.001,1965.628,3700.840,0.5450001,1.0492253,0.0030000,0.0200000,2,two-pass source-only match; ordinate averaged
350,353,363,0.5,C2,Wigley hull,solid,isolated highest crest near Fn 0.41,isolated upper crest,0.550,0.5500000,1.0477542,0.5500000,1.0471454,0.0000000,0.0006088,1979.500,3702.071,1979.500,3702.156,0.5500000,1.0474498,0.0030000,0.0200000,2,two-pass source-only match; ordinate averaged
350,353,363,0.5,C3,"round-bilge hull, L/B 7",long dashed,right-shifted low NPL crest,right-shifted lower crest,0.350,0.3499999,1.0039774,0.3500000,1.0037932,0.0000000,0.0001842,1423.722,3731.524,1424.611,3731.254,0.3499999,1.0038853,0.0030000,0.0200000,2,two-pass source-only match; ordinate averaged
350,353,363,0.5,C3,"round-bilge hull, L/B 7",long dashed,right-shifted low NPL crest,right-shifted lower crest,0.355,0.3550001,0.9766647,0.3549999,0.9692148,0.0000002,0.0074498,1437.617,3749.900,1438.483,3754.463,0.3550000,0.9729398,0.0030000,0.0200000,2,two-pass source-only match; ordinate averaged
350,353,363,0.5,C3,"round-bilge hull, L/B 7",long dashed,right-shifted low NPL crest,right-shifted lower crest,0.360,0.3600000,0.9274673,0.3600002,0.9266985,0.0000002,0.0007689,1451.511,3783.000,1452.356,3783.000,0.3600001,0.9270829,0.0030000,0.0200000,2,two-pass source-only match; ordinate averaged
350,353,363,0.5,C3,"round-bilge hull, L/B 7",long dashed,right-shifted low NPL crest,right-shifted lower crest,0.365,0.3650002,0.8917955,0.3650001,0.8939213,0.0000001,0.0021259,1465.406,3807.000,1466.228,3805.000,0.3650001,0.8928584,0.0030000,0.0200000,2,two-pass source-only match; ordinate averaged
350,353,363,0.5,C3,"round-bilge hull, L/B 7",long dashed,right-shifted low NPL crest,right-shifted lower crest,0.370,0.3700000,0.8238927,0.3700000,0.8492253,0.0000000,0.0253326,1479.300,3852.685,1480.100,3835.000,0.3700000,0.8365590,0.0030000,0.0200000,2,two-pass source-only match; ordinate averaged
350,353,363,0.5,C3,"round-bilge hull, L/B 7",long dashed,right-shifted low NPL crest,right-shifted lower crest,0.375,0.3749998,0.8485924,0.3749999,0.8507226,0.0000001,0.0021301,1493.194,3836.067,1493.972,3833.995,0.3749999,0.8496575,0.0030000,0.0200000,2,two-pass source-only match; ordinate averaged
350,353,363,0.5,C3,"round-bilge hull, L/B 7",long dashed,right-shifted low NPL crest,right-shifted lower crest,0.380,0.3800000,0.8589908,0.3799998,0.8553233,0.0000002,0.0036675,1507.089,3829.071,1507.844,3830.907,0.3799999,0.8571570,0.0030000,0.0200000,2,two-pass source-only match; ordinate averaged
350,353,363,0.5,C3,"round-bilge hull, L/B 7",long dashed,right-shifted low NPL crest,right-shifted lower crest,0.385,0.3849999,0.8806793,0.3850001,0.8794547,0.0000002,0.0012245,1520.983,3814.479,1521.717,3814.710,0.3850000,0.8800670,0.0030000,0.0200000,2,two-pass source-only match; ordinate averaged
350,353,363,0.5,C3,"round-bilge hull, L/B 7",long dashed,right-shifted low NPL crest,right-shifted lower crest,0.390,0.3900001,0.9148930,0.3900000,0.9151654,0.0000000,0.0002724,1534.878,3791.460,1535.589,3790.741,0.3900001,0.9150292,0.0030000,0.0200000,2,two-pass source-only match; ordinate averaged
350,353,363,0.5,C3,"round-bilge hull, L/B 7",long dashed,right-shifted low NPL crest,right-shifted lower crest,0.395,0.3949999,0.9390250,0.3950000,0.9367178,0.0000000,0.0023072,1548.772,3775.224,1549.461,3776.275,0.3949999,0.9378714,0.0030000,0.0200000,2,two-pass source-only match; ordinate averaged
350,353,363,0.5,C3,"round-bilge hull, L/B 7",long dashed,right-shifted low NPL crest,right-shifted lower crest,0.400,0.4000001,0.9126040,0.3999999,0.9475566,0.0000002,0.0349526,1562.667,3793.000,1563.333,3769.000,0.4000000,0.9300803,0.0030000,0.0200000,2,two-pass source-only match; ordinate averaged
350,353,363,0.5,C3,"round-bilge hull, L/B 7",long dashed,right-shifted low NPL crest,right-shifted lower crest,0.405,0.4050000,0.9854340,0.4050002,0.9788439,0.0000002,0.0065901,1576.561,3744.000,1577.206,3748.000,0.4050001,0.9821389,0.0030000,0.0200000,2,two-pass source-only match; ordinate averaged
350,353,363,0.5,C3,"round-bilge hull, L/B 7",long dashed,right-shifted low NPL crest,right-shifted lower crest,0.410,0.4100002,1.0166468,0.4100001,1.0101311,0.0000001,0.0065157,1590.456,3723.000,1591.078,3727.000,0.4100001,1.0133890,0.0030000,0.0200000,2,two-pass source-only match; ordinate averaged
350,353,363,0.5,C3,"round-bilge hull, L/B 7",long dashed,right-shifted low NPL crest,right-shifted lower crest,0.415,0.4150000,1.0552913,0.4150000,1.0429082,0.0000000,0.0123831,1604.350,3697.000,1604.950,3705.000,0.4150000,1.0490998,0.0030000,0.0200000,2,two-pass source-only match; ordinate averaged
350,353,363,0.5,C3,"round-bilge hull, L/B 7",long dashed,right-shifted low NPL crest,right-shifted lower crest,0.420,0.4199998,1.0156807,0.4199999,1.0712157,0.0000001,0.0555350,1618.244,3723.650,1618.822,3686.000,0.4199999,1.0434482,0.0030000,0.0277675,2,two-pass source-only match; ordinate averaged
350,353,363,0.5,C3,"round-bilge hull, L/B 7",long dashed,right-shifted low NPL crest,right-shifted lower crest,0.425,0.4250000,1.1190279,0.4249998,1.1025030,0.0000002,0.0165250,1632.139,3654.118,1632.694,3665.000,0.4249999,1.1107655,0.0030000,0.0200000,2,two-pass source-only match; ordinate averaged
350,353,363,0.5,C3,"round-bilge hull, L/B 7",long dashed,right-shifted low NPL crest,right-shifted lower crest,0.430,0.4299999,1.1340666,0.4300001,1.1263409,0.0000002,0.0077257,1646.033,3644.000,1646.567,3649.000,0.4300000,1.1302037,0.0030000,0.0200000,2,two-pass source-only match; ordinate averaged
350,353,363,0.5,C3,"round-bilge hull, L/B 7",long dashed,right-shifted low NPL crest,right-shifted lower crest,0.435,0.4350001,1.1663957,0.4350000,1.1174017,0.0000000,0.0489940,1659.928,3622.249,1660.439,3655.000,0.4350001,1.1418987,0.0030000,0.0244970,2,two-pass source-only match; ordinate averaged
350,353,363,0.5,C3,"round-bilge hull, L/B 7",long dashed,right-shifted low NPL crest,right-shifted lower crest,0.440,0.4399999,1.1838199,0.4400000,1.1807569,0.0000000,0.0030630,1673.822,3610.526,1674.311,3612.476,0.4399999,1.1822884,0.0030000,0.0200000,2,two-pass source-only match; ordinate averaged
350,353,363,0.5,C3,"round-bilge hull, L/B 7",long dashed,right-shifted low NPL crest,right-shifted lower crest,0.445,0.4450001,1.1879013,0.4449999,1.1878218,0.0000002,0.0000795,1687.717,3607.780,1688.183,3607.734,0.4450000,1.1878616,0.0030000,0.0200000,2,two-pass source-only match; ordinate averaged
350,353,363,0.5,C3,"round-bilge hull, L/B 7",long dashed,right-shifted low NPL crest,right-shifted lower crest,0.450,0.4500000,1.2144634,0.4500002,1.2144785,0.0000002,0.0000151,1701.611,3589.909,1702.056,3589.842,0.4500001,1.2144710,0.0030000,0.0200000,2,two-pass source-only match; ordinate averaged
350,353,363,0.5,C3,"round-bilge hull, L/B 7",long dashed,right-shifted low NPL crest,right-shifted lower crest,0.455,0.4550002,1.2089046,0.4550001,1.2087366,0.0000001,0.0001680,1715.506,3593.649,1715.928,3593.696,0.4550001,1.2088206,0.0030000,0.0200000,2,two-pass source-only match; ordinate averaged
350,353,363,0.5,C3,"round-bilge hull, L/B 7",long dashed,right-shifted low NPL crest,right-shifted lower crest,0.460,0.4600000,1.1800877,0.4600000,1.1802577,0.0000000,0.0001701,1729.400,3613.037,1729.800,3612.811,0.4600000,1.1801727,0.0030000,0.0200000,2,two-pass source-only match; ordinate averaged
350,353,363,0.5,C3,"round-bilge hull, L/B 7",long dashed,right-shifted low NPL crest,right-shifted lower crest,0.465,0.4649998,1.1975520,0.4649999,1.1962202,0.0000001,0.0013318,1743.294,3601.287,1743.672,3602.097,0.4649999,1.1968861,0.0030000,0.0200000,2,two-pass source-only match; ordinate averaged
350,353,363,0.5,C3,"round-bilge hull, L/B 7",long dashed,right-shifted low NPL crest,right-shifted lower crest,0.470,0.4700000,1.2335820,0.4699998,1.1887485,0.0000002,0.0448335,1757.189,3577.046,1757.544,3607.112,0.4699999,1.2111653,0.0030000,0.0224168,2,two-pass source-only match; ordinate averaged
350,353,363,0.5,C3,"round-bilge hull, L/B 7",long dashed,right-shifted low NPL crest,right-shifted lower crest,0.475,0.4749999,1.2218728,0.4750001,1.1838826,0.0000002,0.0379902,1771.083,3584.924,1771.417,3610.378,0.4750000,1.2028777,0.0030000,0.0200000,2,two-pass source-only match; ordinate averaged
350,353,363,0.5,C3,"round-bilge hull, L/B 7",long dashed,right-shifted low NPL crest,right-shifted lower crest,0.480,0.4800001,1.2119025,0.4800000,1.1781630,0.0000000,0.0337395,1784.978,3591.632,1785.289,3614.217,0.4800001,1.1950327,0.0030000,0.0200000,2,two-pass source-only match; ordinate averaged
350,353,363,0.5,C3,"round-bilge hull, L/B 7",long dashed,right-shifted low NPL crest,right-shifted lower crest,0.485,0.4849999,1.2013808,0.4850000,1.1716806,0.0000000,0.0297002,1798.872,3598.711,1799.161,3618.568,0.4849999,1.1865307,0.0030000,0.0200000,2,two-pass source-only match; ordinate averaged
350,353,363,0.5,C3,"round-bilge hull, L/B 7",long dashed,right-shifted low NPL crest,right-shifted lower crest,0.490,0.4900001,1.1863763,0.4899999,1.1644085,0.0000002,0.0219678,1812.767,3608.806,1813.033,3623.449,0.4900000,1.1753924,0.0030000,0.0200000,2,two-pass source-only match; ordinate averaged
350,353,363,0.5,C3,"round-bilge hull, L/B 7",long dashed,right-shifted low NPL crest,right-shifted lower crest,0.495,0.4950000,1.1736564,0.4950002,1.1704872,0.0000002,0.0031692,1826.661,3617.364,1826.906,3619.369,0.4950001,1.1720718,0.0030000,0.0200000,2,two-pass source-only match; ordinate averaged
350,353,363,0.5,C3,"round-bilge hull, L/B 7",long dashed,right-shifted low NPL crest,right-shifted lower crest,0.500,0.5000002,1.1682506,0.5000001,1.1675849,0.0000001,0.0006657,1840.556,3621.001,1840.778,3621.317,0.5000001,1.1679178,0.0030000,0.0200000,2,two-pass source-only match; ordinate averaged
350,353,363,0.5,C3,"round-bilge hull, L/B 7",long dashed,right-shifted low NPL crest,right-shifted lower crest,0.505,0.5050000,1.1615279,0.5050000,1.1610042,0.0000000,0.0005238,1854.450,3625.524,1854.650,3625.734,0.5050000,1.1612661,0.0030000,0.0200000,2,two-pass source-only match; ordinate averaged
350,353,363,0.5,C3,"round-bilge hull, L/B 7",long dashed,right-shifted low NPL crest,right-shifted lower crest,0.510,0.5099998,1.1563882,0.5099999,1.1558939,0.0000001,0.0004943,1868.344,3628.982,1868.522,3629.164,0.5099999,1.1561411,0.0030000,0.0200000,2,two-pass source-only match; ordinate averaged
350,353,363,0.5,C3,"round-bilge hull, L/B 7",long dashed,right-shifted low NPL crest,right-shifted lower crest,0.515,0.5150000,1.1518936,0.5149998,1.1517789,0.0000002,0.0001147,1882.239,3632.006,1882.394,3631.926,0.5149999,1.1518362,0.0030000,0.0200000,2,two-pass source-only match; ordinate averaged
350,353,363,0.5,C3,"round-bilge hull, L/B 7",long dashed,right-shifted low NPL crest,right-shifted lower crest,0.520,0.5199999,1.1489536,0.5200001,1.1488558,0.0000002,0.0000978,1896.133,3633.984,1896.267,3633.888,0.5200000,1.1489047,0.0030000,0.0200000,2,two-pass source-only match; ordinate averaged
350,353,363,0.5,C3,"round-bilge hull, L/B 7",long dashed,right-shifted low NPL crest,right-shifted lower crest,0.525,0.5250001,1.1483457,0.5250000,1.1479976,0.0000000,0.0003481,1910.028,3634.393,1910.139,3634.464,0.5250001,1.1481717,0.0030000,0.0200000,2,two-pass source-only match; ordinate averaged
350,353,363,0.5,C3,"round-bilge hull, L/B 7",long dashed,right-shifted low NPL crest,right-shifted lower crest,0.530,0.5299999,1.1473038,0.5300000,1.1472169,0.0000000,0.0000869,1923.922,3635.094,1924.011,3634.988,0.5299999,1.1472604,0.0030000,0.0200000,2,two-pass source-only match; ordinate averaged
350,353,363,0.5,C3,"round-bilge hull, L/B 7",long dashed,right-shifted low NPL crest,right-shifted lower crest,0.535,0.5350001,1.1461697,0.5349999,1.1442670,0.0000002,0.0019028,1937.817,3635.857,1937.883,3636.968,0.5350000,1.1452184,0.0030000,0.0200000,2,two-pass source-only match; ordinate averaged
350,353,363,0.5,C3,"round-bilge hull, L/B 7",long dashed,right-shifted low NPL crest,right-shifted lower crest,0.540,0.5400000,1.1401100,0.5400002,1.1399926,0.0000002,0.0001174,1951.711,3639.934,1951.756,3639.837,0.5400001,1.1400513,0.0030000,0.0200000,2,two-pass source-only match; ordinate averaged
350,353,363,0.5,C3,"round-bilge hull, L/B 7",long dashed,right-shifted low NPL crest,right-shifted lower crest,0.550,0.5500000,1.0998811,0.5500000,1.0525328,0.0000000,0.0473483,1979.500,3667.000,1979.500,3698.540,0.5500000,1.0762069,0.0030000,0.0236742,2,two-pass source-only match; ordinate averaged
350,353,363,0.5,C4,"round-bilge hull, L/B 9",dash-dot,middle NPL shoulder,middle NPL shoulder,0.350,0.3499999,1.0039774,0.3500000,1.0037932,0.0000000,0.0001842,1423.722,3731.524,1424.611,3731.254,0.3499999,1.0038853,0.0030000,0.0200000,2,two-pass source-only match; ordinate averaged
350,353,363,0.5,C4,"round-bilge hull, L/B 9",dash-dot,middle NPL shoulder,middle NPL shoulder,0.355,0.3550001,1.0094159,0.3549999,1.0079455,0.0000002,0.0014704,1437.617,3727.865,1438.483,3728.467,0.3550000,1.0086807,0.0030000,0.0200000,2,two-pass source-only match; ordinate averaged
350,353,363,0.5,C4,"round-bilge hull, L/B 9",dash-dot,middle NPL shoulder,middle NPL shoulder,0.360,0.3600000,0.9601665,0.3600002,0.9907628,0.0000002,0.0305963,1451.511,3761.000,1452.356,3740.000,0.3600001,0.9754646,0.0030000,0.0200000,2,two-pass source-only match; ordinate averaged
350,353,363,0.5,C4,"round-bilge hull, L/B 9",dash-dot,middle NPL shoulder,middle NPL shoulder,0.365,0.3650002,0.9393579,0.3650001,0.9415971,0.0000001,0.0022392,1465.406,3775.000,1466.228,3773.000,0.3650001,0.9404775,0.0030000,0.0200000,2,two-pass source-only match; ordinate averaged
350,353,363,0.5,C4,"round-bilge hull, L/B 9",dash-dot,middle NPL shoulder,middle NPL shoulder,0.370,0.3700000,0.9200357,0.3700000,0.9266985,0.0000000,0.0066628,1479.300,3788.000,1480.100,3783.000,0.3700000,0.9233671,0.0030000,0.0200000,2,two-pass source-only match; ordinate averaged
350,353,363,0.5,C4,"round-bilge hull, L/B 9",dash-dot,middle NPL shoulder,middle NPL shoulder,0.375,0.3749998,0.8629652,0.3749999,0.8704008,0.0000001,0.0074356,1493.194,3826.397,1493.972,3820.787,0.3749999,0.8666830,0.0030000,0.0200000,2,two-pass source-only match; ordinate averaged
350,353,363,0.5,C4,"round-bilge hull, L/B 9",dash-dot,middle NPL shoulder,middle NPL shoulder,0.380,0.3800000,0.9363853,0.3799998,0.9117998,0.0000002,0.0245855,1507.089,3777.000,1507.844,3793.000,0.3799999,0.9240925,0.0030000,0.0200000,2,two-pass source-only match; ordinate averaged
350,353,363,0.5,C4,"round-bilge hull, L/B 9",dash-dot,middle NPL shoulder,middle NPL shoulder,0.385,0.3849999,0.9720571,0.3850001,0.9415971,0.0000002,0.0304599,1520.983,3753.000,1521.717,3773.000,0.3850000,0.9568271,0.0030000,0.0200000,2,two-pass source-only match; ordinate averaged
350,353,363,0.5,C4,"round-bilge hull, L/B 9",dash-dot,middle NPL shoulder,middle NPL shoulder,0.390,0.3900001,1.0170719,0.3900000,1.0154544,0.0000000,0.0016175,1534.878,3722.714,1535.589,3723.427,0.3900001,1.0162632,0.0030000,0.0200000,2,two-pass source-only match; ordinate averaged
350,353,363,0.5,C4,"round-bilge hull, L/B 9",dash-dot,middle NPL shoulder,middle NPL shoulder,0.395,0.3949999,1.0155306,0.3950000,1.0148927,0.0000000,0.0006379,1548.772,3723.751,1549.461,3723.804,0.3949999,1.0152117,0.0030000,0.0200000,2,two-pass source-only match; ordinate averaged
350,353,363,0.5,C4,"round-bilge hull, L/B 9",dash-dot,middle NPL shoulder,middle NPL shoulder,0.400,0.4000001,1.0805589,0.3999999,1.0697259,0.0000002,0.0108330,1562.667,3680.000,1563.333,3687.000,0.4000000,1.0751424,0.0030000,0.0200000,2,two-pass source-only match; ordinate averaged
350,353,363,0.5,C4,"round-bilge hull, L/B 9",dash-dot,middle NPL shoulder,middle NPL shoulder,0.405,0.4050000,1.1366082,0.4050002,1.0607867,0.0000002,0.0758216,1576.561,3642.290,1577.206,3693.000,0.4050001,1.0986974,0.0030000,0.0379108,2,two-pass source-only match; ordinate averaged
350,353,363,0.5,C4,"round-bilge hull, L/B 9",dash-dot,middle NPL shoulder,middle NPL shoulder,0.410,0.4100002,1.1355529,0.4100001,1.1337902,0.0000001,0.0017627,1590.456,3643.000,1591.078,3644.000,0.4100001,1.1346716,0.0030000,0.0200000,2,two-pass source-only match; ordinate averaged
350,353,363,0.5,C4,"round-bilge hull, L/B 9",dash-dot,middle NPL shoulder,middle NPL shoulder,0.415,0.4150000,1.1519025,0.4150000,1.1043534,0.0000000,0.0475491,1604.350,3632.000,1604.950,3663.758,0.4150000,1.1281279,0.0030000,0.0237746,2,two-pass source-only match; ordinate averaged
350,353,363,0.5,C4,"round-bilge hull, L/B 9",dash-dot,middle NPL shoulder,middle NPL shoulder,0.420,0.4199998,1.1756837,0.4199999,1.1292774,0.0000001,0.0464063,1618.244,3616.000,1618.822,3647.029,0.4199999,1.1524806,0.0030000,0.0232031,2,two-pass source-only match; ordinate averaged
350,353,363,0.5,C4,"round-bilge hull, L/B 9",dash-dot,middle NPL shoulder,middle NPL shoulder,0.425,0.4250000,1.2240146,0.4249998,1.2243057,0.0000002,0.0002912,1632.139,3583.483,1632.694,3583.246,0.4249999,1.2241601,0.0030000,0.0200000,2,two-pass source-only match; ordinate averaged
350,353,363,0.5,C4,"round-bilge hull, L/B 9",dash-dot,middle NPL shoulder,middle NPL shoulder,0.430,0.4299999,1.2287143,0.4300001,1.2292178,0.0000002,0.0005035,1646.033,3580.321,1646.567,3579.949,0.4300000,1.2289661,0.0030000,0.0200000,2,two-pass source-only match; ordinate averaged
350,353,363,0.5,C4,"round-bilge hull, L/B 9",dash-dot,middle NPL shoulder,middle NPL shoulder,0.435,0.4350001,1.2365815,0.4350000,1.2358865,0.0000000,0.0006950,1659.928,3575.028,1660.439,3575.473,0.4350001,1.2362340,0.0030000,0.0200000,2,two-pass source-only match; ordinate averaged
350,353,363,0.5,C4,"round-bilge hull, L/B 9",dash-dot,middle NPL shoulder,middle NPL shoulder,0.440,0.4399999,1.2387277,0.4400000,1.2385697,0.0000000,0.0001580,1673.822,3573.584,1674.311,3573.672,0.4399999,1.2386487,0.0030000,0.0200000,2,two-pass source-only match; ordinate averaged
350,353,363,0.5,C4,"round-bilge hull, L/B 9",dash-dot,middle NPL shoulder,middle NPL shoulder,0.445,0.4450001,1.2203790,0.4449999,1.2450223,0.0000002,0.0246433,1687.717,3585.929,1688.183,3569.341,0.4450000,1.2327007,0.0030000,0.0200000,2,two-pass source-only match; ordinate averaged
350,353,363,0.5,C4,"round-bilge hull, L/B 9",dash-dot,middle NPL shoulder,middle NPL shoulder,0.450,0.4500000,1.2478285,0.4500002,1.2465510,0.0000002,0.0012775,1701.611,3567.461,1702.056,3568.315,0.4500001,1.2471897,0.0030000,0.0200000,2,two-pass source-only match; ordinate averaged
350,353,363,0.5,C4,"round-bilge hull, L/B 9",dash-dot,middle NPL shoulder,middle NPL shoulder,0.455,0.4550002,1.2466082,0.4550001,1.2462500,0.0000001,0.0003582,1715.506,3568.282,1715.928,3568.517,0.4550001,1.2464291,0.0030000,0.0200000,2,two-pass source-only match; ordinate averaged
350,353,363,0.5,C4,"round-bilge hull, L/B 9",dash-dot,middle NPL shoulder,middle NPL shoulder,0.460,0.4600000,1.2478582,0.4600000,1.2471126,0.0000000,0.0007456,1729.400,3567.441,1729.800,3567.938,0.4600000,1.2474854,0.0030000,0.0200000,2,two-pass source-only match; ordinate averaged
350,353,363,0.5,C4,"round-bilge hull, L/B 9",dash-dot,middle NPL shoulder,middle NPL shoulder,0.465,0.4649998,1.2423484,0.4649999,1.2427279,0.0000001,0.0003796,1743.294,3571.148,1743.672,3570.881,0.4649999,1.2425382,0.0030000,0.0200000,2,two-pass source-only match; ordinate averaged
350,353,363,0.5,C4,"round-bilge hull, L/B 9",dash-dot,middle NPL shoulder,middle NPL shoulder,0.470,0.4700000,1.2343847,0.4699998,1.2330557,0.0000002,0.0013289,1757.189,3576.506,1757.544,3577.373,0.4699999,1.2337202,0.0030000,0.0200000,2,two-pass source-only match; ordinate averaged
350,353,363,0.5,C4,"round-bilge hull, L/B 9",dash-dot,middle NPL shoulder,middle NPL shoulder,0.475,0.4749999,1.2218728,0.4750001,1.2224032,0.0000002,0.0005304,1771.083,3584.924,1771.417,3584.523,0.4750000,1.2221380,0.0030000,0.0200000,2,two-pass source-only match; ordinate averaged
350,353,363,0.5,C4,"round-bilge hull, L/B 9",dash-dot,middle NPL shoulder,middle NPL shoulder,0.480,0.4800001,1.2119025,0.4800000,1.2125030,0.0000000,0.0006005,1784.978,3591.632,1785.289,3591.168,0.4800001,1.2122027,0.0030000,0.0200000,2,two-pass source-only match; ordinate averaged
350,353,363,0.5,C4,"round-bilge hull, L/B 9",dash-dot,middle NPL shoulder,middle NPL shoulder,0.485,0.4849999,1.2021225,0.4850000,1.2019234,0.0000000,0.0001991,1798.872,3598.212,1799.161,3598.269,0.4849999,1.2020229,0.0030000,0.0200000,2,two-pass source-only match; ordinate averaged
350,353,363,0.5,C4,"round-bilge hull, L/B 9",dash-dot,middle NPL shoulder,middle NPL shoulder,0.490,0.4900001,1.2510479,0.4899999,1.1895396,0.0000002,0.0615082,1812.767,3565.295,1813.033,3606.581,0.4900000,1.2202937,0.0030000,0.0307541,2,two-pass source-only match; ordinate averaged
350,353,363,0.5,C4,"round-bilge hull, L/B 9",dash-dot,middle NPL shoulder,middle NPL shoulder,0.495,0.4950000,1.2514625,0.4950002,1.1768385,0.0000002,0.0746240,1826.661,3565.016,1826.906,3615.106,0.4950001,1.2141505,0.0030000,0.0373120,2,two-pass source-only match; ordinate averaged
350,353,363,0.5,C4,"round-bilge hull, L/B 9",dash-dot,middle NPL shoulder,middle NPL shoulder,0.500,0.5000002,1.2519560,0.5000001,1.1721305,0.0000001,0.0798255,1840.556,3564.684,1840.778,3618.266,0.5000001,1.2120433,0.0030000,0.0399127,2,two-pass source-only match; ordinate averaged
350,353,363,0.5,C4,"round-bilge hull, L/B 9",dash-dot,middle NPL shoulder,middle NPL shoulder,0.510,0.5099998,1.2039239,0.5099999,1.1565763,0.0000001,0.0473476,1868.344,3597.000,1868.522,3628.706,0.5099999,1.1802501,0.0030000,0.0236738,2,two-pass source-only match; ordinate averaged
350,353,363,0.5,C4,"round-bilge hull, L/B 9",dash-dot,middle NPL shoulder,middle NPL shoulder,0.515,0.5150000,1.1964923,0.5149998,1.1517849,0.0000002,0.0447074,1882.239,3602.000,1882.394,3631.922,0.5149999,1.1741386,0.0030000,0.0223537,2,two-pass source-only match; ordinate averaged
350,353,363,0.5,C4,"round-bilge hull, L/B 9",dash-dot,middle NPL shoulder,middle NPL shoulder,0.520,0.5199999,1.1510761,0.5200001,1.1488558,0.0000002,0.0022203,1896.133,3632.556,1896.267,3633.888,0.5200000,1.1499659,0.0030000,0.0200000,2,two-pass source-only match; ordinate averaged
350,353,363,0.5,C4,"round-bilge hull, L/B 9",dash-dot,middle NPL shoulder,middle NPL shoulder,0.525,0.5250001,1.1483457,0.5250000,1.1479976,0.0000000,0.0003481,1910.028,3634.393,1910.139,3634.464,0.5250001,1.1481717,0.0030000,0.0200000,2,two-pass source-only match; ordinate averaged
350,353,363,0.5,C4,"round-bilge hull, L/B 9",dash-dot,middle NPL shoulder,middle NPL shoulder,0.530,0.5299999,1.1474168,0.5300000,1.1472169,0.0000000,0.0001998,1923.922,3635.018,1924.011,3634.988,0.5299999,1.1473168,0.0030000,0.0200000,2,two-pass source-only match; ordinate averaged
350,353,363,0.5,C4,"round-bilge hull, L/B 9",dash-dot,middle NPL shoulder,middle NPL shoulder,0.535,0.5350001,1.1461697,0.5349999,1.1442670,0.0000002,0.0019028,1937.817,3635.857,1937.883,3636.968,0.5350000,1.1452184,0.0030000,0.0200000,2,two-pass source-only match; ordinate averaged
350,353,363,0.5,C4,"round-bilge hull, L/B 9",dash-dot,middle NPL shoulder,middle NPL shoulder,0.540,0.5400000,1.1401100,0.5400002,1.1399926,0.0000002,0.0001174,1951.711,3639.934,1951.756,3639.837,0.5400001,1.1400513,0.0030000,0.0200000,2,two-pass source-only match; ordinate averaged
350,353,363,0.5,C4,"round-bilge hull, L/B 9",dash-dot,middle NPL shoulder,middle NPL shoulder,0.545,0.5450002,1.1443341,0.5450001,1.1440569,0.0000001,0.0002772,1965.606,3637.092,1965.628,3637.109,0.5450001,1.1441955,0.0030000,0.0200000,2,two-pass source-only match; ordinate averaged
350,353,363,0.5,C4,"round-bilge hull, L/B 9",dash-dot,middle NPL shoulder,middle NPL shoulder,0.550,0.5500000,1.1440413,0.5500000,1.1436830,0.0000000,0.0003584,1979.500,3637.289,1979.500,3637.360,0.5500000,1.1438621,0.0030000,0.0200000,2,two-pass source-only match; ordinate averaged
350,353,363,0.5,C5,"round-bilge hull, L/B 11",dotted,smooth NPL crest below C2,smooth lower crest,0.350,0.3499999,1.0047146,0.3500000,1.0037932,0.0000000,0.0009214,1423.722,3731.028,1424.611,3731.254,0.3499999,1.0042539,0.0030000,0.0200000,2,two-pass source-only match; ordinate averaged
350,353,363,0.5,C5,"round-bilge hull, L/B 11",dotted,smooth NPL crest below C2,smooth lower crest,0.355,0.3550001,1.0094159,0.3549999,1.0079455,0.0000002,0.0014704,1437.617,3727.865,1438.483,3728.467,0.3550000,1.0086807,0.0030000,0.0200000,2,two-pass source-only match; ordinate averaged
350,353,363,0.5,C5,"round-bilge hull, L/B 11",dotted,smooth NPL crest below C2,smooth lower crest,0.360,0.3600000,1.0172280,0.3600002,1.0153039,0.0000002,0.0019241,1451.511,3722.609,1452.356,3723.528,0.3600001,1.0162660,0.0030000,0.0200000,2,two-pass source-only match; ordinate averaged
350,353,363,0.5,C5,"round-bilge hull, L/B 11",dotted,smooth NPL crest below C2,smooth lower crest,0.365,0.3650002,0.9601665,0.3650001,0.9624553,0.0000001,0.0022888,1465.406,3761.000,1466.228,3759.000,0.3650001,0.9613109,0.0030000,0.0200000,2,two-pass source-only match; ordinate averaged
350,353,363,0.5,C5,"round-bilge hull, L/B 11",dotted,smooth NPL crest below C2,smooth lower crest,0.370,0.3700000,0.9393579,0.3700000,0.9460667,0.0000000,0.0067088,1479.300,3775.000,1480.100,3770.000,0.3700000,0.9427123,0.0030000,0.0200000,2,two-pass source-only match; ordinate averaged
350,353,363,0.5,C5,"round-bilge hull, L/B 11",dotted,smooth NPL crest below C2,smooth lower crest,0.375,0.3749998,0.9200357,0.3749999,0.9296782,0.0000001,0.0096425,1493.194,3788.000,1493.972,3781.000,0.3749999,0.9248569,0.0030000,0.0200000,2,two-pass source-only match; ordinate averaged
350,353,363,0.5,C5,"round-bilge hull, L/B 11",dotted,smooth NPL crest below C2,smooth lower crest,0.380,0.3800000,0.9557075,0.3799998,0.9624553,0.0000002,0.0067478,1507.089,3764.000,1507.844,3759.000,0.3799999,0.9590814,0.0030000,0.0200000,2,two-pass source-only match; ordinate averaged
350,353,363,0.5,C5,"round-bilge hull, L/B 11",dotted,smooth NPL crest below C2,smooth lower crest,0.385,0.3849999,0.9913793,0.3850001,0.9937426,0.0000002,0.0023632,1520.983,3740.000,1521.717,3738.000,0.3850000,0.9925609,0.0030000,0.0200000,2,two-pass source-only match; ordinate averaged
350,353,363,0.5,C5,"round-bilge hull, L/B 11",dotted,smooth NPL crest below C2,smooth lower crest,0.390,0.3900001,1.0170719,0.3900000,1.0154544,0.0000000,0.0016175,1534.878,3722.714,1535.589,3723.427,0.3900001,1.0162632,0.0030000,0.0200000,2,two-pass source-only match; ordinate averaged
350,353,363,0.5,C5,"round-bilge hull, L/B 11",dotted,smooth NPL crest below C2,smooth lower crest,0.395,0.3949999,1.0642093,0.3950000,1.0578069,0.0000000,0.0064024,1548.772,3691.000,1549.461,3695.000,0.3949999,1.0610081,0.0030000,0.0200000,2,two-pass source-only match; ordinate averaged
350,353,363,0.5,C5,"round-bilge hull, L/B 11",dotted,smooth NPL crest below C2,smooth lower crest,0.400,0.4000001,1.0998811,0.3999999,1.0905840,0.0000002,0.0092971,1562.667,3667.000,1563.333,3673.000,0.4000000,1.0952326,0.0030000,0.0200000,2,two-pass source-only match; ordinate averaged
350,353,363,0.5,C5,"round-bilge hull, L/B 11",dotted,smooth NPL crest below C2,smooth lower crest,0.405,0.4050000,1.1368698,0.4050002,1.1366031,0.0000002,0.0002667,1576.561,3642.114,1577.206,3642.112,0.4050001,1.1367364,0.0030000,0.0200000,2,two-pass source-only match; ordinate averaged
350,353,363,0.5,C5,"round-bilge hull, L/B 11",dotted,smooth NPL crest below C2,smooth lower crest,0.410,0.4100002,1.1385256,0.4100001,1.1337902,0.0000001,0.0047353,1590.456,3641.000,1591.078,3644.000,0.4100001,1.1361579,0.0030000,0.0200000,2,two-pass source-only match; ordinate averaged
350,353,363,0.5,C5,"round-bilge hull, L/B 11",dotted,smooth NPL crest below C2,smooth lower crest,0.415,0.4150000,1.1593341,0.4150000,1.1174017,0.0000000,0.0419325,1604.350,3627.000,1604.950,3655.000,0.4150000,1.1383679,0.0030000,0.0209662,2,two-pass source-only match; ordinate averaged
350,353,363,0.5,C5,"round-bilge hull, L/B 11",dotted,smooth NPL crest below C2,smooth lower crest,0.425,0.4250000,1.2240146,0.4249998,1.2243057,0.0000002,0.0002912,1632.139,3583.483,1632.694,3583.246,0.4249999,1.2241601,0.0030000,0.0200000,2,two-pass source-only match; ordinate averaged
350,353,363,0.5,C5,"round-bilge hull, L/B 11",dotted,smooth NPL crest below C2,smooth lower crest,0.430,0.4299999,1.2287143,0.4300001,1.2292178,0.0000002,0.0005035,1646.033,3580.321,1646.567,3579.949,0.4300000,1.2289661,0.0030000,0.0200000,2,two-pass source-only match; ordinate averaged
350,353,363,0.5,C5,"round-bilge hull, L/B 11",dotted,smooth NPL crest below C2,smooth lower crest,0.435,0.4350001,1.2365815,0.4350000,1.2358865,0.0000000,0.0006950,1659.928,3575.028,1660.439,3575.473,0.4350001,1.2362340,0.0030000,0.0200000,2,two-pass source-only match; ordinate averaged
350,353,363,0.5,C5,"round-bilge hull, L/B 11",dotted,smooth NPL crest below C2,smooth lower crest,0.440,0.4399999,1.2387277,0.4400000,1.2385697,0.0000000,0.0001580,1673.822,3573.584,1674.311,3573.672,0.4399999,1.2386487,0.0030000,0.0200000,2,two-pass source-only match; ordinate averaged
350,353,363,0.5,C5,"round-bilge hull, L/B 11",dotted,smooth NPL crest below C2,smooth lower crest,0.445,0.4450001,1.2203790,0.4449999,1.2450223,0.0000002,0.0246433,1687.717,3585.929,1688.183,3569.341,0.4450000,1.2327007,0.0030000,0.0200000,2,two-pass source-only match; ordinate averaged
350,353,363,0.5,C5,"round-bilge hull, L/B 11",dotted,smooth NPL crest below C2,smooth lower crest,0.450,0.4500000,1.2478285,0.4500002,1.2465510,0.0000002,0.0012775,1701.611,3567.461,1702.056,3568.315,0.4500001,1.2471897,0.0030000,0.0200000,2,two-pass source-only match; ordinate averaged
350,353,363,0.5,C5,"round-bilge hull, L/B 11",dotted,smooth NPL crest below C2,smooth lower crest,0.455,0.4550002,1.2466082,0.4550001,1.2462500,0.0000001,0.0003582,1715.506,3568.282,1715.928,3568.517,0.4550001,1.2464291,0.0030000,0.0200000,2,two-pass source-only match; ordinate averaged
350,353,363,0.5,C5,"round-bilge hull, L/B 11",dotted,smooth NPL crest below C2,smooth lower crest,0.460,0.4600000,1.2478582,0.4600000,1.2471126,0.0000000,0.0007456,1729.400,3567.441,1729.800,3567.938,0.4600000,1.2474854,0.0030000,0.0200000,2,two-pass source-only match; ordinate averaged
350,353,363,0.5,C5,"round-bilge hull, L/B 11",dotted,smooth NPL crest below C2,smooth lower crest,0.465,0.4649998,1.2423484,0.4649999,1.2427279,0.0000001,0.0003796,1743.294,3571.148,1743.672,3570.881,0.4649999,1.2425382,0.0030000,0.0200000,2,two-pass source-only match; ordinate averaged
350,353,363,0.5,C5,"round-bilge hull, L/B 11",dotted,smooth NPL crest below C2,smooth lower crest,0.470,0.4700000,1.2343847,0.4699998,1.2330557,0.0000002,0.0013289,1757.189,3576.506,1757.544,3577.373,0.4699999,1.2337202,0.0030000,0.0200000,2,two-pass source-only match; ordinate averaged
350,353,363,0.5,C5,"round-bilge hull, L/B 11",dotted,smooth NPL crest below C2,smooth lower crest,0.475,0.4749999,1.2246685,0.4750001,1.2224032,0.0000002,0.0022654,1771.083,3583.043,1771.417,3584.523,0.4750000,1.2235359,0.0030000,0.0200000,2,two-pass source-only match; ordinate averaged
350,353,363,0.5,C5,"round-bilge hull, L/B 11",dotted,smooth NPL crest below C2,smooth lower crest,0.480,0.4800001,1.2180485,0.4800000,1.2132867,0.0000000,0.0047618,1784.978,3587.497,1785.289,3590.642,0.4800001,1.2156676,0.0030000,0.0200000,2,two-pass source-only match; ordinate averaged
350,353,363,0.5,C5,"round-bilge hull, L/B 11",dotted,smooth NPL crest below C2,smooth lower crest,0.485,0.4849999,1.2517405,0.4850000,1.2042491,0.0000000,0.0474914,1798.872,3564.829,1799.161,3596.708,0.4849999,1.2279948,0.0030000,0.0237457,2,two-pass source-only match; ordinate averaged
350,353,363,0.5,C5,"round-bilge hull, L/B 11",dotted,smooth NPL crest below C2,smooth lower crest,0.490,0.4900001,1.2510479,0.4899999,1.2512068,0.0000002,0.0001589,1812.767,3565.295,1813.033,3565.190,0.4900000,1.2511273,0.0030000,0.0200000,2,two-pass source-only match; ordinate averaged
350,353,363,0.5,C5,"round-bilge hull, L/B 11",dotted,smooth NPL crest below C2,smooth lower crest,0.495,0.4950000,1.2514625,0.4950002,1.2515137,0.0000002,0.0000512,1826.661,3565.016,1826.906,3564.984,0.4950001,1.2514881,0.0030000,0.0200000,2,two-pass source-only match; ordinate averaged
350,353,363,0.5,C5,"round-bilge hull, L/B 11",dotted,smooth NPL crest below C2,smooth lower crest,0.500,0.5000002,1.2521671,0.5000001,1.2521931,0.0000001,0.0000260,1840.556,3564.542,1840.778,3564.528,0.5000001,1.2521801,0.0030000,0.0200000,2,two-pass source-only match; ordinate averaged
350,353,363,0.5,C5,"round-bilge hull, L/B 11",dotted,smooth NPL crest below C2,smooth lower crest,0.505,0.5050000,1.2503627,0.5050000,1.2504902,0.0000000,0.0001275,1854.450,3565.756,1854.650,3565.671,0.5050000,1.2504264,0.0030000,0.0200000,2,two-pass source-only match; ordinate averaged
350,353,363,0.5,C5,"round-bilge hull, L/B 11",dotted,smooth NPL crest below C2,smooth lower crest,0.510,0.5099998,1.2485895,0.5099999,1.2486070,0.0000001,0.0000175,1868.344,3566.949,1868.522,3566.935,0.5099999,1.2485982,0.0030000,0.0200000,2,two-pass source-only match; ordinate averaged
350,353,363,0.5,C5,"round-bilge hull, L/B 11",dotted,smooth NPL crest below C2,smooth lower crest,0.515,0.5150000,1.2486162,0.5149998,1.2445620,0.0000002,0.0040543,1882.239,3566.931,1882.394,3569.650,0.5149999,1.2465891,0.0030000,0.0200000,2,two-pass source-only match; ordinate averaged
350,353,363,0.5,C5,"round-bilge hull, L/B 11",dotted,smooth NPL crest below C2,smooth lower crest,0.520,0.5199999,1.2450401,0.5200001,1.1978546,0.0000002,0.0471855,1896.133,3569.337,1896.267,3601.000,0.5200000,1.2214474,0.0030000,0.0235928,2,two-pass source-only match; ordinate averaged
350,353,363,0.5,C5,"round-bilge hull, L/B 11",dotted,smooth NPL crest below C2,smooth lower crest,0.530,0.5299999,1.1905470,0.5300000,1.1472169,0.0000000,0.0433300,1923.922,3606.000,1924.011,3634.988,0.5299999,1.1688819,0.0030000,0.0216650,2,two-pass source-only match; ordinate averaged
350,353,363,0.5,C5,"round-bilge hull, L/B 11",dotted,smooth NPL crest below C2,smooth lower crest,0.535,0.5350001,1.1469530,0.5349999,1.1442670,0.0000002,0.0026860,1937.817,3635.330,1937.883,3636.968,0.5350000,1.1456100,0.0030000,0.0200000,2,two-pass source-only match; ordinate averaged
350,353,363,0.5,C5,"round-bilge hull, L/B 11",dotted,smooth NPL crest below C2,smooth lower crest,0.540,0.5400000,1.1401100,0.5400002,1.1403769,0.0000002,0.0002669,1951.711,3639.934,1951.756,3639.579,0.5400001,1.1402435,0.0030000,0.0200000,2,two-pass source-only match; ordinate averaged
350,353,363,0.5,C5,"round-bilge hull, L/B 11",dotted,smooth NPL crest below C2,smooth lower crest,0.545,0.5450002,1.1446463,0.5450001,1.1440569,0.0000001,0.0005893,1965.606,3636.882,1965.628,3637.109,0.5450001,1.1443516,0.0030000,0.0200000,2,two-pass source-only match; ordinate averaged
350,353,363,0.5,C5,"round-bilge hull, L/B 11",dotted,smooth NPL crest below C2,smooth lower crest,0.550,0.5500000,1.1440413,0.5500000,1.1436830,0.0000000,0.0003584,1979.500,3637.289,1979.500,3637.360,0.5500000,1.1438621,0.0030000,0.0200000,2,two-pass source-only match; ordinate averaged
