# source: Mustafa Insel, 1990 PhD thesis, Figure 359
# source_location: printed page 358; PDF page 368
# source-only two-pass trace; no michell output used in extraction or reconciliation
figure,source_printed_page,source_pdf_page,separation_over_length,model,hull,line_style,relative_position_pass_a,relative_position_pass_b,fn_anchor,fn,tau,fn_digitization_uncertainty,tau_digitization_uncertainty,pass_count,adjudication,fn_a,tau_a,fn_b,tau_b,fn_pass_difference,tau_pass_difference,pass_a_x_px,pass_a_y_px,pass_b_x_px,pass_b_y_px
359,358,368,0.2,C2,Wigley hull,solid,oscillatory below Fn 0.39; isolated upper broad hump near Fn 0.45,oscillatory left branch and uniquely high broad crest,0.150,0.1500001,1.1852043,0.0030000,0.0200000,2,two-pass source-only match; ordinate averaged,0.1500001,1.1826104,0.1500002,1.1877982,0.0000001,0.0051878,638.778,982.180,639.667,979.499
359,358,368,0.2,C2,Wigley hull,solid,oscillatory below Fn 0.39; isolated upper broad hump near Fn 0.45,oscillatory left branch and uniquely high broad crest,0.155,0.1550000,1.1379845,0.0030000,0.0200000,2,two-pass source-only match; ordinate averaged,0.1550002,1.1366463,0.1549998,1.1393227,0.0000004,0.0026764,649.156,1005.493,650.033,1004.047
359,358,368,0.2,C2,Wigley hull,solid,oscillatory below Fn 0.39; isolated upper broad hump near Fn 0.45,oscillatory left branch and uniquely high broad crest,0.160,0.1599999,1.1463987,0.0030000,0.0200000,2,two-pass source-only match; ordinate averaged,0.1599998,1.1593060,0.1600000,1.1334913,0.0000002,0.0258147,659.533,994.000,660.400,1007.000
359,358,368,0.2,C2,Wigley hull,solid,oscillatory below Fn 0.39; isolated upper broad hump near Fn 0.45,oscillatory left branch and uniquely high broad crest,0.165,0.1650001,1.1085424,0.0030000,0.0200000,2,two-pass source-only match; ordinate averaged,0.1649999,1.1003155,0.1650002,1.1167694,0.0000002,0.0164539,669.911,1023.920,670.767,1015.468
359,358,368,0.2,C2,Wigley hull,solid,oscillatory below Fn 0.39; isolated upper broad hump near Fn 0.45,oscillatory left branch and uniquely high broad crest,0.170,0.1699999,1.1332103,0.0030000,0.0211776,2,two-pass source-only match; ordinate averaged,0.1700001,1.1120327,0.1699998,1.1543878,0.0000002,0.0423551,680.289,1017.977,681.133,996.418
359,358,368,0.2,C2,Wigley hull,solid,oscillatory below Fn 0.39; isolated upper broad hump near Fn 0.45,oscillatory left branch and uniquely high broad crest,0.175,0.1750001,1.1251262,0.0030000,0.0200000,2,two-pass source-only match; ordinate averaged,0.1750002,1.1277346,0.1750000,1.1225178,0.0000002,0.0052168,690.667,1010.013,691.500,1012.557
359,358,368,0.2,C2,Wigley hull,solid,oscillatory below Fn 0.39; isolated upper broad hump near Fn 0.45,oscillatory left branch and uniquely high broad crest,0.180,0.1800000,1.1688488,0.0030000,0.0200000,2,two-pass source-only match; ordinate averaged,0.1799998,1.1737125,0.1800002,1.1639850,0.0000004,0.0097275,701.044,986.693,701.867,991.558
359,358,368,0.2,C2,Wigley hull,solid,oscillatory below Fn 0.39; isolated upper broad hump near Fn 0.45,oscillatory left branch and uniquely high broad crest,0.185,0.1849999,1.2248037,0.0030000,0.0200000,2,two-pass source-only match; ordinate averaged,0.1849999,1.2360292,0.1849998,1.2135782,0.0000001,0.0224510,711.422,955.086,712.233,966.444
359,358,368,0.2,C2,Wigley hull,solid,oscillatory below Fn 0.39; isolated upper broad hump near Fn 0.45,oscillatory left branch and uniquely high broad crest,0.190,0.1900000,1.2793362,0.0030000,0.0200000,2,two-pass source-only match; ordinate averaged,0.1900000,1.2928746,0.1900000,1.2657978,0.0000000,0.0270768,721.800,926.254,722.600,940.000
359,358,368,0.2,C2,Wigley hull,solid,oscillatory below Fn 0.39; isolated upper broad hump near Fn 0.45,oscillatory left branch and uniquely high broad crest,0.195,0.1950001,1.3332337,0.0030000,0.0200000,2,two-pass source-only match; ordinate averaged,0.1950001,1.3423837,0.1950002,1.3240837,0.0000001,0.0182999,732.178,901.143,732.967,910.484
359,358,368,0.2,C2,Wigley hull,solid,oscillatory below Fn 0.39; isolated upper broad hump near Fn 0.45,oscillatory left branch and uniquely high broad crest,0.200,0.2000000,1.3541624,0.0030000,0.0200000,2,two-pass source-only match; ordinate averaged,0.2000002,1.3528707,0.1999998,1.3554542,0.0000004,0.0025835,742.556,895.824,743.333,894.598
359,358,368,0.2,C2,Wigley hull,solid,oscillatory below Fn 0.39; isolated upper broad hump near Fn 0.45,oscillatory left branch and uniquely high broad crest,0.205,0.2049999,1.2494105,0.0030000,0.0200000,2,two-pass source-only match; ordinate averaged,0.2049998,1.2475237,0.2050000,1.2512974,0.0000002,0.0037737,752.933,949.256,753.700,947.343
359,358,368,0.2,C2,Wigley hull,solid,oscillatory below Fn 0.39; isolated upper broad hump near Fn 0.45,oscillatory left branch and uniquely high broad crest,0.210,0.2100001,1.1384619,0.0030000,0.0212024,2,two-pass source-only match; ordinate averaged,0.2099999,1.1172595,0.2100002,1.1596643,0.0000002,0.0424048,763.311,1015.326,764.067,993.746
359,358,368,0.2,C2,Wigley hull,solid,oscillatory below Fn 0.39; isolated upper broad hump near Fn 0.45,oscillatory left branch and uniquely high broad crest,0.230,0.2299999,0.9165689,0.0030000,0.0200000,2,two-pass source-only match; ordinate averaged,0.2299999,0.9300118,0.2299998,0.9031260,0.0000001,0.0268858,804.822,1110.298,805.533,1123.657
359,358,368,0.2,C2,Wigley hull,solid,oscillatory below Fn 0.39; isolated upper broad hump near Fn 0.45,oscillatory left branch and uniquely high broad crest,0.235,0.2350000,1.0129576,0.0030000,0.0200000,2,two-pass source-only match; ordinate averaged,0.2350000,1.0306546,0.2350000,0.9952607,0.0000000,0.0353939,815.200,1059.252,815.900,1077.000
359,358,368,0.2,C2,Wigley hull,solid,oscillatory below Fn 0.39; isolated upper broad hump near Fn 0.45,oscillatory left branch and uniquely high broad crest,0.240,0.2400001,1.0430138,0.0030000,0.0200000,2,two-pass source-only match; ordinate averaged,0.2400001,1.0432729,0.2400002,1.0427547,0.0000001,0.0005181,825.578,1052.852,826.267,1052.949
359,358,368,0.2,C2,Wigley hull,solid,oscillatory below Fn 0.39; isolated upper broad hump near Fn 0.45,oscillatory left branch and uniquely high broad crest,0.245,0.2450000,1.1442418,0.0030000,0.0200000,2,two-pass source-only match; ordinate averaged,0.2450002,1.1436731,0.2449998,1.1448104,0.0000004,0.0011373,835.956,1001.929,836.633,1001.268
359,358,368,0.2,C2,Wigley hull,solid,oscillatory below Fn 0.39; isolated upper broad hump near Fn 0.45,oscillatory left branch and uniquely high broad crest,0.250,0.2499999,1.2148532,0.0030000,0.0200000,2,two-pass source-only match; ordinate averaged,0.2499998,1.2146254,0.2500000,1.2150810,0.0000002,0.0004556,846.333,965.942,847.000,965.683
359,358,368,0.2,C2,Wigley hull,solid,oscillatory below Fn 0.39; isolated upper broad hump near Fn 0.45,oscillatory left branch and uniquely high broad crest,0.255,0.2550001,1.1882559,0.0030000,0.0289499,2,two-pass source-only match; ordinate averaged,0.2549999,1.1593060,0.2550002,1.2172058,0.0000002,0.0578998,856.711,994.000,857.367,964.607
359,358,368,0.2,C2,Wigley hull,solid,oscillatory below Fn 0.39; isolated upper broad hump near Fn 0.45,oscillatory left branch and uniquely high broad crest,0.260,0.2599999,1.0657789,0.0030000,0.0200000,2,two-pass source-only match; ordinate averaged,0.2600001,1.0651577,0.2599998,1.0664001,0.0000002,0.0012424,867.089,1041.752,867.733,1040.975
359,358,368,0.2,C2,Wigley hull,solid,oscillatory below Fn 0.39; isolated upper broad hump near Fn 0.45,oscillatory left branch and uniquely high broad crest,0.285,0.2850001,1.0537918,0.0030000,0.0200000,2,two-pass source-only match; ordinate averaged,0.2850001,1.0646037,0.2850002,1.0429799,0.0000001,0.0216238,918.978,1042.033,919.567,1052.835
359,358,368,0.2,C2,Wigley hull,solid,oscillatory below Fn 0.39; isolated upper broad hump near Fn 0.45,oscillatory left branch and uniquely high broad crest,0.290,0.2900000,1.1982918,0.0030000,0.0292555,2,two-pass source-only match; ordinate averaged,0.2900002,1.2275473,0.2899998,1.1690363,0.0000004,0.0585110,929.356,959.388,929.933,989.000
359,358,368,0.2,C2,Wigley hull,solid,oscillatory below Fn 0.39; isolated upper broad hump near Fn 0.45,oscillatory left branch and uniquely high broad crest,0.295,0.2949999,1.3456869,0.0030000,0.0200000,2,two-pass source-only match; ordinate averaged,0.2949998,1.3604101,0.2950000,1.3309637,0.0000002,0.0294464,939.733,892.000,940.300,907.000
359,358,368,0.2,C2,Wigley hull,solid,oscillatory below Fn 0.39; isolated upper broad hump near Fn 0.45,oscillatory left branch and uniquely high broad crest,0.300,0.3000001,1.4757987,0.0030000,0.0200000,2,two-pass source-only match; ordinate averaged,0.2999999,1.4713920,0.3000002,1.4802054,0.0000002,0.0088134,950.111,835.710,950.667,831.424
359,358,368,0.2,C2,Wigley hull,solid,oscillatory below Fn 0.39; isolated upper broad hump near Fn 0.45,oscillatory left branch and uniquely high broad crest,0.305,0.3049999,1.4041509,0.0030000,0.0200000,2,two-pass source-only match; ordinate averaged,0.3050001,1.4061909,0.3049998,1.4021110,0.0000002,0.0040799,960.489,868.780,961.033,870.971
359,358,368,0.2,C2,Wigley hull,solid,oscillatory below Fn 0.39; isolated upper broad hump near Fn 0.45,oscillatory left branch and uniquely high broad crest,0.310,0.3100001,1.3180294,0.0030000,0.0200000,2,two-pass source-only match; ordinate averaged,0.3100002,1.3348206,0.3100000,1.3012382,0.0000002,0.0335824,970.867,904.979,971.400,922.053
359,358,368,0.2,C2,Wigley hull,solid,oscillatory below Fn 0.39; isolated upper broad hump near Fn 0.45,oscillatory left branch and uniquely high broad crest,0.315,0.3150000,1.2642100,0.0030000,0.0200000,2,two-pass source-only match; ordinate averaged,0.3149998,1.2664018,0.3150002,1.2620182,0.0000004,0.0043836,981.244,939.681,981.767,941.914
359,358,368,0.2,C2,Wigley hull,solid,oscillatory below Fn 0.39; isolated upper broad hump near Fn 0.45,oscillatory left branch and uniquely high broad crest,0.320,0.3199999,1.1114766,0.0030000,0.0200000,2,two-pass source-only match; ordinate averaged,0.3199999,1.1105718,0.3199998,1.1123815,0.0000001,0.0018098,991.622,1018.718,992.133,1017.690
359,358,368,0.2,C2,Wigley hull,solid,oscillatory below Fn 0.39; isolated upper broad hump near Fn 0.45,oscillatory left branch and uniquely high broad crest,0.325,0.3250000,1.0526755,0.0030000,0.0200000,2,two-pass source-only match; ordinate averaged,0.3250000,1.0528707,0.3250000,1.0524803,0.0000000,0.0003904,1002.000,1047.984,1002.500,1048.024
359,358,368,0.2,C2,Wigley hull,solid,oscillatory below Fn 0.39; isolated upper broad hump near Fn 0.45,oscillatory left branch and uniquely high broad crest,0.330,0.3300001,1.0011631,0.0030000,0.0200000,2,two-pass source-only match; ordinate averaged,0.3300001,1.0012618,0.3300002,1.0010644,0.0000001,0.0001975,1012.378,1074.160,1012.867,1074.061
359,358,368,0.2,C2,Wigley hull,solid,oscillatory below Fn 0.39; isolated upper broad hump near Fn 0.45,oscillatory left branch and uniquely high broad crest,0.335,0.3350000,0.9144473,0.0030000,0.0200000,2,two-pass source-only match; ordinate averaged,0.3350002,0.9172082,0.3349998,0.9116864,0.0000004,0.0055218,1022.756,1116.792,1023.233,1119.322
359,358,368,0.2,C2,Wigley hull,solid,oscillatory below Fn 0.39; isolated upper broad hump near Fn 0.45,oscillatory left branch and uniquely high broad crest,0.340,0.3399999,0.8452193,0.0030000,0.0200000,2,two-pass source-only match; ordinate averaged,0.3399998,0.8360686,0.3400000,0.8543701,0.0000002,0.0183015,1033.133,1157.946,1033.600,1148.347
359,358,368,0.2,C2,Wigley hull,solid,oscillatory below Fn 0.39; isolated upper broad hump near Fn 0.45,oscillatory left branch and uniquely high broad crest,0.345,0.3450001,0.7853218,0.0030000,0.0200000,2,two-pass source-only match; ordinate averaged,0.3449999,0.7838604,0.3450002,0.7867832,0.0000002,0.0029228,1043.511,1184.426,1043.967,1182.573
359,358,368,0.2,C2,Wigley hull,solid,oscillatory below Fn 0.39; isolated upper broad hump near Fn 0.45,oscillatory left branch and uniquely high broad crest,0.350,0.3499999,0.7556141,0.0030000,0.0200000,2,two-pass source-only match; ordinate averaged,0.3500001,0.7549980,0.3499998,0.7562303,0.0000002,0.0012322,1053.889,1199.065,1054.333,1198.045
359,358,368,0.2,C2,Wigley hull,solid,oscillatory below Fn 0.39; isolated upper broad hump near Fn 0.45,oscillatory left branch and uniquely high broad crest,0.355,0.3550001,0.8433385,0.0030000,0.0200000,2,two-pass source-only match; ordinate averaged,0.3550002,0.8421905,0.3550000,0.8444866,0.0000002,0.0022961,1064.267,1154.841,1064.700,1153.352
359,358,368,0.2,C2,Wigley hull,solid,oscillatory below Fn 0.39; isolated upper broad hump near Fn 0.45,oscillatory left branch and uniquely high broad crest,0.360,0.3600000,0.9756945,0.0030000,0.0200000,2,two-pass source-only match; ordinate averaged,0.3599998,0.9557472,0.3600002,0.9956418,0.0000004,0.0398945,1074.644,1097.245,1075.067,1076.807
359,358,368,0.2,C2,Wigley hull,solid,oscillatory below Fn 0.39; isolated upper broad hump near Fn 0.45,oscillatory left branch and uniquely high broad crest,0.365,0.3649999,1.0405849,0.0030000,0.0200000,2,two-pass source-only match; ordinate averaged,0.3649999,1.0407551,0.3649998,1.0404147,0.0000001,0.0003404,1085.022,1054.129,1085.433,1054.134
359,358,368,0.2,C2,Wigley hull,solid,oscillatory below Fn 0.39; isolated upper broad hump near Fn 0.45,oscillatory left branch and uniquely high broad crest,0.370,0.3700000,1.1421278,0.0030000,0.0200000,2,two-pass source-only match; ordinate averaged,0.3700000,1.1412461,0.3700000,1.1430095,0.0000000,0.0017634,1095.400,1003.160,1095.800,1002.180
359,358,368,0.2,C2,Wigley hull,solid,oscillatory below Fn 0.39; isolated upper broad hump near Fn 0.45,oscillatory left branch and uniquely high broad crest,0.375,0.3750001,1.2714978,0.0030000,0.0200000,2,two-pass source-only match; ordinate averaged,0.3750001,1.2724941,0.3750002,1.2705016,0.0000001,0.0019925,1105.778,936.591,1106.167,937.618
359,358,368,0.2,C2,Wigley hull,solid,oscillatory below Fn 0.39; isolated upper broad hump near Fn 0.45,oscillatory left branch and uniquely high broad crest,0.380,0.3800000,1.3575812,0.0030000,0.0200000,2,two-pass source-only match; ordinate averaged,0.3800002,1.3584661,0.3799998,1.3566963,0.0000004,0.0017698,1116.156,892.986,1116.533,893.969
359,358,368,0.2,C2,Wigley hull,solid,oscillatory below Fn 0.39; isolated upper broad hump near Fn 0.45,oscillatory left branch and uniquely high broad crest,0.385,0.3849999,1.4589811,0.0030000,0.0200000,2,two-pass source-only match; ordinate averaged,0.3849998,1.4586455,0.3850000,1.4593167,0.0000002,0.0006712,1126.533,842.175,1126.900,842.002
359,358,368,0.2,C2,Wigley hull,solid,oscillatory below Fn 0.39; isolated upper broad hump near Fn 0.45,oscillatory left branch and uniquely high broad crest,0.390,0.3900001,1.5603942,0.0030000,0.0200000,2,two-pass source-only match; ordinate averaged,0.3899999,1.5609464,0.3900002,1.5598420,0.0000002,0.0011044,1136.911,790.288,1137.267,791.096
359,358,368,0.2,C2,Wigley hull,solid,oscillatory below Fn 0.39; isolated upper broad hump near Fn 0.45,oscillatory left branch and uniquely high broad crest,0.395,0.3949999,1.6664525,0.0030000,0.0200000,2,two-pass source-only match; ordinate averaged,0.3950001,1.6611337,0.3949998,1.6717713,0.0000002,0.0106377,1147.289,739.473,1147.633,734.415
359,358,368,0.2,C2,Wigley hull,solid,oscillatory below Fn 0.39; isolated upper broad hump near Fn 0.45,oscillatory left branch and uniquely high broad crest,0.400,0.4000001,1.7766175,0.0030000,0.0200000,2,two-pass source-only match; ordinate averaged,0.4000002,1.7946865,0.4000000,1.7585486,0.0000002,0.0361379,1157.667,671.735,1158.000,690.471
359,358,368,0.2,C2,Wigley hull,solid,oscillatory below Fn 0.39; isolated upper broad hump near Fn 0.45,oscillatory left branch and uniquely high broad crest,0.405,0.4050000,1.7950401,0.0030000,0.0200000,2,two-pass source-only match; ordinate averaged,0.4049998,1.7929653,0.4050002,1.7971149,0.0000004,0.0041496,1168.044,672.608,1168.367,670.941
359,358,368,0.2,C2,Wigley hull,solid,oscillatory below Fn 0.39; isolated upper broad hump near Fn 0.45,oscillatory left branch and uniquely high broad crest,0.410,0.4099999,1.8368554,0.0030000,0.0200000,2,two-pass source-only match; ordinate averaged,0.4099999,1.8223226,0.4099998,1.8513882,0.0000001,0.0290657,1178.422,657.718,1178.733,643.457
359,358,368,0.2,C2,Wigley hull,solid,oscillatory below Fn 0.39; isolated upper broad hump near Fn 0.45,oscillatory left branch and uniquely high broad crest,0.415,0.4150000,1.8640387,0.0030000,0.0200000,2,two-pass source-only match; ordinate averaged,0.4150000,1.8720386,0.4150000,1.8560387,0.0000000,0.0159999,1188.800,632.502,1189.100,641.102
359,358,368,0.2,C2,Wigley hull,solid,oscillatory below Fn 0.39; isolated upper broad hump near Fn 0.45,oscillatory left branch and uniquely high broad crest,0.420,0.4200001,1.9096155,0.0030000,0.0200000,2,two-pass source-only match; ordinate averaged,0.4200001,1.9017173,0.4200002,1.9175138,0.0000001,0.0157966,1199.178,617.449,1199.467,609.971
359,358,368,0.2,C2,Wigley hull,solid,oscillatory below Fn 0.39; isolated upper broad hump near Fn 0.45,oscillatory left branch and uniquely high broad crest,0.425,0.4250000,1.9352345,0.0030000,0.0200000,2,two-pass source-only match; ordinate averaged,0.4250002,1.9306349,0.4249998,1.9398341,0.0000004,0.0091993,1209.556,602.782,1209.833,598.668
359,358,368,0.2,C2,Wigley hull,solid,oscillatory below Fn 0.39; isolated upper broad hump near Fn 0.45,oscillatory left branch and uniquely high broad crest,0.430,0.4299999,1.9514612,0.0030000,0.0200000,2,two-pass source-only match; ordinate averaged,0.4299998,1.9488821,0.4300000,1.9540403,0.0000002,0.0051582,1219.933,593.527,1220.200,591.474
359,358,368,0.2,C2,Wigley hull,solid,oscillatory below Fn 0.39; isolated upper broad hump near Fn 0.45,oscillatory left branch and uniquely high broad crest,0.435,0.4350001,1.9640389,0.0030000,0.0200000,2,two-pass source-only match; ordinate averaged,0.4349999,1.9617054,0.4350002,1.9663724,0.0000002,0.0046670,1230.311,587.023,1230.567,585.229
359,358,368,0.2,C2,Wigley hull,solid,oscillatory below Fn 0.39; isolated upper broad hump near Fn 0.45,oscillatory left branch and uniquely high broad crest,0.440,0.4399999,1.9731710,0.0030000,0.0200000,2,two-pass source-only match; ordinate averaged,0.4400001,1.9730402,0.4399998,1.9733017,0.0000002,0.0002615,1240.689,581.274,1240.933,581.720
359,358,368,0.2,C2,Wigley hull,solid,oscillatory below Fn 0.39; isolated upper broad hump near Fn 0.45,oscillatory left branch and uniquely high broad crest,0.445,0.4450001,1.9789958,0.0030000,0.0200000,2,two-pass source-only match; ordinate averaged,0.4450002,1.9787638,0.4450000,1.9792279,0.0000002,0.0004641,1251.067,578.371,1251.300,578.719
359,358,368,0.2,C2,Wigley hull,solid,oscillatory below Fn 0.39; isolated upper broad hump near Fn 0.45,oscillatory left branch and uniquely high broad crest,0.450,0.4500000,1.9790441,0.0030000,0.0200000,2,two-pass source-only match; ordinate averaged,0.4499998,1.9789058,0.4500002,1.9791825,0.0000004,0.0002767,1261.444,578.299,1261.667,578.742
359,358,368,0.2,C2,Wigley hull,solid,oscillatory below Fn 0.39; isolated upper broad hump near Fn 0.45,oscillatory left branch and uniquely high broad crest,0.455,0.4549999,1.9731436,0.0030000,0.0200000,2,two-pass source-only match; ordinate averaged,0.4549999,1.9726774,0.4549998,1.9736098,0.0000001,0.0009323,1271.822,581.458,1272.033,581.564
359,358,368,0.2,C2,Wigley hull,solid,oscillatory below Fn 0.39; isolated upper broad hump near Fn 0.45,oscillatory left branch and uniquely high broad crest,0.460,0.4600000,1.9647788,0.0030000,0.0200000,2,two-pass source-only match; ordinate averaged,0.4600000,1.9637875,0.4600000,1.9657701,0.0000000,0.0019827,1282.200,585.967,1282.400,585.534
359,358,368,0.2,C2,Wigley hull,solid,oscillatory below Fn 0.39; isolated upper broad hump near Fn 0.45,oscillatory left branch and uniquely high broad crest,0.465,0.4650001,1.9513170,0.0030000,0.0200000,2,two-pass source-only match; ordinate averaged,0.4650001,1.9489649,0.4650002,1.9536690,0.0000001,0.0047041,1292.578,593.485,1292.767,591.662
359,358,368,0.2,C2,Wigley hull,solid,oscillatory below Fn 0.39; isolated upper broad hump near Fn 0.45,oscillatory left branch and uniquely high broad crest,0.470,0.4700000,1.9379981,0.0030000,0.0200000,2,two-pass source-only match; ordinate averaged,0.4700002,1.9331289,0.4699998,1.9428673,0.0000004,0.0097384,1302.956,601.517,1303.133,597.132
359,358,368,0.2,C2,Wigley hull,solid,oscillatory below Fn 0.39; isolated upper broad hump near Fn 0.45,oscillatory left branch and uniquely high broad crest,0.475,0.4749999,1.9061741,0.0030000,0.0200000,2,two-pass source-only match; ordinate averaged,0.4749998,1.9111100,0.4750000,1.9012382,0.0000002,0.0098719,1313.333,612.685,1313.500,618.213
359,358,368,0.2,C2,Wigley hull,solid,oscillatory below Fn 0.39; isolated upper broad hump near Fn 0.45,oscillatory left branch and uniquely high broad crest,0.480,0.4800001,1.8708063,0.0030000,0.0200000,2,two-pass source-only match; ordinate averaged,0.4799999,1.8730185,0.4800002,1.8685940,0.0000002,0.0044245,1323.711,632.005,1323.867,634.744
359,358,368,0.2,C2,Wigley hull,solid,oscillatory below Fn 0.39; isolated upper broad hump near Fn 0.45,oscillatory left branch and uniquely high broad crest,0.485,0.4849999,1.8551538,0.0030000,0.0200000,2,two-pass source-only match; ordinate averaged,0.4850001,1.8540063,0.4849998,1.8563013,0.0000002,0.0022950,1334.089,641.648,1334.233,640.969
359,358,368,0.2,C2,Wigley hull,solid,oscillatory below Fn 0.39; isolated upper broad hump near Fn 0.45,oscillatory left branch and uniquely high broad crest,0.490,0.4900001,1.8212451,0.0030000,0.0200000,2,two-pass source-only match; ordinate averaged,0.4900002,1.8337421,0.4900000,1.8087480,0.0000002,0.0249941,1344.467,651.926,1344.600,665.050
359,358,368,0.2,C2,Wigley hull,solid,oscillatory below Fn 0.39; isolated upper broad hump near Fn 0.45,oscillatory left branch and uniquely high broad crest,0.495,0.4950000,1.7999131,0.0030000,0.0200000,2,two-pass source-only match; ordinate averaged,0.4949998,1.7987500,0.4950002,1.8010762,0.0000004,0.0023262,1354.844,669.674,1354.967,668.935
359,358,368,0.2,C2,Wigley hull,solid,oscillatory below Fn 0.39; isolated upper broad hump near Fn 0.45,oscillatory left branch and uniquely high broad crest,0.500,0.4999999,1.7546662,0.0030000,0.0200000,2,two-pass source-only match; ordinate averaged,0.4999999,1.7650572,0.4999998,1.7442753,0.0000001,0.0207819,1365.222,686.763,1365.333,697.699
359,358,368,0.2,C2,Wigley hull,solid,oscillatory below Fn 0.39; isolated upper broad hump near Fn 0.45,oscillatory left branch and uniquely high broad crest,0.505,0.5050000,1.7307935,0.0030000,0.0200000,2,two-pass source-only match; ordinate averaged,0.5050000,1.7316207,0.5050000,1.7299664,0.0000000,0.0016542,1375.600,703.722,1375.700,704.945
359,358,368,0.2,C2,Wigley hull,solid,oscillatory below Fn 0.39; isolated upper broad hump near Fn 0.45,oscillatory left branch and uniquely high broad crest,0.510,0.5100001,1.7015010,0.0030000,0.0200000,2,two-pass source-only match; ordinate averaged,0.5100001,1.7022693,0.5100002,1.7007326,0.0000001,0.0015367,1385.978,718.609,1386.067,719.749
359,358,368,0.2,C2,Wigley hull,solid,oscillatory below Fn 0.39; isolated upper broad hump near Fn 0.45,oscillatory left branch and uniquely high broad crest,0.515,0.5150000,1.6946571,0.0030000,0.0200000,2,two-pass source-only match; ordinate averaged,0.5150002,1.6916009,0.5149998,1.6977133,0.0000004,0.0061123,1396.356,724.020,1396.433,721.278
359,358,368,0.2,C2,Wigley hull,solid,oscillatory below Fn 0.39; isolated upper broad hump near Fn 0.45,oscillatory left branch and uniquely high broad crest,0.520,0.5199999,1.6494668,0.0030000,0.0200000,2,two-pass source-only match; ordinate averaged,0.5199998,1.6499685,0.5200000,1.6489652,0.0000002,0.0010032,1406.733,745.136,1406.800,745.964
359,358,368,0.2,C2,Wigley hull,solid,oscillatory below Fn 0.39; isolated upper broad hump near Fn 0.45,oscillatory left branch and uniquely high broad crest,0.525,0.5250001,1.5823440,0.0030000,0.0200000,2,two-pass source-only match; ordinate averaged,0.5249999,1.5812697,0.5250002,1.5834182,0.0000002,0.0021485,1417.111,779.980,1417.167,779.157
359,358,368,0.2,C2,Wigley hull,solid,oscillatory below Fn 0.39; isolated upper broad hump near Fn 0.45,oscillatory left branch and uniquely high broad crest,0.530,0.5299999,1.5686781,0.0030000,0.0200000,2,two-pass source-only match; ordinate averaged,0.5300001,1.5847969,0.5299998,1.5525592,0.0000002,0.0322377,1427.489,778.191,1427.533,794.784
359,358,368,0.2,C2,Wigley hull,solid,oscillatory below Fn 0.39; isolated upper broad hump near Fn 0.45,oscillatory left branch and uniquely high broad crest,0.535,0.5350001,1.5490019,0.0030000,0.0200000,2,two-pass source-only match; ordinate averaged,0.5350002,1.5486534,0.5350000,1.5493503,0.0000002,0.0006969,1437.867,796.523,1437.900,796.409
359,358,368,0.2,C2,Wigley hull,solid,oscillatory below Fn 0.39; isolated upper broad hump near Fn 0.45,oscillatory left branch and uniquely high broad crest,0.540,0.5400000,1.5693190,0.0030000,0.0200000,2,two-pass source-only match; ordinate averaged,0.5399998,1.5696668,0.5400002,1.5689712,0.0000004,0.0006956,1448.244,785.865,1448.267,786.473
359,358,368,0.2,C2,Wigley hull,solid,oscillatory below Fn 0.39; isolated upper broad hump near Fn 0.45,oscillatory left branch and uniquely high broad crest,0.545,0.5449999,1.5307513,0.0030000,0.0200000,2,two-pass source-only match; ordinate averaged,0.5449999,1.5301163,0.5449998,1.5313863,0.0000001,0.0012699,1458.622,805.925,1458.633,805.506
359,358,368,0.2,C2,Wigley hull,solid,oscillatory below Fn 0.39; isolated upper broad hump near Fn 0.45,oscillatory left branch and uniquely high broad crest,0.550,0.5500000,1.5264426,0.0030000,0.0200000,2,two-pass source-only match; ordinate averaged,0.5500000,1.5261554,0.5500000,1.5267299,0.0000000,0.0005745,1469.000,807.934,1469.000,807.864
359,358,368,0.2,C2,Wigley hull,solid,oscillatory below Fn 0.39; isolated upper broad hump near Fn 0.45,oscillatory left branch and uniquely high broad crest,0.555,0.5550001,1.4782609,0.0030000,0.0200000,2,two-pass source-only match; ordinate averaged,0.5550001,1.4641404,0.5550002,1.4923815,0.0000001,0.0282411,1479.378,839.388,1479.367,825.258
359,358,368,0.2,C2,Wigley hull,solid,oscillatory below Fn 0.39; isolated upper broad hump near Fn 0.45,oscillatory left branch and uniquely high broad crest,0.560,0.5600000,1.4562040,0.0030000,0.0200000,2,two-pass source-only match; ordinate averaged,0.5600002,1.4532827,0.5599998,1.4591252,0.0000004,0.0058425,1489.756,844.895,1489.733,842.099
359,358,368,0.2,C2,Wigley hull,solid,oscillatory below Fn 0.39; isolated upper broad hump near Fn 0.45,oscillatory left branch and uniquely high broad crest,0.565,0.5649999,1.4293933,0.0030000,0.0200000,2,two-pass source-only match; ordinate averaged,0.5649998,1.4292823,0.5650000,1.4295043,0.0000002,0.0002220,1500.133,857.068,1500.100,857.099
359,358,368,0.2,C2,Wigley hull,solid,oscillatory below Fn 0.39; isolated upper broad hump near Fn 0.45,oscillatory left branch and uniquely high broad crest,0.570,0.5700001,1.4151466,0.0030000,0.0200000,2,two-pass source-only match; ordinate averaged,0.5699999,1.4118908,0.5700002,1.4184024,0.0000002,0.0065117,1510.511,865.889,1510.467,862.721
359,358,368,0.2,C2,Wigley hull,solid,oscillatory below Fn 0.39; isolated upper broad hump near Fn 0.45,oscillatory left branch and uniquely high broad crest,0.575,0.5749999,1.3980456,0.0030000,0.0200000,2,two-pass source-only match; ordinate averaged,0.5750001,1.3955777,0.5749998,1.4005134,0.0000002,0.0049357,1520.889,874.163,1520.833,871.780
359,358,368,0.2,C2,Wigley hull,solid,oscillatory below Fn 0.39; isolated upper broad hump near Fn 0.45,oscillatory left branch and uniquely high broad crest,0.580,0.5800001,1.3595412,0.0030000,0.0200000,2,two-pass source-only match; ordinate averaged,0.5800002,1.3620722,0.5800000,1.3570103,0.0000002,0.0050619,1531.267,891.157,1531.200,893.810
359,358,368,0.2,C2,Wigley hull,solid,oscillatory below Fn 0.39; isolated upper broad hump near Fn 0.45,oscillatory left branch and uniquely high broad crest,0.585,0.5850000,1.3422474,0.0030000,0.0200000,2,two-pass source-only match; ordinate averaged,0.5849998,1.3472338,0.5850002,1.3372611,0.0000004,0.0099728,1541.644,898.683,1541.567,903.811
359,358,368,0.2,C2,Wigley hull,solid,oscillatory below Fn 0.39; isolated upper broad hump near Fn 0.45,oscillatory left branch and uniquely high broad crest,0.590,0.5899999,1.3294569,0.0030000,0.0200000,2,two-pass source-only match; ordinate averaged,0.5899999,1.3337579,0.5899998,1.3251560,0.0000001,0.0086019,1552.022,905.518,1551.933,909.941
359,358,368,0.2,C2,Wigley hull,solid,oscillatory below Fn 0.39; isolated upper broad hump near Fn 0.45,oscillatory left branch and uniquely high broad crest,0.595,0.5950000,1.3085708,0.0030000,0.0200000,2,two-pass source-only match; ordinate averaged,0.5950000,1.3143987,0.5950000,1.3027429,0.0000000,0.0116558,1562.400,915.337,1562.300,921.291
359,358,368,0.2,C2,Wigley hull,solid,oscillatory below Fn 0.39; isolated upper broad hump near Fn 0.45,oscillatory left branch and uniquely high broad crest,0.600,0.6000001,1.3008928,0.0030000,0.0200000,2,two-pass source-only match; ordinate averaged,0.6000001,1.3022279,0.6000002,1.2995577,0.0000001,0.0026703,1572.778,921.510,1572.667,922.904
359,358,368,0.2,C2,Wigley hull,solid,oscillatory below Fn 0.39; isolated upper broad hump near Fn 0.45,oscillatory left branch and uniquely high broad crest,0.605,0.6050000,1.2639169,0.0030000,0.0200000,2,two-pass source-only match; ordinate averaged,0.6050002,1.2649231,0.6049998,1.2629107,0.0000004,0.0020124,1583.156,940.431,1583.033,941.462
359,358,368,0.2,C2,Wigley hull,solid,oscillatory below Fn 0.39; isolated upper broad hump near Fn 0.45,oscillatory left branch and uniquely high broad crest,0.610,0.6099999,1.2607401,0.0030000,0.0200000,2,two-pass source-only match; ordinate averaged,0.6099998,1.2617705,0.6100000,1.2597097,0.0000002,0.0020608,1593.533,942.030,1593.400,943.083
359,358,368,0.2,C2,Wigley hull,solid,oscillatory below Fn 0.39; isolated upper broad hump near Fn 0.45,oscillatory left branch and uniquely high broad crest,0.615,0.6150001,1.2480423,0.0030000,0.0200000,2,two-pass source-only match; ordinate averaged,0.6149999,1.2484819,0.6150002,1.2476027,0.0000002,0.0008792,1603.911,948.770,1603.767,949.214
359,358,368,0.2,C2,Wigley hull,solid,oscillatory below Fn 0.39; isolated upper broad hump near Fn 0.45,oscillatory left branch and uniquely high broad crest,0.620,0.6199999,1.2369558,0.0030000,0.0200000,2,two-pass source-only match; ordinate averaged,0.6200001,1.2377642,0.6199998,1.2361473,0.0000002,0.0016169,1614.289,954.206,1614.133,955.015
359,358,368,0.2,C2,Wigley hull,solid,oscillatory below Fn 0.39; isolated upper broad hump near Fn 0.45,oscillatory left branch and uniquely high broad crest,0.625,0.6250001,1.2233176,0.0030000,0.0200000,2,two-pass source-only match; ordinate averaged,0.6250002,1.2261376,0.6250000,1.2204976,0.0000002,0.0056400,1624.667,960.103,1624.500,962.940
359,358,368,0.2,C2,Wigley hull,solid,oscillatory below Fn 0.39; isolated upper broad hump near Fn 0.45,oscillatory left branch and uniquely high broad crest,0.630,0.6300000,1.2098054,0.0030000,0.0200000,2,two-pass source-only match; ordinate averaged,0.6299998,1.2125769,0.6300002,1.2070340,0.0000004,0.0055429,1635.044,966.981,1634.867,969.758
359,358,368,0.2,C2,Wigley hull,solid,oscillatory below Fn 0.39; isolated upper broad hump near Fn 0.45,oscillatory left branch and uniquely high broad crest,0.635,0.6349999,1.1977275,0.0030000,0.0200000,2,two-pass source-only match; ordinate averaged,0.6349999,1.1994795,0.6349998,1.1959755,0.0000001,0.0035040,1645.422,973.624,1645.233,975.358
359,358,368,0.2,C2,Wigley hull,solid,oscillatory below Fn 0.39; isolated upper broad hump near Fn 0.45,oscillatory left branch and uniquely high broad crest,0.640,0.6400000,1.1920723,0.0030000,0.0200000,2,two-pass source-only match; ordinate averaged,0.6400000,1.1914629,0.6400000,1.1926817,0.0000000,0.0012187,1655.800,977.690,1655.600,977.026
359,358,368,0.2,C2,Wigley hull,solid,oscillatory below Fn 0.39; isolated upper broad hump near Fn 0.45,oscillatory left branch and uniquely high broad crest,0.645,0.6450001,1.1444724,0.0030000,0.0200000,2,two-pass source-only match; ordinate averaged,0.6450001,1.1441818,0.6450002,1.1447630,0.0000001,0.0005813,1666.178,1001.671,1665.967,1001.292
359,358,368,0.2,C2,Wigley hull,solid,oscillatory below Fn 0.39; isolated upper broad hump near Fn 0.45,oscillatory left branch and uniquely high broad crest,0.650,0.6500000,1.1240356,0.0030000,0.0200000,2,two-pass source-only match; ordinate averaged,0.6500002,1.1247003,0.6499998,1.1233709,0.0000004,0.0013295,1676.556,1011.552,1676.333,1012.125
359,358,368,0.2,C2,Wigley hull,solid,oscillatory below Fn 0.39; isolated upper broad hump near Fn 0.45,oscillatory left branch and uniquely high broad crest,0.655,0.6549999,1.1135219,0.0030000,0.0200000,2,two-pass source-only match; ordinate averaged,0.6549998,1.1124685,0.6550000,1.1145754,0.0000002,0.0021070,1686.933,1017.756,1686.700,1016.579
359,358,368,0.2,C2,Wigley hull,solid,oscillatory below Fn 0.39; isolated upper broad hump near Fn 0.45,oscillatory left branch and uniquely high broad crest,0.660,0.6600001,1.1017375,0.0030000,0.0200000,2,two-pass source-only match; ordinate averaged,0.6599999,1.1015871,0.6600002,1.1018878,0.0000002,0.0003007,1697.311,1023.275,1697.067,1023.004
359,358,368,0.2,C2,Wigley hull,solid,oscillatory below Fn 0.39; isolated upper broad hump near Fn 0.45,oscillatory left branch and uniquely high broad crest,0.665,0.6649999,1.0903604,0.0030000,0.0200000,2,two-pass source-only match; ordinate averaged,0.6650001,1.0899941,0.6649998,1.0907267,0.0000002,0.0007326,1707.689,1029.155,1707.433,1028.656
359,358,368,0.2,C2,Wigley hull,solid,oscillatory below Fn 0.39; isolated upper broad hump near Fn 0.45,oscillatory left branch and uniquely high broad crest,0.670,0.6700001,1.0598474,0.0030000,0.0200000,2,two-pass source-only match; ordinate averaged,0.6700002,1.0607256,0.6700000,1.0589692,0.0000002,0.0017564,1718.067,1044.000,1717.800,1044.738
359,358,368,0.2,C2,Wigley hull,solid,oscillatory below Fn 0.39; isolated upper broad hump near Fn 0.45,oscillatory left branch and uniquely high broad crest,0.675,0.6750000,1.0564309,0.0030000,0.0200000,2,two-pass source-only match; ordinate averaged,0.6749998,1.0584700,0.6750002,1.0543918,0.0000004,0.0040782,1728.444,1045.144,1728.167,1047.056
359,358,368,0.2,C2,Wigley hull,solid,oscillatory below Fn 0.39; isolated upper broad hump near Fn 0.45,oscillatory left branch and uniquely high broad crest,0.680,0.6799999,1.0473783,0.0030000,0.0200000,2,two-pass source-only match; ordinate averaged,0.6799999,1.0478352,0.6799998,1.0469214,0.0000001,0.0009138,1738.822,1050.538,1738.533,1050.839
359,358,368,0.2,C2,Wigley hull,solid,oscillatory below Fn 0.39; isolated upper broad hump near Fn 0.45,oscillatory left branch and uniquely high broad crest,0.685,0.6850000,1.0395411,0.0030000,0.0200000,2,two-pass source-only match; ordinate averaged,0.6850000,1.0397082,0.6850000,1.0393740,0.0000000,0.0003342,1749.200,1054.660,1748.900,1054.661
359,358,368,0.2,C2,Wigley hull,solid,oscillatory below Fn 0.39; isolated upper broad hump near Fn 0.45,oscillatory left branch and uniquely high broad crest,0.690,0.6900001,1.0273291,0.0030000,0.0200000,2,two-pass source-only match; ordinate averaged,0.6900001,1.0275749,0.6900002,1.0270833,0.0000001,0.0004916,1759.578,1060.814,1759.267,1060.885
359,358,368,0.2,C2,Wigley hull,solid,oscillatory below Fn 0.39; isolated upper broad hump near Fn 0.45,oscillatory left branch and uniquely high broad crest,0.695,0.6950000,1.0145734,0.0030000,0.0200000,2,two-pass source-only match; ordinate averaged,0.6950002,1.0150493,0.6949998,1.0140976,0.0000004,0.0009517,1769.956,1067.167,1769.633,1067.461
359,358,368,0.2,C2,Wigley hull,solid,oscillatory below Fn 0.39; isolated upper broad hump near Fn 0.45,oscillatory left branch and uniquely high broad crest,0.700,0.6999999,1.0045509,0.0030000,0.0200000,2,two-pass source-only match; ordinate averaged,0.6999998,1.0036179,0.7000000,1.0054838,0.0000002,0.0018659,1780.333,1072.965,1780.000,1071.823
359,358,368,0.2,C2,Wigley hull,solid,oscillatory below Fn 0.39; isolated upper broad hump near Fn 0.45,oscillatory left branch and uniquely high broad crest,0.705,0.7050001,0.9957558,0.0030000,0.0200000,2,two-pass source-only match; ordinate averaged,0.7049999,0.9944677,0.7050002,0.9970438,0.0000002,0.0025762,1790.711,1077.606,1790.367,1076.097
359,358,368,0.2,C2,Wigley hull,solid,oscillatory below Fn 0.39; isolated upper broad hump near Fn 0.45,oscillatory left branch and uniquely high broad crest,0.710,0.7099999,0.9932621,0.0030000,0.0200000,2,two-pass source-only match; ordinate averaged,0.7100001,0.9939669,0.7099998,0.9925573,0.0000002,0.0014096,1801.089,1077.860,1800.733,1078.369
359,358,368,0.2,C2,Wigley hull,solid,oscillatory below Fn 0.39; isolated upper broad hump near Fn 0.45,oscillatory left branch and uniquely high broad crest,0.715,0.7150001,0.9942542,0.0030000,0.0200000,2,two-pass source-only match; ordinate averaged,0.7150002,0.9967074,0.7150000,0.9918009,0.0000002,0.0049065,1811.467,1076.470,1811.100,1078.752
359,358,368,0.2,C2,Wigley hull,solid,oscillatory below Fn 0.39; isolated upper broad hump near Fn 0.45,oscillatory left branch and uniquely high broad crest,0.720,0.7200000,0.9589572,0.0030000,0.0200000,2,two-pass source-only match; ordinate averaged,0.7199998,0.9601735,0.7200002,0.9577409,0.0000004,0.0024326,1821.844,1095.000,1821.467,1096.000
359,358,368,0.2,C2,Wigley hull,solid,oscillatory below Fn 0.39; isolated upper broad hump near Fn 0.45,oscillatory left branch and uniquely high broad crest,0.725,0.7249999,0.9600215,0.0030000,0.0200000,2,two-pass source-only match; ordinate averaged,0.7249999,0.9602248,0.7249998,0.9598183,0.0000001,0.0004064,1832.222,1094.974,1831.833,1094.948
359,358,368,0.2,C2,Wigley hull,solid,oscillatory below Fn 0.39; isolated upper broad hump near Fn 0.45,oscillatory left branch and uniquely high broad crest,0.730,0.7300000,0.9551309,0.0030000,0.0200000,2,two-pass source-only match; ordinate averaged,0.7300000,0.9542587,0.7300000,0.9560032,0.0000000,0.0017445,1842.600,1098.000,1842.200,1096.880
359,358,368,0.2,C2,Wigley hull,solid,oscillatory below Fn 0.39; isolated upper broad hump near Fn 0.45,oscillatory left branch and uniquely high broad crest,0.735,0.7350001,0.9502183,0.0030000,0.0200000,2,two-pass source-only match; ordinate averaged,0.7350001,0.9511849,0.7350002,0.9492516,0.0000001,0.0019334,1852.978,1099.559,1852.567,1100.299
359,358,368,0.2,C2,Wigley hull,solid,oscillatory below Fn 0.39; isolated upper broad hump near Fn 0.45,oscillatory left branch and uniquely high broad crest,0.740,0.7400000,0.9455641,0.0030000,0.0200000,2,two-pass source-only match; ordinate averaged,0.7400002,0.9457985,0.7399998,0.9453298,0.0000004,0.0004687,1863.356,1102.291,1862.933,1102.285
359,358,368,0.2,C2,Wigley hull,solid,oscillatory below Fn 0.39; isolated upper broad hump near Fn 0.45,oscillatory left branch and uniquely high broad crest,0.745,0.7449999,0.9412271,0.0030000,0.0200000,2,two-pass source-only match; ordinate averaged,0.7449998,0.9414708,0.7450000,0.9409834,0.0000002,0.0004874,1873.733,1104.486,1873.300,1104.486
359,358,368,0.2,C2,Wigley hull,solid,oscillatory below Fn 0.39; isolated upper broad hump near Fn 0.45,oscillatory left branch and uniquely high broad crest,0.750,0.7500001,0.9340337,0.0030000,0.0200000,2,two-pass source-only match; ordinate averaged,0.7499999,0.9345820,0.7500002,0.9334854,0.0000002,0.0010966,1884.111,1107.980,1883.667,1108.283
359,358,368,0.2,C2,Wigley hull,solid,oscillatory below Fn 0.39; isolated upper broad hump near Fn 0.45,oscillatory left branch and uniquely high broad crest,0.755,0.7549999,0.9062890,0.0030000,0.0255623,2,two-pass source-only match; ordinate averaged,0.7550001,0.9318513,0.7549998,0.8807267,0.0000002,0.0511246,1894.489,1109.365,1894.033,1135.000
359,358,368,0.2,C2,Wigley hull,solid,oscillatory below Fn 0.39; isolated upper broad hump near Fn 0.45,oscillatory left branch and uniquely high broad crest,0.760,0.7600001,0.8760827,0.0030000,0.0200000,2,two-pass source-only match; ordinate averaged,0.7600002,0.8793375,0.7600000,0.8728278,0.0000002,0.0065097,1904.867,1136.000,1904.400,1139.000
359,358,368,0.2,C2,Wigley hull,solid,oscillatory below Fn 0.39; isolated upper broad hump near Fn 0.45,oscillatory left branch and uniquely high broad crest,0.765,0.7650000,0.8662168,0.0030000,0.0200000,2,two-pass source-only match; ordinate averaged,0.7649998,0.8694795,0.7650002,0.8629542,0.0000004,0.0065253,1915.244,1141.000,1914.767,1144.000
359,358,368,0.2,C2,Wigley hull,solid,oscillatory below Fn 0.39; isolated upper broad hump near Fn 0.45,oscillatory left branch and uniquely high broad crest,0.770,0.7699999,0.8563510,0.0030000,0.0200000,2,two-pass source-only match; ordinate averaged,0.7699999,0.8596215,0.7699998,0.8530806,0.0000001,0.0065409,1925.622,1146.000,1925.133,1149.000
359,358,368,0.2,C2,Wigley hull,solid,oscillatory below Fn 0.39; isolated upper broad hump near Fn 0.45,oscillatory left branch and uniquely high broad crest,0.775,0.7750000,0.8474725,0.0030000,0.0200000,2,two-pass source-only match; ordinate averaged,0.7750000,0.8497634,0.7750000,0.8451817,0.0000000,0.0045817,1936.000,1151.000,1935.500,1153.000
359,358,368,0.2,C2,Wigley hull,solid,oscillatory below Fn 0.39; isolated upper broad hump near Fn 0.45,oscillatory left branch and uniquely high broad crest,0.780,0.7800001,0.8376067,0.0030000,0.0200000,2,two-pass source-only match; ordinate averaged,0.7800001,0.8399054,0.7800002,0.8353081,0.0000001,0.0045973,1946.378,1156.000,1945.867,1158.000
359,358,368,0.2,C2,Wigley hull,solid,oscillatory below Fn 0.39; isolated upper broad hump near Fn 0.45,oscillatory left branch and uniquely high broad crest,0.785,0.7850000,0.8287282,0.0030000,0.0200000,2,two-pass source-only match; ordinate averaged,0.7850002,0.8300473,0.7849998,0.8274092,0.0000004,0.0026382,1956.756,1161.000,1956.233,1162.000
359,358,368,0.2,C2,Wigley hull,solid,oscillatory below Fn 0.39; isolated upper broad hump near Fn 0.45,oscillatory left branch and uniquely high broad crest,0.790,0.7899999,0.8188624,0.0030000,0.0200000,2,two-pass source-only match; ordinate averaged,0.7899998,0.8201893,0.7900000,0.8175355,0.0000002,0.0026537,1967.133,1166.000,1966.600,1167.000
359,358,368,0.2,C2,Wigley hull,solid,oscillatory below Fn 0.39; isolated upper broad hump near Fn 0.45,oscillatory left branch and uniquely high broad crest,0.795,0.7950001,0.8099839,0.0030000,0.0200000,2,two-pass source-only match; ordinate averaged,0.7949999,0.8103312,0.7950002,0.8096367,0.0000002,0.0006946,1977.511,1171.000,1976.967,1171.000
359,358,368,0.2,C2,Wigley hull,solid,oscillatory below Fn 0.39; isolated upper broad hump near Fn 0.45,oscillatory left branch and uniquely high broad crest,0.800,0.7999999,0.8001181,0.0030000,0.0200000,2,two-pass source-only match; ordinate averaged,0.8000001,0.8004732,0.7999998,0.7997630,0.0000002,0.0007102,1987.889,1176.000,1987.333,1176.000
359,358,368,0.2,C3,"round-bilge hull, L/B 7",long dashed,upper RBH branch before Fn 0.40; lower shoulder near Fn 0.45; upper main-hump shoulder,highest RBH line on the left shoulder; depressed middle shoulder; upper RBH crest,0.200,0.2000000,1.0788162,0.0030000,0.0288517,2,two-pass source-only match; ordinate averaged,0.2000002,1.0499645,0.1999998,1.1076679,0.0000004,0.0577033,742.556,1049.458,743.333,1020.077
359,358,368,0.2,C3,"round-bilge hull, L/B 7",long dashed,upper RBH branch before Fn 0.40; lower shoulder near Fn 0.45; upper main-hump shoulder,highest RBH line on the left shoulder; depressed middle shoulder; upper RBH crest,0.205,0.2049999,1.1101428,0.0030000,0.0200000,2,two-pass source-only match; ordinate averaged,0.2049998,1.1080106,0.2050000,1.1122749,0.0000002,0.0042642,752.933,1020.017,753.700,1017.744
359,358,368,0.2,C3,"round-bilge hull, L/B 7",long dashed,upper RBH branch before Fn 0.40; lower shoulder near Fn 0.45; upper main-hump shoulder,highest RBH line on the left shoulder; depressed middle shoulder; upper RBH crest,0.210,0.2100001,1.1171339,0.0030000,0.0200000,2,two-pass source-only match; ordinate averaged,0.2099999,1.1172595,0.2100002,1.1170083,0.0000002,0.0002512,763.311,1015.326,764.067,1015.347
359,358,368,0.2,C3,"round-bilge hull, L/B 7",long dashed,upper RBH branch before Fn 0.40; lower shoulder near Fn 0.45; upper main-hump shoulder,highest RBH line on the left shoulder; depressed middle shoulder; upper RBH crest,0.215,0.2149999,1.1213355,0.0030000,0.0200000,2,two-pass source-only match; ordinate averaged,0.2150001,1.1218060,0.2149998,1.1208649,0.0000002,0.0009411,773.689,1013.020,774.433,1013.394
359,358,368,0.2,C3,"round-bilge hull, L/B 7",long dashed,upper RBH branch before Fn 0.40; lower shoulder near Fn 0.45; upper main-hump shoulder,highest RBH line on the left shoulder; depressed middle shoulder; upper RBH crest,0.220,0.2200001,1.1273163,0.0030000,0.0200000,2,two-pass source-only match; ordinate averaged,0.2200002,1.1275158,0.2200000,1.1271169,0.0000002,0.0003989,784.067,1010.124,784.800,1010.228
359,358,368,0.2,C3,"round-bilge hull, L/B 7",long dashed,upper RBH branch before Fn 0.40; lower shoulder near Fn 0.45; upper main-hump shoulder,highest RBH line on the left shoulder; depressed middle shoulder; upper RBH crest,0.225,0.2250000,1.1503273,0.0030000,0.0200000,2,two-pass source-only match; ordinate averaged,0.2249998,1.1493415,0.2250002,1.1513132,0.0000004,0.0019717,794.444,999.054,795.167,997.975
359,358,368,0.2,C3,"round-bilge hull, L/B 7",long dashed,upper RBH branch before Fn 0.40; lower shoulder near Fn 0.45; upper main-hump shoulder,highest RBH line on the left shoulder; depressed middle shoulder; upper RBH crest,0.230,0.2299999,1.1562793,0.0030000,0.0200000,2,two-pass source-only match; ordinate averaged,0.2299999,1.1566818,0.2299998,1.1558768,0.0000001,0.0008050,804.822,995.331,805.533,995.664
359,358,368,0.2,C3,"round-bilge hull, L/B 7",long dashed,upper RBH branch before Fn 0.40; lower shoulder near Fn 0.45; upper main-hump shoulder,highest RBH line on the left shoulder; depressed middle shoulder; upper RBH crest,0.235,0.2350000,1.1595473,0.0030000,0.0200000,2,two-pass source-only match; ordinate averaged,0.2350000,1.1593573,0.2350000,1.1597374,0.0000000,0.0003801,815.200,993.974,815.900,993.709
359,358,368,0.2,C3,"round-bilge hull, L/B 7",long dashed,upper RBH branch before Fn 0.40; lower shoulder near Fn 0.45; upper main-hump shoulder,highest RBH line on the left shoulder; depressed middle shoulder; upper RBH crest,0.240,0.2400001,1.1727664,0.0030000,0.0274268,2,two-pass source-only match; ordinate averaged,0.2400001,1.2001932,0.2400002,1.1453397,0.0000001,0.0548536,825.578,973.262,826.267,1001.000
359,358,368,0.2,C3,"round-bilge hull, L/B 7",long dashed,upper RBH branch before Fn 0.40; lower shoulder near Fn 0.45; upper main-hump shoulder,highest RBH line on the left shoulder; depressed middle shoulder; upper RBH crest,0.245,0.2450000,1.1748835,0.0030000,0.0300731,2,two-pass source-only match; ordinate averaged,0.2450002,1.2049566,0.2449998,1.1448104,0.0000004,0.0601462,835.956,970.846,836.633,1001.268
359,358,368,0.2,C3,"round-bilge hull, L/B 7",long dashed,upper RBH branch before Fn 0.40; lower shoulder near Fn 0.45; upper main-hump shoulder,highest RBH line on the left shoulder; depressed middle shoulder; upper RBH crest,0.250,0.2499999,1.2125210,0.0030000,0.0200000,2,two-pass source-only match; ordinate averaged,0.2499998,1.2146254,0.2500000,1.2104167,0.0000002,0.0042087,846.333,965.942,847.000,968.045
359,358,368,0.2,C3,"round-bilge hull, L/B 7",long dashed,upper RBH branch before Fn 0.40; lower shoulder near Fn 0.45; upper main-hump shoulder,highest RBH line on the left shoulder; depressed middle shoulder; upper RBH crest,0.255,0.2550001,1.2188040,0.0030000,0.0200000,2,two-pass source-only match; ordinate averaged,0.2549999,1.2204022,0.2550002,1.2172058,0.0000002,0.0031964,856.711,963.012,857.367,964.607
359,358,368,0.2,C3,"round-bilge hull, L/B 7",long dashed,upper RBH branch before Fn 0.40; lower shoulder near Fn 0.45; upper main-hump shoulder,highest RBH line on the left shoulder; depressed middle shoulder; upper RBH crest,0.260,0.2599999,1.2255925,0.0030000,0.0200000,2,two-pass source-only match; ordinate averaged,0.2600001,1.2261771,0.2599998,1.2250079,0.0000002,0.0011692,867.089,960.083,867.733,960.656
359,358,368,0.2,C3,"round-bilge hull, L/B 7",long dashed,upper RBH branch before Fn 0.40; lower shoulder near Fn 0.45; upper main-hump shoulder,highest RBH line on the left shoulder; depressed middle shoulder; upper RBH crest,0.265,0.2650001,1.2283181,0.0030000,0.0200000,2,two-pass source-only match; ordinate averaged,0.2650002,1.2293435,0.2650000,1.2272927,0.0000002,0.0020508,877.467,958.477,878.100,959.499
359,358,368,0.2,C3,"round-bilge hull, L/B 7",long dashed,upper RBH branch before Fn 0.40; lower shoulder near Fn 0.45; upper main-hump shoulder,highest RBH line on the left shoulder; depressed middle shoulder; upper RBH crest,0.270,0.2700000,1.2316474,0.0030000,0.0200000,2,two-pass source-only match; ordinate averaged,0.2699998,1.2319479,0.2700002,1.2313468,0.0000004,0.0006012,887.844,957.156,888.467,957.446
359,358,368,0.2,C3,"round-bilge hull, L/B 7",long dashed,upper RBH branch before Fn 0.40; lower shoulder near Fn 0.45; upper main-hump shoulder,highest RBH line on the left shoulder; depressed middle shoulder; upper RBH crest,0.275,0.2749999,1.2329942,0.0030000,0.0200000,2,two-pass source-only match; ordinate averaged,0.2749999,1.2343297,0.2749998,1.2316588,0.0000001,0.0026709,898.222,955.948,898.833,957.288
359,358,368,0.2,C3,"round-bilge hull, L/B 7",long dashed,upper RBH branch before Fn 0.40; lower shoulder near Fn 0.45; upper main-hump shoulder,highest RBH line on the left shoulder; depressed middle shoulder; upper RBH crest,0.280,0.2800000,1.2281985,0.0030000,0.0200000,2,two-pass source-only match; ordinate averaged,0.2800000,1.2269677,0.2800000,1.2294293,0.0000000,0.0024616,908.600,959.682,909.200,958.417
359,358,368,0.2,C3,"round-bilge hull, L/B 7",long dashed,upper RBH branch before Fn 0.40; lower shoulder near Fn 0.45; upper main-hump shoulder,highest RBH line on the left shoulder; depressed middle shoulder; upper RBH crest,0.285,0.2850001,1.2277062,0.0030000,0.0200000,2,two-pass source-only match; ordinate averaged,0.2850001,1.2276912,0.2850002,1.2277212,0.0000001,0.0000299,918.978,959.315,919.567,959.282
359,358,368,0.2,C3,"round-bilge hull, L/B 7",long dashed,upper RBH branch before Fn 0.40; lower shoulder near Fn 0.45; upper main-hump shoulder,highest RBH line on the left shoulder; depressed middle shoulder; upper RBH crest,0.290,0.2900000,1.2276856,0.0030000,0.0200000,2,two-pass source-only match; ordinate averaged,0.2900002,1.2275473,0.2899998,1.2278239,0.0000004,0.0002765,929.356,959.388,929.933,959.230
359,358,368,0.2,C3,"round-bilge hull, L/B 7",long dashed,upper RBH branch before Fn 0.40; lower shoulder near Fn 0.45; upper main-hump shoulder,highest RBH line on the left shoulder; depressed middle shoulder; upper RBH crest,0.295,0.2949999,1.2283612,0.0030000,0.0200000,2,two-pass source-only match; ordinate averaged,0.2949998,1.2284168,0.2950000,1.2283057,0.0000002,0.0001111,939.733,958.947,940.300,958.986
359,358,368,0.2,C3,"round-bilge hull, L/B 7",long dashed,upper RBH branch before Fn 0.40; lower shoulder near Fn 0.45; upper main-hump shoulder,highest RBH line on the left shoulder; depressed middle shoulder; upper RBH crest,0.300,0.3000001,1.2341453,0.0030000,0.0200000,2,two-pass source-only match; ordinate averaged,0.2999999,1.2332610,0.3000002,1.2350296,0.0000002,0.0017686,950.111,956.490,950.667,955.581
359,358,368,0.2,C3,"round-bilge hull, L/B 7",long dashed,upper RBH branch before Fn 0.40; lower shoulder near Fn 0.45; upper main-hump shoulder,highest RBH line on the left shoulder; depressed middle shoulder; upper RBH crest,0.305,0.3049999,1.2441514,0.0030000,0.0200000,2,two-pass source-only match; ordinate averaged,0.3050001,1.2431151,0.3049998,1.2451876,0.0000002,0.0020725,960.489,951.492,961.033,950.437
359,358,368,0.2,C3,"round-bilge hull, L/B 7",long dashed,upper RBH branch before Fn 0.40; lower shoulder near Fn 0.45; upper main-hump shoulder,highest RBH line on the left shoulder; depressed middle shoulder; upper RBH crest,0.310,0.3100001,1.2570200,0.0030000,0.0200000,2,two-pass source-only match; ordinate averaged,0.3100002,1.2538782,0.3100000,1.2601619,0.0000002,0.0062838,970.867,946.033,971.400,942.854
359,358,368,0.2,C3,"round-bilge hull, L/B 7",long dashed,upper RBH branch before Fn 0.40; lower shoulder near Fn 0.45; upper main-hump shoulder,highest RBH line on the left shoulder; depressed middle shoulder; upper RBH crest,0.315,0.3150000,1.2827814,0.0030000,0.0200000,2,two-pass source-only match; ordinate averaged,0.3149998,1.2674901,0.3150002,1.2980727,0.0000004,0.0305825,981.244,939.129,981.767,923.656
359,358,368,0.2,C3,"round-bilge hull, L/B 7",long dashed,upper RBH branch before Fn 0.40; lower shoulder near Fn 0.45; upper main-hump shoulder,highest RBH line on the left shoulder; depressed middle shoulder; upper RBH crest,0.320,0.3199999,1.2993913,0.0030000,0.0200000,2,two-pass source-only match; ordinate averaged,0.3199999,1.2980698,0.3199998,1.3007129,0.0000001,0.0026431,991.622,923.619,992.133,922.319
359,358,368,0.2,C3,"round-bilge hull, L/B 7",long dashed,upper RBH branch before Fn 0.40; lower shoulder near Fn 0.45; upper main-hump shoulder,highest RBH line on the left shoulder; depressed middle shoulder; upper RBH crest,0.325,0.3250000,1.3150527,0.0030000,0.0200000,2,two-pass source-only match; ordinate averaged,0.3250000,1.3132847,0.3250000,1.3168207,0.0000000,0.0035360,1002.000,915.902,1002.500,914.162
359,358,368,0.2,C3,"round-bilge hull, L/B 7",long dashed,upper RBH branch before Fn 0.40; lower shoulder near Fn 0.45; upper main-hump shoulder,highest RBH line on the left shoulder; depressed middle shoulder; upper RBH crest,0.330,0.3300001,1.3271616,0.0030000,0.0200000,2,two-pass source-only match; ordinate averaged,0.3300001,1.3284148,0.3300002,1.3259084,0.0000001,0.0025065,1012.378,908.228,1012.867,909.560
359,358,368,0.2,C3,"round-bilge hull, L/B 7",long dashed,upper RBH branch before Fn 0.40; lower shoulder near Fn 0.45; upper main-hump shoulder,highest RBH line on the left shoulder; depressed middle shoulder; upper RBH crest,0.335,0.3350000,1.3557982,0.0030000,0.0200000,2,two-pass source-only match; ordinate averaged,0.3350002,1.3545288,0.3349998,1.3570675,0.0000004,0.0025388,1022.756,894.983,1023.233,893.781
359,358,368,0.2,C3,"round-bilge hull, L/B 7",long dashed,upper RBH branch before Fn 0.40; lower shoulder near Fn 0.45; upper main-hump shoulder,highest RBH line on the left shoulder; depressed middle shoulder; upper RBH crest,0.340,0.3399999,1.3647302,0.0030000,0.0200000,2,two-pass source-only match; ordinate averaged,0.3399998,1.3628628,0.3400000,1.3665976,0.0000002,0.0037348,1033.133,890.756,1033.600,888.955
359,358,368,0.2,C3,"round-bilge hull, L/B 7",long dashed,upper RBH branch before Fn 0.40; lower shoulder near Fn 0.45; upper main-hump shoulder,highest RBH line on the left shoulder; depressed middle shoulder; upper RBH crest,0.345,0.3450001,1.3731272,0.0030000,0.0200000,2,two-pass source-only match; ordinate averaged,0.3449999,1.3734562,0.3450002,1.3727982,0.0000002,0.0006580,1043.511,885.383,1043.967,885.815
359,358,368,0.2,C3,"round-bilge hull, L/B 7",long dashed,upper RBH branch before Fn 0.40; lower shoulder near Fn 0.45; upper main-hump shoulder,highest RBH line on the left shoulder; depressed middle shoulder; upper RBH crest,0.350,0.3499999,1.3755584,0.0030000,0.0200000,2,two-pass source-only match; ordinate averaged,0.3500001,1.3755915,0.3499998,1.3755253,0.0000002,0.0000662,1053.889,884.300,1054.333,884.434
359,358,368,0.2,C3,"round-bilge hull, L/B 7",long dashed,upper RBH branch before Fn 0.40; lower shoulder near Fn 0.45; upper main-hump shoulder,highest RBH line on the left shoulder; depressed middle shoulder; upper RBH crest,0.355,0.3550001,1.3790596,0.0030000,0.0200000,2,two-pass source-only match; ordinate averaged,0.3550002,1.3793533,0.3550000,1.3787658,0.0000002,0.0005875,1064.267,882.392,1064.700,882.793
359,358,368,0.2,C3,"round-bilge hull, L/B 7",long dashed,upper RBH branch before Fn 0.40; lower shoulder near Fn 0.45; upper main-hump shoulder,highest RBH line on the left shoulder; depressed middle shoulder; upper RBH crest,0.360,0.3600000,1.3760687,0.0030000,0.0200000,2,two-pass source-only match; ordinate averaged,0.3599998,1.3757551,0.3600002,1.3763823,0.0000004,0.0006272,1074.644,884.217,1075.067,884.000
359,358,368,0.2,C3,"round-bilge hull, L/B 7",long dashed,upper RBH branch before Fn 0.40; lower shoulder near Fn 0.45; upper main-hump shoulder,highest RBH line on the left shoulder; depressed middle shoulder; upper RBH crest,0.365,0.3649999,1.3767300,0.0030000,0.0200000,2,two-pass source-only match; ordinate averaged,0.3649999,1.3760193,0.3649998,1.3774408,0.0000001,0.0014214,1085.022,884.083,1085.433,883.464
359,358,368,0.2,C3,"round-bilge hull, L/B 7",long dashed,upper RBH branch before Fn 0.40; lower shoulder near Fn 0.45; upper main-hump shoulder,highest RBH line on the left shoulder; depressed middle shoulder; upper RBH crest,0.370,0.3700000,1.4266007,0.0030000,0.0200000,2,two-pass source-only match; ordinate averaged,0.3700000,1.4235016,0.3700000,1.4296998,0.0000000,0.0061983,1095.400,860.000,1095.800,857.000
359,358,368,0.2,C3,"round-bilge hull, L/B 7",long dashed,upper RBH branch before Fn 0.40; lower shoulder near Fn 0.45; upper main-hump shoulder,highest RBH line on the left shoulder; depressed middle shoulder; upper RBH crest,0.375,0.3750001,1.4078362,0.0030000,0.0215802,2,two-pass source-only match; ordinate averaged,0.3750001,1.4294164,0.3750002,1.3862559,0.0000001,0.0431605,1105.778,857.000,1106.167,879.000
359,358,368,0.2,C3,"round-bilge hull, L/B 7",long dashed,upper RBH branch before Fn 0.40; lower shoulder near Fn 0.45; upper main-hump shoulder,highest RBH line on the left shoulder; depressed middle shoulder; upper RBH crest,0.380,0.3800000,1.4105089,0.0030000,0.0200000,2,two-pass source-only match; ordinate averaged,0.3800002,1.3982670,0.3799998,1.4227508,0.0000004,0.0244838,1116.156,872.799,1116.533,860.519
359,358,368,0.2,C3,"round-bilge hull, L/B 7",long dashed,upper RBH branch before Fn 0.40; lower shoulder near Fn 0.45; upper main-hump shoulder,highest RBH line on the left shoulder; depressed middle shoulder; upper RBH crest,0.385,0.3849999,1.3850919,0.0030000,0.0200000,2,two-pass source-only match; ordinate averaged,0.3849998,1.4023856,0.3850000,1.3677982,0.0000002,0.0345875,1126.533,870.710,1126.900,888.347
359,358,368,0.2,C3,"round-bilge hull, L/B 7",long dashed,upper RBH branch before Fn 0.40; lower shoulder near Fn 0.45; upper main-hump shoulder,highest RBH line on the left shoulder; depressed middle shoulder; upper RBH crest,0.390,0.3900001,1.4309758,0.0030000,0.0200000,2,two-pass source-only match; ordinate averaged,0.3899999,1.4333596,0.3900002,1.4285920,0.0000002,0.0047676,1136.911,855.000,1137.267,857.561
359,358,368,0.2,C3,"round-bilge hull, L/B 7",long dashed,upper RBH branch before Fn 0.40; lower shoulder near Fn 0.45; upper main-hump shoulder,highest RBH line on the left shoulder; depressed middle shoulder; upper RBH crest,0.395,0.3949999,1.3669846,0.0030000,0.0229996,2,two-pass source-only match; ordinate averaged,0.3950001,1.3899842,0.3949998,1.3439850,0.0000002,0.0459992,1147.289,877.000,1147.633,900.406
359,358,368,0.2,C3,"round-bilge hull, L/B 7",long dashed,upper RBH branch before Fn 0.40; lower shoulder near Fn 0.45; upper main-hump shoulder,highest RBH line on the left shoulder; depressed middle shoulder; upper RBH crest,0.400,0.4000001,1.3414152,0.0030000,0.0200000,2,two-pass source-only match; ordinate averaged,0.4000002,1.3421057,0.4000000,1.3407247,0.0000002,0.0013810,1157.667,901.284,1158.000,902.057
359,358,368,0.2,C3,"round-bilge hull, L/B 7",long dashed,upper RBH branch before Fn 0.40; lower shoulder near Fn 0.45; upper main-hump shoulder,highest RBH line on the left shoulder; depressed middle shoulder; upper RBH crest,0.405,0.4050000,1.3397360,0.0030000,0.0200000,2,two-pass source-only match; ordinate averaged,0.4049998,1.3404239,0.4050002,1.3390482,0.0000004,0.0013757,1168.044,902.137,1168.367,902.906
359,358,368,0.2,C3,"round-bilge hull, L/B 7",long dashed,upper RBH branch before Fn 0.40; lower shoulder near Fn 0.45; upper main-hump shoulder,highest RBH line on the left shoulder; depressed middle shoulder; upper RBH crest,0.410,0.4099999,1.3460350,0.0030000,0.0200000,2,two-pass source-only match; ordinate averaged,0.4099999,1.3459720,0.4099998,1.3460979,0.0000001,0.0001259,1178.422,899.323,1178.733,899.336
359,358,368,0.2,C3,"round-bilge hull, L/B 7",long dashed,upper RBH branch before Fn 0.40; lower shoulder near Fn 0.45; upper main-hump shoulder,highest RBH line on the left shoulder; depressed middle shoulder; upper RBH crest,0.415,0.4150000,1.3475800,0.0030000,0.0200000,2,two-pass source-only match; ordinate averaged,0.4150000,1.3474211,0.4150000,1.3477389,0.0000000,0.0003178,1188.800,898.588,1189.100,898.505
359,358,368,0.2,C3,"round-bilge hull, L/B 7",long dashed,upper RBH branch before Fn 0.40; lower shoulder near Fn 0.45; upper main-hump shoulder,highest RBH line on the left shoulder; depressed middle shoulder; upper RBH crest,0.420,0.4200001,1.3304640,0.0030000,0.0200000,2,two-pass source-only match; ordinate averaged,0.4200001,1.3488762,0.4200002,1.3120517,0.0000001,0.0368244,1199.178,897.850,1199.467,916.577
359,358,368,0.2,C3,"round-bilge hull, L/B 7",long dashed,upper RBH branch before Fn 0.40; lower shoulder near Fn 0.45; upper main-hump shoulder,highest RBH line on the left shoulder; depressed middle shoulder; upper RBH crest,0.425,0.4250000,1.3095947,0.0030000,0.0200000,2,two-pass source-only match; ordinate averaged,0.4250002,1.3094184,0.4249998,1.3097709,0.0000004,0.0003526,1209.556,917.863,1209.833,917.732
359,358,368,0.2,C3,"round-bilge hull, L/B 7",long dashed,upper RBH branch before Fn 0.40; lower shoulder near Fn 0.45; upper main-hump shoulder,highest RBH line on the left shoulder; depressed middle shoulder; upper RBH crest,0.430,0.4299999,1.3374635,0.0030000,0.0262510,2,two-pass source-only match; ordinate averaged,0.4299998,1.3637145,0.4300000,1.3112125,0.0000002,0.0525020,1219.933,890.324,1220.200,917.002
359,358,368,0.2,C3,"round-bilge hull, L/B 7",long dashed,upper RBH branch before Fn 0.40; lower shoulder near Fn 0.45; upper main-hump shoulder,highest RBH line on the left shoulder; depressed middle shoulder; upper RBH crest,0.435,0.4350001,1.3207279,0.0030000,0.0200000,2,two-pass source-only match; ordinate averaged,0.4349999,1.3196885,0.4350002,1.3217674,0.0000002,0.0020789,1230.311,912.654,1230.567,911.657
359,358,368,0.2,C3,"round-bilge hull, L/B 7",long dashed,upper RBH branch before Fn 0.40; lower shoulder near Fn 0.45; upper main-hump shoulder,highest RBH line on the left shoulder; depressed middle shoulder; upper RBH crest,0.440,0.4399999,1.3304400,0.0030000,0.0200000,2,two-pass source-only match; ordinate averaged,0.4400001,1.3291778,0.4399998,1.3317022,0.0000002,0.0025244,1240.689,907.841,1240.933,906.626
359,358,368,0.2,C3,"round-bilge hull, L/B 7",long dashed,upper RBH branch before Fn 0.40; lower shoulder near Fn 0.45; upper main-hump shoulder,highest RBH line on the left shoulder; depressed middle shoulder; upper RBH crest,0.445,0.4450001,1.3391061,0.0030000,0.0200000,2,two-pass source-only match; ordinate averaged,0.4450002,1.3403884,0.4450000,1.3378239,0.0000002,0.0025646,1251.067,902.155,1251.300,903.526
359,358,368,0.2,C3,"round-bilge hull, L/B 7",long dashed,upper RBH branch before Fn 0.40; lower shoulder near Fn 0.45; upper main-hump shoulder,highest RBH line on the left shoulder; depressed middle shoulder; upper RBH crest,0.450,0.4500000,1.3477957,0.0030000,0.0200000,2,two-pass source-only match; ordinate averaged,0.4499998,1.3481684,0.4500002,1.3474230,0.0000004,0.0007454,1261.444,898.209,1261.667,898.665
359,358,368,0.2,C3,"round-bilge hull, L/B 7",long dashed,upper RBH branch before Fn 0.40; lower shoulder near Fn 0.45; upper main-hump shoulder,highest RBH line on the left shoulder; depressed middle shoulder; upper RBH crest,0.455,0.4549999,1.3695657,0.0030000,0.0200000,2,two-pass source-only match; ordinate averaged,0.4549999,1.3697772,0.4549998,1.3693543,0.0000001,0.0004229,1271.822,887.249,1272.033,887.559
359,358,368,0.2,C3,"round-bilge hull, L/B 7",long dashed,upper RBH branch before Fn 0.40; lower shoulder near Fn 0.45; upper main-hump shoulder,highest RBH line on the left shoulder; depressed middle shoulder; upper RBH crest,0.460,0.4600000,1.3868934,0.0030000,0.0200000,2,two-pass source-only match; ordinate averaged,0.4600000,1.3892271,0.4600000,1.3845596,0.0000000,0.0046675,1282.200,877.384,1282.400,879.859
359,358,368,0.2,C3,"round-bilge hull, L/B 7",long dashed,upper RBH branch before Fn 0.40; lower shoulder near Fn 0.45; upper main-hump shoulder,highest RBH line on the left shoulder; depressed middle shoulder; upper RBH crest,0.465,0.4650001,1.3840438,0.0030000,0.0200000,2,two-pass source-only match; ordinate averaged,0.4650001,1.3643533,0.4650002,1.4037342,0.0000001,0.0393809,1292.578,890.000,1292.767,870.149
359,358,368,0.2,C3,"round-bilge hull, L/B 7",long dashed,upper RBH branch before Fn 0.40; lower shoulder near Fn 0.45; upper main-hump shoulder,highest RBH line on the left shoulder; depressed middle shoulder; upper RBH crest,0.470,0.4700000,1.3792400,0.0030000,0.0200000,2,two-pass source-only match; ordinate averaged,0.4700002,1.3820978,0.4699998,1.3763823,0.0000004,0.0057155,1302.956,881.000,1303.133,884.000
359,358,368,0.2,C3,"round-bilge hull, L/B 7",long dashed,upper RBH branch before Fn 0.40; lower shoulder near Fn 0.45; upper main-hump shoulder,highest RBH line on the left shoulder; depressed middle shoulder; upper RBH crest,0.475,0.4749999,1.3969985,0.0030000,0.0200000,2,two-pass source-only match; ordinate averaged,0.4749998,1.3998423,0.4750000,1.3941548,0.0000002,0.0056875,1313.333,872.000,1313.500,875.000
359,358,368,0.2,C3,"round-bilge hull, L/B 7",long dashed,upper RBH branch before Fn 0.40; lower shoulder near Fn 0.45; upper main-hump shoulder,highest RBH line on the left shoulder; depressed middle shoulder; upper RBH crest,0.480,0.4800001,1.4186987,0.0030000,0.0200000,2,two-pass source-only match; ordinate averaged,0.4799999,1.4274448,0.4800002,1.4099526,0.0000002,0.0174922,1323.711,858.000,1323.867,867.000
359,358,368,0.2,C3,"round-bilge hull, L/B 7",long dashed,upper RBH branch before Fn 0.40; lower shoulder near Fn 0.45; upper main-hump shoulder,highest RBH line on the left shoulder; depressed middle shoulder; upper RBH crest,0.485,0.4849999,1.4658277,0.0030000,0.0262543,2,two-pass source-only match; ordinate averaged,0.4850001,1.4920820,0.4849998,1.4395735,0.0000002,0.0525086,1334.089,825.216,1334.233,852.000
359,358,368,0.2,C3,"round-bilge hull, L/B 7",long dashed,upper RBH branch before Fn 0.40; lower shoulder near Fn 0.45; upper main-hump shoulder,highest RBH line on the left shoulder; depressed middle shoulder; upper RBH crest,0.490,0.4900001,1.5065518,0.0030000,0.0200000,2,two-pass source-only match; ordinate averaged,0.4900002,1.5242232,0.4900000,1.4888803,0.0000002,0.0353429,1344.467,808.914,1344.600,827.031
359,358,368,0.2,C3,"round-bilge hull, L/B 7",long dashed,upper RBH branch before Fn 0.40; lower shoulder near Fn 0.45; upper main-hump shoulder,highest RBH line on the left shoulder; depressed middle shoulder; upper RBH crest,0.495,0.4950000,1.5456692,0.0030000,0.0200000,2,two-pass source-only match; ordinate averaged,0.4949998,1.5477760,0.4950002,1.5435624,0.0000004,0.0042136,1354.844,796.968,1354.967,799.340
359,358,368,0.2,C3,"round-bilge hull, L/B 7",long dashed,upper RBH branch before Fn 0.40; lower shoulder near Fn 0.45; upper main-hump shoulder,highest RBH line on the left shoulder; depressed middle shoulder; upper RBH crest,0.500,0.4999999,1.5572022,0.0030000,0.0200000,2,two-pass source-only match; ordinate averaged,0.4999999,1.5570505,0.4999998,1.5573539,0.0000001,0.0003034,1365.222,792.264,1365.333,792.356
359,358,368,0.2,C3,"round-bilge hull, L/B 7",long dashed,upper RBH branch before Fn 0.40; lower shoulder near Fn 0.45; upper main-hump shoulder,highest RBH line on the left shoulder; depressed middle shoulder; upper RBH crest,0.505,0.5050000,1.5605844,0.0030000,0.0200000,2,two-pass source-only match; ordinate averaged,0.5050000,1.5601341,0.5050000,1.5610348,0.0000000,0.0009007,1375.600,790.700,1375.700,790.492
359,358,368,0.2,C3,"round-bilge hull, L/B 7",long dashed,upper RBH branch before Fn 0.40; lower shoulder near Fn 0.45; upper main-hump shoulder,highest RBH line on the left shoulder; depressed middle shoulder; upper RBH crest,0.510,0.5100001,1.5585794,0.0030000,0.0200000,2,two-pass source-only match; ordinate averaged,0.5100001,1.5572792,0.5100002,1.5598795,0.0000001,0.0026004,1385.978,792.148,1386.067,791.077
359,358,368,0.2,C3,"round-bilge hull, L/B 7",long dashed,upper RBH branch before Fn 0.40; lower shoulder near Fn 0.45; upper main-hump shoulder,highest RBH line on the left shoulder; depressed middle shoulder; upper RBH crest,0.515,0.5150000,1.5565924,0.0030000,0.0200000,2,two-pass source-only match; ordinate averaged,0.5150002,1.5564610,0.5149998,1.5567239,0.0000004,0.0002630,1396.356,792.563,1396.433,792.675
359,358,368,0.2,C3,"round-bilge hull, L/B 7",long dashed,upper RBH branch before Fn 0.40; lower shoulder near Fn 0.45; upper main-hump shoulder,highest RBH line on the left shoulder; depressed middle shoulder; upper RBH crest,0.520,0.5199999,1.5546086,0.0030000,0.0200000,2,two-pass source-only match; ordinate averaged,0.5199998,1.5543139,0.5200000,1.5549032,0.0000002,0.0005894,1406.733,793.652,1406.800,793.597
359,358,368,0.2,C3,"round-bilge hull, L/B 7",long dashed,upper RBH branch before Fn 0.40; lower shoulder near Fn 0.45; upper main-hump shoulder,highest RBH line on the left shoulder; depressed middle shoulder; upper RBH crest,0.525,0.5250001,1.5823440,0.0030000,0.0200000,2,two-pass source-only match; ordinate averaged,0.5249999,1.5812697,0.5250002,1.5834182,0.0000002,0.0021485,1417.111,779.980,1417.167,779.157
359,358,368,0.2,C3,"round-bilge hull, L/B 7",long dashed,upper RBH branch before Fn 0.40; lower shoulder near Fn 0.45; upper main-hump shoulder,highest RBH line on the left shoulder; depressed middle shoulder; upper RBH crest,0.530,0.5299999,1.5677885,0.0030000,0.0200000,2,two-pass source-only match; ordinate averaged,0.5300001,1.5847969,0.5299998,1.5507800,0.0000002,0.0340169,1427.489,778.191,1427.533,795.685
359,358,368,0.2,C3,"round-bilge hull, L/B 7",long dashed,upper RBH branch before Fn 0.40; lower shoulder near Fn 0.45; upper main-hump shoulder,highest RBH line on the left shoulder; depressed middle shoulder; upper RBH crest,0.535,0.5350001,1.5490019,0.0030000,0.0200000,2,two-pass source-only match; ordinate averaged,0.5350002,1.5486534,0.5350000,1.5493503,0.0000002,0.0006969,1437.867,796.523,1437.900,796.409
359,358,368,0.2,C3,"round-bilge hull, L/B 7",long dashed,upper RBH branch before Fn 0.40; lower shoulder near Fn 0.45; upper main-hump shoulder,highest RBH line on the left shoulder; depressed middle shoulder; upper RBH crest,0.540,0.5400000,1.5693190,0.0030000,0.0200000,2,two-pass source-only match; ordinate averaged,0.5399998,1.5696668,0.5400002,1.5689712,0.0000004,0.0006956,1448.244,785.865,1448.267,786.473
359,358,368,0.2,C3,"round-bilge hull, L/B 7",long dashed,upper RBH branch before Fn 0.40; lower shoulder near Fn 0.45; upper main-hump shoulder,highest RBH line on the left shoulder; depressed middle shoulder; upper RBH crest,0.545,0.5449999,1.5314059,0.0030000,0.0200000,2,two-pass source-only match; ordinate averaged,0.5449999,1.5314255,0.5449998,1.5313863,0.0000001,0.0000392,1458.622,805.261,1458.633,805.506
359,358,368,0.2,C3,"round-bilge hull, L/B 7",long dashed,upper RBH branch before Fn 0.40; lower shoulder near Fn 0.45; upper main-hump shoulder,highest RBH line on the left shoulder; depressed middle shoulder; upper RBH crest,0.550,0.5500000,1.5265668,0.0030000,0.0200000,2,two-pass source-only match; ordinate averaged,0.5500000,1.5264038,0.5500000,1.5267299,0.0000000,0.0003261,1469.000,807.808,1469.000,807.864
359,358,368,0.2,C3,"round-bilge hull, L/B 7",long dashed,upper RBH branch before Fn 0.40; lower shoulder near Fn 0.45; upper main-hump shoulder,highest RBH line on the left shoulder; depressed middle shoulder; upper RBH crest,0.555,0.5550001,1.5221059,0.0030000,0.0200000,2,two-pass source-only match; ordinate averaged,0.5550001,1.5213762,0.5550002,1.5228357,0.0000001,0.0014595,1479.378,810.358,1479.367,809.836
359,358,368,0.2,C3,"round-bilge hull, L/B 7",long dashed,upper RBH branch before Fn 0.40; lower shoulder near Fn 0.45; upper main-hump shoulder,highest RBH line on the left shoulder; depressed middle shoulder; upper RBH crest,0.560,0.5600000,1.5431876,0.0030000,0.0200000,2,two-pass source-only match; ordinate averaged,0.5600002,1.5431960,0.5599998,1.5431793,0.0000004,0.0000167,1489.756,799.291,1489.733,799.534
359,358,368,0.2,C3,"round-bilge hull, L/B 7",long dashed,upper RBH branch before Fn 0.40; lower shoulder near Fn 0.45; upper main-hump shoulder,highest RBH line on the left shoulder; depressed middle shoulder; upper RBH crest,0.565,0.5649999,1.4976968,0.0030000,0.0200000,2,two-pass source-only match; ordinate averaged,0.5649998,1.4983222,0.5650000,1.4970715,0.0000002,0.0012507,1500.133,822.051,1500.100,822.883
359,358,368,0.2,C3,"round-bilge hull, L/B 7",long dashed,upper RBH branch before Fn 0.40; lower shoulder near Fn 0.45; upper main-hump shoulder,highest RBH line on the left shoulder; depressed middle shoulder; upper RBH crest,0.570,0.5700001,1.4916707,0.0030000,0.0200000,2,two-pass source-only match; ordinate averaged,0.5699999,1.4873718,0.5700002,1.4959696,0.0000002,0.0085977,1510.511,827.605,1510.467,823.441
359,358,368,0.2,C3,"round-bilge hull, L/B 7",long dashed,upper RBH branch before Fn 0.40; lower shoulder near Fn 0.45; upper main-hump shoulder,highest RBH line on the left shoulder; depressed middle shoulder; upper RBH crest,0.575,0.5749999,1.5014749,0.0030000,0.0200000,2,two-pass source-only match; ordinate averaged,0.5750001,1.5090221,0.5749998,1.4939277,0.0000002,0.0150944,1520.889,816.624,1520.833,824.475
359,358,368,0.2,C3,"round-bilge hull, L/B 7",long dashed,upper RBH branch before Fn 0.40; lower shoulder near Fn 0.45; upper main-hump shoulder,highest RBH line on the left shoulder; depressed middle shoulder; upper RBH crest,0.580,0.5800001,1.4974759,0.0030000,0.0200000,2,two-pass source-only match; ordinate averaged,0.5800002,1.4967784,0.5800000,1.4981734,0.0000002,0.0013950,1531.267,822.834,1531.200,822.325
359,358,368,0.2,C3,"round-bilge hull, L/B 7",long dashed,upper RBH branch before Fn 0.40; lower shoulder near Fn 0.45; upper main-hump shoulder,highest RBH line on the left shoulder; depressed middle shoulder; upper RBH crest,0.585,0.5850000,1.4753668,0.0030000,0.0200000,2,two-pass source-only match; ordinate averaged,0.5849998,1.4943908,0.5850002,1.4563428,0.0000004,0.0380480,1541.644,824.045,1541.567,843.508
359,358,368,0.2,C3,"round-bilge hull, L/B 7",long dashed,upper RBH branch before Fn 0.40; lower shoulder near Fn 0.45; upper main-hump shoulder,highest RBH line on the left shoulder; depressed middle shoulder; upper RBH crest,0.590,0.5899999,1.4448892,0.0030000,0.0200000,2,two-pass source-only match; ordinate averaged,0.5899999,1.4452918,0.5899998,1.4444866,0.0000001,0.0008052,1552.022,848.948,1551.933,849.512
359,358,368,0.2,C3,"round-bilge hull, L/B 7",long dashed,upper RBH branch before Fn 0.40; lower shoulder near Fn 0.45; upper main-hump shoulder,highest RBH line on the left shoulder; depressed middle shoulder; upper RBH crest,0.595,0.5950000,1.4335507,0.0030000,0.0200000,2,two-pass source-only match; ordinate averaged,0.5950000,1.4297674,0.5950000,1.4373341,0.0000000,0.0075668,1562.400,856.822,1562.300,853.134
359,358,368,0.2,C3,"round-bilge hull, L/B 7",long dashed,upper RBH branch before Fn 0.40; lower shoulder near Fn 0.45; upper main-hump shoulder,highest RBH line on the left shoulder; depressed middle shoulder; upper RBH crest,0.600,0.6000001,1.4174225,0.0030000,0.0200000,2,two-pass source-only match; ordinate averaged,0.6000001,1.4355797,0.6000002,1.3992654,0.0000001,0.0363143,1572.778,853.874,1572.667,872.412
359,358,368,0.2,C3,"round-bilge hull, L/B 7",long dashed,upper RBH branch before Fn 0.40; lower shoulder near Fn 0.45; upper main-hump shoulder,highest RBH line on the left shoulder; depressed middle shoulder; upper RBH crest,0.605,0.6050000,1.3965893,0.0030000,0.0200000,2,two-pass source-only match; ordinate averaged,0.6050002,1.3979456,0.6049998,1.3952330,0.0000004,0.0027126,1583.156,872.962,1583.033,874.454
359,358,368,0.2,C3,"round-bilge hull, L/B 7",long dashed,upper RBH branch before Fn 0.40; lower shoulder near Fn 0.45; upper main-hump shoulder,highest RBH line on the left shoulder; depressed middle shoulder; upper RBH crest,0.610,0.6099999,1.3874395,0.0030000,0.0200000,2,two-pass source-only match; ordinate averaged,0.6099998,1.3840576,0.6100000,1.3908215,0.0000002,0.0067639,1593.533,880.006,1593.400,876.688
359,358,368,0.2,C3,"round-bilge hull, L/B 7",long dashed,upper RBH branch before Fn 0.40; lower shoulder near Fn 0.45; upper main-hump shoulder,highest RBH line on the left shoulder; depressed middle shoulder; upper RBH crest,0.615,0.6150001,1.3743369,0.0030000,0.0200000,2,two-pass source-only match; ordinate averaged,0.6149999,1.3720209,0.6150002,1.3766528,0.0000002,0.0046319,1603.911,886.111,1603.767,883.863
359,358,368,0.2,C3,"round-bilge hull, L/B 7",long dashed,upper RBH branch before Fn 0.40; lower shoulder near Fn 0.45; upper main-hump shoulder,highest RBH line on the left shoulder; depressed middle shoulder; upper RBH crest,0.620,0.6199999,1.3516455,0.0030000,0.0200000,2,two-pass source-only match; ordinate averaged,0.6200001,1.3518139,0.6199998,1.3514771,0.0000002,0.0003368,1614.289,896.360,1614.133,896.612
359,358,368,0.2,C3,"round-bilge hull, L/B 7",long dashed,upper RBH branch before Fn 0.40; lower shoulder near Fn 0.45; upper main-hump shoulder,highest RBH line on the left shoulder; depressed middle shoulder; upper RBH crest,0.625,0.6250001,1.3386332,0.0030000,0.0200000,2,two-pass source-only match; ordinate averaged,0.6250002,1.3278963,0.6250000,1.3493701,0.0000002,0.0214738,1624.667,908.491,1624.500,897.679
359,358,368,0.2,C3,"round-bilge hull, L/B 7",long dashed,upper RBH branch before Fn 0.40; lower shoulder near Fn 0.45; upper main-hump shoulder,highest RBH line on the left shoulder; depressed middle shoulder; upper RBH crest,0.630,0.6300000,1.3095781,0.0030000,0.0200000,2,two-pass source-only match; ordinate averaged,0.6299998,1.3103845,0.6300002,1.3087717,0.0000004,0.0016127,1635.044,917.373,1634.867,918.238
359,358,368,0.2,C3,"round-bilge hull, L/B 7",long dashed,upper RBH branch before Fn 0.40; lower shoulder near Fn 0.45; upper main-hump shoulder,highest RBH line on the left shoulder; depressed middle shoulder; upper RBH crest,0.635,0.6349999,1.3028198,0.0030000,0.0200000,2,two-pass source-only match; ordinate averaged,0.6349999,1.3013486,0.6349998,1.3042911,0.0000001,0.0029425,1645.422,921.956,1645.233,920.507
359,358,368,0.2,C3,"round-bilge hull, L/B 7",long dashed,upper RBH branch before Fn 0.40; lower shoulder near Fn 0.45; upper main-hump shoulder,highest RBH line on the left shoulder; depressed middle shoulder; upper RBH crest,0.640,0.6400000,1.2703927,0.0030000,0.0200000,2,two-pass source-only match; ordinate averaged,0.6400000,1.2715398,0.6400000,1.2692457,0.0000000,0.0022942,1655.800,937.075,1655.600,938.254
359,358,368,0.2,C4,"round-bilge hull, L/B 9",dash-dot,near-unity initial RBH branch; middle rising branch; long descending branch after the common hump,near-horizontal lower RBH start; central rising branch; longest descending non-dotted branch,0.200,0.2000000,1.0475959,0.0030000,0.0200000,2,two-pass source-only match; ordinate averaged,0.2000002,1.0473718,0.1999998,1.0478199,0.0000004,0.0004481,742.556,1050.773,743.333,1050.384
359,358,368,0.2,C4,"round-bilge hull, L/B 9",dash-dot,near-unity initial RBH branch; middle rising branch; long descending branch after the common hump,near-horizontal lower RBH start; central rising branch; longest descending non-dotted branch,0.205,0.2049999,1.0401804,0.0030000,0.0200000,2,two-pass source-only match; ordinate averaged,0.2049998,1.0416739,0.2050000,1.0386868,0.0000002,0.0029871,752.933,1053.663,753.700,1055.009
359,358,368,0.2,C4,"round-bilge hull, L/B 9",dash-dot,near-unity initial RBH branch; middle rising branch; long descending branch after the common hump,near-horizontal lower RBH start; central rising branch; longest descending non-dotted branch,0.210,0.2100001,1.0310616,0.0030000,0.0200000,2,two-pass source-only match; ordinate averaged,0.2099999,1.0297457,0.2100002,1.0323776,0.0000002,0.0026319,763.311,1059.713,764.067,1058.204
359,358,368,0.2,C4,"round-bilge hull, L/B 9",dash-dot,near-unity initial RBH branch; middle rising branch; long descending branch after the common hump,near-horizontal lower RBH start; central rising branch; longest descending non-dotted branch,0.215,0.2149999,1.0286679,0.0030000,0.0200000,2,two-pass source-only match; ordinate averaged,0.2150001,1.0288959,0.2149998,1.0284400,0.0000002,0.0004559,773.689,1060.144,774.433,1060.198
359,358,368,0.2,C4,"round-bilge hull, L/B 9",dash-dot,near-unity initial RBH branch; middle rising branch; long descending branch after the common hump,near-horizontal lower RBH start; central rising branch; longest descending non-dotted branch,0.220,0.2200001,1.0289848,0.0030000,0.0200000,2,two-pass source-only match; ordinate averaged,0.2200002,1.0290063,0.2200000,1.0289633,0.0000002,0.0000430,784.067,1060.088,784.800,1059.933
359,358,368,0.2,C4,"round-bilge hull, L/B 9",dash-dot,near-unity initial RBH branch; middle rising branch; long descending branch after the common hump,near-horizontal lower RBH start; central rising branch; longest descending non-dotted branch,0.225,0.2250000,1.0284149,0.0030000,0.0200000,2,two-pass source-only match; ordinate averaged,0.2249998,1.0292843,0.2250002,1.0275454,0.0000004,0.0017389,794.444,1059.947,795.167,1060.651
359,358,368,0.2,C4,"round-bilge hull, L/B 9",dash-dot,near-unity initial RBH branch; middle rising branch; long descending branch after the common hump,near-horizontal lower RBH start; central rising branch; longest descending non-dotted branch,0.230,0.2299999,1.0304501,0.0030000,0.0200000,2,two-pass source-only match; ordinate averaged,0.2299999,1.0289767,0.2299998,1.0319234,0.0000001,0.0029466,804.822,1060.103,805.533,1058.434
359,358,368,0.2,C4,"round-bilge hull, L/B 9",dash-dot,near-unity initial RBH branch; middle rising branch; long descending branch after the common hump,near-horizontal lower RBH start; central rising branch; longest descending non-dotted branch,0.235,0.2350000,1.0373247,0.0030000,0.0200000,2,two-pass source-only match; ordinate averaged,0.2350000,1.0369223,0.2350000,1.0377271,0.0000000,0.0008048,815.200,1056.073,815.900,1055.495
359,358,368,0.2,C4,"round-bilge hull, L/B 9",dash-dot,near-unity initial RBH branch; middle rising branch; long descending branch after the common hump,near-horizontal lower RBH start; central rising branch; longest descending non-dotted branch,0.240,0.2400001,1.0430138,0.0030000,0.0200000,2,two-pass source-only match; ordinate averaged,0.2400001,1.0432729,0.2400002,1.0427547,0.0000001,0.0005181,825.578,1052.852,826.267,1052.949
359,358,368,0.2,C4,"round-bilge hull, L/B 9",dash-dot,near-unity initial RBH branch; middle rising branch; long descending branch after the common hump,near-horizontal lower RBH start; central rising branch; longest descending non-dotted branch,0.245,0.2450000,1.0474165,0.0030000,0.0200000,2,two-pass source-only match; ordinate averaged,0.2450002,1.0481940,0.2449998,1.0466390,0.0000004,0.0015550,835.956,1050.356,836.633,1050.982
359,358,368,0.2,C4,"round-bilge hull, L/B 9",dash-dot,near-unity initial RBH branch; middle rising branch; long descending branch after the common hump,near-horizontal lower RBH start; central rising branch; longest descending non-dotted branch,0.250,0.2499999,1.0362711,0.0030000,0.0200000,2,two-pass source-only match; ordinate averaged,0.2499998,1.0207453,0.2500000,1.0517970,0.0000002,0.0310517,846.333,1064.278,847.000,1048.370
359,358,368,0.2,C4,"round-bilge hull, L/B 9",dash-dot,near-unity initial RBH branch; middle rising branch; long descending branch after the common hump,near-horizontal lower RBH start; central rising branch; longest descending non-dotted branch,0.255,0.2550001,1.0628118,0.0030000,0.0200000,2,two-pass source-only match; ordinate averaged,0.2549999,1.0627050,0.2550002,1.0629186,0.0000002,0.0002136,856.711,1042.996,857.367,1042.738
359,358,368,0.2,C4,"round-bilge hull, L/B 9",dash-dot,near-unity initial RBH branch; middle rising branch; long descending branch after the common hump,near-horizontal lower RBH start; central rising branch; longest descending non-dotted branch,0.260,0.2599999,1.0649347,0.0030000,0.0200000,2,two-pass source-only match; ordinate averaged,0.2600001,1.0651577,0.2599998,1.0647117,0.0000002,0.0004460,867.089,1041.752,867.733,1041.830
359,358,368,0.2,C4,"round-bilge hull, L/B 9",dash-dot,near-unity initial RBH branch; middle rising branch; long descending branch after the common hump,near-horizontal lower RBH start; central rising branch; longest descending non-dotted branch,0.265,0.2650001,1.0654162,0.0030000,0.0200000,2,two-pass source-only match; ordinate averaged,0.2650002,1.0656013,0.2650000,1.0652310,0.0000002,0.0003703,877.467,1041.527,878.100,1041.567
359,358,368,0.2,C4,"round-bilge hull, L/B 9",dash-dot,near-unity initial RBH branch; middle rising branch; long descending branch after the common hump,near-horizontal lower RBH start; central rising branch; longest descending non-dotted branch,0.270,0.2700000,1.0624422,0.0030000,0.0200000,2,two-pass source-only match; ordinate averaged,0.2699998,1.0631270,0.2700002,1.0617575,0.0000004,0.0013695,887.844,1042.782,888.467,1043.326
359,358,368,0.2,C4,"round-bilge hull, L/B 9",dash-dot,near-unity initial RBH branch; middle rising branch; long descending branch after the common hump,near-horizontal lower RBH start; central rising branch; longest descending non-dotted branch,0.275,0.2749999,1.0611530,0.0030000,0.0200000,2,two-pass source-only match; ordinate averaged,0.2749999,1.0615517,0.2749998,1.0607543,0.0000001,0.0007973,898.222,1043.581,898.833,1043.834
359,358,368,0.2,C4,"round-bilge hull, L/B 9",dash-dot,near-unity initial RBH branch; middle rising branch; long descending branch after the common hump,near-horizontal lower RBH start; central rising branch; longest descending non-dotted branch,0.280,0.2800000,1.0600456,0.0030000,0.0200000,2,two-pass source-only match; ordinate averaged,0.2800000,1.0597792,0.2800000,1.0603120,0.0000000,0.0005328,908.600,1044.480,909.200,1044.058
359,358,368,0.2,C4,"round-bilge hull, L/B 9",dash-dot,near-unity initial RBH branch; middle rising branch; long descending branch after the common hump,near-horizontal lower RBH start; central rising branch; longest descending non-dotted branch,0.285,0.2850001,1.0641762,0.0030000,0.0200000,2,two-pass source-only match; ordinate averaged,0.2850001,1.0642252,0.2850002,1.0641272,0.0000001,0.0000980,918.978,1042.225,919.567,1042.126
359,358,368,0.2,C4,"round-bilge hull, L/B 9",dash-dot,near-unity initial RBH branch; middle rising branch; long descending branch after the common hump,near-horizontal lower RBH start; central rising branch; longest descending non-dotted branch,0.290,0.2900000,1.0835368,0.0030000,0.0200000,2,two-pass source-only match; ordinate averaged,0.2900002,1.0823718,0.2899998,1.0847018,0.0000004,0.0023300,929.356,1033.021,929.933,1031.707
359,358,368,0.2,C4,"round-bilge hull, L/B 9",dash-dot,near-unity initial RBH branch; middle rising branch; long descending branch after the common hump,near-horizontal lower RBH start; central rising branch; longest descending non-dotted branch,0.295,0.2949999,1.0893996,0.0030000,0.0200000,2,two-pass source-only match; ordinate averaged,0.2949998,1.0901479,0.2950000,1.0886513,0.0000002,0.0014966,939.733,1029.077,940.300,1029.707
359,358,368,0.2,C4,"round-bilge hull, L/B 9",dash-dot,near-unity initial RBH branch; middle rising branch; long descending branch after the common hump,near-horizontal lower RBH start; central rising branch; longest descending non-dotted branch,0.300,0.3000001,1.0724572,0.0030000,0.0207537,2,two-pass source-only match; ordinate averaged,0.2999999,1.0517035,0.3000002,1.0932109,0.0000002,0.0415074,950.111,1048.576,950.667,1027.398
359,358,368,0.2,C4,"round-bilge hull, L/B 9",dash-dot,near-unity initial RBH branch; middle rising branch; long descending branch after the common hump,near-horizontal lower RBH start; central rising branch; longest descending non-dotted branch,0.305,0.3049999,1.0588406,0.0030000,0.0200000,2,two-pass source-only match; ordinate averaged,0.3050001,1.0589945,0.3049998,1.0586868,0.0000002,0.0003077,960.489,1044.878,961.033,1044.881
359,358,368,0.2,C4,"round-bilge hull, L/B 9",dash-dot,near-unity initial RBH branch; middle rising branch; long descending branch after the common hump,near-horizontal lower RBH start; central rising branch; longest descending non-dotted branch,0.310,0.3100001,1.1099683,0.0030000,0.0210882,2,two-pass source-only match; ordinate averaged,0.3100002,1.0888801,0.3100000,1.1310565,0.0000002,0.0421764,970.867,1029.720,971.400,1008.233
359,358,368,0.2,C4,"round-bilge hull, L/B 9",dash-dot,near-unity initial RBH branch; middle rising branch; long descending branch after the common hump,near-horizontal lower RBH start; central rising branch; longest descending non-dotted branch,0.315,0.3150000,1.1065487,0.0030000,0.0200000,2,two-pass source-only match; ordinate averaged,0.3149998,1.1068533,0.3150002,1.1062441,0.0000004,0.0006092,981.244,1020.604,981.767,1020.798
359,358,368,0.2,C4,"round-bilge hull, L/B 9",dash-dot,near-unity initial RBH branch; middle rising branch; long descending branch after the common hump,near-horizontal lower RBH start; central rising branch; longest descending non-dotted branch,0.320,0.3199999,1.1102522,0.0030000,0.0200000,2,two-pass source-only match; ordinate averaged,0.3199999,1.1094460,0.3199998,1.1110585,0.0000001,0.0016125,991.622,1019.289,992.133,1018.360
359,358,368,0.2,C4,"round-bilge hull, L/B 9",dash-dot,near-unity initial RBH branch; middle rising branch; long descending branch after the common hump,near-horizontal lower RBH start; central rising branch; longest descending non-dotted branch,0.325,0.3250000,1.1172351,0.0030000,0.0200000,2,two-pass source-only match; ordinate averaged,0.3250000,1.1178943,0.3250000,1.1165758,0.0000000,0.0013185,1002.000,1015.004,1002.500,1015.566
359,358,368,0.2,C4,"round-bilge hull, L/B 9",dash-dot,near-unity initial RBH branch; middle rising branch; long descending branch after the common hump,near-horizontal lower RBH start; central rising branch; longest descending non-dotted branch,0.330,0.3300001,1.1208278,0.0030000,0.0200000,2,two-pass source-only match; ordinate averaged,0.3300001,1.1207610,0.3300002,1.1208945,0.0000001,0.0001335,1012.378,1013.550,1012.867,1013.379
359,358,368,0.2,C4,"round-bilge hull, L/B 9",dash-dot,near-unity initial RBH branch; middle rising branch; long descending branch after the common hump,near-horizontal lower RBH start; central rising branch; longest descending non-dotted branch,0.335,0.3350000,1.1271300,0.0030000,0.0200000,2,two-pass source-only match; ordinate averaged,0.3350002,1.1272259,0.3349998,1.1270340,0.0000004,0.0001920,1022.756,1010.271,1023.233,1010.270
359,358,368,0.2,C4,"round-bilge hull, L/B 9",dash-dot,near-unity initial RBH branch; middle rising branch; long descending branch after the common hump,near-horizontal lower RBH start; central rising branch; longest descending non-dotted branch,0.340,0.3399999,1.1488083,0.0030000,0.0223273,2,two-pass source-only match; ordinate averaged,0.3399998,1.1711356,0.3400000,1.1264810,0.0000002,0.0446546,1033.133,988.000,1033.600,1010.550
359,358,368,0.2,C4,"round-bilge hull, L/B 9",dash-dot,near-unity initial RBH branch; middle rising branch; long descending branch after the common hump,near-horizontal lower RBH start; central rising branch; longest descending non-dotted branch,0.345,0.3450001,1.1819219,0.0030000,0.0200000,2,two-pass source-only match; ordinate averaged,0.3449999,1.1869085,0.3450002,1.1769352,0.0000002,0.0099733,1043.511,980.000,1043.967,985.000
359,358,368,0.2,C4,"round-bilge hull, L/B 9",dash-dot,near-unity initial RBH branch; middle rising branch; long descending branch after the common hump,near-horizontal lower RBH start; central rising branch; longest descending non-dotted branch,0.350,0.3499999,1.1957340,0.0030000,0.0200000,2,two-pass source-only match; ordinate averaged,0.3500001,1.2007098,0.3499998,1.1907583,0.0000002,0.0099515,1053.889,973.000,1054.333,978.000
359,358,368,0.2,C4,"round-bilge hull, L/B 9",dash-dot,near-unity initial RBH branch; middle rising branch; long descending branch after the common hump,near-horizontal lower RBH start; central rising branch; longest descending non-dotted branch,0.355,0.3550001,1.2504391,0.0030000,0.0200000,2,two-pass source-only match; ordinate averaged,0.3550002,1.2528529,0.3550000,1.2480253,0.0000002,0.0048276,1064.267,946.553,1064.700,949.000
359,358,368,0.2,C4,"round-bilge hull, L/B 9",dash-dot,near-unity initial RBH branch; middle rising branch; long descending branch after the common hump,near-horizontal lower RBH start; central rising branch; longest descending non-dotted branch,0.360,0.3600000,1.2598765,0.0030000,0.0200000,2,two-pass source-only match; ordinate averaged,0.3599998,1.2613782,0.3600002,1.2583748,0.0000004,0.0030034,1074.644,942.229,1075.067,943.759
359,358,368,0.2,C4,"round-bilge hull, L/B 9",dash-dot,near-unity initial RBH branch; middle rising branch; long descending branch after the common hump,near-horizontal lower RBH start; central rising branch; longest descending non-dotted branch,0.365,0.3649999,1.2663703,0.0030000,0.0200000,2,two-pass source-only match; ordinate averaged,0.3649999,1.2664452,0.3649998,1.2662954,0.0000001,0.0001498,1085.022,939.659,1085.433,939.748
359,358,368,0.2,C4,"round-bilge hull, L/B 9",dash-dot,near-unity initial RBH branch; middle rising branch; long descending branch after the common hump,near-horizontal lower RBH start; central rising branch; longest descending non-dotted branch,0.370,0.3700000,1.2703543,0.0030000,0.0200000,2,two-pass source-only match; ordinate averaged,0.3700000,1.2702622,0.3700000,1.2704463,0.0000000,0.0001841,1095.400,937.723,1095.800,937.646
359,358,368,0.2,C4,"round-bilge hull, L/B 9",dash-dot,near-unity initial RBH branch; middle rising branch; long descending branch after the common hump,near-horizontal lower RBH start; central rising branch; longest descending non-dotted branch,0.375,0.3750001,1.2714978,0.0030000,0.0200000,2,two-pass source-only match; ordinate averaged,0.3750001,1.2724941,0.3750002,1.2705016,0.0000001,0.0019925,1105.778,936.591,1106.167,937.618
359,358,368,0.2,C4,"round-bilge hull, L/B 9",dash-dot,near-unity initial RBH branch; middle rising branch; long descending branch after the common hump,near-horizontal lower RBH start; central rising branch; longest descending non-dotted branch,0.380,0.3800000,1.3005502,0.0030000,0.0200000,2,two-pass source-only match; ordinate averaged,0.3800002,1.2997200,0.3799998,1.3013803,0.0000004,0.0016603,1116.156,922.782,1116.533,921.981
359,358,368,0.2,C4,"round-bilge hull, L/B 9",dash-dot,near-unity initial RBH branch; middle rising branch; long descending branch after the common hump,near-horizontal lower RBH start; central rising branch; longest descending non-dotted branch,0.385,0.3849999,1.3050129,0.0030000,0.0200000,2,two-pass source-only match; ordinate averaged,0.3849998,1.3036928,0.3850000,1.3063329,0.0000002,0.0026401,1126.533,920.767,1126.900,919.473
359,358,368,0.2,C4,"round-bilge hull, L/B 9",dash-dot,near-unity initial RBH branch; middle rising branch; long descending branch after the common hump,near-horizontal lower RBH start; central rising branch; longest descending non-dotted branch,0.390,0.3900001,1.3117858,0.0030000,0.0200000,2,two-pass source-only match; ordinate averaged,0.3899999,1.3129121,0.3900002,1.3106596,0.0000002,0.0022525,1136.911,916.091,1137.267,917.282
359,358,368,0.2,C4,"round-bilge hull, L/B 9",dash-dot,near-unity initial RBH branch; middle rising branch; long descending branch after the common hump,near-horizontal lower RBH start; central rising branch; longest descending non-dotted branch,0.395,0.3949999,1.3315942,0.0030000,0.0200000,2,two-pass source-only match; ordinate averaged,0.3950001,1.3304633,0.3949998,1.3327251,0.0000002,0.0022618,1147.289,907.189,1147.633,906.108
359,358,368,0.2,C4,"round-bilge hull, L/B 9",dash-dot,near-unity initial RBH branch; middle rising branch; long descending branch after the common hump,near-horizontal lower RBH start; central rising branch; longest descending non-dotted branch,0.400,0.4000001,1.3350544,0.0030000,0.0200000,2,two-pass source-only match; ordinate averaged,0.4000002,1.3349409,0.4000000,1.3351679,0.0000002,0.0002270,1157.667,904.918,1158.000,904.871
359,358,368,0.2,C4,"round-bilge hull, L/B 9",dash-dot,near-unity initial RBH branch; middle rising branch; long descending branch after the common hump,near-horizontal lower RBH start; central rising branch; longest descending non-dotted branch,0.405,0.4050000,1.3388820,0.0030000,0.0200000,2,two-pass source-only match; ordinate averaged,0.4049998,1.3404239,0.4050002,1.3373400,0.0000004,0.0030838,1168.044,902.137,1168.367,903.771
359,358,368,0.2,C4,"round-bilge hull, L/B 9",dash-dot,near-unity initial RBH branch; middle rising branch; long descending branch after the common hump,near-horizontal lower RBH start; central rising branch; longest descending non-dotted branch,0.410,0.4099999,1.3460350,0.0030000,0.0200000,2,two-pass source-only match; ordinate averaged,0.4099999,1.3459720,0.4099998,1.3460979,0.0000001,0.0001259,1178.422,899.323,1178.733,899.336
359,358,368,0.2,C4,"round-bilge hull, L/B 9",dash-dot,near-unity initial RBH branch; middle rising branch; long descending branch after the common hump,near-horizontal lower RBH start; central rising branch; longest descending non-dotted branch,0.415,0.4150000,1.3475800,0.0030000,0.0200000,2,two-pass source-only match; ordinate averaged,0.4150000,1.3474211,0.4150000,1.3477389,0.0000000,0.0003178,1188.800,898.588,1189.100,898.505
359,358,368,0.2,C4,"round-bilge hull, L/B 9",dash-dot,near-unity initial RBH branch; middle rising branch; long descending branch after the common hump,near-horizontal lower RBH start; central rising branch; longest descending non-dotted branch,0.420,0.4200001,1.3304640,0.0030000,0.0200000,2,two-pass source-only match; ordinate averaged,0.4200001,1.3488762,0.4200002,1.3120517,0.0000001,0.0368244,1199.178,897.850,1199.467,916.577
359,358,368,0.2,C4,"round-bilge hull, L/B 9",dash-dot,near-unity initial RBH branch; middle rising branch; long descending branch after the common hump,near-horizontal lower RBH start; central rising branch; longest descending non-dotted branch,0.425,0.4250000,1.3095947,0.0030000,0.0200000,2,two-pass source-only match; ordinate averaged,0.4250002,1.3094184,0.4249998,1.3097709,0.0000004,0.0003526,1209.556,917.863,1209.833,917.732
359,358,368,0.2,C4,"round-bilge hull, L/B 9",dash-dot,near-unity initial RBH branch; middle rising branch; long descending branch after the common hump,near-horizontal lower RBH start; central rising branch; longest descending non-dotted branch,0.430,0.4299999,1.3644016,0.0030000,0.0200000,2,two-pass source-only match; ordinate averaged,0.4299998,1.3638091,0.4300000,1.3649941,0.0000002,0.0011849,1219.933,890.276,1220.200,889.767
359,358,368,0.2,C4,"round-bilge hull, L/B 9",dash-dot,near-unity initial RBH branch; middle rising branch; long descending branch after the common hump,near-horizontal lower RBH start; central rising branch; longest descending non-dotted branch,0.435,0.4350001,1.3704321,0.0030000,0.0200000,2,two-pass source-only match; ordinate averaged,0.4349999,1.3704022,0.4350002,1.3704621,0.0000002,0.0000599,1230.311,886.932,1230.567,886.998
359,358,368,0.2,C4,"round-bilge hull, L/B 9",dash-dot,near-unity initial RBH branch; middle rising branch; long descending branch after the common hump,near-horizontal lower RBH start; central rising branch; longest descending non-dotted branch,0.440,0.4399999,1.3629038,0.0030000,0.0328486,2,two-pass source-only match; ordinate averaged,0.4400001,1.3300552,0.4399998,1.3957524,0.0000002,0.0656972,1240.689,907.396,1240.933,874.191
359,358,368,0.2,C4,"round-bilge hull, L/B 9",dash-dot,near-unity initial RBH branch; middle rising branch; long descending branch after the common hump,near-horizontal lower RBH start; central rising branch; longest descending non-dotted branch,0.445,0.4450001,1.4007442,0.0030000,0.0200000,2,two-pass source-only match; ordinate averaged,0.4450002,1.4015615,0.4450000,1.3999269,0.0000002,0.0016346,1251.067,871.128,1251.300,872.077
359,358,368,0.2,C4,"round-bilge hull, L/B 9",dash-dot,near-unity initial RBH branch; middle rising branch; long descending branch after the common hump,near-horizontal lower RBH start; central rising branch; longest descending non-dotted branch,0.450,0.4500000,1.3879663,0.0030000,0.0200000,2,two-pass source-only match; ordinate averaged,0.4499998,1.3696195,0.4500002,1.4063132,0.0000004,0.0366937,1261.444,887.329,1261.667,868.843
359,358,368,0.2,C4,"round-bilge hull, L/B 9",dash-dot,near-unity initial RBH branch; middle rising branch; long descending branch after the common hump,near-horizontal lower RBH start; central rising branch; longest descending non-dotted branch,0.455,0.4549999,1.3938629,0.0030000,0.0200000,2,two-pass source-only match; ordinate averaged,0.4549999,1.3921254,0.4549998,1.3956003,0.0000001,0.0034749,1271.822,875.914,1272.033,874.268
359,358,368,0.2,C4,"round-bilge hull, L/B 9",dash-dot,near-unity initial RBH branch; middle rising branch; long descending branch after the common hump,near-horizontal lower RBH start; central rising branch; longest descending non-dotted branch,0.460,0.4600000,1.4209850,0.0030000,0.0217283,2,two-pass source-only match; ordinate averaged,0.4600000,1.3992567,0.4600000,1.4427133,0.0000000,0.0434566,1282.200,872.297,1282.400,850.410
359,358,368,0.2,C4,"round-bilge hull, L/B 9",dash-dot,near-unity initial RBH branch; middle rising branch; long descending branch after the common hump,near-horizontal lower RBH start; central rising branch; longest descending non-dotted branch,0.465,0.4650001,1.4409317,0.0030000,0.0200000,2,two-pass source-only match; ordinate averaged,0.4650001,1.4342547,0.4650002,1.4476086,0.0000001,0.0133539,1292.578,854.546,1292.767,847.931
359,358,368,0.2,C4,"round-bilge hull, L/B 9",dash-dot,near-unity initial RBH branch; middle rising branch; long descending branch after the common hump,near-horizontal lower RBH start; central rising branch; longest descending non-dotted branch,0.470,0.4700000,1.4517701,0.0030000,0.0200000,2,two-pass source-only match; ordinate averaged,0.4700002,1.4415714,0.4699998,1.4619688,0.0000004,0.0203974,1302.956,850.835,1303.133,840.659
359,358,368,0.2,C4,"round-bilge hull, L/B 9",dash-dot,near-unity initial RBH branch; middle rising branch; long descending branch after the common hump,near-horizontal lower RBH start; central rising branch; longest descending non-dotted branch,0.475,0.4749999,1.4639663,0.0030000,0.0200000,2,two-pass source-only match; ordinate averaged,0.4749998,1.4649527,0.4750000,1.4629799,0.0000002,0.0019728,1313.333,838.976,1313.500,840.147
359,358,368,0.2,C4,"round-bilge hull, L/B 9",dash-dot,near-unity initial RBH branch; middle rising branch; long descending branch after the common hump,near-horizontal lower RBH start; central rising branch; longest descending non-dotted branch,0.480,0.4800001,1.5011374,0.0030000,0.0200000,2,two-pass source-only match; ordinate averaged,0.4799999,1.5050453,0.4800002,1.4972295,0.0000002,0.0078159,1323.711,818.641,1323.867,822.803
359,358,368,0.2,C4,"round-bilge hull, L/B 9",dash-dot,near-unity initial RBH branch; middle rising branch; long descending branch after the common hump,near-horizontal lower RBH start; central rising branch; longest descending non-dotted branch,0.485,0.4849999,1.5202892,0.0030000,0.0200000,2,two-pass source-only match; ordinate averaged,0.4850001,1.5238801,0.4849998,1.5166983,0.0000002,0.0071819,1334.089,809.088,1334.233,812.944
359,358,368,0.2,C4,"round-bilge hull, L/B 9",dash-dot,near-unity initial RBH branch; middle rising branch; long descending branch after the common hump,near-horizontal lower RBH start; central rising branch; longest descending non-dotted branch,0.490,0.4900001,1.5333040,0.0030000,0.0200000,2,two-pass source-only match; ordinate averaged,0.4900002,1.5383438,0.4900000,1.5282642,0.0000002,0.0100796,1344.467,801.752,1344.600,807.087
359,358,368,0.2,C4,"round-bilge hull, L/B 9",dash-dot,near-unity initial RBH branch; middle rising branch; long descending branch after the common hump,near-horizontal lower RBH start; central rising branch; longest descending non-dotted branch,0.495,0.4950000,1.5481623,0.0030000,0.0200000,2,two-pass source-only match; ordinate averaged,0.4949998,1.5477760,0.4950002,1.5485486,0.0000004,0.0007726,1354.844,796.968,1354.967,796.815
359,358,368,0.2,C4,"round-bilge hull, L/B 9",dash-dot,near-unity initial RBH branch; middle rising branch; long descending branch after the common hump,near-horizontal lower RBH start; central rising branch; longest descending non-dotted branch,0.500,0.4999999,1.5572022,0.0030000,0.0200000,2,two-pass source-only match; ordinate averaged,0.4999999,1.5570505,0.4999998,1.5573539,0.0000001,0.0003034,1365.222,792.264,1365.333,792.356
359,358,368,0.2,C4,"round-bilge hull, L/B 9",dash-dot,near-unity initial RBH branch; middle rising branch; long descending branch after the common hump,near-horizontal lower RBH start; central rising branch; longest descending non-dotted branch,0.505,0.5050000,1.5605844,0.0030000,0.0200000,2,two-pass source-only match; ordinate averaged,0.5050000,1.5601341,0.5050000,1.5610348,0.0000000,0.0009007,1375.600,790.700,1375.700,790.492
359,358,368,0.2,C4,"round-bilge hull, L/B 9",dash-dot,near-unity initial RBH branch; middle rising branch; long descending branch after the common hump,near-horizontal lower RBH start; central rising branch; longest descending non-dotted branch,0.510,0.5100001,1.5585794,0.0030000,0.0200000,2,two-pass source-only match; ordinate averaged,0.5100001,1.5572792,0.5100002,1.5598795,0.0000001,0.0026004,1385.978,792.148,1386.067,791.077
359,358,368,0.2,C4,"round-bilge hull, L/B 9",dash-dot,near-unity initial RBH branch; middle rising branch; long descending branch after the common hump,near-horizontal lower RBH start; central rising branch; longest descending non-dotted branch,0.515,0.5150000,1.5565924,0.0030000,0.0200000,2,two-pass source-only match; ordinate averaged,0.5150002,1.5564610,0.5149998,1.5567239,0.0000004,0.0002630,1396.356,792.563,1396.433,792.675
359,358,368,0.2,C4,"round-bilge hull, L/B 9",dash-dot,near-unity initial RBH branch; middle rising branch; long descending branch after the common hump,near-horizontal lower RBH start; central rising branch; longest descending non-dotted branch,0.520,0.5199999,1.5546086,0.0030000,0.0200000,2,two-pass source-only match; ordinate averaged,0.5199998,1.5543139,0.5200000,1.5549032,0.0000002,0.0005894,1406.733,793.652,1406.800,793.597
359,358,368,0.2,C4,"round-bilge hull, L/B 9",dash-dot,near-unity initial RBH branch; middle rising branch; long descending branch after the common hump,near-horizontal lower RBH start; central rising branch; longest descending non-dotted branch,0.525,0.5250001,1.5821327,0.0030000,0.0200000,2,two-pass source-only match; ordinate averaged,0.5249999,1.5812697,0.5250002,1.5829957,0.0000002,0.0017259,1417.111,779.980,1417.167,779.371
359,358,368,0.2,C4,"round-bilge hull, L/B 9",dash-dot,near-unity initial RBH branch; middle rising branch; long descending branch after the common hump,near-horizontal lower RBH start; central rising branch; longest descending non-dotted branch,0.530,0.5299999,1.5504896,0.0030000,0.0200000,2,two-pass source-only match; ordinate averaged,0.5300001,1.5501991,0.5299998,1.5507800,0.0000002,0.0005809,1427.489,795.739,1427.533,795.685
359,358,368,0.2,C4,"round-bilge hull, L/B 9",dash-dot,near-unity initial RBH branch; middle rising branch; long descending branch after the common hump,near-horizontal lower RBH start; central rising branch; longest descending non-dotted branch,0.535,0.5350001,1.5490019,0.0030000,0.0200000,2,two-pass source-only match; ordinate averaged,0.5350002,1.5486534,0.5350000,1.5493503,0.0000002,0.0006969,1437.867,796.523,1437.900,796.409
359,358,368,0.2,C4,"round-bilge hull, L/B 9",dash-dot,near-unity initial RBH branch; middle rising branch; long descending branch after the common hump,near-horizontal lower RBH start; central rising branch; longest descending non-dotted branch,0.540,0.5400000,1.5693190,0.0030000,0.0200000,2,two-pass source-only match; ordinate averaged,0.5399998,1.5696668,0.5400002,1.5689712,0.0000004,0.0006956,1448.244,785.865,1448.267,786.473
359,358,368,0.2,C4,"round-bilge hull, L/B 9",dash-dot,near-unity initial RBH branch; middle rising branch; long descending branch after the common hump,near-horizontal lower RBH start; central rising branch; longest descending non-dotted branch,0.545,0.5449999,1.5314059,0.0030000,0.0200000,2,two-pass source-only match; ordinate averaged,0.5449999,1.5314255,0.5449998,1.5313863,0.0000001,0.0000392,1458.622,805.261,1458.633,805.506
359,358,368,0.2,C4,"round-bilge hull, L/B 9",dash-dot,near-unity initial RBH branch; middle rising branch; long descending branch after the common hump,near-horizontal lower RBH start; central rising branch; longest descending non-dotted branch,0.550,0.5500000,1.5265668,0.0030000,0.0200000,2,two-pass source-only match; ordinate averaged,0.5500000,1.5264038,0.5500000,1.5267299,0.0000000,0.0003261,1469.000,807.808,1469.000,807.864
359,358,368,0.2,C4,"round-bilge hull, L/B 9",dash-dot,near-unity initial RBH branch; middle rising branch; long descending branch after the common hump,near-horizontal lower RBH start; central rising branch; longest descending non-dotted branch,0.555,0.5550001,1.5220921,0.0030000,0.0200000,2,two-pass source-only match; ordinate averaged,0.5550001,1.5213762,0.5550002,1.5228081,0.0000001,0.0014319,1479.378,810.358,1479.367,809.850
359,358,368,0.2,C4,"round-bilge hull, L/B 9",dash-dot,near-unity initial RBH branch; middle rising branch; long descending branch after the common hump,near-horizontal lower RBH start; central rising branch; longest descending non-dotted branch,0.560,0.5600000,1.5429905,0.0030000,0.0200000,2,two-pass source-only match; ordinate averaged,0.5600002,1.5428017,0.5599998,1.5431793,0.0000004,0.0003776,1489.756,799.491,1489.733,799.534
359,358,368,0.2,C4,"round-bilge hull, L/B 9",dash-dot,near-unity initial RBH branch; middle rising branch; long descending branch after the common hump,near-horizontal lower RBH start; central rising branch; longest descending non-dotted branch,0.565,0.5649999,1.4976968,0.0030000,0.0200000,2,two-pass source-only match; ordinate averaged,0.5649998,1.4983222,0.5650000,1.4970715,0.0000002,0.0012507,1500.133,822.051,1500.100,822.883
359,358,368,0.2,C4,"round-bilge hull, L/B 9",dash-dot,near-unity initial RBH branch; middle rising branch; long descending branch after the common hump,near-horizontal lower RBH start; central rising branch; longest descending non-dotted branch,0.570,0.5700001,1.4916707,0.0030000,0.0200000,2,two-pass source-only match; ordinate averaged,0.5699999,1.4873718,0.5700002,1.4959696,0.0000002,0.0085977,1510.511,827.605,1510.467,823.441
359,358,368,0.2,C4,"round-bilge hull, L/B 9",dash-dot,near-unity initial RBH branch; middle rising branch; long descending branch after the common hump,near-horizontal lower RBH start; central rising branch; longest descending non-dotted branch,0.575,0.5749999,1.4813321,0.0030000,0.0200000,2,two-pass source-only match; ordinate averaged,0.5750001,1.4722614,0.5749998,1.4904028,0.0000002,0.0181414,1520.889,835.269,1520.833,826.260
359,358,368,0.2,C4,"round-bilge hull, L/B 9",dash-dot,near-unity initial RBH branch; middle rising branch; long descending branch after the common hump,near-horizontal lower RBH start; central rising branch; longest descending non-dotted branch,0.580,0.5800001,1.4786611,0.0030000,0.0200000,2,two-pass source-only match; ordinate averaged,0.5800002,1.4613269,0.5800000,1.4959953,0.0000002,0.0346684,1531.267,840.815,1531.200,823.428
359,358,368,0.2,C4,"round-bilge hull, L/B 9",dash-dot,near-unity initial RBH branch; middle rising branch; long descending branch after the common hump,near-horizontal lower RBH start; central rising branch; longest descending non-dotted branch,0.585,0.5850000,1.4526755,0.0030000,0.0200000,2,two-pass source-only match; ordinate averaged,0.5849998,1.4490083,0.5850002,1.4563428,0.0000004,0.0073345,1541.644,847.063,1541.567,843.508
359,358,368,0.2,C4,"round-bilge hull, L/B 9",dash-dot,near-unity initial RBH branch; middle rising branch; long descending branch after the common hump,near-horizontal lower RBH start; central rising branch; longest descending non-dotted branch,0.590,0.5899999,1.4404186,0.0030000,0.0200000,2,two-pass source-only match; ordinate averaged,0.5899999,1.4363506,0.5899998,1.4444866,0.0000001,0.0081360,1552.022,853.483,1551.933,849.512
359,358,368,0.2,C4,"round-bilge hull, L/B 9",dash-dot,near-unity initial RBH branch; middle rising branch; long descending branch after the common hump,near-horizontal lower RBH start; central rising branch; longest descending non-dotted branch,0.595,0.5950000,1.4324558,0.0030000,0.0200000,2,two-pass source-only match; ordinate averaged,0.5950000,1.4297674,0.5950000,1.4351442,0.0000000,0.0053768,1562.400,856.822,1562.300,854.243
359,358,368,0.2,C4,"round-bilge hull, L/B 9",dash-dot,near-unity initial RBH branch; middle rising branch; long descending branch after the common hump,near-horizontal lower RBH start; central rising branch; longest descending non-dotted branch,0.600,0.6000001,1.3989136,0.0030000,0.0200000,2,two-pass source-only match; ordinate averaged,0.6000001,1.3991522,0.6000002,1.3986750,0.0000001,0.0004772,1572.778,872.350,1572.667,872.711
359,358,368,0.2,C4,"round-bilge hull, L/B 9",dash-dot,near-unity initial RBH branch; middle rising branch; long descending branch after the common hump,near-horizontal lower RBH start; central rising branch; longest descending non-dotted branch,0.605,0.6050000,1.3958310,0.0030000,0.0200000,2,two-pass source-only match; ordinate averaged,0.6050002,1.3979456,0.6049998,1.3937164,0.0000004,0.0042292,1583.156,872.962,1583.033,875.222
359,358,368,0.2,C4,"round-bilge hull, L/B 9",dash-dot,near-unity initial RBH branch; middle rising branch; long descending branch after the common hump,near-horizontal lower RBH start; central rising branch; longest descending non-dotted branch,0.610,0.6099999,1.3866802,0.0030000,0.0200000,2,two-pass source-only match; ordinate averaged,0.6099998,1.3840576,0.6100000,1.3893029,0.0000002,0.0052454,1593.533,880.006,1593.400,877.457
359,358,368,0.2,C4,"round-bilge hull, L/B 9",dash-dot,near-unity initial RBH branch; middle rising branch; long descending branch after the common hump,near-horizontal lower RBH start; central rising branch; longest descending non-dotted branch,0.615,0.6150001,1.3549393,0.0030000,0.0200000,2,two-pass source-only match; ordinate averaged,0.6149999,1.3555501,0.6150002,1.3543286,0.0000002,0.0012215,1603.911,894.465,1603.767,895.168
359,358,368,0.2,C4,"round-bilge hull, L/B 9",dash-dot,near-unity initial RBH branch; middle rising branch; long descending branch after the common hump,near-horizontal lower RBH start; central rising branch; longest descending non-dotted branch,0.620,0.6199999,1.3516455,0.0030000,0.0200000,2,two-pass source-only match; ordinate averaged,0.6200001,1.3518139,0.6199998,1.3514771,0.0000002,0.0003368,1614.289,896.360,1614.133,896.612
359,358,368,0.2,C4,"round-bilge hull, L/B 9",dash-dot,near-unity initial RBH branch; middle rising branch; long descending branch after the common hump,near-horizontal lower RBH start; central rising branch; longest descending non-dotted branch,0.625,0.6250001,1.3386332,0.0030000,0.0200000,2,two-pass source-only match; ordinate averaged,0.6250002,1.3278963,0.6250000,1.3493701,0.0000002,0.0214738,1624.667,908.491,1624.500,897.679
359,358,368,0.2,C4,"round-bilge hull, L/B 9",dash-dot,near-unity initial RBH branch; middle rising branch; long descending branch after the common hump,near-horizontal lower RBH start; central rising branch; longest descending non-dotted branch,0.630,0.6300000,1.3095781,0.0030000,0.0200000,2,two-pass source-only match; ordinate averaged,0.6299998,1.3103845,0.6300002,1.3087717,0.0000004,0.0016127,1635.044,917.373,1634.867,918.238
359,358,368,0.2,C4,"round-bilge hull, L/B 9",dash-dot,near-unity initial RBH branch; middle rising branch; long descending branch after the common hump,near-horizontal lower RBH start; central rising branch; longest descending non-dotted branch,0.635,0.6349999,1.3028198,0.0030000,0.0200000,2,two-pass source-only match; ordinate averaged,0.6349999,1.3013486,0.6349998,1.3042911,0.0000001,0.0029425,1645.422,921.956,1645.233,920.507
359,358,368,0.2,C4,"round-bilge hull, L/B 9",dash-dot,near-unity initial RBH branch; middle rising branch; long descending branch after the common hump,near-horizontal lower RBH start; central rising branch; longest descending non-dotted branch,0.640,0.6400000,1.2703927,0.0030000,0.0200000,2,two-pass source-only match; ordinate averaged,0.6400000,1.2715398,0.6400000,1.2692457,0.0000000,0.0022942,1655.800,937.075,1655.600,938.254
359,358,368,0.2,C4,"round-bilge hull, L/B 9",dash-dot,near-unity initial RBH branch; middle rising branch; long descending branch after the common hump,near-horizontal lower RBH start; central rising branch; longest descending non-dotted branch,0.645,0.6450001,1.2620899,0.0030000,0.0200000,2,two-pass source-only match; ordinate averaged,0.6450001,1.2628746,0.6450002,1.2613053,0.0000001,0.0015693,1666.178,941.470,1665.967,942.275
359,358,368,0.2,C4,"round-bilge hull, L/B 9",dash-dot,near-unity initial RBH branch; middle rising branch; long descending branch after the common hump,near-horizontal lower RBH start; central rising branch; longest descending non-dotted branch,0.650,0.6500000,1.2545646,0.0030000,0.0200000,2,two-pass source-only match; ordinate averaged,0.6500002,1.2525059,0.6499998,1.2566232,0.0000004,0.0041173,1676.556,946.729,1676.333,944.646
359,358,368,0.2,C4,"round-bilge hull, L/B 9",dash-dot,near-unity initial RBH branch; middle rising branch; long descending branch after the common hump,near-horizontal lower RBH start; central rising branch; longest descending non-dotted branch,0.655,0.6549999,1.2384596,0.0030000,0.0200000,2,two-pass source-only match; ordinate averaged,0.6549998,1.2388486,0.6550000,1.2380707,0.0000002,0.0007779,1686.933,953.656,1686.700,954.041
359,358,368,0.2,C4,"round-bilge hull, L/B 9",dash-dot,near-unity initial RBH branch; middle rising branch; long descending branch after the common hump,near-horizontal lower RBH start; central rising branch; longest descending non-dotted branch,0.660,0.6600001,1.2285794,0.0030000,0.0200000,2,two-pass source-only match; ordinate averaged,0.6599999,1.2285114,0.6600002,1.2286473,0.0000002,0.0001359,1697.311,958.899,1697.067,958.813
359,358,368,0.2,C4,"round-bilge hull, L/B 9",dash-dot,near-unity initial RBH branch; middle rising branch; long descending branch after the common hump,near-horizontal lower RBH start; central rising branch; longest descending non-dotted branch,0.665,0.6649999,1.2182809,0.0030000,0.0200000,2,two-pass source-only match; ordinate averaged,0.6650001,1.2176400,0.6649998,1.2189218,0.0000002,0.0012818,1707.689,964.413,1707.433,963.738
359,358,368,0.2,C4,"round-bilge hull, L/B 9",dash-dot,near-unity initial RBH branch; middle rising branch; long descending branch after the common hump,near-horizontal lower RBH start; central rising branch; longest descending non-dotted branch,0.670,0.6700001,1.2066137,0.0030000,0.0200000,2,two-pass source-only match; ordinate averaged,0.6700002,1.2070170,0.6700000,1.2062105,0.0000002,0.0008065,1718.067,969.801,1717.800,970.175
359,358,368,0.2,C4,"round-bilge hull, L/B 9",dash-dot,near-unity initial RBH branch; middle rising branch; long descending branch after the common hump,near-horizontal lower RBH start; central rising branch; longest descending non-dotted branch,0.675,0.6750000,1.1986239,0.0030000,0.0200000,2,two-pass source-only match; ordinate averaged,0.6749998,1.1983892,0.6750002,1.1988586,0.0000004,0.0004694,1728.444,974.177,1728.167,973.898
359,358,368,0.2,C4,"round-bilge hull, L/B 9",dash-dot,near-unity initial RBH branch; middle rising branch; long descending branch after the common hump,near-horizontal lower RBH start; central rising branch; longest descending non-dotted branch,0.680,0.6799999,1.1926079,0.0030000,0.0200000,2,two-pass source-only match; ordinate averaged,0.6799999,1.1921569,0.6799998,1.1930588,0.0000001,0.0009019,1738.822,977.338,1738.533,976.835
359,358,368,0.2,C4,"round-bilge hull, L/B 9",dash-dot,near-unity initial RBH branch; middle rising branch; long descending branch after the common hump,near-horizontal lower RBH start; central rising branch; longest descending non-dotted branch,0.685,0.6850000,1.1715136,0.0030000,0.0200000,2,two-pass source-only match; ordinate averaged,0.6850000,1.1724744,0.6850000,1.1705529,0.0000000,0.0019214,1749.200,987.321,1748.900,988.232
359,358,368,0.2,C4,"round-bilge hull, L/B 9",dash-dot,near-unity initial RBH branch; middle rising branch; long descending branch after the common hump,near-horizontal lower RBH start; central rising branch; longest descending non-dotted branch,0.690,0.6900001,1.1605270,0.0030000,0.0200000,2,two-pass source-only match; ordinate averaged,0.6900001,1.1615142,0.6900002,1.1595399,0.0000001,0.0019743,1759.578,992.880,1759.267,993.809
359,358,368,0.2,C4,"round-bilge hull, L/B 9",dash-dot,near-unity initial RBH branch; middle rising branch; long descending branch after the common hump,near-horizontal lower RBH start; central rising branch; longest descending non-dotted branch,0.695,0.6950000,1.1488253,0.0030000,0.0200000,2,two-pass source-only match; ordinate averaged,0.6950002,1.1496629,0.6949998,1.1479878,0.0000004,0.0016751,1769.956,998.891,1769.633,999.659
359,358,368,0.2,C4,"round-bilge hull, L/B 9",dash-dot,near-unity initial RBH branch; middle rising branch; long descending branch after the common hump,near-horizontal lower RBH start; central rising branch; longest descending non-dotted branch,0.700,0.6999999,1.1408729,0.0030000,0.0200000,2,two-pass source-only match; ordinate averaged,0.6999998,1.1399625,0.7000000,1.1417832,0.0000002,0.0018206,1780.333,1003.811,1780.000,1002.801
359,358,368,0.2,C4,"round-bilge hull, L/B 9",dash-dot,near-unity initial RBH branch; middle rising branch; long descending branch after the common hump,near-horizontal lower RBH start; central rising branch; longest descending non-dotted branch,0.705,0.7050001,1.1255576,0.0030000,0.0200000,2,two-pass source-only match; ordinate averaged,0.7049999,1.1253864,0.7050002,1.1257287,0.0000002,0.0003422,1790.711,1011.204,1790.367,1010.931
359,358,368,0.2,C4,"round-bilge hull, L/B 9",dash-dot,near-unity initial RBH branch; middle rising branch; long descending branch after the common hump,near-horizontal lower RBH start; central rising branch; longest descending non-dotted branch,0.710,0.7099999,1.1157740,0.0030000,0.0200000,2,two-pass source-only match; ordinate averaged,0.7100001,1.1163249,0.7099998,1.1152231,0.0000002,0.0011018,1801.089,1015.800,1800.733,1016.251
359,358,368,0.2,C4,"round-bilge hull, L/B 9",dash-dot,near-unity initial RBH branch; middle rising branch; long descending branch after the common hump,near-horizontal lower RBH start; central rising branch; longest descending non-dotted branch,0.715,0.7150001,1.1038609,0.0030000,0.0200000,2,two-pass source-only match; ordinate averaged,0.7150002,1.1045860,0.7150000,1.1031359,0.0000002,0.0014501,1811.467,1021.754,1811.100,1022.372
359,358,368,0.2,C4,"round-bilge hull, L/B 9",dash-dot,near-unity initial RBH branch; middle rising branch; long descending branch after the common hump,near-horizontal lower RBH start; central rising branch; longest descending non-dotted branch,0.720,0.7200000,1.0950340,0.0030000,0.0200000,2,two-pass source-only match; ordinate averaged,0.7199998,1.0944539,0.7200002,1.0956141,0.0000004,0.0011603,1821.844,1026.893,1821.467,1026.181
359,358,368,0.2,C4,"round-bilge hull, L/B 9",dash-dot,near-unity initial RBH branch; middle rising branch; long descending branch after the common hump,near-horizontal lower RBH start; central rising branch; longest descending non-dotted branch,0.725,0.7249999,1.0626847,0.0030000,0.0200000,2,two-pass source-only match; ordinate averaged,0.7249999,1.0636179,0.7249998,1.0617516,0.0000001,0.0018663,1832.222,1042.533,1831.833,1043.329
359,358,368,0.2,C4,"round-bilge hull, L/B 9",dash-dot,near-unity initial RBH branch; middle rising branch; long descending branch after the common hump,near-horizontal lower RBH start; central rising branch; longest descending non-dotted branch,0.730,0.7300000,1.0532228,0.0030000,0.0200000,2,two-pass source-only match; ordinate averaged,0.7300000,1.0549980,0.7300000,1.0514475,0.0000000,0.0035506,1842.600,1046.905,1842.200,1048.547
359,358,368,0.2,C4,"round-bilge hull, L/B 9",dash-dot,near-unity initial RBH branch; middle rising branch; long descending branch after the common hump,near-horizontal lower RBH start; central rising branch; longest descending non-dotted branch,0.735,0.7350001,1.0438693,0.0030000,0.0200000,2,two-pass source-only match; ordinate averaged,0.7350001,1.0415142,0.7350002,1.0462243,0.0000001,0.0047101,1852.978,1053.744,1852.567,1051.192
359,358,368,0.2,C4,"round-bilge hull, L/B 9",dash-dot,near-unity initial RBH branch; middle rising branch; long descending branch after the common hump,near-horizontal lower RBH start; central rising branch; longest descending non-dotted branch,0.740,0.7400000,1.0262616,0.0030000,0.0200000,2,two-pass source-only match; ordinate averaged,0.7400002,1.0278647,0.7399998,1.0246584,0.0000004,0.0032064,1863.356,1060.667,1862.933,1062.113
359,358,368,0.2,C4,"round-bilge hull, L/B 9",dash-dot,near-unity initial RBH branch; middle rising branch; long descending branch after the common hump,near-horizontal lower RBH start; central rising branch; longest descending non-dotted branch,0.745,0.7449999,1.0116952,0.0030000,0.0200000,2,two-pass source-only match; ordinate averaged,0.7449998,1.0151479,0.7450000,1.0082425,0.0000002,0.0069054,1873.733,1067.117,1873.300,1070.426
359,358,368,0.2,C4,"round-bilge hull, L/B 9",dash-dot,near-unity initial RBH branch; middle rising branch; long descending branch after the common hump,near-horizontal lower RBH start; central rising branch; longest descending non-dotted branch,0.750,0.7500001,0.9972491,0.0030000,0.0200000,2,two-pass source-only match; ordinate averaged,0.7499999,0.9989196,0.7500002,0.9955786,0.0000002,0.0033410,1884.111,1075.348,1883.667,1076.839
359,358,368,0.2,C4,"round-bilge hull, L/B 9",dash-dot,near-unity initial RBH branch; middle rising branch; long descending branch after the common hump,near-horizontal lower RBH start; central rising branch; longest descending non-dotted branch,0.755,0.7549999,0.9844122,0.0030000,0.0200000,2,two-pass source-only match; ordinate averaged,0.7550001,0.9853569,0.7549998,0.9834676,0.0000002,0.0018892,1894.489,1082.227,1894.033,1082.972
359,358,368,0.2,C4,"round-bilge hull, L/B 9",dash-dot,near-unity initial RBH branch; middle rising branch; long descending branch after the common hump,near-horizontal lower RBH start; central rising branch; longest descending non-dotted branch,0.760,0.7600001,0.9778373,0.0030000,0.0200000,2,two-pass source-only match; ordinate averaged,0.7600002,0.9767764,0.7600000,0.9788981,0.0000002,0.0021217,1904.867,1086.579,1904.400,1085.286
359,358,368,0.2,C4,"round-bilge hull, L/B 9",dash-dot,near-unity initial RBH branch; middle rising branch; long descending branch after the common hump,near-horizontal lower RBH start; central rising branch; longest descending non-dotted branch,0.765,0.7650000,0.9495533,0.0030000,0.0200000,2,two-pass source-only match; ordinate averaged,0.7649998,0.9504811,0.7650002,0.9486256,0.0000004,0.0018555,1915.244,1099.916,1914.767,1100.616
359,358,368,0.2,C4,"round-bilge hull, L/B 9",dash-dot,near-unity initial RBH branch; middle rising branch; long descending branch after the common hump,near-horizontal lower RBH start; central rising branch; longest descending non-dotted branch,0.770,0.7699999,0.9358172,0.0030000,0.0200000,2,two-pass source-only match; ordinate averaged,0.7699999,0.9404850,0.7699998,0.9311493,0.0000001,0.0093357,1925.622,1104.986,1925.133,1109.466
359,358,368,0.2,C4,"round-bilge hull, L/B 9",dash-dot,near-unity initial RBH branch; middle rising branch; long descending branch after the common hump,near-horizontal lower RBH start; central rising branch; longest descending non-dotted branch,0.775,0.7750000,0.9255239,0.0030000,0.0200000,2,two-pass source-only match; ordinate averaged,0.7750000,0.9267173,0.7750000,0.9243306,0.0000000,0.0023867,1936.000,1111.969,1935.500,1112.919
359,358,368,0.2,C4,"round-bilge hull, L/B 9",dash-dot,near-unity initial RBH branch; middle rising branch; long descending branch after the common hump,near-horizontal lower RBH start; central rising branch; longest descending non-dotted branch,0.780,0.7800001,0.9172416,0.0030000,0.0200000,2,two-pass source-only match; ordinate averaged,0.7800001,0.9171629,0.7800002,0.9173203,0.0000001,0.0001574,1946.378,1116.815,1945.867,1116.469
359,358,368,0.2,C4,"round-bilge hull, L/B 9",dash-dot,near-unity initial RBH branch; middle rising branch; long descending branch after the common hump,near-horizontal lower RBH start; central rising branch; longest descending non-dotted branch,0.785,0.7850000,0.9093488,0.0030000,0.0200000,2,two-pass source-only match; ordinate averaged,0.7850002,0.9094657,0.7849998,0.9092318,0.0000004,0.0002339,1956.756,1120.719,1956.233,1120.565
359,358,368,0.2,C4,"round-bilge hull, L/B 9",dash-dot,near-unity initial RBH branch; middle rising branch; long descending branch after the common hump,near-horizontal lower RBH start; central rising branch; longest descending non-dotted branch,0.790,0.7899999,0.8978543,0.0030000,0.0200000,2,two-pass source-only match; ordinate averaged,0.7899998,0.8938998,0.7900000,0.9018088,0.0000002,0.0079090,1967.133,1128.614,1966.600,1124.324
359,358,368,0.2,C4,"round-bilge hull, L/B 9",dash-dot,near-unity initial RBH branch; middle rising branch; long descending branch after the common hump,near-horizontal lower RBH start; central rising branch; longest descending non-dotted branch,0.795,0.7950001,0.8831041,0.0030000,0.0200000,2,two-pass source-only match; ordinate averaged,0.7949999,0.8814886,0.7950002,0.8847196,0.0000002,0.0032310,1977.511,1134.909,1976.967,1132.978
359,358,368,0.2,C4,"round-bilge hull, L/B 9",dash-dot,near-unity initial RBH branch; middle rising branch; long descending branch after the common hump,near-horizontal lower RBH start; central rising branch; longest descending non-dotted branch,0.800,0.7999999,0.8758560,0.0030000,0.0200000,2,two-pass source-only match; ordinate averaged,0.8000001,0.8750572,0.7999998,0.8766548,0.0000002,0.0015976,1987.889,1138.171,1987.333,1137.062
359,358,368,0.2,C4,"round-bilge hull, L/B 9",dash-dot,near-unity initial RBH branch; middle rising branch; long descending branch after the common hump,near-horizontal lower RBH start; central rising branch; longest descending non-dotted branch,0.805,0.8050001,0.8494907,0.0030000,0.0200000,2,two-pass source-only match; ordinate averaged,0.8050002,0.8497634,0.8050000,0.8492180,0.0000002,0.0005454,1998.267,1151.000,1997.700,1150.956
359,358,368,0.2,C4,"round-bilge hull, L/B 9",dash-dot,near-unity initial RBH branch; middle rising branch; long descending branch after the common hump,near-horizontal lower RBH start; central rising branch; longest descending non-dotted branch,0.810,0.8100000,0.8455210,0.0030000,0.0200000,2,two-pass source-only match; ordinate averaged,0.8099998,0.8466995,0.8100002,0.8443424,0.0000004,0.0023571,2008.644,1152.554,2008.067,1153.425
359,358,368,0.2,C4,"round-bilge hull, L/B 9",dash-dot,near-unity initial RBH branch; middle rising branch; long descending branch after the common hump,near-horizontal lower RBH start; central rising branch; longest descending non-dotted branch,0.815,0.8149999,0.8380516,0.0030000,0.0200000,2,two-pass source-only match; ordinate averaged,0.8149999,0.8379456,0.8149998,0.8381576,0.0000001,0.0002120,2019.022,1156.994,2018.433,1156.557
359,358,368,0.2,C4,"round-bilge hull, L/B 9",dash-dot,near-unity initial RBH branch; middle rising branch; long descending branch after the common hump,near-horizontal lower RBH start; central rising branch; longest descending non-dotted branch,0.820,0.8200000,0.8291055,0.0030000,0.0200000,2,two-pass source-only match; ordinate averaged,0.8200000,0.8299487,0.8200000,0.8282622,0.0000000,0.0016865,2029.400,1161.050,2028.800,1161.568
359,358,368,0.2,C4,"round-bilge hull, L/B 9",dash-dot,near-unity initial RBH branch; middle rising branch; long descending branch after the common hump,near-horizontal lower RBH start; central rising branch; longest descending non-dotted branch,0.825,0.8250001,0.8184047,0.0030000,0.0200000,2,two-pass source-only match; ordinate averaged,0.8250001,0.8184069,0.8250002,0.8184024,0.0000001,0.0000045,2039.778,1166.904,2039.167,1166.561
359,358,368,0.2,C4,"round-bilge hull, L/B 9",dash-dot,near-unity initial RBH branch; middle rising branch; long descending branch after the common hump,near-horizontal lower RBH start; central rising branch; longest descending non-dotted branch,0.830,0.8300000,0.8111411,0.0030000,0.0200000,2,two-pass source-only match; ordinate averaged,0.8300002,0.8116069,0.8299998,0.8106754,0.0000004,0.0009315,2050.156,1170.353,2049.533,1170.474
359,358,368,0.2,C4,"round-bilge hull, L/B 9",dash-dot,near-unity initial RBH branch; middle rising branch; long descending branch after the common hump,near-horizontal lower RBH start; central rising branch; longest descending non-dotted branch,0.835,0.8349999,0.8003255,0.0030000,0.0200000,2,two-pass source-only match; ordinate averaged,0.8349998,0.8004219,0.8350000,0.8002291,0.0000002,0.0001929,2060.533,1176.026,2059.900,1175.764
359,358,368,0.2,C4,"round-bilge hull, L/B 9",dash-dot,near-unity initial RBH branch; middle rising branch; long descending branch after the common hump,near-horizontal lower RBH start; central rising branch; longest descending non-dotted branch,0.840,0.8400001,0.7932899,0.0030000,0.0200000,2,two-pass source-only match; ordinate averaged,0.8399999,0.7925453,0.8400002,0.7940344,0.0000002,0.0014890,2070.911,1180.021,2070.267,1178.901
359,358,368,0.2,C5,"round-bilge hull, L/B 11",dotted,lowest initial RBH branch; lowest broad-hump shoulder; only curve with high-Fn upturn,bottom RBH line through the broad hump; separated shallow trough and upturn at high Fn,0.200,0.2000000,1.0001084,0.0030000,0.0200000,2,two-pass source-only match; ordinate averaged,0.2000002,1.0003095,0.1999998,0.9999072,0.0000004,0.0004024,742.556,1074.643,743.333,1074.647
359,358,368,0.2,C5,"round-bilge hull, L/B 11",dotted,lowest initial RBH branch; lowest broad-hump shoulder; only curve with high-Fn upturn,bottom RBH line through the broad hump; separated shallow trough and upturn at high Fn,0.205,0.2049999,1.0392695,0.0030000,0.0200000,2,two-pass source-only match; ordinate averaged,0.2049998,1.0398521,0.2050000,1.0386868,0.0000002,0.0011653,752.933,1054.587,753.700,1055.009
359,358,368,0.2,C5,"round-bilge hull, L/B 11",dotted,lowest initial RBH branch; lowest broad-hump shoulder; only curve with high-Fn upturn,bottom RBH line through the broad hump; separated shallow trough and upturn at high Fn,0.210,0.2100001,1.0310616,0.0030000,0.0200000,2,two-pass source-only match; ordinate averaged,0.2099999,1.0297457,0.2100002,1.0323776,0.0000002,0.0026319,763.311,1059.713,764.067,1058.204
359,358,368,0.2,C5,"round-bilge hull, L/B 11",dotted,lowest initial RBH branch; lowest broad-hump shoulder; only curve with high-Fn upturn,bottom RBH line through the broad hump; separated shallow trough and upturn at high Fn,0.215,0.2149999,1.0286679,0.0030000,0.0200000,2,two-pass source-only match; ordinate averaged,0.2150001,1.0288959,0.2149998,1.0284400,0.0000002,0.0004559,773.689,1060.144,774.433,1060.198
359,358,368,0.2,C5,"round-bilge hull, L/B 11",dotted,lowest initial RBH branch; lowest broad-hump shoulder; only curve with high-Fn upturn,bottom RBH line through the broad hump; separated shallow trough and upturn at high Fn,0.220,0.2200001,1.0289848,0.0030000,0.0200000,2,two-pass source-only match; ordinate averaged,0.2200002,1.0290063,0.2200000,1.0289633,0.0000002,0.0000430,784.067,1060.088,784.800,1059.933
359,358,368,0.2,C5,"round-bilge hull, L/B 11",dotted,lowest initial RBH branch; lowest broad-hump shoulder; only curve with high-Fn upturn,bottom RBH line through the broad hump; separated shallow trough and upturn at high Fn,0.225,0.2250000,1.0284149,0.0030000,0.0200000,2,two-pass source-only match; ordinate averaged,0.2249998,1.0292843,0.2250002,1.0275454,0.0000004,0.0017389,794.444,1059.947,795.167,1060.651
359,358,368,0.2,C5,"round-bilge hull, L/B 11",dotted,lowest initial RBH branch; lowest broad-hump shoulder; only curve with high-Fn upturn,bottom RBH line through the broad hump; separated shallow trough and upturn at high Fn,0.230,0.2299999,1.0304501,0.0030000,0.0200000,2,two-pass source-only match; ordinate averaged,0.2299999,1.0289767,0.2299998,1.0319234,0.0000001,0.0029466,804.822,1060.103,805.533,1058.434
359,358,368,0.2,C5,"round-bilge hull, L/B 11",dotted,lowest initial RBH branch; lowest broad-hump shoulder; only curve with high-Fn upturn,bottom RBH line through the broad hump; separated shallow trough and upturn at high Fn,0.235,0.2350000,1.0371650,0.0030000,0.0200000,2,two-pass source-only match; ordinate averaged,0.2350000,1.0366029,0.2350000,1.0377271,0.0000000,0.0011242,815.200,1056.235,815.900,1055.495
359,358,368,0.2,C5,"round-bilge hull, L/B 11",dotted,lowest initial RBH branch; lowest broad-hump shoulder; only curve with high-Fn upturn,bottom RBH line through the broad hump; separated shallow trough and upturn at high Fn,0.240,0.2400001,1.0430138,0.0030000,0.0200000,2,two-pass source-only match; ordinate averaged,0.2400001,1.0432729,0.2400002,1.0427547,0.0000001,0.0005181,825.578,1052.852,826.267,1052.949
359,358,368,0.2,C5,"round-bilge hull, L/B 11",dotted,lowest initial RBH branch; lowest broad-hump shoulder; only curve with high-Fn upturn,bottom RBH line through the broad hump; separated shallow trough and upturn at high Fn,0.245,0.2450000,1.0474165,0.0030000,0.0200000,2,two-pass source-only match; ordinate averaged,0.2450002,1.0481940,0.2449998,1.0466390,0.0000004,0.0015550,835.956,1050.356,836.633,1050.982
359,358,368,0.2,C5,"round-bilge hull, L/B 11",dotted,lowest initial RBH branch; lowest broad-hump shoulder; only curve with high-Fn upturn,bottom RBH line through the broad hump; separated shallow trough and upturn at high Fn,0.250,0.2499999,1.0192087,0.0030000,0.0200000,2,two-pass source-only match; ordinate averaged,0.2499998,1.0193395,0.2500000,1.0190778,0.0000002,0.0002617,846.333,1064.991,847.000,1064.939
359,358,368,0.2,C5,"round-bilge hull, L/B 11",dotted,lowest initial RBH branch; lowest broad-hump shoulder; only curve with high-Fn upturn,bottom RBH line through the broad hump; separated shallow trough and upturn at high Fn,0.255,0.2550001,1.0168649,0.0030000,0.0200000,2,two-pass source-only match; ordinate averaged,0.2549999,1.0165950,0.2550002,1.0171347,0.0000002,0.0005396,856.711,1066.383,857.367,1065.923
359,358,368,0.2,C5,"round-bilge hull, L/B 11",dotted,lowest initial RBH branch; lowest broad-hump shoulder; only curve with high-Fn upturn,bottom RBH line through the broad hump; separated shallow trough and upturn at high Fn,0.260,0.2599999,1.0648794,0.0030000,0.0200000,2,two-pass source-only match; ordinate averaged,0.2600001,1.0651577,0.2599998,1.0646011,0.0000002,0.0005566,867.089,1041.752,867.733,1041.886
359,358,368,0.2,C5,"round-bilge hull, L/B 11",dotted,lowest initial RBH branch; lowest broad-hump shoulder; only curve with high-Fn upturn,bottom RBH line through the broad hump; separated shallow trough and upturn at high Fn,0.265,0.2650001,1.0654063,0.0030000,0.0200000,2,two-pass source-only match; ordinate averaged,0.2650002,1.0655816,0.2650000,1.0652310,0.0000002,0.0003506,877.467,1041.537,878.100,1041.567
359,358,368,0.2,C5,"round-bilge hull, L/B 11",dotted,lowest initial RBH branch; lowest broad-hump shoulder; only curve with high-Fn upturn,bottom RBH line through the broad hump; separated shallow trough and upturn at high Fn,0.270,0.2700000,1.0624422,0.0030000,0.0200000,2,two-pass source-only match; ordinate averaged,0.2699998,1.0631270,0.2700002,1.0617575,0.0000004,0.0013695,887.844,1042.782,888.467,1043.326
359,358,368,0.2,C5,"round-bilge hull, L/B 11",dotted,lowest initial RBH branch; lowest broad-hump shoulder; only curve with high-Fn upturn,bottom RBH line through the broad hump; separated shallow trough and upturn at high Fn,0.275,0.2749999,1.0611530,0.0030000,0.0200000,2,two-pass source-only match; ordinate averaged,0.2749999,1.0615517,0.2749998,1.0607543,0.0000001,0.0007973,898.222,1043.581,898.833,1043.834
359,358,368,0.2,C5,"round-bilge hull, L/B 11",dotted,lowest initial RBH branch; lowest broad-hump shoulder; only curve with high-Fn upturn,bottom RBH line through the broad hump; separated shallow trough and upturn at high Fn,0.280,0.2800000,1.0600456,0.0030000,0.0200000,2,two-pass source-only match; ordinate averaged,0.2800000,1.0597792,0.2800000,1.0603120,0.0000000,0.0005328,908.600,1044.480,909.200,1044.058
359,358,368,0.2,C5,"round-bilge hull, L/B 11",dotted,lowest initial RBH branch; lowest broad-hump shoulder; only curve with high-Fn upturn,bottom RBH line through the broad hump; separated shallow trough and upturn at high Fn,0.285,0.2850001,1.0641762,0.0030000,0.0200000,2,two-pass source-only match; ordinate averaged,0.2850001,1.0642252,0.2850002,1.0641272,0.0000001,0.0000980,918.978,1042.225,919.567,1042.126
359,358,368,0.2,C5,"round-bilge hull, L/B 11",dotted,lowest initial RBH branch; lowest broad-hump shoulder; only curve with high-Fn upturn,bottom RBH line through the broad hump; separated shallow trough and upturn at high Fn,0.290,0.2900000,1.0835368,0.0030000,0.0200000,2,two-pass source-only match; ordinate averaged,0.2900002,1.0823718,0.2899998,1.0847018,0.0000004,0.0023300,929.356,1033.021,929.933,1031.707
359,358,368,0.2,C5,"round-bilge hull, L/B 11",dotted,lowest initial RBH branch; lowest broad-hump shoulder; only curve with high-Fn upturn,bottom RBH line through the broad hump; separated shallow trough and upturn at high Fn,0.295,0.2949999,1.0893996,0.0030000,0.0200000,2,two-pass source-only match; ordinate averaged,0.2949998,1.0901479,0.2950000,1.0886513,0.0000002,0.0014966,939.733,1029.077,940.300,1029.707
359,358,368,0.2,C5,"round-bilge hull, L/B 11",dotted,lowest initial RBH branch; lowest broad-hump shoulder; only curve with high-Fn upturn,bottom RBH line through the broad hump; separated shallow trough and upturn at high Fn,0.300,0.3000001,1.1051455,0.0030000,0.0200000,2,two-pass source-only match; ordinate averaged,0.2999999,1.1170800,0.3000002,1.0932109,0.0000002,0.0238691,950.111,1015.417,950.667,1027.398
359,358,368,0.2,C5,"round-bilge hull, L/B 11",dotted,lowest initial RBH branch; lowest broad-hump shoulder; only curve with high-Fn upturn,bottom RBH line through the broad hump; separated shallow trough and upturn at high Fn,0.305,0.3049999,1.0908497,0.0030000,0.0321629,2,two-pass source-only match; ordinate averaged,0.3050001,1.1230126,0.3049998,1.0586868,0.0000002,0.0643258,960.489,1012.408,961.033,1044.881
359,358,368,0.2,C5,"round-bilge hull, L/B 11",dotted,lowest initial RBH branch; lowest broad-hump shoulder; only curve with high-Fn upturn,bottom RBH line through the broad hump; separated shallow trough and upturn at high Fn,0.310,0.3100001,1.0756407,0.0030000,0.0200000,2,two-pass source-only match; ordinate averaged,0.3100002,1.0888801,0.3100000,1.0624013,0.0000002,0.0264789,970.867,1029.720,971.400,1043.000
359,358,368,0.2,C5,"round-bilge hull, L/B 11",dotted,lowest initial RBH branch; lowest broad-hump shoulder; only curve with high-Fn upturn,bottom RBH line through the broad hump; separated shallow trough and upturn at high Fn,0.315,0.3150000,1.0976745,0.0030000,0.0200000,2,two-pass source-only match; ordinate averaged,0.3149998,1.0891049,0.3150002,1.1062441,0.0000004,0.0171392,981.244,1029.606,981.767,1020.798
359,358,368,0.2,C5,"round-bilge hull, L/B 11",dotted,lowest initial RBH branch; lowest broad-hump shoulder; only curve with high-Fn upturn,bottom RBH line through the broad hump; separated shallow trough and upturn at high Fn,0.320,0.3199999,1.1102522,0.0030000,0.0200000,2,two-pass source-only match; ordinate averaged,0.3199999,1.1094460,0.3199998,1.1110585,0.0000001,0.0016125,991.622,1019.289,992.133,1018.360
359,358,368,0.2,C5,"round-bilge hull, L/B 11",dotted,lowest initial RBH branch; lowest broad-hump shoulder; only curve with high-Fn upturn,bottom RBH line through the broad hump; separated shallow trough and upturn at high Fn,0.325,0.3250000,1.1166042,0.0030000,0.0200000,2,two-pass source-only match; ordinate averaged,0.3250000,1.1178943,0.3250000,1.1153140,0.0000000,0.0025803,1002.000,1015.004,1002.500,1016.205
359,358,368,0.2,C5,"round-bilge hull, L/B 11",dotted,lowest initial RBH branch; lowest broad-hump shoulder; only curve with high-Fn upturn,bottom RBH line through the broad hump; separated shallow trough and upturn at high Fn,0.330,0.3300001,1.1208278,0.0030000,0.0200000,2,two-pass source-only match; ordinate averaged,0.3300001,1.1207610,0.3300002,1.1208945,0.0000001,0.0001335,1012.378,1013.550,1012.867,1013.379
359,358,368,0.2,C5,"round-bilge hull, L/B 11",dotted,lowest initial RBH branch; lowest broad-hump shoulder; only curve with high-Fn upturn,bottom RBH line through the broad hump; separated shallow trough and upturn at high Fn,0.335,0.3350000,1.1271300,0.0030000,0.0200000,2,two-pass source-only match; ordinate averaged,0.3350002,1.1272259,0.3349998,1.1270340,0.0000004,0.0001920,1022.756,1010.271,1023.233,1010.270
359,358,368,0.2,C5,"round-bilge hull, L/B 11",dotted,lowest initial RBH branch; lowest broad-hump shoulder; only curve with high-Fn upturn,bottom RBH line through the broad hump; separated shallow trough and upturn at high Fn,0.340,0.3399999,1.1265794,0.0030000,0.0200000,2,two-pass source-only match; ordinate averaged,0.3399998,1.1266778,0.3400000,1.1264810,0.0000002,0.0001968,1033.133,1010.549,1033.600,1010.550
359,358,368,0.2,C5,"round-bilge hull, L/B 11",dotted,lowest initial RBH branch; lowest broad-hump shoulder; only curve with high-Fn upturn,bottom RBH line through the broad hump; separated shallow trough and upturn at high Fn,0.345,0.3450001,1.1303633,0.0030000,0.0200000,2,two-pass source-only match; ordinate averaged,0.3449999,1.1312638,0.3450002,1.1294629,0.0000002,0.0018009,1043.511,1008.223,1043.967,1009.040
359,358,368,0.2,C5,"round-bilge hull, L/B 11",dotted,lowest initial RBH branch; lowest broad-hump shoulder; only curve with high-Fn upturn,bottom RBH line through the broad hump; separated shallow trough and upturn at high Fn,0.350,0.3499999,1.1316093,0.0030000,0.0200000,2,two-pass source-only match; ordinate averaged,0.3500001,1.1314235,0.3499998,1.1317950,0.0000002,0.0003715,1053.889,1008.142,1054.333,1007.859
359,358,368,0.2,C5,"round-bilge hull, L/B 11",dotted,lowest initial RBH branch; lowest broad-hump shoulder; only curve with high-Fn upturn,bottom RBH line through the broad hump; separated shallow trough and upturn at high Fn,0.355,0.3550001,1.1339395,0.0030000,0.0200000,2,two-pass source-only match; ordinate averaged,0.3550002,1.1337835,0.3550000,1.1340956,0.0000002,0.0003121,1064.267,1006.945,1064.700,1006.694
359,358,368,0.2,C5,"round-bilge hull, L/B 11",dotted,lowest initial RBH branch; lowest broad-hump shoulder; only curve with high-Fn upturn,bottom RBH line through the broad hump; separated shallow trough and upturn at high Fn,0.360,0.3600000,1.1379143,0.0030000,0.0200000,2,two-pass source-only match; ordinate averaged,0.3599998,1.1380047,0.3600002,1.1378239,0.0000004,0.0001809,1074.644,1004.804,1075.067,1004.806
359,358,368,0.2,C5,"round-bilge hull, L/B 11",dotted,lowest initial RBH branch; lowest broad-hump shoulder; only curve with high-Fn upturn,bottom RBH line through the broad hump; separated shallow trough and upturn at high Fn,0.365,0.3649999,1.1400561,0.0030000,0.0200000,2,two-pass source-only match; ordinate averaged,0.3649999,1.1401952,0.3649998,1.1399171,0.0000001,0.0002781,1085.022,1003.693,1085.433,1003.746
359,358,368,0.2,C5,"round-bilge hull, L/B 11",dotted,lowest initial RBH branch; lowest broad-hump shoulder; only curve with high-Fn upturn,bottom RBH line through the broad hump; separated shallow trough and upturn at high Fn,0.370,0.3700000,1.1427863,0.0030000,0.0200000,2,two-pass source-only match; ordinate averaged,0.3700000,1.1425631,0.3700000,1.1430095,0.0000000,0.0004464,1095.400,1002.492,1095.800,1002.180
359,358,368,0.2,C5,"round-bilge hull, L/B 11",dotted,lowest initial RBH branch; lowest broad-hump shoulder; only curve with high-Fn upturn,bottom RBH line through the broad hump; separated shallow trough and upturn at high Fn,0.375,0.3750001,1.1524487,0.0030000,0.0200000,2,two-pass source-only match; ordinate averaged,0.3750001,1.1586376,0.3750002,1.1462599,0.0000001,0.0123777,1105.778,994.339,1106.167,1000.534
359,358,368,0.2,C5,"round-bilge hull, L/B 11",dotted,lowest initial RBH branch; lowest broad-hump shoulder; only curve with high-Fn upturn,bottom RBH line through the broad hump; separated shallow trough and upturn at high Fn,0.380,0.3800000,1.1851288,0.0030000,0.0200000,2,two-pass source-only match; ordinate averaged,0.3800002,1.1869085,0.3799998,1.1833491,0.0000004,0.0035594,1116.156,980.000,1116.533,981.752
359,358,368,0.2,C5,"round-bilge hull, L/B 11",dotted,lowest initial RBH branch; lowest broad-hump shoulder; only curve with high-Fn upturn,bottom RBH line through the broad hump; separated shallow trough and upturn at high Fn,0.385,0.3849999,1.1867881,0.0030000,0.0200000,2,two-pass source-only match; ordinate averaged,0.3849998,1.1837145,0.3850000,1.1898618,0.0000002,0.0061473,1126.533,981.620,1126.900,978.454
359,358,368,0.2,C5,"round-bilge hull, L/B 11",dotted,lowest initial RBH branch; lowest broad-hump shoulder; only curve with high-Fn upturn,bottom RBH line through the broad hump; separated shallow trough and upturn at high Fn,0.390,0.3900001,1.1990434,0.0030000,0.0200000,2,two-pass source-only match; ordinate averaged,0.3899999,1.1998324,0.3900002,1.1982543,0.0000002,0.0015781,1136.911,973.445,1137.267,974.204
359,358,368,0.2,C5,"round-bilge hull, L/B 11",dotted,lowest initial RBH branch; lowest broad-hump shoulder; only curve with high-Fn upturn,bottom RBH line through the broad hump; separated shallow trough and upturn at high Fn,0.395,0.3949999,1.2269567,0.0030000,0.0200000,2,two-pass source-only match; ordinate averaged,0.3950001,1.2178628,0.3949998,1.2360506,0.0000002,0.0181878,1147.289,964.300,1147.633,955.064
359,358,368,0.2,C5,"round-bilge hull, L/B 11",dotted,lowest initial RBH branch; lowest broad-hump shoulder; only curve with high-Fn upturn,bottom RBH line through the broad hump; separated shallow trough and upturn at high Fn,0.400,0.4000001,1.2355466,0.0030000,0.0200000,2,two-pass source-only match; ordinate averaged,0.4000002,1.2355599,0.4000000,1.2355332,0.0000002,0.0000268,1157.667,955.324,1158.000,955.326
359,358,368,0.2,C5,"round-bilge hull, L/B 11",dotted,lowest initial RBH branch; lowest broad-hump shoulder; only curve with high-Fn upturn,bottom RBH line through the broad hump; separated shallow trough and upturn at high Fn,0.405,0.4050000,1.2462862,0.0030000,0.0200000,2,two-pass source-only match; ordinate averaged,0.4049998,1.2579239,0.4050002,1.2346485,0.0000004,0.0232754,1168.044,943.981,1168.367,955.774
359,358,368,0.2,C5,"round-bilge hull, L/B 11",dotted,lowest initial RBH branch; lowest broad-hump shoulder; only curve with high-Fn upturn,bottom RBH line through the broad hump; separated shallow trough and upturn at high Fn,0.410,0.4099999,1.2569053,0.0030000,0.0200000,2,two-pass source-only match; ordinate averaged,0.4099999,1.2578864,0.4099998,1.2559242,0.0000001,0.0019623,1178.422,944.000,1178.733,945.000
359,358,368,0.2,C5,"round-bilge hull, L/B 11",dotted,lowest initial RBH branch; lowest broad-hump shoulder; only curve with high-Fn upturn,bottom RBH line through the broad hump; separated shallow trough and upturn at high Fn,0.415,0.4150000,1.3111552,0.0030000,0.0200000,2,two-pass source-only match; ordinate averaged,0.4150000,1.3112638,0.4150000,1.3110466,0.0000000,0.0002172,1188.800,916.927,1189.100,917.086
359,358,368,0.2,C5,"round-bilge hull, L/B 11",dotted,lowest initial RBH branch; lowest broad-hump shoulder; only curve with high-Fn upturn,bottom RBH line through the broad hump; separated shallow trough and upturn at high Fn,0.420,0.4200001,1.3111826,0.0030000,0.0200000,2,two-pass source-only match; ordinate averaged,0.4200001,1.3103135,0.4200002,1.3120517,0.0000001,0.0017383,1199.178,917.409,1199.467,916.577
359,358,368,0.2,C5,"round-bilge hull, L/B 11",dotted,lowest initial RBH branch; lowest broad-hump shoulder; only curve with high-Fn upturn,bottom RBH line through the broad hump; separated shallow trough and upturn at high Fn,0.425,0.4250000,1.3095759,0.0030000,0.0200000,2,two-pass source-only match; ordinate averaged,0.4250002,1.3094184,0.4249998,1.3097334,0.0000004,0.0003150,1209.556,917.863,1209.833,917.751
359,358,368,0.2,C5,"round-bilge hull, L/B 11",dotted,lowest initial RBH branch; lowest broad-hump shoulder; only curve with high-Fn upturn,bottom RBH line through the broad hump; separated shallow trough and upturn at high Fn,0.430,0.4299999,1.3374862,0.0030000,0.0262737,2,two-pass source-only match; ordinate averaged,0.4299998,1.3637599,0.4300000,1.3112125,0.0000002,0.0525474,1219.933,890.301,1220.200,917.002
359,358,368,0.2,C5,"round-bilge hull, L/B 11",dotted,lowest initial RBH branch; lowest broad-hump shoulder; only curve with high-Fn upturn,bottom RBH line through the broad hump; separated shallow trough and upturn at high Fn,0.435,0.4350001,1.3704321,0.0030000,0.0200000,2,two-pass source-only match; ordinate averaged,0.4349999,1.3704022,0.4350002,1.3704621,0.0000002,0.0000599,1230.311,886.932,1230.567,886.998
359,358,368,0.2,C5,"round-bilge hull, L/B 11",dotted,lowest initial RBH branch; lowest broad-hump shoulder; only curve with high-Fn upturn,bottom RBH line through the broad hump; separated shallow trough and upturn at high Fn,0.440,0.4399999,1.3633639,0.0030000,0.0316617,2,two-pass source-only match; ordinate averaged,0.4400001,1.3950256,0.4399998,1.3317022,0.0000002,0.0633234,1240.689,874.443,1240.933,906.626
359,358,368,0.2,C5,"round-bilge hull, L/B 11",dotted,lowest initial RBH branch; lowest broad-hump shoulder; only curve with high-Fn upturn,bottom RBH line through the broad hump; separated shallow trough and upturn at high Fn,0.445,0.4450001,1.4013170,0.0030000,0.0200000,2,two-pass source-only match; ordinate averaged,0.4450002,1.4027070,0.4450000,1.3999269,0.0000002,0.0027801,1251.067,870.547,1251.300,872.077
359,358,368,0.2,C5,"round-bilge hull, L/B 11",dotted,lowest initial RBH branch; lowest broad-hump shoulder; only curve with high-Fn upturn,bottom RBH line through the broad hump; separated shallow trough and upturn at high Fn,0.450,0.4500000,1.4160204,0.0030000,0.0200000,2,two-pass source-only match; ordinate averaged,0.4499998,1.4257275,0.4500002,1.4063132,0.0000004,0.0194143,1261.444,858.871,1261.667,868.843
359,358,368,0.2,C5,"round-bilge hull, L/B 11",dotted,lowest initial RBH branch; lowest broad-hump shoulder; only curve with high-Fn upturn,bottom RBH line through the broad hump; separated shallow trough and upturn at high Fn,0.455,0.4549999,1.4261566,0.0030000,0.0270393,2,two-pass source-only match; ordinate averaged,0.4549999,1.4531960,0.4549998,1.3991173,0.0000001,0.0540787,1271.822,844.939,1272.033,872.487
359,358,368,0.2,C5,"round-bilge hull, L/B 11",dotted,lowest initial RBH branch; lowest broad-hump shoulder; only curve with high-Fn upturn,bottom RBH line through the broad hump; separated shallow trough and upturn at high Fn,0.460,0.4600000,1.4513123,0.0030000,0.0200000,2,two-pass source-only match; ordinate averaged,0.4600000,1.4599113,0.4600000,1.4427133,0.0000000,0.0171980,1282.200,841.533,1282.400,850.410
359,358,368,0.2,C5,"round-bilge hull, L/B 11",dotted,lowest initial RBH branch; lowest broad-hump shoulder; only curve with high-Fn upturn,bottom RBH line through the broad hump; separated shallow trough and upturn at high Fn,0.465,0.4650001,1.4494952,0.0030000,0.0200000,2,two-pass source-only match; ordinate averaged,0.4650001,1.4365852,0.4650002,1.4624052,0.0000001,0.0258200,1292.578,853.364,1292.767,840.438
359,358,368,0.2,C5,"round-bilge hull, L/B 11",dotted,lowest initial RBH branch; lowest broad-hump shoulder; only curve with high-Fn upturn,bottom RBH line through the broad hump; separated shallow trough and upturn at high Fn,0.470,0.4700000,1.4604688,0.0030000,0.0200000,2,two-pass source-only match; ordinate averaged,0.4700002,1.4589688,0.4699998,1.4619688,0.0000004,0.0030000,1302.956,842.011,1303.133,840.659
359,358,368,0.2,C5,"round-bilge hull, L/B 11",dotted,lowest initial RBH branch; lowest broad-hump shoulder; only curve with high-Fn upturn,bottom RBH line through the broad hump; separated shallow trough and upturn at high Fn,0.475,0.4749999,1.5026148,0.0030000,0.0200000,2,two-pass source-only match; ordinate averaged,0.4749998,1.5047161,0.4750000,1.5005134,0.0000002,0.0042027,1313.333,818.808,1313.500,821.140
359,358,368,0.2,C5,"round-bilge hull, L/B 11",dotted,lowest initial RBH branch; lowest broad-hump shoulder; only curve with high-Fn upturn,bottom RBH line through the broad hump; separated shallow trough and upturn at high Fn,0.480,0.4800001,1.5135575,0.0030000,0.0200000,2,two-pass source-only match; ordinate averaged,0.4799999,1.5124921,0.4800002,1.5146228,0.0000002,0.0021307,1323.711,814.864,1323.867,813.995
359,358,368,0.2,C5,"round-bilge hull, L/B 11",dotted,lowest initial RBH branch; lowest broad-hump shoulder; only curve with high-Fn upturn,bottom RBH line through the broad hump; separated shallow trough and upturn at high Fn,0.485,0.4849999,1.5236442,0.0030000,0.0200000,2,two-pass source-only match; ordinate averaged,0.4850001,1.5238801,0.4849998,1.5234084,0.0000002,0.0004718,1334.089,809.088,1334.233,809.546
359,358,368,0.2,C5,"round-bilge hull, L/B 11",dotted,lowest initial RBH branch; lowest broad-hump shoulder; only curve with high-Fn upturn,bottom RBH line through the broad hump; separated shallow trough and upturn at high Fn,0.490,0.4900001,1.5333040,0.0030000,0.0200000,2,two-pass source-only match; ordinate averaged,0.4900002,1.5383438,0.4900000,1.5282642,0.0000002,0.0100796,1344.467,801.752,1344.600,807.087
359,358,368,0.2,C5,"round-bilge hull, L/B 11",dotted,lowest initial RBH branch; lowest broad-hump shoulder; only curve with high-Fn upturn,bottom RBH line through the broad hump; separated shallow trough and upturn at high Fn,0.495,0.4950000,1.5457656,0.0030000,0.0200000,2,two-pass source-only match; ordinate averaged,0.4949998,1.5457492,0.4950002,1.5457820,0.0000004,0.0000328,1354.844,797.996,1354.967,798.216
359,358,368,0.2,C5,"round-bilge hull, L/B 11",dotted,lowest initial RBH branch; lowest broad-hump shoulder; only curve with high-Fn upturn,bottom RBH line through the broad hump; separated shallow trough and upturn at high Fn,0.500,0.4999999,1.5521956,0.0030000,0.0200000,2,two-pass source-only match; ordinate averaged,0.4999999,1.5516424,0.4999998,1.5527488,0.0000001,0.0011065,1365.222,795.007,1365.333,794.688
359,358,368,0.2,C5,"round-bilge hull, L/B 11",dotted,lowest initial RBH branch; lowest broad-hump shoulder; only curve with high-Fn upturn,bottom RBH line through the broad hump; separated shallow trough and upturn at high Fn,0.505,0.5050000,1.4644829,0.0030000,0.0200000,2,two-pass source-only match; ordinate averaged,0.5050000,1.4634582,0.5050000,1.4655075,0.0000000,0.0020493,1375.600,839.734,1375.700,838.867
359,358,368,0.2,C5,"round-bilge hull, L/B 11",dotted,lowest initial RBH branch; lowest broad-hump shoulder; only curve with high-Fn upturn,bottom RBH line through the broad hump; separated shallow trough and upturn at high Fn,0.510,0.5100001,1.4807914,0.0030000,0.0200000,2,two-pass source-only match; ordinate averaged,0.5100001,1.5006151,0.5100002,1.4609676,0.0000001,0.0396475,1385.978,820.888,1386.067,841.166
359,358,368,0.2,C5,"round-bilge hull, L/B 11",dotted,lowest initial RBH branch; lowest broad-hump shoulder; only curve with high-Fn upturn,bottom RBH line through the broad hump; separated shallow trough and upturn at high Fn,0.515,0.5150000,1.4501789,0.0030000,0.0200000,2,two-pass source-only match; ordinate averaged,0.5150002,1.4497181,0.5149998,1.4506398,0.0000004,0.0009218,1396.356,846.703,1396.433,846.396
359,358,368,0.2,C5,"round-bilge hull, L/B 11",dotted,lowest initial RBH branch; lowest broad-hump shoulder; only curve with high-Fn upturn,bottom RBH line through the broad hump; separated shallow trough and upturn at high Fn,0.520,0.5199999,1.4393075,0.0030000,0.0200000,2,two-pass source-only match; ordinate averaged,0.5199998,1.4391522,0.5200000,1.4394629,0.0000002,0.0003107,1406.733,852.062,1406.800,852.056
359,358,368,0.2,C5,"round-bilge hull, L/B 11",dotted,lowest initial RBH branch; lowest broad-hump shoulder; only curve with high-Fn upturn,bottom RBH line through the broad hump; separated shallow trough and upturn at high Fn,0.525,0.5250001,1.4288841,0.0030000,0.0200000,2,two-pass source-only match; ordinate averaged,0.5249999,1.4290398,0.5250002,1.4287283,0.0000002,0.0003115,1417.111,857.191,1417.167,857.492
359,358,368,0.2,C5,"round-bilge hull, L/B 11",dotted,lowest initial RBH branch; lowest broad-hump shoulder; only curve with high-Fn upturn,bottom RBH line through the broad hump; separated shallow trough and upturn at high Fn,0.530,0.5299999,1.4234807,0.0030000,0.0200000,2,two-pass source-only match; ordinate averaged,0.5300001,1.4259385,0.5299998,1.4210229,0.0000002,0.0049156,1427.489,858.764,1427.533,861.394
359,358,368,0.2,C5,"round-bilge hull, L/B 11",dotted,lowest initial RBH branch; lowest broad-hump shoulder; only curve with high-Fn upturn,bottom RBH line through the broad hump; separated shallow trough and upturn at high Fn,0.535,0.5350001,1.4132562,0.0030000,0.0200000,2,two-pass source-only match; ordinate averaged,0.5350002,1.4138565,0.5350000,1.4126560,0.0000002,0.0012005,1437.867,864.892,1437.900,865.631
359,358,368,0.2,C5,"round-bilge hull, L/B 11",dotted,lowest initial RBH branch; lowest broad-hump shoulder; only curve with high-Fn upturn,bottom RBH line through the broad hump; separated shallow trough and upturn at high Fn,0.540,0.5400000,1.4039839,0.0030000,0.0200000,2,two-pass source-only match; ordinate averaged,0.5399998,1.4038604,0.5400002,1.4041074,0.0000004,0.0002470,1448.244,869.962,1448.267,869.960
359,358,368,0.2,C5,"round-bilge hull, L/B 11",dotted,lowest initial RBH branch; lowest broad-hump shoulder; only curve with high-Fn upturn,bottom RBH line through the broad hump; separated shallow trough and upturn at high Fn,0.545,0.5449999,1.3921304,0.0030000,0.0200000,2,two-pass source-only match; ordinate averaged,0.5449999,1.3917054,0.5449998,1.3925553,0.0000001,0.0008499,1458.622,876.127,1458.633,875.810
359,358,368,0.2,C5,"round-bilge hull, L/B 11",dotted,lowest initial RBH branch; lowest broad-hump shoulder; only curve with high-Fn upturn,bottom RBH line through the broad hump; separated shallow trough and upturn at high Fn,0.550,0.5500000,1.3918667,0.0030000,0.0200000,2,two-pass source-only match; ordinate averaged,0.5500000,1.3917784,0.5500000,1.3919550,0.0000000,0.0001766,1469.000,876.090,1469.000,876.114
359,358,368,0.2,C5,"round-bilge hull, L/B 11",dotted,lowest initial RBH branch; lowest broad-hump shoulder; only curve with high-Fn upturn,bottom RBH line through the broad hump; separated shallow trough and upturn at high Fn,0.555,0.5550001,1.3689473,0.0030000,0.0200000,2,two-pass source-only match; ordinate averaged,0.5550001,1.3702681,0.5550002,1.3676264,0.0000001,0.0026418,1479.378,887.000,1479.367,888.434
359,358,368,0.2,C5,"round-bilge hull, L/B 11",dotted,lowest initial RBH branch; lowest broad-hump shoulder; only curve with high-Fn upturn,bottom RBH line through the broad hump; separated shallow trough and upturn at high Fn,0.560,0.5600000,1.3683219,0.0030000,0.0200000,2,two-pass source-only match; ordinate averaged,0.5600002,1.3682275,0.5599998,1.3684163,0.0000004,0.0001887,1489.756,888.035,1489.733,888.034
359,358,368,0.2,C5,"round-bilge hull, L/B 11",dotted,lowest initial RBH branch; lowest broad-hump shoulder; only curve with high-Fn upturn,bottom RBH line through the broad hump; separated shallow trough and upturn at high Fn,0.565,0.5649999,1.3555810,0.0030000,0.0200000,2,two-pass source-only match; ordinate averaged,0.5649998,1.3556802,0.5650000,1.3554818,0.0000002,0.0001984,1500.133,894.399,1500.100,894.584
359,358,368,0.2,C5,"round-bilge hull, L/B 11",dotted,lowest initial RBH branch; lowest broad-hump shoulder; only curve with high-Fn upturn,bottom RBH line through the broad hump; separated shallow trough and upturn at high Fn,0.570,0.5700001,1.3451726,0.0030000,0.0200000,2,two-pass source-only match; ordinate averaged,0.5699999,1.3440024,0.5700002,1.3463428,0.0000002,0.0023404,1510.511,900.322,1510.467,899.212
359,358,368,0.2,C5,"round-bilge hull, L/B 11",dotted,lowest initial RBH branch; lowest broad-hump shoulder; only curve with high-Fn upturn,bottom RBH line through the broad hump; separated shallow trough and upturn at high Fn,0.575,0.5749999,1.3577581,0.0030000,0.0200000,2,two-pass source-only match; ordinate averaged,0.5750001,1.3432630,0.5749998,1.3722532,0.0000002,0.0289901,1520.889,900.697,1520.833,886.091
359,358,368,0.2,C5,"round-bilge hull, L/B 11",dotted,lowest initial RBH branch; lowest broad-hump shoulder; only curve with high-Fn upturn,bottom RBH line through the broad hump; separated shallow trough and upturn at high Fn,0.580,0.5800001,1.3576910,0.0030000,0.0200000,2,two-pass source-only match; ordinate averaged,0.5800002,1.3594065,0.5800000,1.3559755,0.0000002,0.0034310,1531.267,892.509,1531.200,894.334
359,358,368,0.2,C5,"round-bilge hull, L/B 11",dotted,lowest initial RBH branch; lowest broad-hump shoulder; only curve with high-Fn upturn,bottom RBH line through the broad hump; separated shallow trough and upturn at high Fn,0.585,0.5850000,1.3403613,0.0030000,0.0200000,2,two-pass source-only match; ordinate averaged,0.5849998,1.3463565,0.5850002,1.3343661,0.0000004,0.0119904,1541.644,899.128,1541.567,905.277
359,358,368,0.2,C5,"round-bilge hull, L/B 11",dotted,lowest initial RBH branch; lowest broad-hump shoulder; only curve with high-Fn upturn,bottom RBH line through the broad hump; separated shallow trough and upturn at high Fn,0.590,0.5899999,1.3272507,0.0030000,0.0200000,2,two-pass source-only match; ordinate averaged,0.5899999,1.3293454,0.5899998,1.3251560,0.0000001,0.0041894,1552.022,907.756,1551.933,909.941
359,358,368,0.2,C5,"round-bilge hull, L/B 11",dotted,lowest initial RBH branch; lowest broad-hump shoulder; only curve with high-Fn upturn,bottom RBH line through the broad hump; separated shallow trough and upturn at high Fn,0.595,0.5950000,1.3079320,0.0030000,0.0200000,2,two-pass source-only match; ordinate averaged,0.5950000,1.3131211,0.5950000,1.3027429,0.0000000,0.0103782,1562.400,915.985,1562.300,921.291
359,358,368,0.2,C5,"round-bilge hull, L/B 11",dotted,lowest initial RBH branch; lowest broad-hump shoulder; only curve with high-Fn upturn,bottom RBH line through the broad hump; separated shallow trough and upturn at high Fn,0.600,0.6000001,1.2925245,0.0030000,0.0200000,2,two-pass source-only match; ordinate averaged,0.6000001,1.2952603,0.6000002,1.2897887,0.0000001,0.0054715,1572.778,925.044,1572.667,927.851
359,358,368,0.2,C5,"round-bilge hull, L/B 11",dotted,lowest initial RBH branch; lowest broad-hump shoulder; only curve with high-Fn upturn,bottom RBH line through the broad hump; separated shallow trough and upturn at high Fn,0.605,0.6050000,1.2639169,0.0030000,0.0200000,2,two-pass source-only match; ordinate averaged,0.6050002,1.2649231,0.6049998,1.2629107,0.0000004,0.0020124,1583.156,940.431,1583.033,941.462
359,358,368,0.2,C5,"round-bilge hull, L/B 11",dotted,lowest initial RBH branch; lowest broad-hump shoulder; only curve with high-Fn upturn,bottom RBH line through the broad hump; separated shallow trough and upturn at high Fn,0.610,0.6099999,1.2601299,0.0030000,0.0200000,2,two-pass source-only match; ordinate averaged,0.6099998,1.2605501,0.6100000,1.2597097,0.0000002,0.0008404,1593.533,942.649,1593.400,943.083
359,358,368,0.2,C5,"round-bilge hull, L/B 11",dotted,lowest initial RBH branch; lowest broad-hump shoulder; only curve with high-Fn upturn,bottom RBH line through the broad hump; separated shallow trough and upturn at high Fn,0.615,0.6150001,1.2480423,0.0030000,0.0200000,2,two-pass source-only match; ordinate averaged,0.6149999,1.2484819,0.6150002,1.2476027,0.0000002,0.0008792,1603.911,948.770,1603.767,949.214
359,358,368,0.2,C5,"round-bilge hull, L/B 11",dotted,lowest initial RBH branch; lowest broad-hump shoulder; only curve with high-Fn upturn,bottom RBH line through the broad hump; separated shallow trough and upturn at high Fn,0.620,0.6199999,1.2369558,0.0030000,0.0200000,2,two-pass source-only match; ordinate averaged,0.6200001,1.2377642,0.6199998,1.2361473,0.0000002,0.0016169,1614.289,954.206,1614.133,955.015
359,358,368,0.2,C5,"round-bilge hull, L/B 11",dotted,lowest initial RBH branch; lowest broad-hump shoulder; only curve with high-Fn upturn,bottom RBH line through the broad hump; separated shallow trough and upturn at high Fn,0.625,0.6250001,1.2215856,0.0030000,0.0200000,2,two-pass source-only match; ordinate averaged,0.6250002,1.2226735,0.6250000,1.2204976,0.0000002,0.0021759,1624.667,961.860,1624.500,962.940
359,358,368,0.2,C5,"round-bilge hull, L/B 11",dotted,lowest initial RBH branch; lowest broad-hump shoulder; only curve with high-Fn upturn,bottom RBH line through the broad hump; separated shallow trough and upturn at high Fn,0.630,0.6300000,1.2092110,0.0030000,0.0200000,2,two-pass source-only match; ordinate averaged,0.6299998,1.2113880,0.6300002,1.2070340,0.0000004,0.0043540,1635.044,967.584,1634.867,969.758
359,358,368,0.2,C5,"round-bilge hull, L/B 11",dotted,lowest initial RBH branch; lowest broad-hump shoulder; only curve with high-Fn upturn,bottom RBH line through the broad hump; separated shallow trough and upturn at high Fn,0.635,0.6349999,1.1977275,0.0030000,0.0200000,2,two-pass source-only match; ordinate averaged,0.6349999,1.1994795,0.6349998,1.1959755,0.0000001,0.0035040,1645.422,973.624,1645.233,975.358
359,358,368,0.2,C5,"round-bilge hull, L/B 11",dotted,lowest initial RBH branch; lowest broad-hump shoulder; only curve with high-Fn upturn,bottom RBH line through the broad hump; separated shallow trough and upturn at high Fn,0.640,0.6400000,1.1568581,0.0030000,0.0200000,2,two-pass source-only match; ordinate averaged,0.6400000,1.1563860,0.6400000,1.1573302,0.0000000,0.0009441,1655.800,995.481,1655.600,994.928
359,358,368,0.2,C5,"round-bilge hull, L/B 11",dotted,lowest initial RBH branch; lowest broad-hump shoulder; only curve with high-Fn upturn,bottom RBH line through the broad hump; separated shallow trough and upturn at high Fn,0.645,0.6450001,1.1444724,0.0030000,0.0200000,2,two-pass source-only match; ordinate averaged,0.6450001,1.1441818,0.6450002,1.1447630,0.0000001,0.0005813,1666.178,1001.671,1665.967,1001.292
359,358,368,0.2,C5,"round-bilge hull, L/B 11",dotted,lowest initial RBH branch; lowest broad-hump shoulder; only curve with high-Fn upturn,bottom RBH line through the broad hump; separated shallow trough and upturn at high Fn,0.650,0.6500000,1.1240356,0.0030000,0.0200000,2,two-pass source-only match; ordinate averaged,0.6500002,1.1247003,0.6499998,1.1233709,0.0000004,0.0013295,1676.556,1011.552,1676.333,1012.125
359,358,368,0.2,C5,"round-bilge hull, L/B 11",dotted,lowest initial RBH branch; lowest broad-hump shoulder; only curve with high-Fn upturn,bottom RBH line through the broad hump; separated shallow trough and upturn at high Fn,0.655,0.6549999,1.1110219,0.0030000,0.0200000,2,two-pass source-only match; ordinate averaged,0.6549998,1.1124645,0.6550000,1.1095794,0.0000002,0.0028851,1686.933,1017.758,1686.700,1019.109
359,358,368,0.2,C5,"round-bilge hull, L/B 11",dotted,lowest initial RBH branch; lowest broad-hump shoulder; only curve with high-Fn upturn,bottom RBH line through the broad hump; separated shallow trough and upturn at high Fn,0.660,0.6600001,1.1017375,0.0030000,0.0200000,2,two-pass source-only match; ordinate averaged,0.6599999,1.1015871,0.6600002,1.1018878,0.0000002,0.0003007,1697.311,1023.275,1697.067,1023.004
359,358,368,0.2,C5,"round-bilge hull, L/B 11",dotted,lowest initial RBH branch; lowest broad-hump shoulder; only curve with high-Fn upturn,bottom RBH line through the broad hump; separated shallow trough and upturn at high Fn,0.665,0.6649999,1.0903604,0.0030000,0.0200000,2,two-pass source-only match; ordinate averaged,0.6650001,1.0899941,0.6649998,1.0907267,0.0000002,0.0007326,1707.689,1029.155,1707.433,1028.656
359,358,368,0.2,C5,"round-bilge hull, L/B 11",dotted,lowest initial RBH branch; lowest broad-hump shoulder; only curve with high-Fn upturn,bottom RBH line through the broad hump; separated shallow trough and upturn at high Fn,0.670,0.6700001,1.0598474,0.0030000,0.0200000,2,two-pass source-only match; ordinate averaged,0.6700002,1.0607256,0.6700000,1.0589692,0.0000002,0.0017564,1718.067,1044.000,1717.800,1044.738
359,358,368,0.2,C5,"round-bilge hull, L/B 11",dotted,lowest initial RBH branch; lowest broad-hump shoulder; only curve with high-Fn upturn,bottom RBH line through the broad hump; separated shallow trough and upturn at high Fn,0.675,0.6750000,1.0560041,0.0030000,0.0200000,2,two-pass source-only match; ordinate averaged,0.6749998,1.0576163,0.6750002,1.0543918,0.0000004,0.0032245,1728.444,1045.577,1728.167,1047.056
359,358,368,0.2,C5,"round-bilge hull, L/B 11",dotted,lowest initial RBH branch; lowest broad-hump shoulder; only curve with high-Fn upturn,bottom RBH line through the broad hump; separated shallow trough and upturn at high Fn,0.680,0.6799999,1.0468382,0.0030000,0.0200000,2,two-pass source-only match; ordinate averaged,0.6799999,1.0478352,0.6799998,1.0458412,0.0000001,0.0019939,1738.822,1050.538,1738.533,1051.386
359,358,368,0.2,C5,"round-bilge hull, L/B 11",dotted,lowest initial RBH branch; lowest broad-hump shoulder; only curve with high-Fn upturn,bottom RBH line through the broad hump; separated shallow trough and upturn at high Fn,0.685,0.6850000,1.0394179,0.0030000,0.0200000,2,two-pass source-only match; ordinate averaged,0.6850000,1.0394618,0.6850000,1.0393740,0.0000000,0.0000877,1749.200,1054.785,1748.900,1054.661
359,358,368,0.2,C5,"round-bilge hull, L/B 11",dotted,lowest initial RBH branch; lowest broad-hump shoulder; only curve with high-Fn upturn,bottom RBH line through the broad hump; separated shallow trough and upturn at high Fn,0.690,0.6900001,1.0135338,0.0030000,0.0200000,2,two-pass source-only match; ordinate averaged,0.6900001,0.9999842,0.6900002,1.0270833,0.0000001,0.0270991,1759.578,1074.808,1759.267,1060.885
359,358,368,0.2,C5,"round-bilge hull, L/B 11",dotted,lowest initial RBH branch; lowest broad-hump shoulder; only curve with high-Fn upturn,bottom RBH line through the broad hump; separated shallow trough and upturn at high Fn,0.695,0.6950000,1.0145734,0.0030000,0.0200000,2,two-pass source-only match; ordinate averaged,0.6950002,1.0150493,0.6949998,1.0140976,0.0000004,0.0009517,1769.956,1067.167,1769.633,1067.461
359,358,368,0.2,C5,"round-bilge hull, L/B 11",dotted,lowest initial RBH branch; lowest broad-hump shoulder; only curve with high-Fn upturn,bottom RBH line through the broad hump; separated shallow trough and upturn at high Fn,0.700,0.6999999,1.0045509,0.0030000,0.0200000,2,two-pass source-only match; ordinate averaged,0.6999998,1.0036179,0.7000000,1.0054838,0.0000002,0.0018659,1780.333,1072.965,1780.000,1071.823
359,358,368,0.2,C5,"round-bilge hull, L/B 11",dotted,lowest initial RBH branch; lowest broad-hump shoulder; only curve with high-Fn upturn,bottom RBH line through the broad hump; separated shallow trough and upturn at high Fn,0.705,0.7050001,0.9951061,0.0030000,0.0200000,2,two-pass source-only match; ordinate averaged,0.7049999,0.9931684,0.7050002,0.9970438,0.0000002,0.0038755,1790.711,1078.265,1790.367,1076.097
359,358,368,0.2,C5,"round-bilge hull, L/B 11",dotted,lowest initial RBH branch; lowest broad-hump shoulder; only curve with high-Fn upturn,bottom RBH line through the broad hump; separated shallow trough and upturn at high Fn,0.710,0.7099999,0.9932621,0.0030000,0.0200000,2,two-pass source-only match; ordinate averaged,0.7100001,0.9939669,0.7099998,0.9925573,0.0000002,0.0014096,1801.089,1077.860,1800.733,1078.369
359,358,368,0.2,C5,"round-bilge hull, L/B 11",dotted,lowest initial RBH branch; lowest broad-hump shoulder; only curve with high-Fn upturn,bottom RBH line through the broad hump; separated shallow trough and upturn at high Fn,0.715,0.7150001,0.9878218,0.0030000,0.0200000,2,two-pass source-only match; ordinate averaged,0.7150002,0.9838427,0.7150000,0.9918009,0.0000002,0.0079583,1811.467,1082.995,1811.100,1078.752
359,358,368,0.2,C5,"round-bilge hull, L/B 11",dotted,lowest initial RBH branch; lowest broad-hump shoulder; only curve with high-Fn upturn,bottom RBH line through the broad hump; separated shallow trough and upturn at high Fn,0.720,0.7200000,0.9569856,0.0030000,0.0200000,2,two-pass source-only match; ordinate averaged,0.7199998,0.9562303,0.7200002,0.9577409,0.0000004,0.0015106,1821.844,1097.000,1821.467,1096.000
359,358,368,0.2,C5,"round-bilge hull, L/B 11",dotted,lowest initial RBH branch; lowest broad-hump shoulder; only curve with high-Fn upturn,bottom RBH line through the broad hump; separated shallow trough and upturn at high Fn,0.725,0.7249999,0.9600215,0.0030000,0.0200000,2,two-pass source-only match; ordinate averaged,0.7249999,0.9602248,0.7249998,0.9598183,0.0000001,0.0004064,1832.222,1094.974,1831.833,1094.948
359,358,368,0.2,C5,"round-bilge hull, L/B 11",dotted,lowest initial RBH branch; lowest broad-hump shoulder; only curve with high-Fn upturn,bottom RBH line through the broad hump; separated shallow trough and upturn at high Fn,0.730,0.7300000,0.9551309,0.0030000,0.0200000,2,two-pass source-only match; ordinate averaged,0.7300000,0.9542587,0.7300000,0.9560032,0.0000000,0.0017445,1842.600,1098.000,1842.200,1096.880
359,358,368,0.2,C5,"round-bilge hull, L/B 11",dotted,lowest initial RBH branch; lowest broad-hump shoulder; only curve with high-Fn upturn,bottom RBH line through the broad hump; separated shallow trough and upturn at high Fn,0.735,0.7350001,0.9502183,0.0030000,0.0200000,2,two-pass source-only match; ordinate averaged,0.7350001,0.9511849,0.7350002,0.9492516,0.0000001,0.0019334,1852.978,1099.559,1852.567,1100.299
359,358,368,0.2,C5,"round-bilge hull, L/B 11",dotted,lowest initial RBH branch; lowest broad-hump shoulder; only curve with high-Fn upturn,bottom RBH line through the broad hump; separated shallow trough and upturn at high Fn,0.740,0.7400000,0.9455641,0.0030000,0.0200000,2,two-pass source-only match; ordinate averaged,0.7400002,0.9457985,0.7399998,0.9453298,0.0000004,0.0004687,1863.356,1102.291,1862.933,1102.285
359,358,368,0.2,C5,"round-bilge hull, L/B 11",dotted,lowest initial RBH branch; lowest broad-hump shoulder; only curve with high-Fn upturn,bottom RBH line through the broad hump; separated shallow trough and upturn at high Fn,0.745,0.7449999,0.9412271,0.0030000,0.0200000,2,two-pass source-only match; ordinate averaged,0.7449998,0.9414708,0.7450000,0.9409834,0.0000002,0.0004874,1873.733,1104.486,1873.300,1104.486
359,358,368,0.2,C5,"round-bilge hull, L/B 11",dotted,lowest initial RBH branch; lowest broad-hump shoulder; only curve with high-Fn upturn,bottom RBH line through the broad hump; separated shallow trough and upturn at high Fn,0.750,0.7500001,0.9352008,0.0030000,0.0200000,2,two-pass source-only match; ordinate averaged,0.7499999,0.9345820,0.7500002,0.9358195,0.0000002,0.0012375,1884.111,1107.980,1883.667,1107.101
359,358,368,0.2,C5,"round-bilge hull, L/B 11",dotted,lowest initial RBH branch; lowest broad-hump shoulder; only curve with high-Fn upturn,bottom RBH line through the broad hump; separated shallow trough and upturn at high Fn,0.755,0.7549999,0.9335637,0.0030000,0.0200000,2,two-pass source-only match; ordinate averaged,0.7550001,0.9346234,0.7549998,0.9325039,0.0000002,0.0021195,1894.489,1107.959,1894.033,1108.780
359,358,368,0.2,C5,"round-bilge hull, L/B 11",dotted,lowest initial RBH branch; lowest broad-hump shoulder; only curve with high-Fn upturn,bottom RBH line through the broad hump; separated shallow trough and upturn at high Fn,0.760,0.7600001,0.9291494,0.0030000,0.0200000,2,two-pass source-only match; ordinate averaged,0.7600002,0.9294065,0.7600000,0.9288922,0.0000002,0.0005144,1904.867,1110.605,1904.400,1110.609
359,358,368,0.2,C5,"round-bilge hull, L/B 11",dotted,lowest initial RBH branch; lowest broad-hump shoulder; only curve with high-Fn upturn,bottom RBH line through the broad hump; separated shallow trough and upturn at high Fn,0.765,0.7650000,0.9380302,0.0030000,0.0200000,2,two-pass source-only match; ordinate averaged,0.7649998,0.9462125,0.7650002,0.9298479,0.0000004,0.0163646,1915.244,1102.081,1914.767,1110.125
359,358,368,0.2,C5,"round-bilge hull, L/B 11",dotted,lowest initial RBH branch; lowest broad-hump shoulder; only curve with high-Fn upturn,bottom RBH line through the broad hump; separated shallow trough and upturn at high Fn,0.770,0.7699999,0.9301685,0.0030000,0.0200000,2,two-pass source-only match; ordinate averaged,0.7699999,0.9291877,0.7699998,0.9311493,0.0000001,0.0019616,1925.622,1110.716,1925.133,1109.466
359,358,368,0.2,C5,"round-bilge hull, L/B 11",dotted,lowest initial RBH branch; lowest broad-hump shoulder; only curve with high-Fn upturn,bottom RBH line through the broad hump; separated shallow trough and upturn at high Fn,0.775,0.7750000,0.9255239,0.0030000,0.0200000,2,two-pass source-only match; ordinate averaged,0.7750000,0.9267173,0.7750000,0.9243306,0.0000000,0.0023867,1936.000,1111.969,1935.500,1112.919
359,358,368,0.2,C5,"round-bilge hull, L/B 11",dotted,lowest initial RBH branch; lowest broad-hump shoulder; only curve with high-Fn upturn,bottom RBH line through the broad hump; separated shallow trough and upturn at high Fn,0.780,0.7800001,0.9172416,0.0030000,0.0200000,2,two-pass source-only match; ordinate averaged,0.7800001,0.9171629,0.7800002,0.9173203,0.0000001,0.0001574,1946.378,1116.815,1945.867,1116.469
359,358,368,0.2,C5,"round-bilge hull, L/B 11",dotted,lowest initial RBH branch; lowest broad-hump shoulder; only curve with high-Fn upturn,bottom RBH line through the broad hump; separated shallow trough and upturn at high Fn,0.785,0.7850000,0.9093488,0.0030000,0.0200000,2,two-pass source-only match; ordinate averaged,0.7850002,0.9094657,0.7849998,0.9092318,0.0000004,0.0002339,1956.756,1120.719,1956.233,1120.565
359,358,368,0.2,C5,"round-bilge hull, L/B 11",dotted,lowest initial RBH branch; lowest broad-hump shoulder; only curve with high-Fn upturn,bottom RBH line through the broad hump; separated shallow trough and upturn at high Fn,0.790,0.7899999,0.8980564,0.0030000,0.0200000,2,two-pass source-only match; ordinate averaged,0.7899998,0.8943040,0.7900000,0.9018088,0.0000002,0.0075048,1967.133,1128.409,1966.600,1124.324
359,358,368,0.2,C5,"round-bilge hull, L/B 11",dotted,lowest initial RBH branch; lowest broad-hump shoulder; only curve with high-Fn upturn,bottom RBH line through the broad hump; separated shallow trough and upturn at high Fn,0.795,0.7950001,0.8840524,0.0030000,0.0200000,2,two-pass source-only match; ordinate averaged,0.7949999,0.8822102,0.7950002,0.8858945,0.0000002,0.0036844,1977.511,1134.543,1976.967,1132.383
359,358,368,0.2,C5,"round-bilge hull, L/B 11",dotted,lowest initial RBH branch; lowest broad-hump shoulder; only curve with high-Fn upturn,bottom RBH line through the broad hump; separated shallow trough and upturn at high Fn,0.800,0.7999999,0.8758560,0.0030000,0.0200000,2,two-pass source-only match; ordinate averaged,0.8000001,0.8750572,0.7999998,0.8766548,0.0000002,0.0015976,1987.889,1138.171,1987.333,1137.062
359,358,368,0.2,C5,"round-bilge hull, L/B 11",dotted,lowest initial RBH branch; lowest broad-hump shoulder; only curve with high-Fn upturn,bottom RBH line through the broad hump; separated shallow trough and upturn at high Fn,0.805,0.8050001,0.9070963,0.0030000,0.0200000,2,two-pass source-only match; ordinate averaged,0.8050002,0.9073738,0.8050000,0.9068187,0.0000002,0.0005551,1998.267,1121.780,1997.700,1121.787
359,358,368,0.2,C5,"round-bilge hull, L/B 11",dotted,lowest initial RBH branch; lowest broad-hump shoulder; only curve with high-Fn upturn,bottom RBH line through the broad hump; separated shallow trough and upturn at high Fn,0.810,0.8100000,0.8781578,0.0030000,0.0283766,2,two-pass source-only match; ordinate averaged,0.8099998,0.8497812,0.8100002,0.9065344,0.0000004,0.0567532,2008.644,1150.991,2008.067,1121.931
359,358,368,0.2,C5,"round-bilge hull, L/B 11",dotted,lowest initial RBH branch; lowest broad-hump shoulder; only curve with high-Fn upturn,bottom RBH line through the broad hump; separated shallow trough and upturn at high Fn,0.815,0.8149999,0.9052406,0.0030000,0.0200000,2,two-pass source-only match; ordinate averaged,0.8149999,0.9054554,0.8149998,0.9050257,0.0000001,0.0004298,2019.022,1122.753,2018.433,1122.695
359,358,368,0.2,C5,"round-bilge hull, L/B 11",dotted,lowest initial RBH branch; lowest broad-hump shoulder; only curve with high-Fn upturn,bottom RBH line through the broad hump; separated shallow trough and upturn at high Fn,0.820,0.8200000,0.9052850,0.0030000,0.0200000,2,two-pass source-only match; ordinate averaged,0.8200000,0.9054850,0.8200000,0.9050849,0.0000000,0.0004001,2029.400,1122.738,2028.800,1122.665
359,358,368,0.2,C5,"round-bilge hull, L/B 11",dotted,lowest initial RBH branch; lowest broad-hump shoulder; only curve with high-Fn upturn,bottom RBH line through the broad hump; separated shallow trough and upturn at high Fn,0.825,0.8250001,0.9056628,0.0030000,0.0200000,2,two-pass source-only match; ordinate averaged,0.8250001,0.9059030,0.8250002,0.9054226,0.0000001,0.0004804,2039.778,1122.526,2039.167,1122.494
359,358,368,0.2,C5,"round-bilge hull, L/B 11",dotted,lowest initial RBH branch; lowest broad-hump shoulder; only curve with high-Fn upturn,bottom RBH line through the broad hump; separated shallow trough and upturn at high Fn,0.830,0.8300000,0.9059173,0.0030000,0.0200000,2,two-pass source-only match; ordinate averaged,0.8300002,0.9061909,0.8299998,0.9056438,0.0000004,0.0005471,2050.156,1122.380,2049.533,1122.382
359,358,368,0.2,C5,"round-bilge hull, L/B 11",dotted,lowest initial RBH branch; lowest broad-hump shoulder; only curve with high-Fn upturn,bottom RBH line through the broad hump; separated shallow trough and upturn at high Fn,0.835,0.8349999,0.9051478,0.0030000,0.0200000,2,two-pass source-only match; ordinate averaged,0.8349998,0.9054180,0.8350000,0.9048776,0.0000002,0.0005404,2060.533,1122.772,2059.900,1122.770
359,358,368,0.2,C5,"round-bilge hull, L/B 11",dotted,lowest initial RBH branch; lowest broad-hump shoulder; only curve with high-Fn upturn,bottom RBH line through the broad hump; separated shallow trough and upturn at high Fn,0.840,0.8400001,0.9057278,0.0030000,0.0200000,2,two-pass source-only match; ordinate averaged,0.8399999,0.9061632,0.8400002,0.9052923,0.0000002,0.0008710,2070.911,1122.394,2070.267,1122.560
359,358,368,0.2,C5,"round-bilge hull, L/B 11",dotted,lowest initial RBH branch; lowest broad-hump shoulder; only curve with high-Fn upturn,bottom RBH line through the broad hump; separated shallow trough and upturn at high Fn,0.845,0.8449999,0.9064809,0.0030000,0.0200000,2,two-pass source-only match; ordinate averaged,0.8450001,0.9064038,0.8449998,0.9065581,0.0000002,0.0001543,2081.289,1122.272,2080.633,1121.919
359,358,368,0.2,C5,"round-bilge hull, L/B 11",dotted,lowest initial RBH branch; lowest broad-hump shoulder; only curve with high-Fn upturn,bottom RBH line through the broad hump; separated shallow trough and upturn at high Fn,0.850,0.8500001,0.9080385,0.0030000,0.0200000,2,two-pass source-only match; ordinate averaged,0.8500002,0.9082729,0.8500000,0.9078041,0.0000002,0.0004688,2091.667,1121.324,2091.000,1121.288
359,358,368,0.2,C5,"round-bilge hull, L/B 11",dotted,lowest initial RBH branch; lowest broad-hump shoulder; only curve with high-Fn upturn,bottom RBH line through the broad hump; separated shallow trough and upturn at high Fn,0.855,0.8550000,0.9096308,0.0030000,0.0200000,2,two-pass source-only match; ordinate averaged,0.8549998,0.9098975,0.8550002,0.9093641,0.0000004,0.0005333,2102.044,1120.500,2101.367,1120.498
359,358,368,0.2,C5,"round-bilge hull, L/B 11",dotted,lowest initial RBH branch; lowest broad-hump shoulder; only curve with high-Fn upturn,bottom RBH line through the broad hump; separated shallow trough and upturn at high Fn,0.860,0.8599999,0.9093803,0.0030000,0.0200000,2,two-pass source-only match; ordinate averaged,0.8599999,0.9095268,0.8599998,0.9092338,0.0000001,0.0002930,2112.422,1120.688,2111.733,1120.564
359,358,368,0.2,C5,"round-bilge hull, L/B 11",dotted,lowest initial RBH branch; lowest broad-hump shoulder; only curve with high-Fn upturn,bottom RBH line through the broad hump; separated shallow trough and upturn at high Fn,0.865,0.8650000,0.9102714,0.0030000,0.0200000,2,two-pass source-only match; ordinate averaged,0.8650000,0.9100986,0.8650000,0.9104443,0.0000000,0.0003457,2122.800,1120.398,2122.100,1119.951
359,358,368,0.2,C5,"round-bilge hull, L/B 11",dotted,lowest initial RBH branch; lowest broad-hump shoulder; only curve with high-Fn upturn,bottom RBH line through the broad hump; separated shallow trough and upturn at high Fn,0.870,0.8700001,0.9138859,0.0030000,0.0200000,2,two-pass source-only match; ordinate averaged,0.8700001,0.9141522,0.8700002,0.9136197,0.0000001,0.0005325,2133.178,1118.342,2132.467,1118.343
359,358,368,0.2,C5,"round-bilge hull, L/B 11",dotted,lowest initial RBH branch; lowest broad-hump shoulder; only curve with high-Fn upturn,bottom RBH line through the broad hump; separated shallow trough and upturn at high Fn,0.875,0.8750000,0.9116750,0.0030000,0.0200000,2,two-pass source-only match; ordinate averaged,0.8750002,0.9119381,0.8749998,0.9114119,0.0000004,0.0005262,2143.556,1119.465,2142.833,1119.461
359,358,368,0.2,C5,"round-bilge hull, L/B 11",dotted,lowest initial RBH branch; lowest broad-hump shoulder; only curve with high-Fn upturn,bottom RBH line through the broad hump; separated shallow trough and upturn at high Fn,0.880,0.8799999,0.9122529,0.0030000,0.0200000,2,two-pass source-only match; ordinate averaged,0.8799998,0.9128569,0.8800000,0.9116489,0.0000002,0.0012080,2153.933,1118.999,2153.200,1119.341
359,358,368,0.2,C5,"round-bilge hull, L/B 11",dotted,lowest initial RBH branch; lowest broad-hump shoulder; only curve with high-Fn upturn,bottom RBH line through the broad hump; separated shallow trough and upturn at high Fn,0.885,0.8850001,0.9138604,0.0030000,0.0200000,2,two-pass source-only match; ordinate averaged,0.8849999,0.9139531,0.8850002,0.9137678,0.0000002,0.0001853,2164.311,1118.443,2163.567,1118.268
359,358,368,0.2,C5,"round-bilge hull, L/B 11",dotted,lowest initial RBH branch; lowest broad-hump shoulder; only curve with high-Fn upturn,bottom RBH line through the broad hump; separated shallow trough and upturn at high Fn,0.890,0.8899999,0.9162645,0.0030000,0.0200000,2,two-pass source-only match; ordinate averaged,0.8900001,0.9166719,0.8899998,0.9158570,0.0000002,0.0008149,2174.689,1117.064,2173.933,1117.210
359,358,368,0.2,C5,"round-bilge hull, L/B 11",dotted,lowest initial RBH branch; lowest broad-hump shoulder; only curve with high-Fn upturn,bottom RBH line through the broad hump; separated shallow trough and upturn at high Fn,0.895,0.8950001,0.9196841,0.0030000,0.0200000,2,two-pass source-only match; ordinate averaged,0.8950002,0.9199448,0.8950000,0.9194234,0.0000002,0.0005214,2185.067,1115.404,2184.300,1115.404
359,358,368,0.2,C5,"round-bilge hull, L/B 11",dotted,lowest initial RBH branch; lowest broad-hump shoulder; only curve with high-Fn upturn,bottom RBH line through the broad hump; separated shallow trough and upturn at high Fn,0.900,0.9000000,0.9241924,0.0030000,0.0200000,2,two-pass source-only match; ordinate averaged,0.8999998,0.9248620,0.9000002,0.9235229,0.0000004,0.0013391,2195.444,1112.910,2194.667,1113.328
359,358,368,0.2,C5,"round-bilge hull, L/B 11",dotted,lowest initial RBH branch; lowest broad-hump shoulder; only curve with high-Fn upturn,bottom RBH line through the broad hump; separated shallow trough and upturn at high Fn,0.905,0.9049999,0.9258343,0.0030000,0.0200000,2,two-pass source-only match; ordinate averaged,0.9049999,0.9263249,0.9049998,0.9253436,0.0000001,0.0009813,2205.822,1112.168,2205.033,1112.406
359,358,368,0.2,C5,"round-bilge hull, L/B 11",dotted,lowest initial RBH branch; lowest broad-hump shoulder; only curve with high-Fn upturn,bottom RBH line through the broad hump; separated shallow trough and upturn at high Fn,0.910,0.9100000,0.9265579,0.0030000,0.0200000,2,two-pass source-only match; ordinate averaged,0.9100000,0.9264826,0.9100000,0.9266331,0.0000000,0.0001504,2216.200,1112.088,2215.400,1111.753
359,358,368,0.2,C5,"round-bilge hull, L/B 11",dotted,lowest initial RBH branch; lowest broad-hump shoulder; only curve with high-Fn upturn,bottom RBH line through the broad hump; separated shallow trough and upturn at high Fn,0.915,0.9150001,0.9302948,0.0030000,0.0200000,2,two-pass source-only match; ordinate averaged,0.9150001,0.9305047,0.9150002,0.9300849,0.0000001,0.0004198,2226.578,1110.048,2225.767,1110.005
359,358,368,0.2,C5,"round-bilge hull, L/B 11",dotted,lowest initial RBH branch; lowest broad-hump shoulder; only curve with high-Fn upturn,bottom RBH line through the broad hump; separated shallow trough and upturn at high Fn,0.920,0.9200000,0.9365328,0.0030000,0.0200000,2,two-pass source-only match; ordinate averaged,0.9200002,0.9369519,0.9199998,0.9361137,0.0000004,0.0008381,2236.956,1106.778,2236.133,1106.952
359,358,368,0.2,C5,"round-bilge hull, L/B 11",dotted,lowest initial RBH branch; lowest broad-hump shoulder; only curve with high-Fn upturn,bottom RBH line through the broad hump; separated shallow trough and upturn at high Fn,0.925,0.9249999,0.9401550,0.0030000,0.0200000,2,two-pass source-only match; ordinate averaged,0.9249998,0.9413111,0.9250000,0.9389988,0.0000002,0.0023123,2247.333,1104.567,2246.500,1105.491
359,358,368,0.2,C5,"round-bilge hull, L/B 11",dotted,lowest initial RBH branch; lowest broad-hump shoulder; only curve with high-Fn upturn,bottom RBH line through the broad hump; separated shallow trough and upturn at high Fn,0.930,0.9300001,0.9442241,0.0030000,0.0200000,2,two-pass source-only match; ordinate averaged,0.9299999,0.9448048,0.9300002,0.9436434,0.0000002,0.0011614,2257.711,1102.795,2256.867,1103.139
359,358,368,0.2,C5,"round-bilge hull, L/B 11",dotted,lowest initial RBH branch; lowest broad-hump shoulder; only curve with high-Fn upturn,bottom RBH line through the broad hump; separated shallow trough and upturn at high Fn,0.935,0.9349999,0.9476114,0.0030000,0.0200000,2,two-pass source-only match; ordinate averaged,0.9350001,0.9477425,0.9349998,0.9474803,0.0000002,0.0002623,2268.089,1101.305,2267.233,1101.196
359,358,368,0.2,C5,"round-bilge hull, L/B 11",dotted,lowest initial RBH branch; lowest broad-hump shoulder; only curve with high-Fn upturn,bottom RBH line through the broad hump; separated shallow trough and upturn at high Fn,0.940,0.9400001,0.9549978,0.0030000,0.0200000,2,two-pass source-only match; ordinate averaged,0.9400002,0.9552287,0.9400000,0.9547670,0.0000002,0.0004617,2278.467,1097.508,2277.600,1097.506
359,358,368,0.2,C5,"round-bilge hull, L/B 11",dotted,lowest initial RBH branch; lowest broad-hump shoulder; only curve with high-Fn upturn,bottom RBH line through the broad hump; separated shallow trough and upturn at high Fn,0.945,0.9450000,0.9593997,0.0030000,0.0200000,2,two-pass source-only match; ordinate averaged,0.9449998,0.9599842,0.9450002,0.9588152,0.0000004,0.0011691,2288.844,1095.096,2287.967,1095.456
359,358,368,0.2,C5,"round-bilge hull, L/B 11",dotted,lowest initial RBH branch; lowest broad-hump shoulder; only curve with high-Fn upturn,bottom RBH line through the broad hump; separated shallow trough and upturn at high Fn,0.950,0.9499999,0.9632661,0.0030000,0.0200000,2,two-pass source-only match; ordinate averaged,0.9499999,0.9613111,0.9499998,0.9652212,0.0000001,0.0039100,2299.222,1094.423,2298.333,1092.212
359,358,368,0.2,C5,"round-bilge hull, L/B 11",dotted,lowest initial RBH branch; lowest broad-hump shoulder; only curve with high-Fn upturn,bottom RBH line through the broad hump; separated shallow trough and upturn at high Fn,0.955,0.9550000,0.9747085,0.0030000,0.0200000,2,two-pass source-only match; ordinate averaged,0.9550000,0.9740812,0.9550000,0.9753357,0.0000000,0.0012545,2309.600,1087.946,2308.700,1087.090
359,358,368,0.2,C5,"round-bilge hull, L/B 11",dotted,lowest initial RBH branch; lowest broad-hump shoulder; only curve with high-Fn upturn,bottom RBH line through the broad hump; separated shallow trough and upturn at high Fn,0.960,0.9600001,0.9949171,0.0030000,0.0200000,2,two-pass source-only match; ordinate averaged,0.9600001,0.9974310,0.9600002,0.9924032,0.0000001,0.0050278,2319.978,1076.103,2319.067,1078.447
359,358,368,0.2,C5,"round-bilge hull, L/B 11",dotted,lowest initial RBH branch; lowest broad-hump shoulder; only curve with high-Fn upturn,bottom RBH line through the broad hump; separated shallow trough and upturn at high Fn,0.965,0.9650000,0.9929912,0.0030000,0.0200000,2,two-pass source-only match; ordinate averaged,0.9650002,0.9931763,0.9649998,0.9928061,0.0000004,0.0003702,2330.356,1078.261,2329.433,1078.243
359,358,368,0.2,C5,"round-bilge hull, L/B 11",dotted,lowest initial RBH branch; lowest broad-hump shoulder; only curve with high-Fn upturn,bottom RBH line through the broad hump; separated shallow trough and upturn at high Fn,0.970,0.9699999,1.0029053,0.0030000,0.0200000,2,two-pass source-only match; ordinate averaged,0.9699998,1.0056289,0.9700000,1.0001817,0.0000002,0.0054473,2340.733,1071.945,2339.800,1074.508
359,358,368,0.2,C5,"round-bilge hull, L/B 11",dotted,lowest initial RBH branch; lowest broad-hump shoulder; only curve with high-Fn upturn,bottom RBH line through the broad hump; separated shallow trough and upturn at high Fn,0.975,0.9750001,1.0122215,0.0030000,0.0200000,2,two-pass source-only match; ordinate averaged,0.9749999,1.0126006,0.9750002,1.0118424,0.0000002,0.0007581,2351.111,1068.409,2350.167,1068.603
359,358,368,0.2,C5,"round-bilge hull, L/B 11",dotted,lowest initial RBH branch; lowest broad-hump shoulder; only curve with high-Fn upturn,bottom RBH line through the broad hump; separated shallow trough and upturn at high Fn,0.980,0.9799999,1.0278632,0.0030000,0.0200000,2,two-pass source-only match; ordinate averaged,0.9800001,1.0264886,0.9799998,1.0292378,0.0000002,0.0027492,2361.489,1061.365,2360.533,1059.794
359,358,368,0.2,C5,"round-bilge hull, L/B 11",dotted,lowest initial RBH branch; lowest broad-hump shoulder; only curve with high-Fn upturn,bottom RBH line through the broad hump; separated shallow trough and upturn at high Fn,0.985,0.9850001,1.0398202,0.0030000,0.0200000,2,two-pass source-only match; ordinate averaged,0.9850002,1.0426400,0.9850000,1.0370004,0.0000002,0.0056396,2371.867,1053.173,2370.900,1055.863
359,358,368,0.2,C5,"round-bilge hull, L/B 11",dotted,lowest initial RBH branch; lowest broad-hump shoulder; only curve with high-Fn upturn,bottom RBH line through the broad hump; separated shallow trough and upturn at high Fn,0.990,0.9900000,1.0483319,0.0030000,0.0200000,2,two-pass source-only match; ordinate averaged,0.9899998,1.0493218,0.9900002,1.0473420,0.0000004,0.0019797,2382.244,1049.784,2381.267,1050.626
359,358,368,0.2,C5,"round-bilge hull, L/B 11",dotted,lowest initial RBH branch; lowest broad-hump shoulder; only curve with high-Fn upturn,bottom RBH line through the broad hump; separated shallow trough and upturn at high Fn,0.995,0.9949999,1.0554449,0.0030000,0.0200000,2,two-pass source-only match; ordinate averaged,0.9949999,1.0567823,0.9949998,1.0541074,0.0000001,0.0026749,2392.622,1046.000,2391.633,1047.200
359,358,368,0.2,C5,"round-bilge hull, L/B 11",dotted,lowest initial RBH branch; lowest broad-hump shoulder; only curve with high-Fn upturn,bottom RBH line through the broad hump; separated shallow trough and upturn at high Fn,1.000,1.0000000,1.0801655,0.0030000,0.0200000,2,two-pass source-only match; ordinate averaged,1.0000000,1.0804416,1.0000000,1.0798894,0.0000000,0.0005522,2403.000,1034.000,2402.000,1034.144
