# source: Mustafa Insel, 1990 PhD thesis, Figures 359--362
# source_location: printed pages 358--359; PDF pages 368--369
figure,source_printed_page,source_pdf_page,separation_over_length,fn_anchor,fn,tau,fn_digitization_uncertainty,tau_digitization_uncertainty,pass_count,adjudication,fn_a,tau_a,fn_b,tau_b,fn_pass_difference,tau_pass_difference,pass_a_x_px,pass_a_y_px,pass_b_x_px,pass_b_y_px
359,358,368,0.2,0.150,0.1500001,1.1341057,0.0030000,0.0200000,2,two-pass source-only match; ordinate averaged,0.1500001,1.1347200,0.1500002,1.1334913,0.0000001,0.0012287,638.778,1006.470,639.667,1007.000
359,358,368,0.2,0.155,0.1550000,1.1096542,0.0030000,0.0200000,2,two-pass source-only match; ordinate averaged,0.1550002,1.1114886,0.1549998,1.1078199,0.0000004,0.0036687,649.156,1018.253,650.033,1020.000
359,358,368,0.2,0.160,0.1599999,1.0893770,0.0030000,0.0200000,2,two-pass source-only match; ordinate averaged,0.1599998,1.0887066,0.1600000,1.0900474,0.0000002,0.0013408,659.533,1029.808,660.400,1029.000
359,358,368,0.2,0.165,0.1650001,1.0910870,0.0030000,0.0200000,2,two-pass source-only match; ordinate averaged,0.1649999,1.0901518,0.1650002,1.0920221,0.0000002,0.0018703,669.911,1029.075,670.767,1028.000
359,358,368,0.2,0.170,0.1699999,1.1139083,0.0030000,0.0200000,2,two-pass source-only match; ordinate averaged,0.1700001,1.1120978,0.1699998,1.1157188,0.0000002,0.0036210,680.289,1017.944,681.133,1016.000
359,358,368,0.2,0.175,0.1750001,1.1565228,0.0030000,0.0200000,2,two-pass source-only match; ordinate averaged,0.1750002,1.1558576,0.1750000,1.1571880,0.0000002,0.0013303,690.667,995.749,691.500,995.000
359,358,368,0.2,0.180,0.1800000,1.2136106,0.0030000,0.0200000,2,two-pass source-only match; ordinate averaged,0.1799998,1.2127662,0.1800002,1.2144550,0.0000004,0.0016888,701.044,966.885,701.867,966.000
359,358,368,0.2,0.185,0.1849999,1.2970307,0.0030000,0.0200000,2,two-pass source-only match; ordinate averaged,0.1849999,1.2966680,0.1849998,1.2973934,0.0000001,0.0007254,711.422,924.330,712.233,924.000
359,358,368,0.2,0.190,0.1900000,1.3414011,0.0030000,0.0200000,2,two-pass source-only match; ordinate averaged,0.1900000,1.3399901,0.1900000,1.3428120,0.0000000,0.0028219,721.800,902.357,722.600,901.000
359,358,368,0.2,0.195,0.1950001,1.3601434,0.0030000,0.0200000,2,two-pass source-only match; ordinate averaged,0.1950001,1.3597023,0.1950002,1.3605845,0.0000001,0.0008822,732.178,892.359,732.967,892.000
359,358,368,0.2,0.200,0.2000000,1.3072894,0.0030000,0.0200000,2,two-pass source-only match; ordinate averaged,0.2000002,1.3053371,0.1999998,1.3092417,0.0000004,0.0039046,742.556,919.933,743.333,918.000
359,358,368,0.2,0.205,0.2049999,1.2280702,0.0030000,0.0200000,2,two-pass source-only match; ordinate averaged,0.2049998,1.2456349,0.2050000,1.2105055,0.0000002,0.0351293,752.933,950.214,753.700,968.000
359,358,368,0.2,0.210,0.2100001,1.1158750,0.0030000,0.0200000,2,two-pass source-only match; ordinate averaged,0.2099999,1.1160312,0.2100002,1.1157188,0.0000002,0.0003124,763.311,1015.949,764.067,1016.000
359,358,368,0.2,0.220,0.2200001,0.8276661,0.0030000,0.0200000,2,two-pass source-only match; ordinate averaged,0.2200002,0.8259483,0.2200000,0.8293839,0.0000002,0.0034355,784.067,1163.079,784.800,1161.000
359,358,368,0.2,0.225,0.2250000,0.9037150,0.0030000,0.0200000,2,two-pass source-only match; ordinate averaged,0.2249998,0.9030067,0.2250002,0.9044234,0.0000004,0.0014167,794.444,1123.995,795.167,1123.000
359,358,368,0.2,0.230,0.2299999,1.0156999,0.0030000,0.0200000,2,two-pass source-only match; ordinate averaged,0.2299999,1.0163920,0.2299998,1.0150079,0.0000001,0.0013841,804.822,1066.486,805.533,1067.000
359,358,368,0.2,0.235,0.2350000,1.0357648,0.0030000,0.0200000,2,two-pass source-only match; ordinate averaged,0.2350000,1.0367744,0.2350000,1.0347551,0.0000000,0.0020193,815.200,1056.148,815.900,1057.000
359,358,368,0.2,0.240,0.2400001,1.0429940,0.0030000,0.0200000,2,two-pass source-only match; ordinate averaged,0.2400001,1.0433340,0.2400002,1.0426540,0.0000001,0.0006800,825.578,1052.821,826.267,1053.000
359,358,368,0.2,0.245,0.2450000,1.2094882,0.0030000,0.0200000,2,two-pass source-only match; ordinate averaged,0.2450002,1.2104456,0.2449998,1.2085308,0.0000004,0.0019148,835.956,968.062,836.633,969.000
359,358,368,0.2,0.250,0.2499999,1.2146260,0.0030000,0.0200000,2,two-pass source-only match; ordinate averaged,0.2499998,1.2147969,0.2500000,1.2144550,0.0000002,0.0003419,846.333,965.855,847.000,966.000
359,358,368,0.2,0.255,0.2550001,1.0644293,0.0030000,0.0200000,2,two-pass source-only match; ordinate averaged,0.2549999,1.0625079,0.2550002,1.0663507,0.0000002,0.0038428,856.711,1043.096,857.367,1041.000
359,358,368,0.2,0.260,0.2599999,1.0648783,0.0030000,0.0200000,2,two-pass source-only match; ordinate averaged,0.2600001,1.0653805,0.2599998,1.0643760,0.0000002,0.0010045,867.089,1041.639,867.733,1042.000
359,358,368,0.2,0.265,0.2650001,1.0648428,0.0030000,0.0200000,2,two-pass source-only match; ordinate averaged,0.2650002,1.0653095,0.2650000,1.0643760,0.0000002,0.0009336,877.467,1041.675,878.100,1042.000
359,358,368,0.2,0.270,0.2700000,0.9914590,0.0030000,0.0200000,2,two-pass source-only match; ordinate averaged,0.2699998,0.9916069,0.2700002,0.9913112,0.0000004,0.0002956,887.844,1079.057,888.467,1079.000
359,358,368,0.2,0.275,0.2749999,0.8080170,0.0030000,0.0200000,2,two-pass source-only match; ordinate averaged,0.2749999,0.8004732,0.2749998,0.8155608,0.0000001,0.0150876,898.222,1176.000,898.833,1168.000
359,358,368,0.2,0.280,0.2800000,1.0225501,0.0030000,0.0260281,2,two-pass source-only match; ordinate averaged,0.2800000,0.9965221,0.2800000,1.0485782,0.0000000,0.0520561,908.600,1076.564,909.200,1050.000
359,358,368,0.2,0.285,0.2850001,1.0654595,0.0030000,0.0200000,2,two-pass source-only match; ordinate averaged,0.2850001,1.0645682,0.2850002,1.0663507,0.0000001,0.0017825,918.978,1042.051,919.567,1041.000
359,358,368,0.2,0.290,0.2900000,1.2266562,0.0030000,0.0200000,2,two-pass source-only match; ordinate averaged,0.2900002,1.2270091,0.2899998,1.2263033,0.0000004,0.0007058,929.356,959.661,929.933,960.000
359,358,368,0.2,0.295,0.2949999,1.4714406,0.0030000,0.0200000,2,two-pass source-only match; ordinate averaged,0.2949998,1.4736869,0.2950000,1.4691943,0.0000002,0.0044926,939.733,834.546,940.300,837.000
359,358,368,0.2,0.300,0.3000001,1.4531474,0.0030000,0.0200000,2,two-pass source-only match; ordinate averaged,0.2999999,1.4528983,0.3000002,1.4533965,0.0000002,0.0004983,950.111,845.090,950.667,845.000
359,358,368,0.2,0.305,0.3049999,1.4074324,0.0030000,0.0200000,2,two-pass source-only match; ordinate averaged,0.3050001,1.4068868,0.3049998,1.4079779,0.0000002,0.0010911,960.489,868.427,961.033,868.000
359,358,368,0.2,0.310,0.3100001,1.2561255,0.0030000,0.0200000,2,two-pass source-only match; ordinate averaged,0.3100002,1.2563269,0.3100000,1.2559242,0.0000002,0.0004027,970.867,944.791,971.400,945.000
359,358,368,0.2,0.315,0.3150000,1.2694399,0.0030000,0.0200000,2,two-pass source-only match; ordinate averaged,0.3149998,1.2691325,0.3150002,1.2697472,0.0000004,0.0006147,981.244,938.296,981.767,938.000
359,358,368,0.2,0.320,0.3199999,1.1979337,0.0030000,0.0200000,2,two-pass source-only match; ordinate averaged,0.3199999,1.1972102,0.3199998,1.1986572,0.0000001,0.0014470,991.622,974.775,992.133,974.000
359,358,368,0.2,0.325,0.3250000,1.1167257,0.0030000,0.0200000,2,two-pass source-only match; ordinate averaged,0.3250000,1.1177326,0.3250000,1.1157188,0.0000000,0.0020139,1002.000,1015.086,1002.500,1016.000
359,358,368,0.2,0.330,0.3300001,0.9764811,0.0030000,0.0246644,2,two-pass source-only match; ordinate averaged,0.3300001,1.0011455,0.3300002,0.9518167,0.0000001,0.0493288,1012.378,1074.219,1012.867,1099.000
359,358,368,0.2,0.335,0.3350000,0.8555274,0.0030000,0.0200000,2,two-pass source-only match; ordinate averaged,0.3350002,0.8559996,0.3349998,0.8550553,0.0000004,0.0009443,1022.756,1147.837,1023.233,1148.000
359,358,368,0.2,0.340,0.3399999,0.7932201,0.0030000,0.0200000,2,two-pass source-only match; ordinate averaged,0.3399998,0.7945761,0.3400000,0.7918641,0.0000002,0.0027120,1033.133,1178.991,1033.600,1180.000
359,358,368,0.2,0.345,0.3450001,0.7540413,0.0030000,0.0200000,2,two-pass source-only match; ordinate averaged,0.3449999,0.7537382,0.3450002,0.7543444,0.0000002,0.0006062,1043.511,1199.704,1043.967,1199.000
359,358,368,0.2,0.350,0.3499999,0.7598543,0.0030000,0.0200000,2,two-pass source-only match; ordinate averaged,0.3500001,0.7594401,0.3499998,0.7602686,0.0000002,0.0008285,1053.889,1196.812,1054.333,1196.000
359,358,368,0.2,0.355,0.3550001,0.8045029,0.0030000,0.0200000,2,two-pass source-only match; ordinate averaged,0.3550002,0.7993691,0.3550000,0.8096367,0.0000002,0.0102676,1064.267,1176.560,1064.700,1171.000
359,358,368,0.2,0.360,0.3600000,0.8727132,0.0030000,0.0200000,2,two-pass source-only match; ordinate averaged,0.3599998,0.8587756,0.3600002,0.8866509,0.0000004,0.0278752,1074.644,1146.429,1075.067,1132.000
359,358,368,0.2,0.365,0.3649999,0.9962887,0.0030000,0.0200000,2,two-pass source-only match; ordinate averaged,0.3649999,0.9973166,0.3649998,0.9952607,0.0000001,0.0020560,1085.022,1076.161,1085.433,1077.000
359,358,368,0.2,0.370,0.3700000,1.1218337,0.0030000,0.0200000,2,two-pass source-only match; ordinate averaged,0.3700000,1.1397969,0.3700000,1.1038705,0.0000000,0.0359265,1095.400,1003.895,1095.800,1022.000
359,358,368,0.2,0.375,0.3750001,1.2086666,0.0030000,0.0200000,2,two-pass source-only match; ordinate averaged,0.3750001,1.2068277,0.3750002,1.2105055,0.0000001,0.0036778,1105.778,969.897,1106.167,968.000
359,358,368,0.2,0.380,0.3800000,1.3574668,0.0030000,0.0200000,2,two-pass source-only match; ordinate averaged,0.3800002,1.3582985,0.3799998,1.3566351,0.0000004,0.0016634,1116.156,893.071,1116.533,894.000
359,358,368,0.2,0.385,0.3849999,1.3524242,0.0030000,0.0200000,2,two-pass source-only match; ordinate averaged,0.3849998,1.3521629,0.3850000,1.3526856,0.0000002,0.0005228,1126.533,896.183,1126.900,896.000
359,358,368,0.2,0.390,0.3900001,1.5187228,0.0030000,0.0200000,2,two-pass source-only match; ordinate averaged,0.3899999,1.5169085,0.3900002,1.5205371,0.0000002,0.0036286,1136.911,812.624,1137.267,811.000
359,358,368,0.2,0.395,0.3949999,1.6253704,0.0030000,0.0200000,2,two-pass source-only match; ordinate averaged,0.3950001,1.6235686,0.3949998,1.6271722,0.0000002,0.0036036,1147.289,758.526,1147.633,757.000
359,358,368,0.2,0.400,0.4000001,1.6792644,0.0030000,0.0200000,2,two-pass source-only match; ordinate averaged,0.4000002,1.6800138,0.4000000,1.6785150,0.0000002,0.0014988,1157.667,729.897,1158.000,731.000
359,358,368,0.2,0.405,0.4050000,1.7617953,0.0030000,0.0200000,2,two-pass source-only match; ordinate averaged,0.4049998,1.7621372,0.4050002,1.7614534,0.0000004,0.0006838,1168.044,688.244,1168.367,689.000
359,358,368,0.2,0.410,0.4099999,1.8103167,0.0030000,0.0200000,2,two-pass source-only match; ordinate averaged,0.4099999,1.8078371,0.4099998,1.8127962,0.0000001,0.0049591,1178.422,665.065,1178.733,663.000
359,358,368,0.2,0.415,0.4150000,1.8549576,0.0030000,0.0200000,2,two-pass source-only match; ordinate averaged,0.4150000,1.8536751,0.4150000,1.8562401,0.0000000,0.0025650,1188.800,641.816,1189.100,641.000
359,358,368,0.2,0.420,0.4200001,1.8986427,0.0030000,0.0200000,2,two-pass source-only match; ordinate averaged,0.4200001,1.8995761,0.4200002,1.8977093,0.0000001,0.0018668,1199.178,618.535,1199.467,620.000
359,358,368,0.2,0.425,0.4250000,1.9266028,0.0030000,0.0200000,2,two-pass source-only match; ordinate averaged,0.4250002,1.9258754,0.4249998,1.9273302,0.0000004,0.0014548,1209.556,605.196,1209.833,605.000
359,358,368,0.2,0.430,0.4299999,1.9465119,0.0030000,0.0200000,2,two-pass source-only match; ordinate averaged,0.4299998,1.9459464,0.4300000,1.9470774,0.0000002,0.0011310,1219.933,595.016,1220.200,595.000
359,358,368,0.2,0.435,0.4350001,1.9622864,0.0030000,0.0200000,2,two-pass source-only match; ordinate averaged,0.4349999,1.9616976,0.4350002,1.9628752,0.0000002,0.0011776,1230.311,587.027,1230.567,587.000
359,358,368,0.2,0.440,0.4399999,1.9729399,0.0030000,0.0200000,2,two-pass source-only match; ordinate averaged,0.4400001,1.9731309,0.4399998,1.9727488,0.0000002,0.0003821,1240.689,581.228,1240.933,582.000
359,358,368,0.2,0.445,0.4450001,1.9798940,0.0030000,0.0200000,2,two-pass source-only match; ordinate averaged,0.4450002,1.9791404,0.4450000,1.9806477,0.0000002,0.0015073,1251.067,578.180,1251.300,578.000
359,358,368,0.2,0.450,0.4500000,1.9800774,0.0030000,0.0200000,2,two-pass source-only match; ordinate averaged,0.4499998,1.9795071,0.4500002,1.9806477,0.0000004,0.0011406,1261.444,577.994,1261.667,578.000
359,358,368,0.2,0.455,0.4549999,1.9727131,0.0030000,0.0200000,2,two-pass source-only match; ordinate averaged,0.4549999,1.9726774,0.4549998,1.9727488,0.0000001,0.0000714,1271.822,581.458,1272.033,582.000
359,358,368,0.2,0.460,0.4600000,1.9643285,0.0030000,0.0200000,2,two-pass source-only match; ordinate averaged,0.4600000,1.9638072,0.4600000,1.9648499,0.0000000,0.0010427,1282.200,585.957,1282.400,586.000
359,358,368,0.2,0.465,0.4650001,1.9505548,0.0030000,0.0200000,2,two-pass source-only match; ordinate averaged,0.4650001,1.9500828,0.4650002,1.9510269,0.0000001,0.0009440,1292.578,592.918,1292.767,593.000
359,358,368,0.2,0.470,0.4700000,1.9358594,0.0030000,0.0200000,2,two-pass source-only match; ordinate averaged,0.4700002,1.9345150,0.4699998,1.9372038,0.0000004,0.0026888,1302.956,600.814,1303.133,600.000
359,358,368,0.2,0.475,0.4749999,1.9131534,0.0030000,0.0200000,2,two-pass source-only match; ordinate averaged,0.4749998,1.9127997,0.4750000,1.9135071,0.0000002,0.0007074,1313.333,611.828,1313.500,612.000
359,358,368,0.2,0.480,0.4800001,1.8897248,0.0030000,0.0200000,2,two-pass source-only match; ordinate averaged,0.4799999,1.8896392,0.4800002,1.8898104,0.0000002,0.0001712,1323.711,623.575,1323.867,624.000
359,358,368,0.2,0.485,0.4849999,1.8588714,0.0030000,0.0200000,2,two-pass source-only match; ordinate averaged,0.4850001,1.8575532,0.4849998,1.8601896,0.0000002,0.0026363,1334.089,639.849,1334.233,639.000
359,358,368,0.2,0.490,0.4900001,1.8331674,0.0030000,0.0200000,2,two-pass source-only match; ordinate averaged,0.4900002,1.8337914,0.4900000,1.8325434,0.0000002,0.0012480,1344.467,651.901,1344.600,653.000
359,358,368,0.2,0.495,0.4950000,1.8025033,0.0030000,0.0200000,2,two-pass source-only match; ordinate averaged,0.4949998,1.8020840,0.4950002,1.8029226,0.0000004,0.0008386,1354.844,667.983,1354.967,668.000
359,358,368,0.2,0.500,0.4999999,1.7670849,0.0030000,0.0200000,2,two-pass source-only match; ordinate averaged,0.4999999,1.7667922,0.4999998,1.7673776,0.0000001,0.0005854,1365.222,685.883,1365.333,686.000
359,358,368,0.2,0.505,0.5050000,1.7338985,0.0030000,0.0200000,2,two-pass source-only match; ordinate averaged,0.5050000,1.7320150,0.5050000,1.7357820,0.0000000,0.0037670,1375.600,703.522,1375.700,702.000
359,358,368,0.2,0.510,0.5100001,1.7052010,0.0030000,0.0200000,2,two-pass source-only match; ordinate averaged,0.5100001,1.7042409,0.5100002,1.7061611,0.0000001,0.0019202,1385.978,717.609,1386.067,717.000
359,358,368,0.2,0.515,0.5150000,1.6787924,0.0030000,0.0200000,2,two-pass source-only match; ordinate averaged,0.5150002,1.6751203,0.5149998,1.6824645,0.0000004,0.0073442,1396.356,732.379,1396.433,729.000
359,358,368,0.2,0.525,0.5250001,1.6021299,0.0030000,0.0210928,2,two-pass source-only match; ordinate averaged,0.5249999,1.5810371,0.5250002,1.6232227,0.0000002,0.0421857,1417.111,780.098,1417.167,759.000
359,358,368,0.2,0.530,0.5299999,1.5884274,0.0030000,0.0200000,2,two-pass source-only match; ordinate averaged,0.5300001,1.5872023,0.5299998,1.5896524,0.0000002,0.0024502,1427.489,776.971,1427.533,776.000
359,358,368,0.2,0.535,0.5350001,1.5702385,0.0030000,0.0200000,2,two-pass source-only match; ordinate averaged,0.5350002,1.5705718,0.5350000,1.5699052,0.0000002,0.0006666,1437.867,785.406,1437.900,786.000
359,358,368,0.2,0.540,0.5400000,1.5562153,0.0030000,0.0200000,2,two-pass source-only match; ordinate averaged,0.5399998,1.5701715,0.5400002,1.5422591,0.0000004,0.0279124,1448.244,785.609,1448.267,800.000
359,358,368,0.2,0.545,0.5449999,1.5301965,0.0030000,0.0200000,2,two-pass source-only match; ordinate averaged,0.5449999,1.5299823,0.5449998,1.5304107,0.0000001,0.0004285,1458.622,805.993,1458.633,806.000
359,358,368,0.2,0.550,0.5500000,1.5106131,0.0030000,0.0200000,2,two-pass source-only match; ordinate averaged,0.5500000,1.5263604,0.5500000,1.4948657,0.0000000,0.0314947,1469.000,807.830,1469.000,824.000
359,358,368,0.2,0.555,0.5550001,1.4684221,0.0030000,0.0200000,2,two-pass source-only match; ordinate averaged,0.5550001,1.4676498,0.5550002,1.4691943,0.0000001,0.0015445,1479.378,837.608,1479.367,837.000
359,358,368,0.2,0.565,0.5649999,1.4639183,0.0030000,0.0342185,2,two-pass source-only match; ordinate averaged,0.5649998,1.4981368,0.5650000,1.4296998,0.0000002,0.0684370,1500.133,822.145,1500.100,857.000
359,358,368,0.2,0.570,0.5700001,1.4879871,0.0030000,0.0200000,2,two-pass source-only match; ordinate averaged,0.5699999,1.4870327,0.5700002,1.4889415,0.0000002,0.0019088,1510.511,827.777,1510.467,827.000
359,358,368,0.2,0.575,0.5749999,1.4912268,0.0030000,0.0200000,2,two-pass source-only match; ordinate averaged,0.5750001,1.5093099,0.5749998,1.4731438,0.0000002,0.0361662,1520.889,816.478,1520.833,835.000
359,358,368,0.2,0.585,0.5850000,1.3480905,0.0030000,0.0200000,2,two-pass source-only match; ordinate averaged,0.5849998,1.3474448,0.5850002,1.3487362,0.0000004,0.0012914,1541.644,898.576,1541.567,898.000
359,358,368,0.2,0.590,0.5899999,1.3327971,0.0030000,0.0200000,2,two-pass source-only match; ordinate averaged,0.5899999,1.3326558,0.5899998,1.3329384,0.0000001,0.0002826,1552.022,906.077,1551.933,906.000
359,358,368,0.2,0.595,0.5950000,1.4231635,0.0030000,0.0200000,2,two-pass source-only match; ordinate averaged,0.5950000,1.4225513,0.5950000,1.4237757,0.0000000,0.0012244,1562.400,860.482,1562.300,860.000
359,358,368,0.2,0.600,0.6000001,1.2992296,0.0030000,0.0200000,2,two-pass source-only match; ordinate averaged,0.6000001,1.2990911,0.6000002,1.2993681,0.0000001,0.0002770,1572.778,923.101,1572.667,923.000
359,358,368,0.2,0.605,0.6050000,1.3924771,0.0030000,0.0200000,2,two-pass source-only match; ordinate averaged,0.6050002,1.3927741,0.6049998,1.3921801,0.0000004,0.0005940,1583.156,875.585,1583.033,876.000
359,358,368,0.2,0.615,0.6150001,1.2503263,0.0030000,0.0200000,2,two-pass source-only match; ordinate averaged,0.6149999,1.2506526,0.6150002,1.2500000,0.0000002,0.0006526,1603.911,947.669,1603.767,948.000
359,358,368,0.2,0.625,0.6250001,1.2261919,0.0030000,0.0200000,2,two-pass source-only match; ordinate averaged,0.6250002,1.2260804,0.6250000,1.2263033,0.0000002,0.0002229,1624.667,960.132,1624.500,960.000
359,358,368,0.2,0.630,0.6300000,1.2150065,0.0030000,0.0200000,2,two-pass source-only match; ordinate averaged,0.6299998,1.2155580,0.6300002,1.2144550,0.0000004,0.0011030,1635.044,965.469,1634.867,966.000
359,358,368,0.2,0.635,0.6349999,1.2018909,0.0030000,0.0200000,2,two-pass source-only match; ordinate averaged,0.6349999,1.2011751,0.6349998,1.2026066,0.0000001,0.0014316,1645.422,972.764,1645.233,972.000
359,358,368,0.2,0.640,0.6400000,1.1916208,0.0030000,0.0200000,2,two-pass source-only match; ordinate averaged,0.6400000,1.1905087,0.6400000,1.1927330,0.0000000,0.0022243,1655.800,978.174,1655.600,977.000
359,358,368,0.2,0.665,0.6649999,1.0900207,0.0030000,0.0200000,2,two-pass source-only match; ordinate averaged,0.6650001,1.0899941,0.6649998,1.0900474,0.0000002,0.0000533,1707.689,1029.155,1707.433,1029.000
359,358,368,0.2,0.670,0.6700001,1.1953289,0.0030000,0.0200000,2,two-pass source-only match; ordinate averaged,0.6700002,1.1998994,0.6700000,1.1907583,0.0000002,0.0091412,1718.067,973.411,1717.800,978.000
359,358,368,0.2,0.675,0.6750000,1.0578758,0.0030000,0.0200000,2,two-pass source-only match; ordinate averaged,0.6749998,1.0592744,0.6750002,1.0564771,0.0000004,0.0027974,1728.444,1044.736,1728.167,1046.000
359,358,368,0.2,0.680,0.6799999,1.0473248,0.0030000,0.0200000,2,two-pass source-only match; ordinate averaged,0.6799999,1.0480461,0.6799998,1.0466035,0.0000001,0.0014427,1738.822,1050.431,1738.533,1051.000
359,358,368,0.2,0.685,0.6850000,1.0391482,0.0030000,0.0200000,2,two-pass source-only match; ordinate averaged,0.6850000,1.0395919,0.6850000,1.0387046,0.0000000,0.0008873,1749.200,1054.719,1748.900,1055.000
359,358,368,0.2,0.690,0.6900001,1.0272629,0.0030000,0.0200000,2,two-pass source-only match; ordinate averaged,0.6900001,1.0276696,0.6900002,1.0268562,0.0000001,0.0008133,1759.578,1060.766,1759.267,1061.000
359,358,368,0.2,0.695,0.6950000,1.0150286,0.0030000,0.0200000,2,two-pass source-only match; ordinate averaged,0.6950002,1.0150493,0.6949998,1.0150079,0.0000004,0.0000414,1769.956,1067.167,1769.633,1067.000
359,358,368,0.2,0.700,0.6999999,1.0033749,0.0030000,0.0200000,2,two-pass source-only match; ordinate averaged,0.6999998,1.0035903,0.7000000,1.0031596,0.0000002,0.0004307,1780.333,1072.979,1780.000,1073.000
359,358,368,0.2,0.705,0.7050001,0.9945020,0.0030000,0.0200000,2,two-pass source-only match; ordinate averaged,0.7049999,0.9917685,0.7050002,0.9972354,0.0000002,0.0054669,1790.711,1078.975,1790.367,1076.000
359,358,368,0.2,0.710,0.7099999,0.9935047,0.0030000,0.0200000,2,two-pass source-only match; ordinate averaged,0.7100001,0.9917488,0.7099998,0.9952607,0.0000002,0.0035118,1801.089,1078.985,1800.733,1077.000
359,358,368,0.2,0.715,0.7150001,0.9943770,0.0030000,0.0200000,2,two-pass source-only match; ordinate averaged,0.7150002,0.9974428,0.7150000,0.9913112,0.0000002,0.0061316,1811.467,1076.097,1811.100,1079.000
359,358,368,0.2,0.720,0.7200000,0.9599446,0.0030000,0.0200000,2,two-pass source-only match; ordinate averaged,0.7199998,0.9601735,0.7200002,0.9597156,0.0000004,0.0004579,1821.844,1095.000,1821.467,1095.000
359,358,368,0.2,0.725,0.7249999,0.9597987,0.0030000,0.0200000,2,two-pass source-only match; ordinate averaged,0.7249999,0.9598817,0.7249998,0.9597156,0.0000001,0.0001661,1832.222,1095.148,1831.833,1095.000
359,358,368,0.2,0.730,0.7300000,1.0545999,0.0030000,0.0200000,2,two-pass source-only match; ordinate averaged,0.7300000,1.0527228,0.7300000,1.0564771,0.0000000,0.0037543,1842.600,1048.059,1842.200,1046.000
359,358,368,0.2,0.735,0.7350001,1.0416366,0.0030000,0.0200000,2,two-pass source-only match; ordinate averaged,0.7350001,1.0406191,0.7350002,1.0426540,0.0000001,0.0020349,1852.978,1054.198,1852.567,1053.000
359,358,368,0.2,0.740,0.7400000,1.0278997,0.0030000,0.0200000,2,two-pass source-only match; ordinate averaged,0.7400002,1.0289432,0.7399998,1.0268562,0.0000004,0.0020870,1863.356,1060.120,1862.933,1061.000
359,358,368,0.2,0.745,0.7449999,1.0160416,0.0030000,0.0200000,2,two-pass source-only match; ordinate averaged,0.7449998,1.0151006,0.7450000,1.0169826,0.0000002,0.0018821,1873.733,1067.141,1873.300,1066.000
359,358,368,0.2,0.750,0.7500001,1.0011691,0.0030000,0.0200000,2,two-pass source-only match; ordinate averaged,0.7499999,1.0011534,0.7500002,1.0011848,0.0000002,0.0000314,1884.111,1074.215,1883.667,1074.000
359,358,368,0.2,0.755,0.7549999,0.9868759,0.0030000,0.0200000,2,two-pass source-only match; ordinate averaged,0.7550001,0.9863900,0.7549998,0.9873618,0.0000002,0.0009718,1894.489,1081.703,1894.033,1081.000
359,358,368,0.2,0.760,0.7600001,0.9766305,0.0030000,0.0200000,2,two-pass source-only match; ordinate averaged,0.7600002,0.9757729,0.7600000,0.9774882,0.0000002,0.0017153,1904.867,1087.088,1904.400,1086.000
359,358,368,0.2,0.765,0.7650000,0.9507550,0.0030000,0.0200000,2,two-pass source-only match; ordinate averaged,0.7649998,0.9516680,0.7650002,0.9498420,0.0000004,0.0018260,1915.244,1099.314,1914.767,1100.000
359,358,368,0.2,0.770,0.7699999,0.9412220,0.0030000,0.0200000,2,two-pass source-only match; ordinate averaged,0.7699999,0.9405008,0.7699998,0.9419431,0.0000001,0.0014423,1925.622,1104.978,1925.133,1104.000
359,358,368,0.2,0.775,0.7750000,0.9283355,0.0030000,0.0200000,2,two-pass source-only match; ordinate averaged,0.7750000,0.9285509,0.7750000,0.9281201,0.0000000,0.0004308,1936.000,1111.039,1935.500,1111.000
359,358,368,0.2,0.780,0.7800001,0.9167390,0.0030000,0.0200000,2,two-pass source-only match; ordinate averaged,0.7800001,0.9172062,0.7800002,0.9162717,0.0000001,0.0009345,1946.378,1116.793,1945.867,1117.000
359,358,368,0.2,0.785,0.7850000,0.9074346,0.0030000,0.0200000,2,two-pass source-only match; ordinate averaged,0.7850002,0.9064965,0.7849998,0.9083728,0.0000004,0.0018764,1956.756,1122.225,1956.233,1121.000
359,358,368,0.2,0.790,0.7899999,0.8932365,0.0030000,0.0200000,2,two-pass source-only match; ordinate averaged,0.7899998,0.8938979,0.7900000,0.8925750,0.0000002,0.0013228,1967.133,1128.615,1966.600,1129.000
359,358,368,0.2,0.795,0.7950001,0.8821118,0.0030000,0.0200000,2,two-pass source-only match; ordinate averaged,0.7949999,0.8815221,0.7950002,0.8827014,0.0000002,0.0011793,1977.511,1134.892,1976.967,1134.000
359,358,368,0.2,0.800,0.7999999,0.8728788,0.0030000,0.0200000,2,two-pass source-only match; ordinate averaged,0.8000001,0.8729298,0.7999998,0.8728278,0.0000002,0.0001020,1987.889,1139.250,1987.333,1139.000
360,358,368,0.3,0.150,0.1500001,1.3690023,0.0030000,0.0200000,2,two-pass source-only match; ordinate averaged,0.1500001,1.3563735,0.1500002,1.3816310,0.0000001,0.0252575,638.778,2631.675,639.667,2619.000
360,358,368,0.3,0.155,0.1550000,1.3979585,0.0030000,0.0200000,2,two-pass source-only match; ordinate averaged,0.1550002,1.3984506,0.1549998,1.3974663,0.0000004,0.0009842,649.156,2610.384,650.033,2611.000
360,358,368,0.3,0.160,0.1599999,1.3543782,0.0030000,0.0200000,2,two-pass source-only match; ordinate averaged,0.1599998,1.3528577,0.1600000,1.3558987,0.0000002,0.0030409,659.533,2633.454,660.400,2632.000
360,358,368,0.3,0.165,0.1650001,1.2984445,0.0030000,0.0200000,2,two-pass source-only match; ordinate averaged,0.1649999,1.2983933,0.1650002,1.2984956,0.0000002,0.0001024,669.911,2661.013,670.767,2661.000
360,358,368,0.3,0.170,0.1699999,1.1552937,0.0030000,0.0200000,2,two-pass source-only match; ordinate averaged,0.1700001,1.1565889,0.1699998,1.1539984,0.0000002,0.0025905,680.289,2732.766,681.133,2734.000
360,358,368,0.3,0.175,0.1750001,1.0897648,0.0030000,0.0200000,2,two-pass source-only match; ordinate averaged,0.1750002,1.0908518,0.1750000,1.0886778,0.0000002,0.0021740,690.667,2766.029,691.500,2767.000
360,358,368,0.3,0.180,0.1800000,1.0687738,0.0030000,0.0200000,2,two-pass source-only match; ordinate averaged,0.1799998,1.0686640,0.1800002,1.0688836,0.0000004,0.0002196,701.044,2777.256,701.867,2777.000
360,358,368,0.3,0.185,0.1849999,1.1021310,0.0030000,0.0200000,2,two-pass source-only match; ordinate averaged,0.1849999,1.0997490,0.1849998,1.1045131,0.0000001,0.0047641,711.422,2761.527,712.233,2759.000
360,358,368,0.3,0.190,0.1900000,1.1564055,0.0030000,0.0200000,2,two-pass source-only match; ordinate averaged,0.1900000,1.1548538,0.1900000,1.1579572,0.0000000,0.0031035,721.800,2733.644,722.600,2732.000
360,358,368,0.3,0.195,0.1950001,1.2469073,0.0030000,0.0200000,2,two-pass source-only match; ordinate averaged,0.1950001,1.2448043,0.1950002,1.2490103,0.0000001,0.0042059,732.178,2688.129,732.967,2686.000
360,358,368,0.3,0.200,0.2000000,1.2674165,0.0030000,0.0200000,2,two-pass source-only match; ordinate averaged,0.2000002,1.2680079,0.1999998,1.2668250,0.0000004,0.0011829,742.556,2676.388,743.333,2677.000
360,358,368,0.3,0.205,0.2049999,1.2355027,0.0030000,0.0200000,2,two-pass source-only match; ordinate averaged,0.2049998,1.2338715,0.2050000,1.2371338,0.0000002,0.0032623,752.933,2693.661,753.700,2692.000
360,358,368,0.3,0.215,0.2149999,1.0835521,0.0030000,0.0200000,2,two-pass source-only match; ordinate averaged,0.2150001,1.0823854,0.2149998,1.0847189,0.0000002,0.0023335,773.689,2770.313,774.433,2769.000
360,358,368,0.3,0.220,0.2200001,1.0849247,0.0030000,0.0200000,2,two-pass source-only match; ordinate averaged,0.2200002,1.0851304,0.2200000,1.0847189,0.0000002,0.0004115,784.067,2768.924,784.800,2769.000
360,358,368,0.3,0.225,0.2250000,1.0777257,0.0030000,0.0200000,2,two-pass source-only match; ordinate averaged,0.2249998,1.0786502,0.2250002,1.0768013,0.0000004,0.0018489,794.444,2772.203,795.167,2773.000
360,358,368,0.3,0.230,0.2299999,1.0696774,0.0030000,0.0200000,2,two-pass source-only match; ordinate averaged,0.2299999,1.0724506,0.2299998,1.0669042,0.0000001,0.0055464,804.822,2775.340,805.533,2778.000
360,358,368,0.3,0.235,0.2350000,1.0193977,0.0030000,0.0200000,2,two-pass source-only match; ordinate averaged,0.2350000,1.0193972,0.2350000,1.0193983,0.0000000,0.0000010,815.200,2802.185,815.900,2802.000
360,358,368,0.3,0.240,0.2400001,0.9257643,0.0030000,0.0200000,2,two-pass source-only match; ordinate averaged,0.2400001,0.9271423,0.2400002,0.9243864,0.0000001,0.0027559,825.578,2848.866,826.267,2850.000
360,358,368,0.3,0.245,0.2450000,0.7902073,0.0030000,0.0200000,2,two-pass source-only match; ordinate averaged,0.2450002,0.7906285,0.2449998,0.7897862,0.0000004,0.0008422,835.956,2917.942,836.633,2918.000
360,358,368,0.3,0.250,0.2499999,0.7132659,0.0030000,0.0200000,2,two-pass source-only match; ordinate averaged,0.2499998,0.7139427,0.2500000,0.7125891,0.0000002,0.0013536,846.333,2956.745,847.000,2957.000
360,358,368,0.3,0.255,0.2550001,0.7526051,0.0030000,0.0200000,2,two-pass source-only match; ordinate averaged,0.2549999,0.7510534,0.2550002,0.7541568,0.0000002,0.0031034,856.711,2937.967,857.367,2936.000
360,358,368,0.3,0.260,0.2599999,1.0420183,0.0030000,0.0200000,2,two-pass source-only match; ordinate averaged,0.2600001,1.0408854,0.2599998,1.0431512,0.0000002,0.0022659,867.089,2791.312,867.733,2790.000
360,358,368,0.3,0.265,0.2650001,1.0886758,0.0030000,0.0200000,2,two-pass source-only match; ordinate averaged,0.2650002,1.0886739,0.2650000,1.0886778,0.0000002,0.0000038,877.467,2767.131,878.100,2767.000
360,358,368,0.3,0.270,0.2700000,1.2823371,0.0030000,0.0200000,2,two-pass source-only match; ordinate averaged,0.2699998,1.2820138,0.2700002,1.2826603,0.0000004,0.0006465,887.844,2669.301,888.467,2669.000
360,358,368,0.3,0.275,0.2749999,1.4299495,0.0030000,0.0200000,2,two-pass source-only match; ordinate averaged,0.2749999,1.4287826,0.2749998,1.4311164,0.0000001,0.0023338,898.222,2595.036,898.833,2594.000
360,358,368,0.3,0.280,0.2800000,1.5346900,0.0030000,0.0200000,2,two-pass source-only match; ordinate averaged,0.2800000,1.5353340,0.2800000,1.5340459,0.0000000,0.0012881,908.600,2541.121,909.200,2542.000
360,358,368,0.3,0.285,0.2850001,1.4408625,0.0030000,0.0200000,2,two-pass source-only match; ordinate averaged,0.2850001,1.4407115,0.2850002,1.4410135,0.0000001,0.0003020,918.978,2589.000,919.567,2589.000
360,358,368,0.3,0.290,0.2900000,1.3493059,0.0030000,0.0200000,2,two-pass source-only match; ordinate averaged,0.2900002,1.3466719,0.2899998,1.3519398,0.0000004,0.0052679,929.356,2636.584,929.933,2634.000
360,358,368,0.3,0.295,0.2949999,1.2441042,0.0030000,0.0200000,2,two-pass source-only match; ordinate averaged,0.2949998,1.2451364,0.2950000,1.2430721,0.0000002,0.0020643,939.733,2687.961,940.300,2689.000
360,358,368,0.3,0.300,0.3000001,1.0815773,0.0030000,0.0200000,2,two-pass source-only match; ordinate averaged,0.2999999,1.0804150,0.3000002,1.0827395,0.0000002,0.0023245,950.111,2771.310,950.667,2770.000
360,358,368,0.3,0.310,0.3100001,0.8468250,0.0030000,0.0200000,2,two-pass source-only match; ordinate averaged,0.3100002,0.8425020,0.3100000,0.8511481,0.0000002,0.0086461,970.867,2891.694,971.400,2887.000
360,358,368,0.3,0.315,0.3150000,0.7586507,0.0030000,0.0200000,2,two-pass source-only match; ordinate averaged,0.3149998,0.7591858,0.3150002,0.7581156,0.0000004,0.0010702,981.244,2933.852,981.767,2934.000
360,358,368,0.3,0.320,0.3199999,0.6658882,0.0030000,0.0200000,2,two-pass source-only match; ordinate averaged,0.3199999,0.6468992,0.3199998,0.6848773,0.0000001,0.0379781,991.622,2990.669,992.133,2971.000
360,358,368,0.3,0.325,0.3250000,0.6018494,0.0030000,0.0200000,2,two-pass source-only match; ordinate averaged,0.3250000,0.6078953,0.3250000,0.5958036,0.0000000,0.0120916,1002.000,3010.405,1002.500,3016.000
360,358,368,0.3,0.330,0.3300001,0.5490125,0.0030000,0.0200000,2,two-pass source-only match; ordinate averaged,0.3300001,0.5497273,0.3300002,0.5482977,0.0000001,0.0014296,1012.378,3039.838,1012.867,3040.000
360,358,368,0.3,0.335,0.3350000,0.5824758,0.0030000,0.0200000,2,two-pass source-only match; ordinate averaged,0.3350002,0.5830040,0.3349998,0.5819477,0.0000004,0.0010562,1022.756,3023.000,1023.233,3023.000
360,358,368,0.3,0.340,0.3399999,0.6446378,0.0030000,0.0200000,2,two-pass source-only match; ordinate averaged,0.3399998,0.6499249,0.3400000,0.6393508,0.0000002,0.0105741,1033.133,2989.138,1033.600,2994.000
360,358,368,0.3,0.345,0.3450001,0.7455909,0.0030000,0.0200000,2,two-pass source-only match; ordinate averaged,0.3449999,0.7449427,0.3450002,0.7462391,0.0000002,0.0012964,1043.511,2941.059,1043.967,2940.000
360,358,368,0.3,0.350,0.3499999,0.8948278,0.0030000,0.0200000,2,two-pass source-only match; ordinate averaged,0.3500001,0.8949605,0.3499998,0.8946952,0.0000002,0.0002653,1053.889,2865.150,1054.333,2865.000
360,358,368,0.3,0.355,0.3550001,1.0008659,0.0030000,0.0200000,2,two-pass source-only match; ordinate averaged,0.3550002,1.0001482,0.3550000,1.0015835,0.0000002,0.0014353,1064.267,2811.925,1064.700,2811.000
360,358,368,0.3,0.360,0.3600000,1.2460836,0.0030000,0.0200000,2,two-pass source-only match; ordinate averaged,0.3599998,1.2451364,0.3600002,1.2470309,0.0000004,0.0018945,1074.644,2687.961,1075.067,2687.000
360,358,368,0.3,0.365,0.3649999,1.2836776,0.0030000,0.0200000,2,two-pass source-only match; ordinate averaged,0.3649999,1.2827154,0.3649998,1.2846397,0.0000001,0.0019243,1085.022,2668.946,1085.433,2668.000
360,358,368,0.3,0.370,0.3700000,1.4437870,0.0030000,0.0200000,2,two-pass source-only match; ordinate averaged,0.3700000,1.4445810,0.3700000,1.4429929,0.0000000,0.0015882,1095.400,2587.042,1095.800,2588.000
360,358,368,0.3,0.375,0.3750001,1.5267358,0.0030000,0.0200000,2,two-pass source-only match; ordinate averaged,0.3750001,1.5451581,0.3750002,1.5083135,0.0000001,0.0368446,1105.778,2536.150,1106.167,2555.000
360,358,368,0.3,0.380,0.3800000,1.6057384,0.0030000,0.0200000,2,two-pass source-only match; ordinate averaged,0.3800002,1.6061719,0.3799998,1.6053048,0.0000004,0.0008671,1116.156,2505.277,1116.533,2506.000
360,358,368,0.3,0.385,0.3849999,1.6491473,0.0030000,0.0200000,2,two-pass source-only match; ordinate averaged,0.3849998,1.6494427,0.3850000,1.6488519,0.0000002,0.0005907,1126.533,2483.382,1126.900,2484.000
360,358,368,0.3,0.390,0.3900001,1.6767265,0.0030000,0.0200000,2,two-pass source-only match; ordinate averaged,0.3899999,1.6768893,0.3900002,1.6765637,0.0000002,0.0003256,1136.911,2469.494,1137.267,2470.000
360,358,368,0.3,0.395,0.3949999,1.7018526,0.0030000,0.0200000,2,two-pass source-only match; ordinate averaged,0.3950001,1.7014091,0.3949998,1.7022961,0.0000002,0.0008870,1147.289,2457.087,1147.633,2457.000
360,358,368,0.3,0.400,0.4000001,1.7134895,0.0030000,0.0200000,2,two-pass source-only match; ordinate averaged,0.4000002,1.7128063,0.4000000,1.7141726,0.0000002,0.0013663,1157.667,2451.320,1158.000,2451.000
360,358,368,0.3,0.405,0.4050000,1.7162084,0.0030000,0.0200000,2,two-pass source-only match; ordinate averaged,0.4049998,1.7162648,0.4050002,1.7161520,0.0000004,0.0001128,1168.044,2449.570,1168.367,2450.000
360,358,368,0.3,0.410,0.4099999,1.7163181,0.0030000,0.0200000,2,two-pass source-only match; ordinate averaged,0.4099999,1.7164842,0.4099998,1.7161520,0.0000001,0.0003322,1178.422,2449.459,1178.733,2450.000
360,358,368,0.3,0.415,0.4150000,1.7102650,0.0030000,0.0200000,2,two-pass source-only match; ordinate averaged,0.4150000,1.7103162,0.4150000,1.7102138,0.0000000,0.0001024,1188.800,2452.580,1189.100,2453.000
360,358,368,0.3,0.420,0.4200001,1.7018793,0.0030000,0.0200000,2,two-pass source-only match; ordinate averaged,0.4200001,1.7014625,0.4200002,1.7022961,0.0000001,0.0008337,1199.178,2457.060,1199.467,2457.000
360,358,368,0.3,0.425,0.4250000,1.6868608,0.0030000,0.0200000,2,two-pass source-only match; ordinate averaged,0.4250002,1.6872609,0.4249998,1.6864608,0.0000004,0.0008001,1209.556,2464.246,1209.833,2465.000
360,358,368,0.3,0.430,0.4299999,1.6651144,0.0030000,0.0200000,2,two-pass source-only match; ordinate averaged,0.4299998,1.6655415,0.4300000,1.6646873,0.0000002,0.0008542,1219.933,2475.236,1220.200,2476.000
360,358,368,0.3,0.435,0.4350001,1.6484645,0.0030000,0.0200000,2,two-pass source-only match; ordinate averaged,0.4349999,1.6480771,0.4350002,1.6488519,0.0000002,0.0007749,1230.311,2484.073,1230.567,2484.000
360,358,368,0.3,0.440,0.4399999,1.6269621,0.0030000,0.0200000,2,two-pass source-only match; ordinate averaged,0.4400001,1.6268458,0.4399998,1.6270784,0.0000002,0.0002325,1240.689,2494.816,1240.933,2495.000
360,358,368,0.3,0.445,0.4450001,1.6069386,0.0030000,0.0200000,2,two-pass source-only match; ordinate averaged,0.4450002,1.6065929,0.4450000,1.6072842,0.0000002,0.0006914,1251.067,2505.064,1251.300,2505.000
360,358,368,0.3,0.450,0.4500000,1.5707335,0.0030000,0.0200000,2,two-pass source-only match; ordinate averaged,0.4499998,1.5698123,0.4500002,1.5716548,0.0000004,0.0018425,1261.444,2523.675,1261.667,2523.000
360,358,368,0.3,0.455,0.4549999,1.5574133,0.0030000,0.0200000,2,two-pass source-only match; ordinate averaged,0.4549999,1.5570277,0.4549998,1.5577989,0.0000001,0.0007712,1271.822,2530.144,1272.033,2530.000
360,358,368,0.3,0.460,0.4600000,1.5329548,0.0030000,0.0200000,2,two-pass source-only match; ordinate averaged,0.4600000,1.5318636,0.4600000,1.5340459,0.0000000,0.0021823,1282.200,2542.877,1282.400,2542.000
360,358,368,0.3,0.465,0.4650001,1.5064601,0.0030000,0.0200000,2,two-pass source-only match; ordinate averaged,0.4650001,1.5046067,0.4650002,1.5083135,0.0000001,0.0037068,1292.578,2556.669,1292.767,2555.000
360,358,368,0.3,0.475,0.4749999,1.4231195,0.0030000,0.0317499,2,two-pass source-only match; ordinate averaged,0.4749998,1.3913696,0.4750000,1.4548694,0.0000002,0.0634998,1313.333,2613.967,1313.500,2582.000
360,358,368,0.3,0.480,0.4800001,1.4345301,0.0030000,0.0200000,2,two-pass source-only match; ordinate averaged,0.4799999,1.4359644,0.4800002,1.4330958,0.0000002,0.0028686,1323.711,2591.402,1323.867,2593.000
360,358,368,0.3,0.485,0.4849999,1.3904777,0.0030000,0.0200000,2,two-pass source-only match; ordinate averaged,0.4850001,1.3716126,0.4849998,1.4093428,0.0000002,0.0377302,1334.089,2623.964,1334.233,2605.000
360,358,368,0.3,0.490,0.4900001,1.3668135,0.0030000,0.0200000,2,two-pass source-only match; ordinate averaged,0.4900002,1.3658518,0.4900000,1.3677751,0.0000002,0.0019234,1344.467,2626.879,1344.600,2626.000
360,358,368,0.3,0.495,0.4950000,1.3595641,0.0030000,0.0200000,2,two-pass source-only match; ordinate averaged,0.4949998,1.3592708,0.4950002,1.3598575,0.0000004,0.0005867,1354.844,2630.209,1354.967,2630.000
360,358,368,0.3,0.500,0.4999999,1.3478443,0.0030000,0.0200000,2,two-pass source-only match; ordinate averaged,0.4999999,1.3477075,0.4999998,1.3479810,0.0000001,0.0002735,1365.222,2636.060,1365.333,2636.000
360,358,368,0.3,0.505,0.5050000,1.3161285,0.0030000,0.0200000,2,two-pass source-only match; ordinate averaged,0.5050000,1.3159466,0.5050000,1.3163104,0.0000000,0.0003637,1375.600,2652.131,1375.700,2652.000
360,358,368,0.3,0.510,0.5100001,1.2976539,0.0030000,0.0200000,2,two-pass source-only match; ordinate averaged,0.5100001,1.2968123,0.5100002,1.2984956,0.0000001,0.0016834,1385.978,2661.813,1386.067,2661.000
360,358,368,0.3,0.515,0.5150000,1.3335260,0.0030000,0.0200000,2,two-pass source-only match; ordinate averaged,0.5150002,1.3329269,0.5149998,1.3341251,0.0000004,0.0011982,1396.356,2643.539,1396.433,2643.000
360,358,368,0.3,0.520,0.5199999,1.2918893,0.0030000,0.0369408,2,two-pass source-only match; ordinate averaged,0.5199998,1.3288300,0.5200000,1.2549485,0.0000002,0.0738815,1406.733,2645.612,1406.800,2683.000
360,358,368,0.3,0.535,0.5350001,1.2047355,0.0030000,0.0200000,2,two-pass source-only match; ordinate averaged,0.5350002,1.2040079,0.5350000,1.2054632,0.0000002,0.0014553,1437.867,2708.772,1437.900,2708.000
360,358,368,0.3,0.540,0.5400000,1.1889256,0.0030000,0.0200000,2,two-pass source-only match; ordinate averaged,0.5399998,1.1882233,0.5400002,1.1896279,0.0000004,0.0014045,1448.244,2716.759,1448.267,2716.000
360,358,368,0.3,0.545,0.5449999,1.1682602,0.0030000,0.0200000,2,two-pass source-only match; ordinate averaged,0.5449999,1.1686660,0.5449998,1.1678543,0.0000001,0.0008117,1458.622,2726.655,1458.633,2727.000
360,358,368,0.3,0.550,0.5500000,1.1548589,0.0030000,0.0200000,2,two-pass source-only match; ordinate averaged,0.5500000,1.1557194,0.5500000,1.1539984,0.0000000,0.0017210,1469.000,2733.206,1469.000,2734.000
360,358,368,0.3,0.555,0.5550001,1.1419859,0.0030000,0.0200000,2,two-pass source-only match; ordinate averaged,0.5550001,1.1418498,0.5550002,1.1421219,0.0000001,0.0002721,1479.378,2740.224,1479.367,2740.000
360,358,368,0.3,0.560,0.5600000,1.1283771,0.0030000,0.0200000,2,two-pass source-only match; ordinate averaged,0.5600002,1.1284881,0.5599998,1.1282660,0.0000004,0.0002221,1489.756,2746.985,1489.733,2747.000
360,358,368,0.3,0.565,0.5649999,1.1162748,0.0030000,0.0200000,2,two-pass source-only match; ordinate averaged,0.5649998,1.1161601,0.5650000,1.1163895,0.0000002,0.0002295,1500.133,2753.223,1500.100,2753.000
360,358,368,0.3,0.570,0.5700001,1.1045708,0.0030000,0.0200000,2,two-pass source-only match; ordinate averaged,0.5699999,1.1046285,0.5700002,1.1045131,0.0000002,0.0001154,1510.511,2759.058,1510.467,2759.000
360,358,368,0.3,0.575,0.5749999,1.0907258,0.0030000,0.0200000,2,two-pass source-only match; ordinate averaged,0.5750001,1.0907945,0.5749998,1.0906572,0.0000002,0.0001373,1520.889,2766.058,1520.833,2766.000
360,358,368,0.3,0.580,0.5800001,1.0803385,0.0030000,0.0200000,2,two-pass source-only match; ordinate averaged,0.5800002,1.0799170,0.5800000,1.0807601,0.0000002,0.0008431,1531.267,2771.562,1531.200,2771.000
360,358,368,0.3,0.585,0.5850000,1.0668315,0.0030000,0.0200000,2,two-pass source-only match; ordinate averaged,0.5849998,1.0667589,0.5850002,1.0669042,0.0000004,0.0001453,1541.644,2778.220,1541.567,2778.000
360,358,368,0.3,0.590,0.5899999,1.0585506,0.0030000,0.0200000,2,two-pass source-only match; ordinate averaged,0.5899999,1.0581146,0.5899998,1.0589865,0.0000001,0.0008719,1552.022,2782.594,1551.933,2782.000
360,358,368,0.3,0.595,0.5950000,1.0492908,0.0030000,0.0200000,2,two-pass source-only match; ordinate averaged,0.5950000,1.0494921,0.5950000,1.0490895,0.0000000,0.0004026,1562.400,2786.957,1562.300,2787.000
360,358,368,0.3,0.600,0.6000001,1.0431053,0.0030000,0.0200000,2,two-pass source-only match; ordinate averaged,0.6000001,1.0430593,0.6000002,1.0431512,0.0000001,0.0000919,1572.778,2790.212,1572.667,2790.000
360,358,368,0.3,0.605,0.6050000,1.0360397,0.0030000,0.0200000,2,two-pass source-only match; ordinate averaged,0.6050002,1.0368458,0.6049998,1.0352336,0.0000004,0.0016123,1583.156,2793.356,1583.033,2794.000
360,358,368,0.3,0.610,0.6099999,1.0288502,0.0030000,0.0200000,2,two-pass source-only match; ordinate averaged,0.6099998,1.0284051,0.6100000,1.0292953,0.0000002,0.0008902,1593.533,2797.627,1593.400,2797.000
360,358,368,0.3,0.615,0.6150001,1.0230313,0.0030000,0.0200000,2,two-pass source-only match; ordinate averaged,0.6149999,1.0227055,0.6150002,1.0233571,0.0000002,0.0006516,1603.911,2800.511,1603.767,2800.000
360,358,368,0.3,0.625,0.6250001,1.0123697,0.0030000,0.0200000,2,two-pass source-only match; ordinate averaged,0.6250002,1.0132589,0.6250000,1.0114806,0.0000002,0.0017783,1624.667,2805.291,1624.500,2806.000
360,358,368,0.3,0.630,0.6300000,1.0061961,0.0030000,0.0200000,2,two-pass source-only match; ordinate averaged,0.6299998,1.0068498,0.6300002,1.0055424,0.0000004,0.0013074,1635.044,2808.534,1634.867,2809.000
360,358,368,0.3,0.640,0.6400000,0.9995659,0.0030000,0.0200000,2,two-pass source-only match; ordinate averaged,0.6400000,0.9995277,0.6400000,0.9996041,0.0000000,0.0000764,1655.800,2812.239,1655.600,2812.000
360,358,368,0.3,0.645,0.6450001,0.9957861,0.0030000,0.0200000,2,two-pass source-only match; ordinate averaged,0.6450001,0.9959269,0.6450002,0.9956453,0.0000001,0.0002816,1666.178,2814.061,1665.967,2814.000
360,358,368,0.3,0.650,0.6500000,0.9896272,0.0030000,0.0200000,2,two-pass source-only match; ordinate averaged,0.6500002,0.9895474,0.6499998,0.9897070,0.0000004,0.0001596,1676.556,2817.289,1676.333,2817.000
360,358,368,0.3,0.655,0.6549999,0.9867443,0.0030000,0.0200000,2,two-pass source-only match; ordinate averaged,0.6549998,0.9857609,0.6550000,0.9877276,0.0000002,0.0019668,1686.933,2819.205,1686.700,2818.000
360,358,368,0.3,0.660,0.6600001,1.0625241,0.0030000,0.0200000,2,two-pass source-only match; ordinate averaged,0.6599999,1.0621028,0.6600002,1.0629454,0.0000002,0.0008426,1697.311,2780.576,1697.067,2780.000
360,358,368,0.3,0.665,0.6649999,1.0549477,0.0030000,0.0200000,2,two-pass source-only match; ordinate averaged,0.6650001,1.0548676,0.6649998,1.0550277,0.0000002,0.0001601,1707.689,2784.237,1707.433,2784.000
360,358,368,0.3,0.670,0.6700001,1.0486416,0.0030000,0.0200000,2,two-pass source-only match; ordinate averaged,0.6700002,1.0481937,0.6700000,1.0490895,0.0000002,0.0008958,1718.067,2787.614,1717.800,2787.000
360,358,368,0.3,0.675,0.6750000,1.0436003,0.0030000,0.0200000,2,two-pass source-only match; ordinate averaged,0.6749998,1.0440494,0.6750002,1.0431512,0.0000004,0.0008982,1728.444,2789.711,1728.167,2790.000
360,358,368,0.3,0.680,0.6799999,0.9999231,0.0030000,0.0353105,2,two-pass source-only match; ordinate averaged,0.6799999,0.9646126,0.6799998,1.0352336,0.0000001,0.0706209,1738.822,2829.906,1738.533,2794.000
360,358,368,0.3,0.690,0.6900001,0.9598557,0.0030000,0.0200000,2,two-pass source-only match; ordinate averaged,0.6900001,0.9596957,0.6900002,0.9600158,0.0000001,0.0003202,1759.578,2832.394,1759.267,2832.000
360,358,368,0.3,0.695,0.6950000,0.9560532,0.0030000,0.0200000,2,two-pass source-only match; ordinate averaged,0.6950002,0.9560494,0.6949998,0.9560570,0.0000004,0.0000076,1769.956,2834.239,1769.633,2834.000
360,358,368,0.3,0.700,0.6999999,0.9538807,0.0030000,0.0200000,2,two-pass source-only match; ordinate averaged,0.6999998,0.9536838,0.7000000,0.9540776,0.0000002,0.0003938,1780.333,2835.436,1780.000,2835.000
360,358,368,0.3,0.705,0.7050001,0.9819859,0.0030000,0.0314741,2,two-pass source-only match; ordinate averaged,0.7049999,0.9505119,0.7050002,1.0134600,0.0000002,0.0629482,1790.711,2837.041,1790.367,2805.000
360,358,368,0.3,0.710,0.7099999,1.0102644,0.0030000,0.0200000,2,two-pass source-only match; ordinate averaged,0.7100001,1.0110277,0.7099998,1.0095012,0.0000002,0.0015265,1801.089,2806.420,1800.733,2807.000
360,358,368,0.3,0.715,0.7150001,0.9810162,0.0030000,0.0344233,2,two-pass source-only match; ordinate averaged,0.7150002,0.9465929,0.7150000,1.0154394,0.0000002,0.0688465,1811.467,2839.024,1811.100,2804.000
360,358,368,0.3,0.720,0.7200000,1.0110328,0.0030000,0.0200000,2,two-pass source-only match; ordinate averaged,0.7199998,1.0105850,0.7200002,1.0114806,0.0000004,0.0008956,1821.844,2806.644,1821.467,2806.000
360,358,368,0.3,0.725,0.7249999,1.0046155,0.0030000,0.0200000,2,two-pass source-only match; ordinate averaged,0.7249999,1.0056680,0.7249998,1.0035629,0.0000001,0.0021050,1832.222,2809.132,1831.833,2810.000
360,358,368,0.3,0.730,0.7300000,1.0003184,0.0030000,0.0200000,2,two-pass source-only match; ordinate averaged,0.7300000,0.9990534,0.7300000,1.0015835,0.0000000,0.0025302,1842.600,2812.479,1842.200,2811.000
360,358,368,0.3,0.735,0.7350001,0.9650489,0.0030000,0.0305964,2,two-pass source-only match; ordinate averaged,0.7350001,0.9344526,0.7350002,0.9956453,0.0000001,0.0611927,1852.978,2845.167,1852.567,2814.000
360,358,368,0.3,0.740,0.7400000,0.9936867,0.0030000,0.0200000,2,two-pass source-only match; ordinate averaged,0.7400002,0.9937075,0.7399998,0.9936659,0.0000004,0.0000416,1863.356,2815.184,1862.933,2815.000
360,358,368,0.3,0.745,0.7449999,0.9878648,0.0030000,0.0200000,2,two-pass source-only match; ordinate averaged,0.7449998,0.9880020,0.7450000,0.9877276,0.0000002,0.0002743,1873.733,2818.071,1873.300,2818.000
360,358,368,0.3,0.750,0.7500001,0.9870555,0.0030000,0.0200000,2,two-pass source-only match; ordinate averaged,0.7499999,0.9863834,0.7500002,0.9877276,0.0000002,0.0013442,1884.111,2818.890,1883.667,2818.000
360,358,368,0.3,0.755,0.7549999,0.9265693,0.0030000,0.0200000,2,two-pass source-only match; ordinate averaged,0.7550001,0.9267727,0.7549998,0.9263658,0.0000002,0.0004069,1894.489,2849.053,1894.033,2849.000
360,358,368,0.3,0.760,0.7600001,0.9692381,0.0030000,0.0200000,2,two-pass source-only match; ordinate averaged,0.7600002,0.9685632,0.7600000,0.9699129,0.0000002,0.0013497,1904.867,2827.907,1904.400,2827.000
360,358,368,0.3,0.765,0.7650000,0.9640496,0.0030000,0.0200000,2,two-pass source-only match; ordinate averaged,0.7649998,0.9641245,0.7650002,0.9639747,0.0000004,0.0001498,1915.244,2830.153,1914.767,2830.000
360,358,368,0.3,0.770,0.7699999,0.9576872,0.0030000,0.0200000,2,two-pass source-only match; ordinate averaged,0.7699999,0.9573379,0.7699998,0.9580364,0.0000001,0.0006985,1925.622,2833.587,1925.133,2833.000
360,358,368,0.3,0.775,0.7750000,0.9525619,0.0030000,0.0200000,2,two-pass source-only match; ordinate averaged,0.7750000,0.9530257,0.7750000,0.9520982,0.0000000,0.0009275,1936.000,2835.769,1935.500,2836.000
360,358,368,0.3,0.780,0.7800001,0.9501710,0.0030000,0.0200000,2,two-pass source-only match; ordinate averaged,0.7800001,0.9502233,0.7800002,0.9501188,0.0000001,0.0001046,1946.378,2837.187,1945.867,2837.000
360,358,368,0.3,0.785,0.7850000,0.9424009,0.0030000,0.0200000,2,two-pass source-only match; ordinate averaged,0.7850002,0.9426008,0.7849998,0.9422011,0.0000004,0.0003997,1956.756,2841.044,1956.233,2841.000
360,358,368,0.3,0.790,0.7899999,0.9174869,0.0030000,0.0200000,2,two-pass source-only match; ordinate averaged,0.7899998,0.9165257,0.7900000,0.9184481,0.0000002,0.0019224,1967.133,2854.238,1966.600,2853.000
360,358,368,0.3,0.795,0.7950001,0.9197078,0.0030000,0.0200000,2,two-pass source-only match; ordinate averaged,0.7949999,0.9189881,0.7950002,0.9204276,0.0000002,0.0014394,1977.511,2852.992,1976.967,2852.000
360,358,368,0.3,0.800,0.7999999,0.9135618,0.0030000,0.0200000,2,two-pass source-only match; ordinate averaged,0.8000001,0.9126344,0.7999998,0.9144893,0.0000002,0.0018549,1987.889,2856.207,1987.333,2855.000
360,358,368,0.3,0.805,0.8050001,0.9089742,0.0030000,0.0200000,2,two-pass source-only match; ordinate averaged,0.8050002,0.9093972,0.8050000,0.9085511,0.0000002,0.0008462,1998.267,2857.845,1997.700,2858.000
360,358,368,0.3,0.810,0.8100000,0.9033410,0.0030000,0.0200000,2,two-pass source-only match; ordinate averaged,0.8099998,0.9040692,0.8100002,0.9026128,0.0000004,0.0014563,2008.644,2860.541,2008.067,2861.000
360,358,368,0.3,0.815,0.8149999,0.8990997,0.0030000,0.0200000,2,two-pass source-only match; ordinate averaged,0.8149999,0.8995455,0.8149998,0.8986540,0.0000001,0.0008915,2019.022,2862.830,2018.433,2863.000
360,358,368,0.3,0.820,0.8200000,0.8969519,0.0030000,0.0200000,2,two-pass source-only match; ordinate averaged,0.8200000,0.8972292,0.8200000,0.8966746,0.0000000,0.0005547,2029.400,2864.002,2028.800,2864.000
360,358,368,0.3,0.825,0.8250001,0.8963140,0.0030000,0.0200000,2,two-pass source-only match; ordinate averaged,0.8250001,0.8979328,0.8250002,0.8946952,0.0000001,0.0032376,2039.778,2863.646,2039.167,2865.000
360,358,368,0.3,0.830,0.8300000,0.8994564,0.0030000,0.0200000,2,two-pass source-only match; ordinate averaged,0.8300002,0.9002589,0.8299998,0.8986540,0.0000004,0.0016049,2050.156,2862.469,2049.533,2863.000
360,358,368,0.3,0.835,0.8349999,0.9139747,0.0030000,0.0200000,2,two-pass source-only match; ordinate averaged,0.8349998,0.9174190,0.8350000,0.9105305,0.0000002,0.0068885,2060.533,2853.786,2059.900,2857.000
360,358,368,0.3,0.840,0.8400001,0.8967948,0.0030000,0.0200000,2,two-pass source-only match; ordinate averaged,0.8399999,0.8969150,0.8400002,0.8966746,0.0000002,0.0002404,2070.911,2864.161,2070.267,2864.000
360,358,368,0.3,0.845,0.8449999,0.8960156,0.0030000,0.0200000,2,two-pass source-only match; ordinate averaged,0.8450001,0.8973360,0.8449998,0.8946952,0.0000002,0.0026408,2081.289,2863.948,2080.633,2865.000
360,358,368,0.3,0.850,0.8500001,0.8669334,0.0030000,0.0200000,2,two-pass source-only match; ordinate averaged,0.8500002,0.8668834,0.8500000,0.8669834,0.0000002,0.0001000,2091.667,2879.357,2091.000,2879.000
360,358,368,0.3,0.855,0.8550000,0.8950541,0.0030000,0.0200000,2,two-pass source-only match; ordinate averaged,0.8549998,0.8954130,0.8550002,0.8946952,0.0000004,0.0007179,2102.044,2864.921,2101.367,2865.000
360,358,368,0.3,0.860,0.8599999,0.8866803,0.0030000,0.0238502,2,two-pass source-only match; ordinate averaged,0.8599999,0.8628300,0.8599998,0.9105305,0.0000001,0.0477004,2112.422,2881.408,2111.733,2857.000
360,358,368,0.3,0.865,0.8650000,0.8617459,0.0030000,0.0200000,2,two-pass source-only match; ordinate averaged,0.8650000,0.8624466,0.8650000,0.8610451,0.0000000,0.0014015,2122.800,2881.602,2122.100,2882.000
360,358,368,0.3,0.870,0.8700001,0.8629006,0.0030000,0.0200000,2,two-pass source-only match; ordinate averaged,0.8700001,0.8627767,0.8700002,0.8630245,0.0000001,0.0002479,2133.178,2881.435,2132.467,2881.000
360,358,368,0.3,0.875,0.8750000,0.9103882,0.0030000,0.0200000,2,two-pass source-only match; ordinate averaged,0.8750002,0.9122253,0.8749998,0.9085511,0.0000004,0.0036742,2143.556,2856.414,2142.833,2858.000
360,358,368,0.3,0.880,0.8799999,0.9118354,0.0030000,0.0200000,2,two-pass source-only match; ordinate averaged,0.8799998,0.9131403,0.8800000,0.9105305,0.0000002,0.0026098,2153.933,2855.951,2153.200,2857.000
360,358,368,0.3,0.885,0.8850001,0.8614405,0.0030000,0.0200000,2,two-pass source-only match; ordinate averaged,0.8849999,0.8618360,0.8850002,0.8610451,0.0000002,0.0007908,2164.311,2881.911,2163.567,2882.000
360,358,368,0.3,0.890,0.8899999,0.8617034,0.0030000,0.0200000,2,two-pass source-only match; ordinate averaged,0.8900001,0.8623617,0.8899998,0.8610451,0.0000002,0.0013165,2174.689,2881.645,2173.933,2882.000
360,358,368,0.3,0.895,0.8950001,0.8916253,0.0030000,0.0268229,2,two-pass source-only match; ordinate averaged,0.8950002,0.8648024,0.8950000,0.9184481,0.0000002,0.0536458,2185.067,2880.410,2184.300,2853.000
360,358,368,0.3,0.900,0.9000000,0.8668563,0.0030000,0.0200000,2,two-pass source-only match; ordinate averaged,0.8999998,0.8667292,0.9000002,0.8669834,0.0000004,0.0002541,2195.444,2879.435,2194.667,2879.000
360,358,368,0.3,0.905,0.9049999,0.8694705,0.0030000,0.0200000,2,two-pass source-only match; ordinate averaged,0.9049999,0.8699783,0.9049998,0.8689628,0.0000001,0.0010155,2205.822,2877.791,2205.033,2878.000
360,358,368,0.3,0.910,0.9100000,0.8828505,0.0030000,0.0200000,2,two-pass source-only match; ordinate averaged,0.9100000,0.8848617,0.9100000,0.8808393,0.0000000,0.0040224,2216.200,2870.260,2215.400,2872.000
360,358,368,0.3,0.915,0.9150001,0.8819493,0.0030000,0.0200000,2,two-pass source-only match; ordinate averaged,0.9150001,0.8830593,0.9150002,0.8808393,0.0000001,0.0022200,2226.578,2871.172,2225.767,2872.000
360,358,368,0.3,0.920,0.9200000,0.8879678,0.0030000,0.0200000,2,two-pass source-only match; ordinate averaged,0.9200002,0.8891581,0.9199998,0.8867775,0.0000004,0.0023806,2236.956,2868.086,2236.133,2869.000
360,358,368,0.3,0.925,0.9249999,0.8907352,0.0030000,0.0200000,2,two-pass source-only match; ordinate averaged,0.9249998,0.8927134,0.9250000,0.8887569,0.0000002,0.0039565,2247.333,2866.287,2246.500,2868.000
360,358,368,0.3,0.930,0.9300001,0.8931682,0.0030000,0.0200000,2,two-pass source-only match; ordinate averaged,0.9299999,0.8936206,0.9300002,0.8927158,0.0000002,0.0009048,2257.711,2865.828,2256.867,2866.000
360,358,368,0.3,0.935,0.9349999,0.8969381,0.0030000,0.0200000,2,two-pass source-only match; ordinate averaged,0.9350001,0.8972016,0.9349998,0.8966746,0.0000002,0.0005270,2268.089,2864.016,2267.233,2864.000
360,358,368,0.3,0.940,0.9400001,0.9031108,0.0030000,0.0200000,2,two-pass source-only match; ordinate averaged,0.9400002,0.9036087,0.9400000,0.9026128,0.0000002,0.0009959,2278.467,2860.774,2277.600,2861.000
360,358,368,0.3,0.945,0.9450000,0.9068392,0.0030000,0.0200000,2,two-pass source-only match; ordinate averaged,0.9449998,0.9071067,0.9450002,0.9065717,0.0000004,0.0005351,2288.844,2859.004,2287.967,2859.000
360,358,368,0.3,0.950,0.9499999,0.9119605,0.0030000,0.0200000,2,two-pass source-only match; ordinate averaged,0.9499999,0.9114111,0.9499998,0.9125099,0.0000001,0.0010988,2299.222,2856.826,2298.333,2856.000
361,359,369,0.4,0.150,0.1500001,0.9732706,0.0030000,0.0200000,2,two-pass source-only match; ordinate averaged,0.1500001,0.9769519,0.1500002,0.9695893,0.0000001,0.0073626,638.778,1086.490,639.667,1090.000
361,359,369,0.4,0.155,0.1550000,0.9450711,0.0030000,0.0200000,2,two-pass source-only match; ordinate averaged,0.1550002,0.9462244,0.1549998,0.9439179,0.0000004,0.0023065,649.156,1102.075,650.033,1103.000
361,359,369,0.4,0.160,0.1599999,0.9184095,0.0030000,0.0200000,2,two-pass source-only match; ordinate averaged,0.1599998,0.9185726,0.1600000,0.9182464,0.0000002,0.0003261,659.533,1116.100,660.400,1116.000
361,359,369,0.4,0.165,0.1650001,0.8976777,0.0030000,0.0200000,2,two-pass source-only match; ordinate averaged,0.1649999,0.8988308,0.1650002,0.8965245,0.0000002,0.0023063,669.911,1126.113,670.767,1127.000
361,359,369,0.4,0.170,0.1699999,0.8908118,0.0030000,0.0200000,2,two-pass source-only match; ordinate averaged,0.1700001,0.8910233,0.1699998,0.8906003,0.0000002,0.0004229,680.289,1130.073,681.133,1130.000
361,359,369,0.4,0.175,0.1750001,0.8965657,0.0030000,0.0200000,2,two-pass source-only match; ordinate averaged,0.1750002,0.8966069,0.1750000,0.8965245,0.0000002,0.0000824,690.667,1127.241,691.500,1127.000
361,359,369,0.4,0.180,0.1800000,0.9029120,0.0030000,0.0200000,2,two-pass source-only match; ordinate averaged,0.1799998,0.9033754,0.1800002,0.9024487,0.0000004,0.0009267,701.044,1123.808,701.867,1124.000
361,359,369,0.4,0.185,0.1849999,0.9035627,0.0030000,0.0200000,2,two-pass source-only match; ordinate averaged,0.1849999,0.9046767,0.1849998,0.9024487,0.0000001,0.0022280,711.422,1123.148,712.233,1124.000
361,359,369,0.4,0.190,0.1900000,0.8913219,0.0030000,0.0200000,2,two-pass source-only match; ordinate averaged,0.1900000,0.8940181,0.1900000,0.8886256,0.0000000,0.0053925,721.800,1128.554,722.600,1131.000
361,359,369,0.4,0.195,0.1950001,0.8564995,0.0030000,0.0200000,2,two-pass source-only match; ordinate averaged,0.1950001,0.8579436,0.1950002,0.8550553,0.0000001,0.0028883,732.178,1146.851,732.967,1148.000
361,359,369,0.4,0.200,0.2000000,0.8464429,0.0030000,0.0200000,2,two-pass source-only match; ordinate averaged,0.2000002,0.8457295,0.1999998,0.8471564,0.0000004,0.0014269,742.556,1153.046,743.333,1152.000
361,359,369,0.4,0.205,0.2049999,0.8616506,0.0030000,0.0200000,2,two-pass source-only match; ordinate averaged,0.2049998,0.8603470,0.2050000,0.8629542,0.0000002,0.0026072,752.933,1145.632,753.700,1144.000
361,359,369,0.4,0.210,0.2100001,0.9984590,0.0030000,0.0200000,2,two-pass source-only match; ordinate averaged,0.2099999,0.9996826,0.2100002,0.9972354,0.0000002,0.0024472,763.311,1074.961,764.067,1076.000
361,359,369,0.4,0.215,0.2149999,1.0486690,0.0030000,0.0200000,2,two-pass source-only match; ordinate averaged,0.2150001,1.0487599,0.2149998,1.0485782,0.0000002,0.0001817,773.689,1050.069,774.433,1050.000
361,359,369,0.4,0.220,0.2200001,1.1899730,0.0030000,0.0200000,2,two-pass source-only match; ordinate averaged,0.2200002,1.1891877,0.2200000,1.1907583,0.0000002,0.0015706,784.067,978.844,784.800,978.000
361,359,369,0.4,0.225,0.2250000,1.2870702,0.0030000,0.0200000,2,two-pass source-only match; ordinate averaged,0.2249998,1.2866207,0.2250002,1.2875197,0.0000004,0.0008991,794.444,929.426,795.167,929.000
361,359,369,0.4,0.230,0.2299999,1.1139984,0.0030000,0.0200000,2,two-pass source-only match; ordinate averaged,0.2299999,1.1142528,0.2299998,1.1137441,0.0000001,0.0005087,804.822,1016.851,805.533,1017.000
361,359,369,0.4,0.235,0.2350000,1.1178048,0.0030000,0.0200000,2,two-pass source-only match; ordinate averaged,0.2350000,1.1179160,0.2350000,1.1176935,0.0000000,0.0002225,815.200,1014.993,815.900,1015.000
361,359,369,0.4,0.240,0.2400001,1.0190784,0.0030000,0.0200000,2,two-pass source-only match; ordinate averaged,0.2400001,1.0191995,0.2400002,1.0189573,0.0000001,0.0002422,825.578,1065.062,826.267,1065.000
361,359,369,0.4,0.250,0.2499999,0.8513465,0.0030000,0.0200000,2,two-pass source-only match; ordinate averaged,0.2499998,0.8515871,0.2500000,0.8511058,0.0000002,0.0004813,846.333,1150.075,847.000,1150.000
361,359,369,0.4,0.255,0.2550001,0.9047793,0.0030000,0.0200000,2,two-pass source-only match; ordinate averaged,0.2549999,0.9031605,0.2550002,0.9063981,0.0000002,0.0032376,856.711,1123.917,857.367,1122.000
361,359,369,0.4,0.260,0.2599999,1.0299444,0.0030000,0.0200000,2,two-pass source-only match; ordinate averaged,0.2600001,1.0290832,0.2599998,1.0308057,0.0000002,0.0017225,867.089,1060.049,867.733,1059.000
361,359,369,0.4,0.270,0.2700000,1.2344059,0.0030000,0.0200000,2,two-pass source-only match; ordinate averaged,0.2699998,1.2346096,0.2700002,1.2342022,0.0000004,0.0004074,887.844,955.806,888.467,956.000
361,359,369,0.4,0.275,0.2749999,1.2836118,0.0030000,0.0200000,2,two-pass source-only match; ordinate averaged,0.2749999,1.2836534,0.2749998,1.2835703,0.0000001,0.0000831,898.222,930.931,898.833,931.000
361,359,369,0.4,0.280,0.2800000,1.2842960,0.0030000,0.0200000,2,two-pass source-only match; ordinate averaged,0.2800000,1.2850217,0.2800000,1.2835703,0.0000000,0.0014514,908.600,930.237,909.200,931.000
361,359,369,0.4,0.285,0.2850001,1.2486337,0.0030000,0.0200000,2,two-pass source-only match; ordinate averaged,0.2850001,1.2472674,0.2850002,1.2500000,0.0000001,0.0027326,918.978,949.386,919.567,948.000
361,359,369,0.4,0.290,0.2900000,1.0733916,0.0030000,0.0200000,2,two-pass source-only match; ordinate averaged,0.2900002,1.0725335,0.2899998,1.0742496,0.0000004,0.0017161,929.356,1038.011,929.933,1037.000
361,359,369,0.4,0.295,0.2949999,1.1080020,0.0030000,0.0235146,2,two-pass source-only match; ordinate averaged,0.2949998,1.0844874,0.2950000,1.1315166,0.0000002,0.0470292,939.733,1031.948,940.300,1008.000
361,359,369,0.4,0.300,0.3000001,1.0810490,0.0030000,0.0200000,2,two-pass source-only match; ordinate averaged,0.2999999,1.0819243,0.3000002,1.0801738,0.0000002,0.0017505,950.111,1033.248,950.667,1034.000
361,359,369,0.4,0.310,0.3100001,0.9212835,0.0030000,0.0200000,2,two-pass source-only match; ordinate averaged,0.3100002,0.9262953,0.3100000,0.9162717,0.0000002,0.0100236,970.867,1112.183,971.400,1117.000
361,359,369,0.4,0.315,0.3150000,0.8587374,0.0030000,0.0200000,2,two-pass source-only match; ordinate averaged,0.3149998,0.8584700,0.3150002,0.8590047,0.0000004,0.0005347,981.244,1146.584,981.767,1146.000
361,359,369,0.4,0.320,0.3199999,0.8202289,0.0030000,0.0200000,2,two-pass source-only match; ordinate averaged,0.3199999,0.8189728,0.3199998,0.8214850,0.0000001,0.0025122,991.622,1166.617,992.133,1165.000
361,359,369,0.4,0.325,0.3250000,0.8001191,0.0030000,0.0200000,2,two-pass source-only match; ordinate averaged,0.3250000,0.8004752,0.3250000,0.7997630,0.0000000,0.0007121,1002.000,1175.999,1002.500,1176.000
361,359,369,0.4,0.330,0.3300001,0.7919317,0.0030000,0.0200000,2,two-pass source-only match; ordinate averaged,0.3300001,0.7919992,0.3300002,0.7918641,0.0000001,0.0001351,1012.378,1180.298,1012.867,1180.000
361,359,369,0.4,0.335,0.3350000,0.8031900,0.0030000,0.0200000,2,two-pass source-only match; ordinate averaged,0.3350002,0.8026676,0.3349998,0.8037125,0.0000004,0.0010449,1022.756,1174.887,1023.233,1174.000
361,359,369,0.4,0.340,0.3399999,0.8412175,0.0030000,0.0200000,2,two-pass source-only match; ordinate averaged,0.3399998,0.8412027,0.3400000,0.8412322,0.0000002,0.0000295,1033.133,1155.342,1033.600,1155.000
361,359,369,0.4,0.345,0.3450001,0.9124525,0.0030000,0.0200000,2,two-pass source-only match; ordinate averaged,0.3449999,0.9125828,0.3450002,0.9123223,0.0000002,0.0002605,1043.511,1119.138,1043.967,1119.000
361,359,369,0.4,0.350,0.3499999,0.9586625,0.0030000,0.0200000,2,two-pass source-only match; ordinate averaged,0.3500001,0.9595840,0.3499998,0.9577409,0.0000002,0.0018431,1053.889,1095.299,1054.333,1096.000
361,359,369,0.4,0.355,0.3550001,1.0648350,0.0030000,0.0200000,2,two-pass source-only match; ordinate averaged,0.3550002,1.0613446,0.3550000,1.0683254,0.0000002,0.0069808,1064.267,1043.686,1064.700,1040.000
361,359,369,0.4,0.360,0.3600000,1.1404570,0.0030000,0.0200000,2,two-pass source-only match; ordinate averaged,0.3599998,1.1414984,0.3600002,1.1394155,0.0000004,0.0020829,1074.644,1003.032,1075.067,1004.000
361,359,369,0.4,0.365,0.3649999,1.1545412,0.0030000,0.0200000,2,two-pass source-only match; ordinate averaged,0.3649999,1.1558438,0.3649998,1.1532385,0.0000001,0.0026053,1085.022,995.756,1085.433,997.000
361,359,369,0.4,0.375,0.3750001,1.4586931,0.0030000,0.0200000,2,two-pass source-only match; ordinate averaged,0.3750001,1.4620150,0.3750002,1.4553712,0.0000001,0.0066437,1105.778,840.466,1106.167,844.000
361,359,369,0.4,0.380,0.3800000,1.4964880,0.0030000,0.0200000,2,two-pass source-only match; ordinate averaged,0.3800002,1.4961356,0.3799998,1.4968404,0.0000004,0.0007048,1116.156,823.160,1116.533,823.000
361,359,369,0.4,0.385,0.3849999,1.5202883,0.0030000,0.0200000,2,two-pass source-only match; ordinate averaged,0.3849998,1.5200394,0.3850000,1.5205371,0.0000002,0.0004977,1126.533,811.036,1126.900,811.000
361,359,369,0.4,0.390,0.3900001,1.5341251,0.0030000,0.0200000,2,two-pass source-only match; ordinate averaged,0.3899999,1.5338900,0.3900002,1.5343602,0.0000002,0.0004702,1136.911,804.011,1137.267,804.000
361,359,369,0.4,0.395,0.3949999,1.5387063,0.0030000,0.0200000,2,two-pass source-only match; ordinate averaged,0.3950001,1.5391029,0.3949998,1.5383096,0.0000002,0.0007933,1147.289,801.367,1147.633,802.000
361,359,369,0.4,0.400,0.4000001,1.5368337,0.0030000,0.0200000,2,two-pass source-only match; ordinate averaged,0.4000002,1.5373324,0.4000000,1.5363349,0.0000002,0.0009975,1157.667,802.265,1158.000,803.000
361,359,369,0.4,0.405,0.4050000,1.5278941,0.0030000,0.0200000,2,two-pass source-only match; ordinate averaged,0.4049998,1.5273521,0.4050002,1.5284360,0.0000004,0.0010839,1168.044,807.327,1168.367,807.000
361,359,369,0.4,0.410,0.4099999,1.5136762,0.0030000,0.0200000,2,two-pass source-only match; ordinate averaged,0.4099999,1.5147141,0.4099998,1.5126382,0.0000001,0.0020759,1178.422,813.737,1178.733,815.000
361,359,369,0.4,0.415,0.4150000,1.4966655,0.0030000,0.0200000,2,two-pass source-only match; ordinate averaged,0.4150000,1.4964905,0.4150000,1.4968404,0.0000000,0.0003499,1188.800,822.980,1189.100,823.000
361,359,369,0.4,0.420,0.4200001,1.4826128,0.0030000,0.0200000,2,two-pass source-only match; ordinate averaged,0.4200001,1.4822082,0.4200002,1.4830174,0.0000001,0.0008092,1199.178,830.224,1199.467,830.000
361,359,369,0.4,0.425,0.4250000,1.4591093,0.0030000,0.0200000,2,two-pass source-only match; ordinate averaged,0.4250002,1.4588979,0.4249998,1.4593207,0.0000004,0.0004228,1209.556,842.047,1209.833,842.000
361,359,369,0.4,0.430,0.4299999,1.4382996,0.0030000,0.0200000,2,two-pass source-only match; ordinate averaged,0.4299998,1.4390004,0.4300000,1.4375987,0.0000002,0.0014017,1219.933,852.139,1220.200,853.000
361,359,369,0.4,0.435,0.4350001,1.4168786,0.0030000,0.0200000,2,two-pass source-only match; ordinate averaged,0.4349999,1.4178805,0.4350002,1.4158768,0.0000002,0.0020037,1230.311,862.851,1230.567,864.000
361,359,369,0.4,0.440,0.4399999,1.3991414,0.0030000,0.0200000,2,two-pass source-only match; ordinate averaged,0.4400001,1.3982039,0.4399998,1.4000790,0.0000002,0.0018751,1240.689,872.831,1240.933,872.000
361,359,369,0.4,0.445,0.4450001,1.3452778,0.0030000,0.0370286,2,two-pass source-only match; ordinate averaged,0.4450002,1.3082492,0.4450000,1.3823065,0.0000002,0.0740573,1251.067,918.456,1251.300,881.000
361,359,369,0.4,0.450,0.4500000,1.3370494,0.0030000,0.0215604,2,two-pass source-only match; ordinate averaged,0.4499998,1.3154890,0.4500002,1.3586098,0.0000004,0.0431208,1261.444,914.784,1261.667,893.000
361,359,369,0.4,0.455,0.4549999,1.3319305,0.0030000,0.0200000,2,two-pass source-only match; ordinate averaged,0.4549999,1.3210489,0.4549998,1.3428120,0.0000001,0.0217631,1271.822,911.964,1272.033,901.000
361,359,369,0.4,0.460,0.4600000,1.3256162,0.0030000,0.0200000,2,two-pass source-only match; ordinate averaged,0.4600000,1.3261928,0.4600000,1.3250395,0.0000000,0.0011533,1282.200,909.355,1282.400,910.000
361,359,369,0.4,0.465,0.4650001,1.3216659,0.0030000,0.0200000,2,two-pass source-only match; ordinate averaged,0.4650001,1.3222417,0.4650002,1.3210900,0.0000001,0.0011517,1292.578,911.359,1292.767,912.000
361,359,369,0.4,0.470,0.4700000,1.3083042,0.0030000,0.0200000,2,two-pass source-only match; ordinate averaged,0.4700002,1.3231644,0.4699998,1.2934439,0.0000004,0.0297205,1302.956,910.891,1303.133,926.000
361,359,369,0.4,0.475,0.4749999,1.3217369,0.0030000,0.0200000,2,two-pass source-only match; ordinate averaged,0.4749998,1.3223837,0.4750000,1.3210900,0.0000002,0.0012936,1313.333,911.287,1313.500,912.000
361,359,369,0.4,0.480,0.4800001,1.2579715,0.0030000,0.0200000,2,two-pass source-only match; ordinate averaged,0.4799999,1.2580442,0.4800002,1.2578989,0.0000002,0.0001453,1323.711,943.920,1323.867,944.000
361,359,369,0.4,0.485,0.4849999,1.2757396,0.0030000,0.0316638,2,two-pass source-only match; ordinate averaged,0.4850001,1.3074034,0.4849998,1.2440758,0.0000002,0.0633276,1334.089,918.885,1334.233,951.000
361,359,369,0.4,0.490,0.4900001,1.2310057,0.0030000,0.0200000,2,two-pass source-only match; ordinate averaged,0.4900002,1.2317587,0.4900000,1.2302528,0.0000002,0.0015059,1344.467,957.252,1344.600,958.000
361,359,369,0.4,0.495,0.4950000,1.2166740,0.0030000,0.0200000,2,two-pass source-only match; ordinate averaged,0.4949998,1.2169184,0.4950002,1.2164297,0.0000004,0.0004887,1354.844,964.779,1354.967,965.000
361,359,369,0.4,0.500,0.4999999,1.2044427,0.0030000,0.0200000,2,two-pass source-only match; ordinate averaged,0.4999999,1.2043040,0.4999998,1.2045814,0.0000001,0.0002773,1365.222,971.177,1365.333,971.000
361,359,369,0.4,0.505,0.5050000,1.1925376,0.0030000,0.0200000,2,two-pass source-only match; ordinate averaged,0.5050000,1.1923423,0.5050000,1.1927330,0.0000000,0.0003907,1375.600,977.244,1375.700,977.000
361,359,369,0.4,0.510,0.5100001,1.2611667,0.0030000,0.0200000,2,two-pass source-only match; ordinate averaged,0.5100001,1.2604850,0.5100002,1.2618483,0.0000001,0.0013633,1385.978,942.682,1386.067,942.000
361,359,369,0.4,0.515,0.5150000,1.1652879,0.0030000,0.0200000,2,two-pass source-only match; ordinate averaged,0.5150002,1.1654890,0.5149998,1.1650869,0.0000004,0.0004021,1396.356,990.864,1396.433,991.000
361,359,369,0.4,0.520,0.5199999,1.1569418,0.0030000,0.0200000,2,two-pass source-only match; ordinate averaged,0.5199998,1.1566956,0.5200000,1.1571880,0.0000002,0.0004924,1406.733,995.324,1406.800,995.000
361,359,369,0.4,0.525,0.5250001,1.0631925,0.0030000,0.0200000,2,two-pass source-only match; ordinate averaged,0.5249999,1.0620091,0.5250002,1.0643760,0.0000002,0.0023669,1417.111,1043.349,1417.167,1042.000
361,359,369,0.4,0.530,0.5299999,1.0964326,0.0030000,0.0350840,2,two-pass source-only match; ordinate averaged,0.5300001,1.0613486,0.5299998,1.1315166,0.0000002,0.0701680,1427.489,1043.684,1427.533,1008.000
361,359,369,0.4,0.535,0.5350001,1.0617783,0.0030000,0.0200000,2,two-pass source-only match; ordinate averaged,0.5350002,1.0611554,0.5350000,1.0624013,0.0000002,0.0012459,1437.867,1043.782,1437.900,1043.000
361,359,369,0.4,0.550,0.5500000,1.0578340,0.0030000,0.0200000,2,two-pass source-only match; ordinate averaged,0.5500000,1.0572161,0.5500000,1.0584518,0.0000000,0.0012357,1469.000,1045.780,1469.000,1045.000
361,359,369,0.4,0.555,0.5550001,1.0560994,0.0030000,0.0200000,2,two-pass source-only match; ordinate averaged,0.5550001,1.0557216,0.5550002,1.0564771,0.0000001,0.0007555,1479.378,1046.538,1479.367,1046.000
361,359,369,0.4,0.560,0.5600000,1.1550209,0.0030000,0.0200000,2,two-pass source-only match; ordinate averaged,0.5600002,1.1548285,0.5599998,1.1552133,0.0000004,0.0003848,1489.756,996.271,1489.733,996.000
361,359,369,0.4,0.565,0.5649999,1.1451018,0.0030000,0.0200000,2,two-pass source-only match; ordinate averaged,0.5649998,1.1448640,0.5650000,1.1453397,0.0000002,0.0004757,1500.133,1001.325,1500.100,1001.000
361,359,369,0.4,0.570,0.5700001,1.0556873,0.0030000,0.0200000,2,two-pass source-only match; ordinate averaged,0.5699999,1.0548975,0.5700002,1.0564771,0.0000002,0.0015796,1510.511,1046.956,1510.467,1046.000
361,359,369,0.4,0.575,0.5749999,1.0538531,0.0030000,0.0200000,2,two-pass source-only match; ordinate averaged,0.5750001,1.0532039,0.5749998,1.0545024,0.0000002,0.0012985,1520.889,1047.815,1520.833,1047.000
361,359,369,0.4,0.580,0.5800001,1.0497658,0.0030000,0.0200000,2,two-pass source-only match; ordinate averaged,0.5800002,1.0489787,0.5800000,1.0505529,0.0000002,0.0015742,1531.267,1049.958,1531.200,1049.000
361,359,369,0.4,0.585,0.5850000,1.0468812,0.0030000,0.0200000,2,two-pass source-only match; ordinate averaged,0.5849998,1.0471589,0.5850002,1.0466035,0.0000004,0.0005554,1541.644,1050.881,1541.567,1051.000
361,359,369,0.4,0.590,0.5899999,1.0412190,0.0030000,0.0200000,2,two-pass source-only match; ordinate averaged,0.5899999,1.0417587,0.5899998,1.0406793,0.0000001,0.0010794,1552.022,1053.620,1551.933,1054.000
361,359,369,0.4,0.595,0.5950000,1.0376256,0.0030000,0.0200000,2,two-pass source-only match; ordinate averaged,0.5950000,1.0385213,0.5950000,1.0367299,0.0000000,0.0017914,1562.400,1055.262,1562.300,1056.000
361,359,369,0.4,0.600,0.6000001,1.0330956,0.0030000,0.0200000,2,two-pass source-only match; ordinate averaged,0.6000001,1.0334109,0.6000002,1.0327804,0.0000001,0.0006305,1572.778,1057.854,1572.667,1058.000
361,359,369,0.4,0.605,0.6050000,1.0300982,0.0030000,0.0200000,2,two-pass source-only match; ordinate averaged,0.6050002,1.0293908,0.6049998,1.0308057,0.0000004,0.0014149,1583.156,1059.893,1583.033,1059.000
361,359,369,0.4,0.610,0.6099999,1.0239707,0.0030000,0.0200000,2,two-pass source-only match; ordinate averaged,0.6099998,1.0230599,0.6100000,1.0248815,0.0000002,0.0018216,1593.533,1063.104,1593.400,1062.000
361,359,369,0.4,0.615,0.6150001,1.0250640,0.0030000,0.0200000,2,two-pass source-only match; ordinate averaged,0.6149999,1.0252465,0.6150002,1.0248815,0.0000002,0.0003649,1603.911,1061.995,1603.767,1062.000
361,359,369,0.4,0.620,0.6199999,1.0211137,0.0030000,0.0200000,2,two-pass source-only match; ordinate averaged,0.6200001,1.0212953,0.6199998,1.0209321,0.0000002,0.0003633,1614.289,1063.999,1614.133,1064.000
361,359,369,0.4,0.625,0.6250001,1.0191415,0.0030000,0.0200000,2,two-pass source-only match; ordinate averaged,0.6250002,1.0193257,0.6250000,1.0189573,0.0000002,0.0003684,1624.667,1064.998,1624.500,1065.000
361,359,369,0.4,0.630,0.6300000,1.0142094,0.0030000,0.0200000,2,two-pass source-only match; ordinate averaged,0.6299998,1.0134109,0.6300002,1.0150079,0.0000004,0.0015970,1635.044,1067.998,1634.867,1067.000
361,359,369,0.4,0.635,0.6349999,1.0132230,0.0030000,0.0200000,2,two-pass source-only match; ordinate averaged,0.6349999,1.0134129,0.6349998,1.0130332,0.0000001,0.0003797,1645.422,1067.997,1645.233,1068.000
361,359,369,0.4,0.640,0.6400000,1.0132240,0.0030000,0.0200000,2,two-pass source-only match; ordinate averaged,0.6400000,1.0134148,0.6400000,1.0130332,0.0000000,0.0003817,1655.800,1067.996,1655.600,1068.000
361,359,369,0.4,0.645,0.6450001,1.0073390,0.0030000,0.0200000,2,two-pass source-only match; ordinate averaged,0.6450001,1.0075690,0.6450002,1.0071090,0.0000001,0.0004600,1666.178,1070.961,1665.967,1071.000
361,359,369,0.4,0.650,0.6500000,1.0068254,0.0030000,0.0200000,2,two-pass source-only match; ordinate averaged,0.6500002,1.0065418,0.6499998,1.0071090,0.0000004,0.0005672,1676.556,1071.482,1676.333,1071.000
361,359,369,0.4,0.655,0.6549999,1.0050721,0.0030000,0.0200000,2,two-pass source-only match; ordinate averaged,0.6549998,1.0050099,0.6550000,1.0051343,0.0000002,0.0001244,1686.933,1072.259,1686.700,1072.000
361,359,369,0.4,0.660,0.6600001,1.0036263,0.0030000,0.0200000,2,two-pass source-only match; ordinate averaged,0.6599999,1.0040931,0.6600002,1.0031596,0.0000002,0.0009335,1697.311,1072.724,1697.067,1073.000
361,359,369,0.4,0.665,0.6649999,1.0002296,0.0030000,0.0200000,2,two-pass source-only match; ordinate averaged,0.6650001,0.9992744,0.6649998,1.0011848,0.0000002,0.0019104,1707.689,1075.168,1707.433,1074.000
361,359,369,0.4,0.670,0.6700001,0.9975501,0.0030000,0.0200000,2,two-pass source-only match; ordinate averaged,0.6700002,0.9978647,0.6700000,0.9972354,0.0000002,0.0006294,1718.067,1075.883,1717.800,1076.000
361,359,369,0.4,0.675,0.6750000,0.9958983,0.0030000,0.0200000,2,two-pass source-only match; ordinate averaged,0.6749998,0.9965359,0.6750002,0.9952607,0.0000004,0.0012752,1728.444,1076.557,1728.167,1077.000
361,359,369,0.4,0.680,0.6799999,0.9948760,0.0030000,0.0200000,2,two-pass source-only match; ordinate averaged,0.6799999,0.9944913,0.6799998,0.9952607,0.0000001,0.0007693,1738.822,1077.594,1738.533,1077.000
361,359,369,0.4,0.685,0.6850000,0.9941055,0.0030000,0.0200000,2,two-pass source-only match; ordinate averaged,0.6850000,0.9949251,0.6850000,0.9932859,0.0000000,0.0016391,1749.200,1077.374,1748.900,1078.000
361,359,369,0.4,0.690,0.6900001,0.9942534,0.0030000,0.0200000,2,two-pass source-only match; ordinate averaged,0.6900001,0.9952208,0.6900002,0.9932859,0.0000001,0.0019349,1759.578,1077.224,1759.267,1078.000
361,359,369,0.4,0.695,0.6950000,0.9905032,0.0030000,0.0200000,2,two-pass source-only match; ordinate averaged,0.6950002,0.9916700,0.6949998,0.9893365,0.0000004,0.0023335,1769.956,1079.025,1769.633,1080.000
361,359,369,0.4,0.700,0.6999999,0.9900379,0.0030000,0.0200000,2,two-pass source-only match; ordinate averaged,0.6999998,0.9907394,0.7000000,0.9893365,0.0000002,0.0014029,1780.333,1079.497,1780.000,1080.000
361,359,369,0.4,0.705,0.7050001,0.9917029,0.0030000,0.0200000,2,two-pass source-only match; ordinate averaged,0.7049999,0.9940694,0.7050002,0.9893365,0.0000002,0.0047329,1790.711,1077.808,1790.367,1080.000
361,359,369,0.4,0.710,0.7099999,0.9900498,0.0030000,0.0200000,2,two-pass source-only match; ordinate averaged,0.7100001,0.9907630,0.7099998,0.9893365,0.0000002,0.0014265,1801.089,1079.485,1800.733,1080.000
361,359,369,0.4,0.715,0.7150001,0.9836176,0.0030000,0.0200000,2,two-pass source-only match; ordinate averaged,0.7150002,0.9838229,0.7150000,0.9834123,0.0000002,0.0004106,1811.467,1083.005,1811.100,1083.000
361,359,369,0.4,0.720,0.7200000,0.9895707,0.0030000,0.0200000,2,two-pass source-only match; ordinate averaged,0.7199998,0.9898048,0.7200002,0.9893365,0.0000004,0.0004683,1821.844,1079.971,1821.467,1080.000
361,359,369,0.4,0.725,0.7249999,0.9883161,0.0030000,0.0200000,2,two-pass source-only match; ordinate averaged,0.7249999,0.9892705,0.7249998,0.9873618,0.0000001,0.0019087,1832.222,1080.242,1831.833,1081.000
361,359,369,0.4,0.730,0.7300000,0.9830498,0.0030000,0.0200000,2,two-pass source-only match; ordinate averaged,0.7300000,0.9826873,0.7300000,0.9834123,0.0000000,0.0007250,1842.600,1083.581,1842.200,1083.000
361,359,369,0.4,0.735,0.7350001,0.9831957,0.0030000,0.0200000,2,two-pass source-only match; ordinate averaged,0.7350001,0.9829791,0.7350002,0.9834123,0.0000001,0.0004332,1852.978,1083.433,1852.567,1083.000
361,359,369,0.4,0.740,0.7400000,0.9658447,0.0030000,0.0200000,2,two-pass source-only match; ordinate averaged,0.7400002,0.9818474,0.7399998,0.9498420,0.0000004,0.0320054,1863.356,1084.007,1862.933,1100.000
361,359,369,0.4,0.745,0.7449999,0.9799069,0.0030000,0.0200000,2,two-pass source-only match; ordinate averaged,0.7449998,0.9803509,0.7450000,0.9794629,0.0000002,0.0008881,1873.733,1084.766,1873.300,1085.000
361,359,369,0.4,0.750,0.7500001,0.9781970,0.0030000,0.0200000,2,two-pass source-only match; ordinate averaged,0.7499999,0.9789058,0.7500002,0.9774882,0.0000002,0.0014176,1884.111,1085.499,1883.667,1086.000
361,359,369,0.4,0.755,0.7549999,0.9798024,0.0030000,0.0200000,2,two-pass source-only match; ordinate averaged,0.7550001,0.9801420,0.7549998,0.9794629,0.0000002,0.0006791,1894.489,1084.872,1894.033,1085.000
361,359,369,0.4,0.760,0.7600001,0.9404170,0.0030000,0.0200000,2,two-pass source-only match; ordinate averaged,0.7600002,0.9408655,0.7600000,0.9399684,0.0000002,0.0008971,1904.867,1104.793,1904.400,1105.000
361,359,369,0.4,0.765,0.7650000,0.9560546,0.0030000,0.0200000,2,two-pass source-only match; ordinate averaged,0.7649998,0.9385706,0.7650002,0.9735387,0.0000004,0.0349681,1915.244,1105.957,1914.767,1088.000
361,359,369,0.4,0.770,0.7699999,0.9737597,0.0030000,0.0200000,2,two-pass source-only match; ordinate averaged,0.7699999,0.9739807,0.7699998,0.9735387,0.0000001,0.0004420,1925.622,1087.997,1925.133,1088.000
361,359,369,0.4,0.775,0.7750000,0.9717915,0.0030000,0.0200000,2,two-pass source-only match; ordinate averaged,0.7750000,0.9720189,0.7750000,0.9715640,0.0000000,0.0004549,1936.000,1088.992,1935.500,1089.000
361,359,369,0.4,0.780,0.7800001,0.9665113,0.0030000,0.0200000,2,two-pass source-only match; ordinate averaged,0.7800001,0.9654081,0.7800002,0.9676145,0.0000001,0.0022064,1946.378,1092.345,1945.867,1091.000
361,359,369,0.4,0.785,0.7850000,0.9644445,0.0030000,0.0200000,2,two-pass source-only match; ordinate averaged,0.7850002,0.9632492,0.7849998,0.9656398,0.0000004,0.0023906,1956.756,1093.440,1956.233,1092.000
361,359,369,0.4,0.790,0.7899999,0.9233757,0.0030000,0.0200000,2,two-pass source-only match; ordinate averaged,0.7899998,0.9225808,0.7900000,0.9241706,0.0000002,0.0015898,1967.133,1114.067,1966.600,1113.000
361,359,369,0.4,0.795,0.7950001,0.9202979,0.0030000,0.0200000,2,two-pass source-only match; ordinate averaged,0.7949999,0.9203746,0.7950002,0.9202212,0.0000002,0.0001534,1977.511,1115.186,1976.967,1115.000
361,359,369,0.4,0.800,0.7999999,0.9563334,0.0030000,0.0200000,2,two-pass source-only match; ordinate averaged,0.8000001,0.9569006,0.7999998,0.9557662,0.0000002,0.0011344,1987.889,1096.660,1987.333,1097.000
361,359,369,0.4,0.805,0.8050001,0.9544293,0.0030000,0.0200000,2,two-pass source-only match; ordinate averaged,0.8050002,0.9550670,0.8050000,0.9537915,0.0000002,0.0012756,1998.267,1097.590,1997.700,1098.000
361,359,369,0.4,0.810,0.8100000,0.9083248,0.0030000,0.0200000,2,two-pass source-only match; ordinate averaged,0.8099998,0.9082768,0.8100002,0.9083728,0.0000004,0.0000960,2008.644,1121.322,2008.067,1121.000
361,359,369,0.4,0.815,0.8149999,0.9515062,0.0030000,0.0200000,2,two-pass source-only match; ordinate averaged,0.8149999,0.9531703,0.8149998,0.9498420,0.0000001,0.0033283,2019.022,1098.552,2018.433,1100.000
361,359,369,0.4,0.820,0.8200000,0.9029130,0.0030000,0.0200000,2,two-pass source-only match; ordinate averaged,0.8200000,0.9033774,0.8200000,0.9024487,0.0000000,0.0009287,2029.400,1123.807,2028.800,1124.000
361,359,369,0.4,0.825,0.8250001,0.9238277,0.0030000,0.0253285,2,two-pass source-only match; ordinate averaged,0.8250001,0.9491562,0.8250002,0.8984992,0.0000001,0.0506569,2039.778,1100.588,2039.167,1126.000
361,359,369,0.4,0.830,0.8300000,0.8985388,0.0030000,0.0200000,2,two-pass source-only match; ordinate averaged,0.8300002,0.8985785,0.8299998,0.8984992,0.0000004,0.0000793,2050.156,1126.241,2049.533,1126.000
361,359,369,0.4,0.835,0.8349999,0.9437722,0.0030000,0.0200000,2,two-pass source-only match; ordinate averaged,0.8349998,0.9456013,0.8350000,0.9419431,0.0000002,0.0036582,2060.533,1102.391,2059.900,1104.000
361,359,369,0.4,0.840,0.8400001,0.8931162,0.0030000,0.0200000,2,two-pass source-only match; ordinate averaged,0.8399999,0.8936573,0.8400002,0.8925750,0.0000002,0.0010823,2070.911,1128.737,2070.267,1129.000
361,359,369,0.4,0.845,0.8449999,0.9417646,0.0030000,0.0200000,2,two-pass source-only match; ordinate averaged,0.8450001,0.9435607,0.8449998,0.9399684,0.0000002,0.0035923,2081.289,1103.426,2080.633,1105.000
361,359,369,0.4,0.850,0.8500001,0.9700519,0.0030000,0.0200000,2,two-pass source-only match; ordinate averaged,0.8500002,0.9705146,0.8500000,0.9695893,0.0000002,0.0009253,2091.667,1089.755,2091.000,1090.000
361,359,369,0.4,0.855,0.8550000,0.9399501,0.0030000,0.0200000,2,two-pass source-only match; ordinate averaged,0.8549998,0.9419065,0.8550002,0.9379937,0.0000004,0.0039129,2102.044,1104.265,2101.367,1106.000
361,359,369,0.4,0.860,0.8599999,0.9129751,0.0030000,0.0269933,2,two-pass source-only match; ordinate averaged,0.8599999,0.8859819,0.8599998,0.9399684,0.0000001,0.0539865,2112.422,1132.630,2111.733,1105.000
361,359,369,0.4,0.865,0.8650000,0.8849968,0.0030000,0.0200000,2,two-pass source-only match; ordinate averaged,0.8650000,0.8853174,0.8650000,0.8846761,0.0000000,0.0006413,2122.800,1132.967,2122.100,1133.000
361,359,369,0.4,0.870,0.8700001,0.8849968,0.0030000,0.0200000,2,two-pass source-only match; ordinate averaged,0.8700001,0.8853174,0.8700002,0.8846761,0.0000001,0.0006413,2133.178,1132.967,2132.467,1133.000
361,359,369,0.4,0.875,0.8750000,0.9374702,0.0030000,0.0200000,2,two-pass source-only match; ordinate averaged,0.8750002,0.9389215,0.8749998,0.9360190,0.0000004,0.0029026,2143.556,1105.779,2142.833,1107.000
361,359,369,0.4,0.880,0.8799999,0.9372948,0.0030000,0.0200000,2,two-pass source-only match; ordinate averaged,0.8799998,0.9385706,0.8800000,0.9360190,0.0000002,0.0025516,2153.933,1105.957,2153.200,1107.000
361,359,369,0.4,0.885,0.8850001,0.8829733,0.0030000,0.0200000,2,two-pass source-only match; ordinate averaged,0.8849999,0.8832453,0.8850002,0.8827014,0.0000002,0.0005438,2164.311,1134.018,2163.567,1134.000
361,359,369,0.4,0.890,0.8899999,0.8828541,0.0030000,0.0200000,2,two-pass source-only match; ordinate averaged,0.8900001,0.8830067,0.8899998,0.8827014,0.0000002,0.0003053,2174.689,1134.139,2173.933,1134.000
361,359,369,0.4,0.895,0.8950001,0.8834248,0.0030000,0.0200000,2,two-pass source-only match; ordinate averaged,0.8950002,0.8841483,0.8950000,0.8827014,0.0000002,0.0014468,2185.067,1133.560,2184.300,1134.000
361,359,369,0.4,0.900,0.9000000,0.9378774,0.0030000,0.0200000,2,two-pass source-only match; ordinate averaged,0.8999998,0.9397358,0.9000002,0.9360190,0.0000004,0.0037168,2195.444,1105.366,2194.667,1107.000
361,359,369,0.4,0.915,0.9150001,0.8828343,0.0030000,0.0200000,2,two-pass source-only match; ordinate averaged,0.9150001,0.8829673,0.9150002,0.8827014,0.0000001,0.0002658,2226.578,1134.159,2225.767,1134.000
361,359,369,0.4,0.920,0.9200000,0.8845299,0.0030000,0.0200000,2,two-pass source-only match; ordinate averaged,0.9200002,0.8863584,0.9199998,0.8827014,0.0000004,0.0036570,2236.956,1132.439,2236.133,1134.000
361,359,369,0.4,0.925,0.9249999,0.8887923,0.0030000,0.0200000,2,two-pass source-only match; ordinate averaged,0.9249998,0.8889590,0.9250000,0.8886256,0.0000002,0.0003334,2247.333,1131.120,2246.500,1131.000
361,359,369,0.4,0.930,0.9300001,0.9372948,0.0030000,0.0200000,2,two-pass source-only match; ordinate averaged,0.9299999,0.9385706,0.9300002,0.9360190,0.0000002,0.0025516,2257.711,1105.957,2256.867,1107.000
361,359,369,0.4,0.935,0.9349999,0.8944969,0.0030000,0.0200000,2,two-pass source-only match; ordinate averaged,0.9350001,0.8944440,0.9349998,0.8945498,0.0000002,0.0001058,2268.089,1128.338,2267.233,1128.000
361,359,369,0.4,0.940,0.9400001,0.8968772,0.0030000,0.0200000,2,two-pass source-only match; ordinate averaged,0.9400002,0.8972299,0.9400000,0.8965245,0.0000002,0.0007054,2278.467,1126.925,2277.600,1127.000
361,359,369,0.4,0.945,0.9450000,0.9423911,0.0030000,0.0200000,2,two-pass source-only match; ordinate averaged,0.9449998,0.9428391,0.9450002,0.9419431,0.0000004,0.0008960,2288.844,1103.792,2287.967,1104.000
361,359,369,0.4,0.950,0.9499999,0.9462389,0.0030000,0.0200000,2,two-pass source-only match; ordinate averaged,0.9499999,0.9465852,0.9499998,0.9458926,0.0000001,0.0006926,2299.222,1101.892,2298.333,1102.000
362,359,369,0.5,0.150,0.1500001,0.9891569,0.0030000,0.0200000,2,two-pass source-only match; ordinate averaged,0.1500001,0.9886067,0.1500002,0.9897070,0.0000001,0.0011003,638.778,2817.765,639.667,2817.000
362,359,369,0.5,0.155,0.1550000,0.9860559,0.0030000,0.0200000,2,two-pass source-only match; ordinate averaged,0.1550002,0.9863636,0.1549998,0.9857482,0.0000004,0.0006154,649.156,2818.900,650.033,2819.000
362,359,369,0.5,0.160,0.1599999,0.9835465,0.0030000,0.0200000,2,two-pass source-only match; ordinate averaged,0.1599998,0.9833241,0.1600000,0.9837688,0.0000002,0.0004447,659.533,2820.438,660.400,2820.000
362,359,369,0.5,0.165,0.1650001,0.9844289,0.0030000,0.0200000,2,two-pass source-only match; ordinate averaged,0.1649999,0.9850889,0.1650002,0.9837688,0.0000002,0.0013201,669.911,2819.545,670.767,2820.000
362,359,369,0.5,0.170,0.1699999,0.9879666,0.0030000,0.0200000,2,two-pass source-only match; ordinate averaged,0.1700001,0.9882055,0.1699998,0.9877276,0.0000002,0.0004779,680.289,2817.968,681.133,2818.000
362,359,369,0.5,0.175,0.1750001,0.9919341,0.0030000,0.0200000,2,two-pass source-only match; ordinate averaged,0.1750002,0.9921818,0.1750000,0.9916865,0.0000002,0.0004954,690.667,2815.956,691.500,2816.000
362,359,369,0.5,0.180,0.1800000,0.9961804,0.0030000,0.0200000,2,two-pass source-only match; ordinate averaged,0.1799998,0.9967154,0.1800002,0.9956453,0.0000004,0.0010701,701.044,2813.662,701.867,2814.000
362,359,369,0.5,0.185,0.1849999,0.9943043,0.0030000,0.0200000,2,two-pass source-only match; ordinate averaged,0.1849999,0.9949427,0.1849998,0.9936659,0.0000001,0.0012768,711.422,2814.559,712.233,2815.000
362,359,369,0.5,0.190,0.1900000,0.9839961,0.0030000,0.0200000,2,two-pass source-only match; ordinate averaged,0.1900000,0.9842233,0.1900000,0.9837688,0.0000000,0.0004545,721.800,2819.983,722.600,2820.000
362,359,369,0.5,0.195,0.1950001,0.9690853,0.0030000,0.0200000,2,two-pass source-only match; ordinate averaged,0.1950001,0.9702372,0.1950002,0.9679335,0.0000001,0.0023037,732.178,2827.060,732.967,2828.000
362,359,369,0.5,0.200,0.2000000,0.9595148,0.0030000,0.0200000,2,two-pass source-only match; ordinate averaged,0.2000002,0.9590138,0.1999998,0.9600158,0.0000004,0.0010020,742.556,2832.739,743.333,2832.000
362,359,369,0.5,0.205,0.2049999,0.9650521,0.0030000,0.0200000,2,two-pass source-only match; ordinate averaged,0.2049998,0.9641502,0.2050000,0.9659541,0.0000002,0.0018039,752.933,2830.140,753.700,2829.000
362,359,369,0.5,0.210,0.2100001,0.9829308,0.0030000,0.0200000,2,two-pass source-only match; ordinate averaged,0.2099999,0.9820929,0.2100002,0.9837688,0.0000002,0.0016759,763.311,2821.061,764.067,2820.000
362,359,369,0.5,0.215,0.2149999,1.0156752,0.0030000,0.0200000,2,two-pass source-only match; ordinate averaged,0.2150001,1.0159111,0.2149998,1.0154394,0.0000002,0.0004716,773.689,2803.949,774.433,2804.000
362,359,369,0.5,0.220,0.2200001,1.0472754,0.0030000,0.0200000,2,two-pass source-only match; ordinate averaged,0.2200002,1.0474407,0.2200000,1.0471101,0.0000002,0.0003307,784.067,2787.995,784.800,2788.000
362,359,369,0.5,0.225,0.2250000,1.0259020,0.0030000,0.0200000,2,two-pass source-only match; ordinate averaged,0.2249998,1.0244881,0.2250002,1.0273159,0.0000004,0.0028278,794.444,2799.609,795.167,2798.000
362,359,369,0.5,0.230,0.2299999,1.0194100,0.0030000,0.0200000,2,two-pass source-only match; ordinate averaged,0.2299999,1.0214012,0.2299998,1.0174188,0.0000001,0.0039823,804.822,2801.171,805.533,2803.000
362,359,369,0.5,0.235,0.2350000,1.0164949,0.0030000,0.0366849,2,two-pass source-only match; ordinate averaged,0.2350000,1.0531798,0.2350000,0.9798100,0.0000000,0.0733699,815.200,2785.091,815.900,2822.000
362,359,369,0.5,0.245,0.2450000,1.0230866,0.0030000,0.0200000,2,two-pass source-only match; ordinate averaged,0.2450002,1.0228162,0.2449998,1.0233571,0.0000004,0.0005409,835.956,2800.455,836.633,2800.000
362,359,369,0.5,0.250,0.2499999,1.0242200,0.0030000,0.0200000,2,two-pass source-only match; ordinate averaged,0.2499998,1.0250830,0.2500000,1.0233571,0.0000002,0.0017259,846.333,2799.308,847.000,2800.000
362,359,369,0.5,0.255,0.2550001,1.0627824,0.0030000,0.0200000,2,two-pass source-only match; ordinate averaged,0.2549999,1.0645988,0.2550002,1.0609660,0.0000002,0.0036329,856.711,2779.313,857.367,2781.000
362,359,369,0.5,0.260,0.2599999,1.0719953,0.0030000,0.0200000,2,two-pass source-only match; ordinate averaged,0.2600001,1.0711482,0.2599998,1.0728424,0.0000002,0.0016942,867.089,2775.999,867.733,2775.000
362,359,369,0.5,0.265,0.2650001,1.0367844,0.0030000,0.0200000,2,two-pass source-only match; ordinate averaged,0.2650002,1.0363557,0.2650000,1.0372130,0.0000002,0.0008573,877.467,2793.604,878.100,2793.000
362,359,369,0.5,0.270,0.2700000,1.0393808,0.0030000,0.0200000,2,two-pass source-only match; ordinate averaged,0.2699998,1.0395692,0.2700002,1.0391924,0.0000004,0.0003768,887.844,2791.978,888.467,2792.000
362,359,369,0.5,0.275,0.2749999,1.0404134,0.0030000,0.0200000,2,two-pass source-only match; ordinate averaged,0.2749999,1.0416344,0.2749998,1.0391924,0.0000001,0.0024420,898.222,2790.933,898.833,2792.000
362,359,369,0.5,0.280,0.2800000,1.0481544,0.0030000,0.0200000,2,two-pass source-only match; ordinate averaged,0.2800000,1.0472194,0.2800000,1.0490895,0.0000000,0.0018701,908.600,2788.107,909.200,2787.000
362,359,369,0.5,0.285,0.2850001,1.0462995,0.0030000,0.0200000,2,two-pass source-only match; ordinate averaged,0.2850001,1.0474684,0.2850002,1.0451306,0.0000001,0.0023377,918.978,2787.981,919.567,2789.000
362,359,369,0.5,0.290,0.2900000,1.0455149,0.0030000,0.0200000,2,two-pass source-only match; ordinate averaged,0.2900002,1.0458992,0.2899998,1.0451306,0.0000004,0.0007686,929.356,2788.775,929.933,2789.000
362,359,369,0.5,0.295,0.2949999,1.0460396,0.0030000,0.0200000,2,two-pass source-only match; ordinate averaged,0.2949998,1.0469486,0.2950000,1.0451306,0.0000002,0.0018180,939.733,2788.244,940.300,2789.000
362,359,369,0.5,0.300,0.3000001,1.0422891,0.0030000,0.0200000,2,two-pass source-only match; ordinate averaged,0.2999999,1.0414269,0.3000002,1.0431512,0.0000002,0.0017243,950.111,2791.038,950.667,2790.000
362,359,369,0.5,0.305,0.3049999,1.0523269,0.0030000,0.0200000,2,two-pass source-only match; ordinate averaged,0.3050001,1.0535850,0.3049998,1.0510689,0.0000002,0.0025161,960.489,2784.886,961.033,2786.000
362,359,369,0.5,0.310,0.3100001,1.0571320,0.0030000,0.0200000,2,two-pass source-only match; ordinate averaged,0.3100002,1.0572569,0.3100000,1.0570071,0.0000002,0.0002498,970.867,2783.028,971.400,2783.000
362,359,369,0.5,0.315,0.3150000,1.0680861,0.0030000,0.0200000,2,two-pass source-only match; ordinate averaged,0.3149998,1.0672885,0.3150002,1.0688836,0.0000004,0.0015951,981.244,2777.952,981.767,2777.000
362,359,369,0.5,0.320,0.3199999,0.9107801,0.0030000,0.0200000,2,two-pass source-only match; ordinate averaged,0.3199999,0.9110296,0.3199998,0.9105305,0.0000001,0.0004992,991.622,2857.019,992.133,2857.000
362,359,369,0.5,0.325,0.3250000,0.9166543,0.0030000,0.0200000,2,two-pass source-only match; ordinate averaged,0.3250000,0.9168399,0.3250000,0.9164687,0.0000000,0.0003712,1002.000,2854.079,1002.500,2854.000
362,359,369,0.5,0.330,0.3300001,0.9346077,0.0030000,0.0200000,2,two-pass source-only match; ordinate averaged,0.3300001,0.9329526,0.3300002,0.9362629,0.0000001,0.0033103,1012.378,2845.926,1012.867,2844.000
362,359,369,0.5,0.335,0.3350000,0.9657497,0.0030000,0.0200000,2,two-pass source-only match; ordinate averaged,0.3350002,0.9556482,0.3349998,0.9758511,0.0000004,0.0202029,1022.756,2834.442,1023.233,2824.000
362,359,369,0.5,0.340,0.3399999,1.0201343,0.0030000,0.0200000,2,two-pass source-only match; ordinate averaged,0.3399998,1.0228498,0.3400000,1.0174188,0.0000002,0.0054310,1033.133,2800.438,1033.600,2803.000
362,359,369,0.5,0.345,0.3450001,1.0487849,0.0030000,0.0200000,2,two-pass source-only match; ordinate averaged,0.3449999,1.0484802,0.3450002,1.0490895,0.0000002,0.0006092,1043.511,2787.469,1043.967,2787.000
362,359,369,0.5,0.350,0.3499999,0.9523352,0.0030000,0.0200000,2,two-pass source-only match; ordinate averaged,0.3500001,0.9505929,0.3499998,0.9540776,0.0000002,0.0034847,1053.889,2837.000,1054.333,2835.000
362,359,369,0.5,0.355,0.3550001,1.0156249,0.0030000,0.0200000,2,two-pass source-only match; ordinate averaged,0.3550002,1.0158103,0.3550000,1.0154394,0.0000002,0.0003708,1064.267,2804.000,1064.700,2804.000
362,359,369,0.5,0.360,0.3600000,1.1917108,0.0030000,0.0200000,2,two-pass source-only match; ordinate averaged,0.3599998,1.1918142,0.3600002,1.1916073,0.0000004,0.0002069,1074.644,2714.942,1075.067,2715.000
362,359,369,0.5,0.365,0.3649999,1.2015891,0.0030000,0.0200000,2,two-pass source-only match; ordinate averaged,0.3649999,1.2016739,0.3649998,1.2015044,0.0000001,0.0001696,1085.022,2709.953,1085.433,2710.000
362,359,369,0.5,0.370,0.3700000,1.1815270,0.0030000,0.0200000,2,two-pass source-only match; ordinate averaged,0.3700000,1.1813439,0.3700000,1.1817102,0.0000000,0.0003663,1095.400,2720.240,1095.800,2720.000
362,359,369,0.5,0.385,0.3849999,1.3464128,0.0030000,0.0200000,2,two-pass source-only match; ordinate averaged,0.3849998,1.3468241,0.3850000,1.3460016,0.0000002,0.0008225,1126.533,2636.507,1126.900,2637.000
362,359,369,0.5,0.390,0.3900001,1.3424453,0.0030000,0.0200000,2,two-pass source-only match; ordinate averaged,0.3899999,1.3428478,0.3900002,1.3420428,0.0000002,0.0008051,1136.911,2638.519,1137.267,2639.000
362,359,369,0.5,0.395,0.3949999,1.3360799,0.0030000,0.0200000,2,two-pass source-only match; ordinate averaged,0.3950001,1.3360553,0.3949998,1.3361045,0.0000002,0.0000492,1147.289,2641.956,1147.633,2642.000
362,359,369,0.5,0.400,0.4000001,1.3262272,0.0030000,0.0200000,2,two-pass source-only match; ordinate averaged,0.4000002,1.3262470,0.4000000,1.3262074,0.0000002,0.0000396,1157.667,2646.919,1158.000,2647.000
362,359,369,0.5,0.405,0.4050000,1.3182141,0.0030000,0.0200000,2,two-pass source-only match; ordinate averaged,0.4049998,1.3181383,0.4050002,1.3182898,0.0000004,0.0001514,1168.044,2651.022,1168.367,2651.000
362,359,369,0.5,0.410,0.4099999,1.3070802,0.0030000,0.0200000,2,two-pass source-only match; ordinate averaged,0.4099999,1.3077470,0.4099998,1.3064133,0.0000001,0.0013337,1178.422,2656.280,1178.733,2657.000
362,359,369,0.5,0.415,0.4150000,1.2956277,0.0030000,0.0200000,2,two-pass source-only match; ordinate averaged,0.4150000,1.2947391,0.4150000,1.2965162,0.0000000,0.0017771,1188.800,2662.862,1189.100,2662.000
362,359,369,0.5,0.420,0.4200001,1.2739968,0.0030000,0.0200000,2,two-pass source-only match; ordinate averaged,0.4200001,1.2732510,0.4200002,1.2747427,0.0000001,0.0014917,1199.178,2673.735,1199.467,2673.000
362,359,369,0.5,0.425,0.4250000,1.2718777,0.0030000,0.0200000,2,two-pass source-only match; ordinate averaged,0.4250002,1.2709921,0.4249998,1.2727633,0.0000004,0.0017712,1209.556,2674.878,1209.833,2674.000
362,359,369,0.5,0.430,0.4299999,1.2575687,0.0030000,0.0200000,2,two-pass source-only match; ordinate averaged,0.4299998,1.2582095,0.4300000,1.2569279,0.0000002,0.0012815,1219.933,2681.346,1220.200,2682.000
362,359,369,0.5,0.435,0.4350001,1.2518071,0.0030000,0.0200000,2,two-pass source-only match; ordinate averaged,0.4349999,1.2526245,0.4350002,1.2509897,0.0000002,0.0016348,1230.311,2684.172,1230.567,2685.000
362,359,369,0.5,0.440,0.4399999,1.2432970,0.0030000,0.0200000,2,two-pass source-only match; ordinate averaged,0.4400001,1.2534190,0.4399998,1.2331750,0.0000002,0.0202440,1240.689,2683.770,1240.933,2694.000
362,359,369,0.5,0.445,0.4450001,1.2230125,0.0030000,0.0200000,2,two-pass source-only match; ordinate averaged,0.4450002,1.2227470,0.4450000,1.2232779,0.0000002,0.0005309,1251.067,2699.290,1251.300,2699.000
362,359,369,0.5,0.450,0.4500000,1.2120703,0.0030000,0.0200000,2,two-pass source-only match; ordinate averaged,0.4499998,1.2127391,0.4500002,1.2114014,0.0000004,0.0013377,1261.444,2704.354,1261.667,2705.000
362,359,369,0.5,0.455,0.4549999,1.2405443,0.0030000,0.0200000,2,two-pass source-only match; ordinate averaged,0.4549999,1.2399960,0.4549998,1.2410926,0.0000001,0.0010966,1271.822,2690.562,1272.033,2690.000
362,359,369,0.5,0.460,0.4600000,1.2132038,0.0030000,0.0215966,2,two-pass source-only match; ordinate averaged,0.4600000,1.2348004,0.4600000,1.1916073,0.0000000,0.0431931,1282.200,2693.191,1282.400,2715.000
362,359,369,0.5,0.465,0.4650001,1.1799197,0.0030000,0.0200000,2,two-pass source-only match; ordinate averaged,0.4650001,1.1801087,0.4650002,1.1797308,0.0000001,0.0003779,1292.578,2720.865,1292.767,2721.000
362,359,369,0.5,0.475,0.4749999,1.2194708,0.0030000,0.0200000,2,two-pass source-only match; ordinate averaged,0.4749998,1.2196225,0.4750000,1.2193191,0.0000002,0.0003034,1313.333,2700.871,1313.500,2701.000
362,359,369,0.5,0.480,0.4800001,1.2148738,0.0030000,0.0200000,2,two-pass source-only match; ordinate averaged,0.4799999,1.2143874,0.4800002,1.2153603,0.0000002,0.0009729,1323.711,2703.520,1323.867,2703.000
362,359,369,0.5,0.490,0.4900001,1.1271611,0.0030000,0.0200000,2,two-pass source-only match; ordinate averaged,0.4900002,1.1280356,0.4900000,1.1262866,0.0000002,0.0017490,1344.467,2747.214,1344.600,2748.000
362,359,369,0.5,0.495,0.4950000,1.1182438,0.0030000,0.0200000,2,two-pass source-only match; ordinate averaged,0.4949998,1.1181186,0.4950002,1.1183690,0.0000004,0.0002504,1354.844,2752.232,1354.967,2752.000
362,359,369,0.5,0.500,0.4999999,1.1126472,0.0030000,0.0200000,2,two-pass source-only match; ordinate averaged,0.4999999,1.1128636,0.4999998,1.1124307,0.0000001,0.0004329,1365.222,2754.891,1365.333,2755.000
362,359,369,0.5,0.505,0.5050000,1.1045965,0.0030000,0.0200000,2,two-pass source-only match; ordinate averaged,0.5050000,1.1046798,0.5050000,1.1045131,0.0000000,0.0001668,1375.600,2759.032,1375.700,2759.000
362,359,369,0.5,0.515,0.5150000,1.0924201,0.0030000,0.0200000,2,two-pass source-only match; ordinate averaged,0.5150002,1.0922036,0.5149998,1.0926366,0.0000004,0.0004330,1396.356,2765.345,1396.433,2765.000
362,359,369,0.5,0.520,0.5199999,1.0839780,0.0030000,0.0200000,2,two-pass source-only match; ordinate averaged,0.5199998,1.0832372,0.5200000,1.0847189,0.0000002,0.0014818,1406.733,2769.882,1406.800,2769.000
362,359,369,0.5,0.525,0.5250001,1.0773996,0.0030000,0.0200000,2,two-pass source-only match; ordinate averaged,0.5249999,1.0779980,0.5250002,1.0768013,0.0000002,0.0011968,1417.111,2772.533,1417.167,2773.000
362,359,369,0.5,0.530,0.5299999,1.1091866,0.0030000,0.0368941,2,two-pass source-only match; ordinate averaged,0.5300001,1.0722925,0.5299998,1.1460808,0.0000002,0.0737883,1427.489,2775.420,1427.533,2738.000
362,359,369,0.5,0.535,0.5350001,1.0368249,0.0030000,0.0200000,2,two-pass source-only match; ordinate averaged,0.5350002,1.0364368,0.5350000,1.0372130,0.0000002,0.0007762,1437.867,2793.563,1437.900,2793.000
362,359,369,0.5,0.540,0.5400000,1.0370433,0.0030000,0.0200000,2,two-pass source-only match; ordinate averaged,0.5399998,1.0368735,0.5400002,1.0372130,0.0000004,0.0003395,1448.244,2793.342,1448.267,2793.000
362,359,369,0.5,0.545,0.5449999,1.0432971,0.0030000,0.0200000,2,two-pass source-only match; ordinate averaged,0.5449999,1.0394842,0.5449998,1.0471101,0.0000001,0.0076259,1458.622,2792.021,1458.633,2788.000
362,359,369,0.5,0.550,0.5500000,1.0442985,0.0030000,0.0200000,2,two-pass source-only match; ordinate averaged,0.5500000,1.0434664,0.5500000,1.0451306,0.0000000,0.0016642,1469.000,2790.006,1469.000,2789.000
362,359,369,0.5,0.555,0.5550001,1.0443855,0.0030000,0.0200000,2,two-pass source-only match; ordinate averaged,0.5550001,1.0436403,0.5550002,1.0451306,0.0000001,0.0014903,1479.378,2789.918,1479.367,2789.000
362,359,369,0.5,0.560,0.5600000,1.0410493,0.0030000,0.0200000,2,two-pass source-only match; ordinate averaged,0.5600002,1.0409269,0.5599998,1.0411718,0.0000004,0.0002449,1489.756,2791.291,1489.733,2791.000
362,359,369,0.5,0.565,0.5649999,1.0392879,0.0030000,0.0200000,2,two-pass source-only match; ordinate averaged,0.5649998,1.0393834,0.5650000,1.0391924,0.0000002,0.0001910,1500.133,2792.072,1500.100,2792.000
362,359,369,0.5,0.570,0.5700001,1.0376016,0.0030000,0.0200000,2,two-pass source-only match; ordinate averaged,0.5699999,1.0379901,0.5700002,1.0372130,0.0000002,0.0007771,1510.511,2792.777,1510.467,2793.000
362,359,369,0.5,0.575,0.5749999,1.0325717,0.0030000,0.0200000,2,two-pass source-only match; ordinate averaged,0.5750001,1.0318893,0.5749998,1.0332542,0.0000002,0.0013648,1520.889,2795.864,1520.833,2795.000
362,359,369,0.5,0.580,0.5800001,1.0345980,0.0030000,0.0200000,2,two-pass source-only match; ordinate averaged,0.5800002,1.0339625,0.5800000,1.0352336,0.0000002,0.0012711,1531.267,2794.815,1531.200,2794.000
362,359,369,0.5,0.585,0.5850000,1.0473649,0.0030000,0.0200000,2,two-pass source-only match; ordinate averaged,0.5849998,1.0456403,0.5850002,1.0490895,0.0000004,0.0034492,1541.644,2788.906,1541.567,2787.000
362,359,369,0.5,0.590,0.5899999,1.0462313,0.0030000,0.0200000,2,two-pass source-only match; ordinate averaged,0.5899999,1.0473320,0.5899998,1.0451306,0.0000001,0.0022014,1552.022,2788.050,1551.933,2789.000
362,359,369,0.5,0.595,0.5950000,1.0445386,0.0030000,0.0200000,2,two-pass source-only match; ordinate averaged,0.5950000,1.0439466,0.5950000,1.0451306,0.0000000,0.0011840,1562.400,2789.763,1562.300,2789.000
362,359,369,0.5,0.600,0.6000001,1.0418764,0.0030000,0.0200000,2,two-pass source-only match; ordinate averaged,0.6000001,1.0425810,0.6000002,1.0411718,0.0000001,0.0014092,1572.778,2790.454,1572.667,2791.000
362,359,369,0.5,0.605,0.6050000,1.0397345,0.0030000,0.0200000,2,two-pass source-only match; ordinate averaged,0.6050002,1.0402767,0.6049998,1.0391924,0.0000004,0.0010843,1583.156,2791.620,1583.033,2792.000
362,359,369,0.5,0.610,0.6099999,1.0389381,0.0030000,0.0200000,2,two-pass source-only match; ordinate averaged,0.6099998,1.0386838,0.6100000,1.0391924,0.0000002,0.0005086,1593.533,2792.426,1593.400,2792.000
362,359,369,0.5,0.615,0.6150001,1.0360437,0.0030000,0.0200000,2,two-pass source-only match; ordinate averaged,0.6149999,1.0368538,0.6150002,1.0352336,0.0000002,0.0016202,1603.911,2793.352,1603.767,2794.000
362,359,369,0.5,0.620,0.6199999,1.0059688,0.0030000,0.0200000,2,two-pass source-only match; ordinate averaged,0.6200001,1.0063953,0.6199998,1.0055424,0.0000002,0.0008529,1614.289,2808.764,1614.133,2809.000
362,359,369,0.5,0.625,0.6250001,1.0296552,0.0030000,0.0200000,2,two-pass source-only match; ordinate averaged,0.6250002,1.0280356,0.6250000,1.0312747,0.0000002,0.0032392,1624.667,2797.814,1624.500,2796.000
362,359,369,0.5,0.630,0.6300000,1.0294688,0.0030000,0.0200000,2,two-pass source-only match; ordinate averaged,0.6299998,1.0296423,0.6300002,1.0292953,0.0000004,0.0003470,1635.044,2797.001,1634.867,2797.000
362,359,369,0.5,0.635,0.6349999,1.0284850,0.0030000,0.0200000,2,two-pass source-only match; ordinate averaged,0.6349999,1.0296542,0.6349998,1.0273159,0.0000001,0.0023382,1645.422,2796.995,1645.233,2798.000
362,359,369,0.5,0.640,0.6400000,1.0127722,0.0030000,0.0200000,2,two-pass source-only match; ordinate averaged,0.6400000,0.9962490,0.6400000,1.0292953,0.0000000,0.0330463,1655.800,2813.898,1655.600,2797.000
362,359,369,0.5,0.645,0.6450001,0.9981677,0.0030000,0.0200000,2,two-pass source-only match; ordinate averaged,0.6450001,0.9967312,0.6450002,0.9996041,0.0000001,0.0028729,1666.178,2813.654,1665.967,2812.000
362,359,369,0.5,0.650,0.6500000,1.0066510,0.0030000,0.0200000,2,two-pass source-only match; ordinate averaged,0.6500002,1.0097391,0.6499998,1.0035629,0.0000004,0.0061762,1676.556,2807.072,1676.333,2810.000
362,359,369,0.5,0.655,0.6549999,0.9982527,0.0030000,0.0200000,2,two-pass source-only match; ordinate averaged,0.6549998,0.9969012,0.6550000,0.9996041,0.0000002,0.0027029,1686.933,2813.568,1686.700,2812.000
362,359,369,0.5,0.660,0.6600001,1.0096347,0.0030000,0.0200000,2,two-pass source-only match; ordinate averaged,0.6599999,0.9939328,0.6600002,1.0253365,0.0000002,0.0314037,1697.311,2815.070,1697.067,2799.000
362,359,369,0.5,0.665,0.6649999,0.9980821,0.0030000,0.0200000,2,two-pass source-only match; ordinate averaged,0.6650001,0.9985395,0.6649998,0.9976247,0.0000002,0.0009148,1707.689,2812.739,1707.433,2813.000
362,359,369,0.5,0.670,0.6700001,0.9976345,0.0030000,0.0200000,2,two-pass source-only match; ordinate averaged,0.6700002,0.9976443,0.6700000,0.9976247,0.0000002,0.0000196,1718.067,2813.192,1717.800,2813.000
362,359,369,0.5,0.675,0.6750000,0.9958009,0.0030000,0.0200000,2,two-pass source-only match; ordinate averaged,0.6749998,0.9959565,0.6750002,0.9956453,0.0000004,0.0003112,1728.444,2814.046,1728.167,2814.000
362,359,369,0.5,0.680,0.6799999,0.9939920,0.0030000,0.0200000,2,two-pass source-only match; ordinate averaged,0.6799999,0.9943182,0.6799998,0.9936659,0.0000001,0.0006523,1738.822,2814.875,1738.533,2815.000
362,359,369,0.5,0.685,0.6850000,0.9956339,0.0030000,0.0200000,2,two-pass source-only match; ordinate averaged,0.6850000,0.9956225,0.6850000,0.9956453,0.0000000,0.0000228,1749.200,2814.215,1748.900,2814.000
362,359,369,0.5,0.690,0.6900001,1.0210578,0.0030000,0.0200000,2,two-pass source-only match; ordinate averaged,0.6900001,1.0227174,0.6900002,1.0193983,0.0000001,0.0033191,1759.578,2800.505,1759.267,2802.000
362,359,369,0.5,0.695,0.6950000,1.0196813,0.0030000,0.0200000,2,two-pass source-only match; ordinate averaged,0.6950002,1.0199644,0.6949998,1.0193983,0.0000004,0.0005662,1769.956,2801.898,1769.633,2802.000
362,359,369,0.5,0.700,0.6999999,1.0177796,0.0030000,0.0200000,2,two-pass source-only match; ordinate averaged,0.6999998,1.0181403,0.7000000,1.0174188,0.0000002,0.0007215,1780.333,2802.821,1780.000,2803.000
362,359,369,0.5,0.705,0.7050001,0.9938438,0.0030000,0.0200000,2,two-pass source-only match; ordinate averaged,0.7049999,0.9940217,0.7050002,0.9936659,0.0000002,0.0003559,1790.711,2815.025,1790.367,2815.000
362,359,369,0.5,0.710,0.7099999,1.0048393,0.0030000,0.0200000,2,two-pass source-only match; ordinate averaged,0.7100001,0.9942391,0.7099998,1.0154394,0.0000002,0.0212003,1801.089,2814.915,1800.733,2804.000
362,359,369,0.5,0.715,0.7150001,0.9988278,0.0030000,0.0200000,2,two-pass source-only match; ordinate averaged,0.7150002,0.9980514,0.7150000,0.9996041,0.0000002,0.0015527,1811.467,2812.986,1811.100,2812.000
362,359,369,0.5,0.720,0.7200000,0.9976898,0.0030000,0.0200000,2,two-pass source-only match; ordinate averaged,0.7199998,0.9977549,0.7200002,0.9976247,0.0000004,0.0001302,1821.844,2813.136,1821.467,2813.000
362,359,369,0.5,0.725,0.7249999,0.9990076,0.0030000,0.0200000,2,two-pass source-only match; ordinate averaged,0.7249999,0.9984111,0.7249998,0.9996041,0.0000001,0.0011930,1832.222,2812.804,1831.833,2812.000
362,359,369,0.5,0.730,0.7300000,1.0007977,0.0030000,0.0200000,2,two-pass source-only match; ordinate averaged,0.7300000,1.0000119,0.7300000,1.0015835,0.0000000,0.0015717,1842.600,2811.994,1842.200,2811.000
362,359,369,0.5,0.735,0.7350001,0.9998040,0.0030000,0.0200000,2,two-pass source-only match; ordinate averaged,0.7350001,1.0000040,0.7350002,0.9996041,0.0000001,0.0003998,1852.978,2811.998,1852.567,2812.000
362,359,369,0.5,0.740,0.7400000,0.9978865,0.0030000,0.0200000,2,two-pass source-only match; ordinate averaged,0.7400002,0.9981482,0.7399998,0.9976247,0.0000004,0.0005235,1863.356,2812.937,1862.933,2813.000
362,359,369,0.5,0.745,0.7449999,0.9969932,0.0030000,0.0200000,2,two-pass source-only match; ordinate averaged,0.7449998,0.9963617,0.7450000,0.9976247,0.0000002,0.0012630,1873.733,2813.841,1873.300,2813.000
362,359,369,0.5,0.750,0.7500001,0.9967679,0.0030000,0.0200000,2,two-pass source-only match; ordinate averaged,0.7499999,0.9959111,0.7500002,0.9976247,0.0000002,0.0017136,1884.111,2814.069,1883.667,2813.000
362,359,369,0.5,0.755,0.7549999,0.9933576,0.0030000,0.0200000,2,two-pass source-only match; ordinate averaged,0.7550001,0.9930494,0.7549998,0.9936659,0.0000002,0.0006165,1894.489,2815.517,1894.033,2815.000
362,359,369,0.5,0.760,0.7600001,0.9898940,0.0030000,0.0200000,2,two-pass source-only match; ordinate averaged,0.7600002,0.9900810,0.7600000,0.9897070,0.0000002,0.0003740,1904.867,2817.019,1904.400,2817.000
362,359,369,0.5,0.765,0.7650000,0.9919776,0.0030000,0.0200000,2,two-pass source-only match; ordinate averaged,0.7649998,0.9922688,0.7650002,0.9916865,0.0000004,0.0005823,1915.244,2815.912,1914.767,2816.000
362,359,369,0.5,0.770,0.7699999,0.9940414,0.0030000,0.0200000,2,two-pass source-only match; ordinate averaged,0.7699999,0.9944170,0.7699998,0.9936659,0.0000001,0.0007511,1925.622,2814.825,1925.133,2815.000
362,359,369,0.5,0.775,0.7750000,0.9859591,0.0030000,0.0200000,2,two-pass source-only match; ordinate averaged,0.7750000,0.9861700,0.7750000,0.9857482,0.0000000,0.0004217,1936.000,2818.998,1935.500,2819.000
362,359,369,0.5,0.780,0.7800001,0.9938586,0.0030000,0.0200000,2,two-pass source-only match; ordinate averaged,0.7800001,0.9940514,0.7800002,0.9936659,0.0000001,0.0003855,1946.378,2815.010,1945.867,2815.000
362,359,369,0.5,0.785,0.7850000,0.9938448,0.0030000,0.0200000,2,two-pass source-only match; ordinate averaged,0.7850002,0.9940237,0.7849998,0.9936659,0.0000004,0.0003578,1956.756,2815.024,1956.233,2815.000
362,359,369,0.5,0.790,0.7899999,0.9933823,0.0030000,0.0200000,2,two-pass source-only match; ordinate averaged,0.7899998,0.9930988,0.7900000,0.9936659,0.0000002,0.0005671,1967.133,2815.492,1966.600,2815.000
362,359,369,0.5,0.795,0.7950001,0.9912800,0.0030000,0.0200000,2,two-pass source-only match; ordinate averaged,0.7949999,0.9908735,0.7950002,0.9916865,0.0000002,0.0008129,1977.511,2816.618,1976.967,2816.000
362,359,369,0.5,0.800,0.7999999,0.9919677,0.0030000,0.0200000,2,two-pass source-only match; ordinate averaged,0.8000001,0.9922490,0.7999998,0.9916865,0.0000002,0.0005626,1987.889,2815.922,1987.333,2816.000
362,359,369,0.5,0.805,0.8050001,0.9729719,0.0030000,0.0226734,2,two-pass source-only match; ordinate averaged,0.8050002,0.9502984,0.8050000,0.9956453,0.0000002,0.0453469,1998.267,2837.149,1997.700,2814.000
362,359,369,0.5,0.810,0.8100000,0.9450735,0.0030000,0.0200000,2,two-pass source-only match; ordinate averaged,0.8099998,0.9459664,0.8100002,0.9441805,0.0000004,0.0017859,2008.644,2839.341,2008.067,2840.000
362,359,369,0.5,0.815,0.8149999,0.9816066,0.0030000,0.0200000,2,two-pass source-only match; ordinate averaged,0.8149999,0.9834032,0.8149998,0.9798100,0.0000001,0.0035932,2019.022,2820.398,2018.433,2822.000
362,359,369,0.5,0.820,0.8200000,1.0023382,0.0030000,0.0200000,2,two-pass source-only match; ordinate averaged,0.8200000,1.0030929,0.8200000,1.0015835,0.0000000,0.0015094,2029.400,2810.435,2028.800,2811.000
362,359,369,0.5,0.825,0.8250001,0.9989448,0.0030000,0.0200000,2,two-pass source-only match; ordinate averaged,0.8250001,1.0002648,0.8250002,0.9976247,0.0000001,0.0026401,2039.778,2811.866,2039.167,2813.000
362,359,369,0.5,0.830,0.8300000,0.9757491,0.0030000,0.0200000,2,two-pass source-only match; ordinate averaged,0.8300002,0.9776265,0.8299998,0.9738717,0.0000004,0.0037547,2050.156,2823.321,2049.533,2825.000
362,359,369,0.5,0.835,0.8349999,0.9300526,0.0030000,0.0200000,2,two-pass source-only match; ordinate averaged,0.8349998,0.9297806,0.8350000,0.9303246,0.0000002,0.0005440,2060.533,2847.531,2059.900,2847.000
362,359,369,0.5,0.840,0.8400001,1.0039623,0.0030000,0.0200000,2,two-pass source-only match; ordinate averaged,0.8399999,1.0043617,0.8400002,1.0035629,0.0000002,0.0007987,2070.911,2809.793,2070.267,2810.000
362,359,369,0.5,0.845,0.8449999,1.0046886,0.0030000,0.0200000,2,two-pass source-only match; ordinate averaged,0.8450001,1.0058142,0.8449998,1.0035629,0.0000002,0.0022513,2081.289,2809.058,2080.633,2810.000
362,359,369,0.5,0.850,0.8500001,0.9224525,0.0030000,0.0200000,2,two-pass source-only match; ordinate averaged,0.8500002,0.9224980,0.8500000,0.9224070,0.0000002,0.0000911,2091.667,2851.216,2091.000,2851.000
362,359,369,0.5,0.855,0.8550000,0.9457845,0.0030000,0.0241284,2,two-pass source-only match; ordinate averaged,0.8549998,0.9216561,0.8550002,0.9699129,0.0000004,0.0482568,2102.044,2851.642,2101.367,2827.000
362,359,369,0.5,0.860,0.8599999,1.0090978,0.0030000,0.0200000,2,two-pass source-only match; ordinate averaged,0.8599999,1.0106739,0.8599998,1.0075218,0.0000001,0.0031521,2112.422,2806.599,2111.733,2808.000
362,359,369,0.5,0.865,0.8650000,0.9914140,0.0030000,0.0215011,2,two-pass source-only match; ordinate averaged,0.8650000,1.0129150,0.8650000,0.9699129,0.0000000,0.0430021,2122.800,2805.465,2122.100,2827.000
362,359,369,0.5,0.870,0.8700001,0.9208116,0.0030000,0.0200000,2,two-pass source-only match; ordinate averaged,0.8700001,0.9211957,0.8700002,0.9204276,0.0000001,0.0007681,2133.178,2851.875,2132.467,2852.000
362,359,369,0.5,0.875,0.8750000,1.0151061,0.0030000,0.0200000,2,two-pass source-only match; ordinate averaged,0.8750002,1.0147727,0.8749998,1.0154394,0.0000004,0.0006667,2143.556,2804.525,2142.833,2804.000
362,359,369,0.5,0.880,0.8799999,1.0161990,0.0030000,0.0200000,2,two-pass source-only match; ordinate averaged,0.8799998,1.0169585,0.8800000,1.0154394,0.0000002,0.0015191,2153.933,2803.419,2153.200,2804.000
362,359,369,0.5,0.890,0.8899999,0.9210418,0.0030000,0.0200000,2,two-pass source-only match; ordinate averaged,0.8900001,0.9216561,0.8899998,0.9204276,0.0000002,0.0012286,2174.689,2851.642,2173.933,2852.000
362,359,369,0.5,0.900,0.9000000,0.9221472,0.0030000,0.0200000,2,two-pass source-only match; ordinate averaged,0.8999998,0.9218874,0.9000002,0.9224070,0.0000004,0.0005196,2195.444,2851.525,2194.667,2851.000
362,359,369,0.5,0.905,0.9049999,0.9263469,0.0030000,0.0200000,2,two-pass source-only match; ordinate averaged,0.9049999,0.9263281,0.9049998,0.9263658,0.0000001,0.0000377,2205.822,2849.278,2205.033,2849.000
362,359,369,0.5,0.910,0.9100000,0.9471483,0.0030000,0.0207825,2,two-pass source-only match; ordinate averaged,0.9100000,0.9679308,0.9100000,0.9263658,0.0000000,0.0415650,2216.200,2828.227,2215.400,2849.000
362,359,369,0.5,0.915,0.9150001,0.9647130,0.0030000,0.0200000,2,two-pass source-only match; ordinate averaged,0.9150001,0.9674308,0.9150002,0.9619952,0.0000001,0.0054356,2226.578,2828.480,2225.767,2831.000
362,359,369,0.5,0.925,0.9249999,0.9362836,0.0030000,0.0200000,2,two-pass source-only match; ordinate averaged,0.9249998,0.9363043,0.9250000,0.9362629,0.0000002,0.0000415,2247.333,2844.230,2246.500,2844.000
362,359,369,0.5,0.930,0.9300001,0.9383830,0.0030000,0.0200000,2,two-pass source-only match; ordinate averaged,0.9299999,0.9385237,0.9300002,0.9382423,0.0000002,0.0002814,2257.711,2843.107,2256.867,2843.000
362,359,369,0.5,0.935,0.9349999,0.9424523,0.0030000,0.0200000,2,two-pass source-only match; ordinate averaged,0.9350001,0.9427036,0.9349998,0.9422011,0.0000002,0.0005024,2268.089,2840.992,2267.233,2841.000
362,359,369,0.5,0.945,0.9450000,0.9661978,0.0030000,0.0200000,2,two-pass source-only match; ordinate averaged,0.9449998,0.9684209,0.9450002,0.9639747,0.0000004,0.0044463,2288.844,2827.979,2287.967,2830.000
362,359,369,0.5,0.950,0.9499999,0.9670334,0.0030000,0.0200000,2,two-pass source-only match; ordinate averaged,0.9499999,0.9681126,0.9499998,0.9659541,0.0000001,0.0021586,2299.222,2828.135,2298.333,2829.000
